"INFORMATION TYPE","DATE","PERIOD","WEP ($/MWh)","USEP ($/MWh)","AFP ($/MWh)","HEUR ($/MWh)","HLCU ($/MWh)","MEUC ($/MWh)","EMC Price Cap Fees ($/MWh)","EMC Price Adj Fees ($/MWh)","PSO Fees ($/MWh)"
"WEP","01-Aug-2025","1","456.75","454.90","0.57","-1.620","0.00","2.14","0.3711","0.0275","0.3648"
"WEP","01-Aug-2025","2","394.25","391.79","0.44","-0.890","0.00","2.14","0.3711","0.0275","0.3648"
"WEP","01-Aug-2025","3","203.90","200.98","0.30","-0.290","0.00","2.14","0.3711","0.0275","0.3648"
"WEP","01-Aug-2025","4","203.15","200.72","0.30","-0.770","0.00","2.14","0.3711","0.0275","0.3648"
"WEP","01-Aug-2025","5","186.77","185.91","0.25","-2.290","0.00","2.14","0.3711","0.0275","0.3648"
"WEP","01-Aug-2025","6","166.99","165.38","0.31","-1.600","0.00","2.14","0.3711","0.0275","0.3648"
"WEP","01-Aug-2025","7","154.75","152.60","0.31","-1.060","0.00","2.14","0.3711","0.0275","0.3648"
"WEP","01-Aug-2025","8","150.29","147.67","0.31","-0.600","0.00","2.14","0.3711","0.0275","0.3648"
"WEP","01-Aug-2025","9","154.42","152.58","0.30","-1.360","0.00","2.14","0.3711","0.0275","0.3648"
"WEP","01-Aug-2025","10","168.30","165.10","0.31","-0.020","0.00","2.14","0.3711","0.0275","0.3648"
"WEP","01-Aug-2025","11","203.33","200.58","0.34","-0.490","0.00","2.14","0.3711","0.0275","0.3648"
"WEP","01-Aug-2025","12","203.15","200.58","0.44","-0.770","0.00","2.14","0.3711","0.0275","0.3648"
"WEP","01-Aug-2025","13","203.41","200.60","0.74","-0.840","0.00","2.14","0.3711","0.0275","0.3648"
"WEP","01-Aug-2025","14","203.78","200.71","1.12","-0.950","0.00","2.14","0.3711","0.0275","0.3648"
"WEP","01-Aug-2025","15","202.70","200.78","0.87","-1.850","0.00","2.14","0.3711","0.0275","0.3648"
"WEP","01-Aug-2025","16","292.32","288.03","1.31","-1.860","1.93","2.14","0.3711","0.0275","0.3648"
"WEP","01-Aug-2025","17","379.18","358.67","1.22","-0.400","16.79","2.14","0.3711","0.0275","0.3648"
"WEP","01-Aug-2025","18","377.71","357.00","1.76","-0.520","16.57","2.14","0.3711","0.0275","0.3648"
"WEP","01-Aug-2025","19","230.08","226.74","0.77","-0.330","0.00","2.14","0.3711","0.0275","0.3648"
"WEP","01-Aug-2025","20","204.69","200.78","0.69","0.320","0.00","2.14","0.3711","0.0275","0.3648"
"WEP","01-Aug-2025","21","203.01","200.99","0.53","-1.410","0.00","2.14","0.3711","0.0275","0.3648"
"WEP","01-Aug-2025","22","120.91","118.13","0.42","-0.550","0.00","2.14","0.3711","0.0275","0.3648"
"WEP","01-Aug-2025","23","152.28","150.00","0.45","-1.080","0.00","2.14","0.3711","0.0275","0.3648"
"WEP","01-Aug-2025","24","118.97","115.99","0.39","-0.310","0.00","2.14","0.3711","0.0275","0.3648"
"WEP","01-Aug-2025","25","114.52","111.79","0.42","-0.590","0.00","2.14","0.3711","0.0275","0.3648"
"WEP","01-Aug-2025","26","108.22","106.62","0.37","-1.670","0.00","2.14","0.3711","0.0275","0.3648"
"WEP","01-Aug-2025","27","108.17","106.62","0.29","-1.640","0.00","2.14","0.3711","0.0275","0.3648"
"WEP","01-Aug-2025","28","115.10","113.91","0.28","-1.990","0.00","2.14","0.3711","0.0275","0.3648"
"WEP","01-Aug-2025","29","117.37","116.01","0.24","-1.790","0.00","2.14","0.3711","0.0275","0.3648"
"WEP","01-Aug-2025","30","114.29","113.93","0.13","-2.670","0.00","2.14","0.3711","0.0275","0.3648"
"WEP","01-Aug-2025","31","120.87","121.36","0.17","-3.560","0.00","2.14","0.3711","0.0275","0.3648"
"WEP","01-Aug-2025","32","356.48","358.79","0.92","-6.130","0.00","2.14","0.3711","0.0275","0.3648"
"WEP","01-Aug-2025","33","476.61","475.48","1.79","-3.570","0.00","2.14","0.3711","0.0275","0.3648"
"WEP","01-Aug-2025","34","239.18","236.95","0.64","-1.320","0.00","2.14","0.3711","0.0275","0.3648"
"WEP","01-Aug-2025","35","202.97","200.90","0.96","-1.800","0.00","2.14","0.3711","0.0275","0.3648"
"WEP","01-Aug-2025","36","153.97","152.16","0.33","-1.430","0.00","2.14","0.3711","0.0275","0.3648"
"WEP","01-Aug-2025","37","203.15","200.76","0.70","-1.220","0.00","2.14","0.3711","0.0275","0.3648"
"WEP","01-Aug-2025","38","193.56","190.73","0.85","-0.920","0.00","2.14","0.3711","0.0275","0.3648"
"WEP","01-Aug-2025","39","186.19","182.69","0.75","-0.160","0.00","2.14","0.3711","0.0275","0.3648"
"WEP","01-Aug-2025","40","204.26","200.84","0.72","-0.200","0.00","2.14","0.3711","0.0275","0.3648"
"WEP","01-Aug-2025","41","203.00","200.85","0.52","-1.280","0.00","2.14","0.3711","0.0275","0.3648"
"WEP","01-Aug-2025","42","203.76","200.84","0.44","-0.420","0.00","2.14","0.3711","0.0275","0.3648"
"WEP","01-Aug-2025","43","147.72","144.87","0.44","-0.490","0.00","2.14","0.3711","0.0275","0.3648"
"WEP","01-Aug-2025","44","127.61","125.80","0.27","-1.370","0.00","2.14","0.3711","0.0275","0.3648"
"WEP","01-Aug-2025","45","127.12","125.34","0.14","-1.270","0.00","2.14","0.3711","0.0275","0.3648"
"WEP","01-Aug-2025","46","124.44","122.05","0.13","-0.650","0.00","2.14","0.3711","0.0275","0.3648"
"WEP","01-Aug-2025","47","119.10","117.26","0.14","-1.200","0.00","2.14","0.3711","0.0275","0.3648"
"WEP","01-Aug-2025","48","115.54","113.79","0.07","-1.220","0.00","2.14","0.3711","0.0275","0.3648"
"WEP","02-Aug-2025","1","108.00","106.71","0.11","-1.740","0.00","2.14","0.3711","0.0291","0.3857"
"WEP","02-Aug-2025","2","113.42","111.90","0.06","-1.470","0.00","2.14","0.3711","0.0291","0.3857"
"WEP","02-Aug-2025","3","117.45","116.01","0.05","-1.540","0.00","2.14","0.3711","0.0291","0.3857"
"WEP","02-Aug-2025","4","117.75","116.04","0.06","-1.270","0.00","2.14","0.3711","0.0291","0.3857"
"WEP","02-Aug-2025","5","115.48","113.82","0.09","-1.360","0.00","2.14","0.3711","0.0291","0.3857"
"WEP","02-Aug-2025","6","115.45","113.82","0.05","-1.350","0.00","2.14","0.3711","0.0291","0.3857"
"WEP","02-Aug-2025","7","113.38","111.74","0.03","-1.320","0.00","2.14","0.3711","0.0291","0.3857"
"WEP","02-Aug-2025","8","116.30","113.77","0.04","-0.440","0.00","2.14","0.3711","0.0291","0.3857"
"WEP","02-Aug-2025","9","115.73","113.85","0.03","-1.080","0.00","2.14","0.3711","0.0291","0.3857"
"WEP","02-Aug-2025","10","118.23","115.91","0.00","-0.600","0.00","2.14","0.3711","0.0291","0.3857"
"WEP","02-Aug-2025","11","116.38","113.86","0.06","-0.460","0.00","2.14","0.3711","0.0291","0.3857"
"WEP","02-Aug-2025","12","119.88","117.27","0.13","-0.450","0.00","2.14","0.3711","0.0291","0.3857"
"WEP","02-Aug-2025","13","118.43","115.97","0.16","-0.630","0.00","2.14","0.3711","0.0291","0.3857"
"WEP","02-Aug-2025","14","118.79","116.05","0.19","-0.380","0.00","2.14","0.3711","0.0291","0.3857"
"WEP","02-Aug-2025","15","114.73","111.78","0.29","-0.260","0.00","2.14","0.3711","0.0291","0.3857"
"WEP","02-Aug-2025","16","118.82","116.10","0.48","-0.680","0.00","2.14","0.3711","0.0291","0.3857"
"WEP","02-Aug-2025","17","118.91","116.10","0.19","-0.300","0.00","2.14","0.3711","0.0291","0.3857"
"WEP","02-Aug-2025","18","119.57","116.11","0.30","0.230","0.00","2.14","0.3711","0.0291","0.3857"
"WEP","02-Aug-2025","19","115.30","111.96","0.15","0.270","0.00","2.14","0.3711","0.0291","0.3857"
"WEP","02-Aug-2025","20","104.42","101.36","0.16","-0.030","0.00","2.14","0.3711","0.0291","0.3857"
"WEP","02-Aug-2025","21","103.50","100.99","0.13","-0.540","0.00","2.14","0.3711","0.0291","0.3857"
"WEP","02-Aug-2025","22","102.82","100.76","0.13","-0.990","0.00","2.14","0.3711","0.0291","0.3857"
"WEP","02-Aug-2025","23","102.84","100.76","0.13","-0.980","0.00","2.14","0.3711","0.0291","0.3857"
"WEP","02-Aug-2025","24","97.15","95.07","0.13","-0.980","0.00","2.14","0.3711","0.0291","0.3857"
"WEP","02-Aug-2025","25","92.22","90.97","0.14","-1.820","0.00","2.14","0.3711","0.0291","0.3857"
"WEP","02-Aug-2025","26","91.65","90.68","0.15","-2.110","0.00","2.14","0.3711","0.0291","0.3857"
"WEP","02-Aug-2025","27","92.50","90.81","0.14","-1.370","0.00","2.14","0.3711","0.0291","0.3857"
"WEP","02-Aug-2025","28","92.98","91.18","0.13","-1.260","0.00","2.14","0.3711","0.0291","0.3857"
"WEP","02-Aug-2025","29","96.69","94.89","0.13","-1.250","0.00","2.14","0.3711","0.0291","0.3857"
"WEP","02-Aug-2025","30","92.54","91.00","0.12","-1.510","0.00","2.14","0.3711","0.0291","0.3857"
"WEP","02-Aug-2025","31","96.09","94.87","0.12","-1.830","0.00","2.14","0.3711","0.0291","0.3857"
"WEP","02-Aug-2025","32","95.97","94.96","0.14","-2.060","0.00","2.14","0.3711","0.0291","0.3857"
"WEP","02-Aug-2025","33","96.02","95.07","0.13","-2.110","0.00","2.14","0.3711","0.0291","0.3857"
"WEP","02-Aug-2025","34","101.50","100.68","0.14","-2.240","0.00","2.14","0.3711","0.0291","0.3857"
"WEP","02-Aug-2025","35","101.56","100.95","0.39","-2.700","0.00","2.14","0.3711","0.0291","0.3857"
"WEP","02-Aug-2025","36","102.29","101.25","0.14","-2.030","0.00","2.14","0.3711","0.0291","0.3857"
"WEP","02-Aug-2025","37","102.41","101.38","0.15","-2.050","0.00","2.14","0.3711","0.0291","0.3857"
"WEP","02-Aug-2025","38","115.20","113.99","0.36","-2.080","0.00","2.14","0.3711","0.0291","0.3857"
"WEP","02-Aug-2025","39","117.79","116.17","0.36","-1.670","0.00","2.14","0.3711","0.0291","0.3857"
"WEP","02-Aug-2025","40","131.54","129.80","0.44","-1.630","0.00","2.14","0.3711","0.0291","0.3857"
"WEP","02-Aug-2025","41","134.12","132.80","0.30","-1.910","0.00","2.14","0.3711","0.0291","0.3857"
"WEP","02-Aug-2025","42","134.70","133.19","0.36","-1.770","0.00","2.14","0.3711","0.0291","0.3857"
"WEP","02-Aug-2025","43","137.25","136.29","0.31","-2.280","0.00","2.14","0.3711","0.0291","0.3857"
"WEP","02-Aug-2025","44","124.08","123.11","0.12","-2.070","0.00","2.14","0.3711","0.0291","0.3857"
"WEP","02-Aug-2025","45","200.36","200.58","0.13","-3.270","0.00","2.14","0.3711","0.0291","0.3857"
"WEP","02-Aug-2025","46","200.67","200.60","0.12","-2.970","0.00","2.14","0.3711","0.0291","0.3857"
"WEP","02-Aug-2025","47","187.30","186.99","0.13","-2.740","0.00","2.14","0.3711","0.0291","0.3857"
"WEP","02-Aug-2025","48","117.99","116.15","0.12","-1.200","0.00","2.14","0.3711","0.0291","0.3857"
"WEP","03-Aug-2025","1","117.73","116.13","0.12","-1.460","0.00","2.14","0.3711","0.0299","0.3958"
"WEP","03-Aug-2025","2","115.42","114.00","0.10","-1.610","0.00","2.14","0.3711","0.0299","0.3958"
"WEP","03-Aug-2025","3","117.75","116.09","0.05","-1.320","0.00","2.14","0.3711","0.0299","0.3958"
"WEP","03-Aug-2025","4","117.63","116.02","0.06","-1.380","0.00","2.14","0.3711","0.0299","0.3958"
"WEP","03-Aug-2025","5","115.60","114.25","0.06","-1.650","0.00","2.14","0.3711","0.0299","0.3958"
"WEP","03-Aug-2025","6","115.20","113.87","0.06","-1.670","0.00","2.14","0.3711","0.0299","0.3958"
"WEP","03-Aug-2025","7","113.39","111.83","0.06","-1.440","0.00","2.14","0.3711","0.0299","0.3958"
"WEP","03-Aug-2025","8","113.27","111.83","0.06","-1.560","0.00","2.14","0.3711","0.0299","0.3958"
"WEP","03-Aug-2025","9","113.38","111.83","0.06","-1.450","0.00","2.14","0.3711","0.0299","0.3958"
"WEP","03-Aug-2025","10","113.52","111.82","0.06","-1.290","0.00","2.14","0.3711","0.0299","0.3958"
"WEP","03-Aug-2025","11","113.89","111.82","0.10","-0.970","0.00","2.14","0.3711","0.0299","0.3958"
"WEP","03-Aug-2025","12","113.57","111.76","0.14","-1.270","0.00","2.14","0.3711","0.0299","0.3958"
"WEP","03-Aug-2025","13","113.47","111.77","0.17","-1.410","0.00","2.14","0.3711","0.0299","0.3958"
"WEP","03-Aug-2025","14","113.32","111.80","0.24","-1.660","0.00","2.14","0.3711","0.0299","0.3958"
"WEP","03-Aug-2025","15","113.38","111.77","0.31","-1.640","0.00","2.14","0.3711","0.0299","0.3958"
"WEP","03-Aug-2025","16","115.45","113.86","0.40","-1.750","0.00","2.14","0.3711","0.0299","0.3958"
"WEP","03-Aug-2025","17","113.60","111.79","0.25","-1.380","0.00","2.14","0.3711","0.0299","0.3958"
"WEP","03-Aug-2025","18","113.91","111.82","0.25","-1.100","0.00","2.14","0.3711","0.0299","0.3958"
"WEP","03-Aug-2025","19","108.43","106.60","0.17","-1.280","0.00","2.14","0.3711","0.0299","0.3958"
"WEP","03-Aug-2025","20","108.17","106.66","0.17","-1.590","0.00","2.14","0.3711","0.0299","0.3958"
"WEP","03-Aug-2025","21","102.91","101.33","0.14","-1.500","0.00","2.14","0.3711","0.0299","0.3958"
"WEP","03-Aug-2025","22","101.68","101.01","0.14","-2.410","0.00","2.14","0.3711","0.0299","0.3958"
"WEP","03-Aug-2025","23","102.62","101.21","0.14","-1.660","0.00","2.14","0.3711","0.0299","0.3958"
"WEP","03-Aug-2025","24","109.04","106.63","0.14","-0.670","0.00","2.14","0.3711","0.0299","0.3958"
"WEP","03-Aug-2025","25","101.31","100.70","0.16","-2.490","0.00","2.14","0.3711","0.0299","0.3958"
"WEP","03-Aug-2025","26","101.72","101.12","0.17","-2.500","0.00","2.14","0.3711","0.0299","0.3958"
"WEP","03-Aug-2025","27","114.38","111.85","0.15","-0.550","0.00","2.14","0.3711","0.0299","0.3958"
"WEP","03-Aug-2025","28","104.44","101.07","0.15","0.290","0.00","2.14","0.3711","0.0299","0.3958"
"WEP","03-Aug-2025","29","102.54","100.78","0.14","-1.320","0.00","2.14","0.3711","0.0299","0.3958"
"WEP","03-Aug-2025","30","102.15","100.86","0.13","-1.780","0.00","2.14","0.3711","0.0299","0.3958"
"WEP","03-Aug-2025","31","102.71","100.97","0.14","-1.330","0.00","2.14","0.3711","0.0299","0.3958"
"WEP","03-Aug-2025","32","109.66","106.64","0.15","-0.060","0.00","2.14","0.3711","0.0299","0.3958"
"WEP","03-Aug-2025","33","103.10","100.73","0.14","-0.710","0.00","2.14","0.3711","0.0299","0.3958"
"WEP","03-Aug-2025","34","102.68","100.73","0.15","-1.130","0.00","2.14","0.3711","0.0299","0.3958"
"WEP","03-Aug-2025","35","102.82","100.94","0.36","-1.410","0.00","2.14","0.3711","0.0299","0.3958"
"WEP","03-Aug-2025","36","102.39","101.00","0.15","-1.700","0.00","2.14","0.3711","0.0299","0.3958"
"WEP","03-Aug-2025","37","103.26","101.59","0.17","-1.440","0.00","2.14","0.3711","0.0299","0.3958"
"WEP","03-Aug-2025","38","112.11","109.76","0.33","-0.920","0.00","2.14","0.3711","0.0299","0.3958"
"WEP","03-Aug-2025","39","114.39","112.40","0.25","-1.200","0.00","2.14","0.3711","0.0299","0.3958"
"WEP","03-Aug-2025","40","121.05","119.18","0.23","-1.300","0.00","2.14","0.3711","0.0299","0.3958"
"WEP","03-Aug-2025","41","124.00","122.24","0.23","-1.410","0.00","2.14","0.3711","0.0299","0.3958"
"WEP","03-Aug-2025","42","127.82","125.80","0.24","-1.160","0.00","2.14","0.3711","0.0299","0.3958"
"WEP","03-Aug-2025","43","127.88","125.80","0.24","-1.090","0.00","2.14","0.3711","0.0299","0.3958"
"WEP","03-Aug-2025","44","124.11","122.25","0.17","-1.240","0.00","2.14","0.3711","0.0299","0.3958"
"WEP","03-Aug-2025","45","119.92","117.62","0.13","-0.770","0.00","2.14","0.3711","0.0299","0.3958"
"WEP","03-Aug-2025","46","113.91","111.86","0.13","-1.020","0.00","2.14","0.3711","0.0299","0.3958"
"WEP","03-Aug-2025","47","114.29","111.85","0.14","-0.640","0.00","2.14","0.3711","0.0299","0.3958"
"WEP","03-Aug-2025","48","119.36","116.40","0.13","-0.110","0.00","2.14","0.3711","0.0299","0.3958"
"WEP","04-Aug-2025","1","163.50","160.24","0.13","0.210","0.00","2.14","0.3711","0.0284","0.3767"
"WEP","04-Aug-2025","2","105.84","101.24","0.07","1.610","0.00","2.14","0.3711","0.0284","0.3767"
"WEP","04-Aug-2025","3","104.44","100.85","0.05","0.620","0.00","2.14","0.3711","0.0284","0.3767"
"WEP","04-Aug-2025","4","116.41","113.89","0.05","-0.440","0.00","2.14","0.3711","0.0284","0.3767"
"WEP","04-Aug-2025","5","116.51","113.77","0.05","-0.220","0.00","2.14","0.3711","0.0284","0.3767"
"WEP","04-Aug-2025","6","114.51","111.73","0.05","-0.190","0.00","2.14","0.3711","0.0284","0.3767"
"WEP","04-Aug-2025","7","114.37","111.69","0.05","-0.280","0.00","2.14","0.3711","0.0284","0.3767"
"WEP","04-Aug-2025","8","115.39","112.48","0.06","-0.060","0.00","2.14","0.3711","0.0284","0.3767"
"WEP","04-Aug-2025","9","115.72","112.47","0.05","0.280","0.00","2.14","0.3711","0.0284","0.3767"
"WEP","04-Aug-2025","10","116.90","113.73","0.05","0.210","0.00","2.14","0.3711","0.0284","0.3767"
"WEP","04-Aug-2025","11","116.56","113.84","0.07","-0.270","0.00","2.14","0.3711","0.0284","0.3767"
"WEP","04-Aug-2025","12","104.41","101.04","0.13","0.320","0.00","2.14","0.3711","0.0284","0.3767"
"WEP","04-Aug-2025","13","103.43","100.91","0.34","-0.730","0.00","2.14","0.3711","0.0284","0.3767"
"WEP","04-Aug-2025","14","115.69","114.00","0.39","-1.610","0.00","2.14","0.3711","0.0284","0.3767"
"WEP","04-Aug-2025","15","114.42","111.85","0.49","-0.830","0.00","2.14","0.3711","0.0284","0.3767"
"WEP","04-Aug-2025","16","126.61","123.53","0.65","-0.480","0.00","2.14","0.3711","0.0284","0.3767"
"WEP","04-Aug-2025","17","154.92","151.63","1.09","-0.720","0.00","2.14","0.3711","0.0284","0.3767"
"WEP","04-Aug-2025","18","196.52","192.42","1.86","-0.680","0.00","2.14","0.3711","0.0284","0.3767"
"WEP","04-Aug-2025","19","301.87","296.54","3.10","-1.840","1.15","2.14","0.3711","0.0284","0.3767"
"WEP","04-Aug-2025","20","299.83","295.25","2.71","-2.260","1.22","2.14","0.3711","0.0284","0.3767"
"WEP","04-Aug-2025","21","170.89","167.62","0.77","-0.420","0.00","2.14","0.3711","0.0284","0.3767"
"WEP","04-Aug-2025","22","142.61","138.43","0.48","0.780","0.00","2.14","0.3711","0.0284","0.3767"
"WEP","04-Aug-2025","23","110.97","106.73","0.17","1.150","0.00","2.14","0.3711","0.0284","0.3767"
"WEP","04-Aug-2025","24","97.29","95.17","0.12","-0.920","0.00","2.14","0.3711","0.0284","0.3767"
"WEP","04-Aug-2025","25","102.22","100.95","0.16","-1.810","0.00","2.14","0.3711","0.0284","0.3767"
"WEP","04-Aug-2025","26","101.83","101.29","0.17","-2.550","0.00","2.14","0.3711","0.0284","0.3767"
"WEP","04-Aug-2025","27","114.97","113.95","0.30","-2.200","0.00","2.14","0.3711","0.0284","0.3767"
"WEP","04-Aug-2025","28","140.62","138.55","0.46","-1.310","0.00","2.14","0.3711","0.0284","0.3767"
"WEP","04-Aug-2025","29","116.99","114.04","0.21","-0.170","0.00","2.14","0.3711","0.0284","0.3767"
"WEP","04-Aug-2025","30","109.31","106.74","0.12","-0.460","0.00","2.14","0.3711","0.0284","0.3767"
"WEP","04-Aug-2025","31","103.52","101.40","0.13","-0.920","0.00","2.14","0.3711","0.0284","0.3767"
"WEP","04-Aug-2025","32","107.39","105.40","0.20","-1.130","0.00","2.14","0.3711","0.0284","0.3767"
"WEP","04-Aug-2025","33","104.45","101.82","0.13","-0.410","0.00","2.14","0.3711","0.0284","0.3767"
"WEP","04-Aug-2025","34","109.66","106.68","0.30","-0.240","0.00","2.14","0.3711","0.0284","0.3767"
"WEP","04-Aug-2025","35","103.64","101.28","0.56","-1.110","0.00","2.14","0.3711","0.0284","0.3767"
"WEP","04-Aug-2025","36","102.49","101.20","0.27","-1.890","0.00","2.14","0.3711","0.0284","0.3767"
"WEP","04-Aug-2025","37","105.54","103.76","0.40","-1.540","0.00","2.14","0.3711","0.0284","0.3767"
"WEP","04-Aug-2025","38","116.30","114.49","0.61","-1.710","0.00","2.14","0.3711","0.0284","0.3767"
"WEP","04-Aug-2025","39","118.50","116.12","0.60","-1.130","0.00","2.14","0.3711","0.0284","0.3767"
"WEP","04-Aug-2025","40","131.64","128.95","0.74","-0.970","0.00","2.14","0.3711","0.0284","0.3767"
"WEP","04-Aug-2025","41","145.22","142.99","0.54","-1.230","0.00","2.14","0.3711","0.0284","0.3767"
"WEP","04-Aug-2025","42","150.23","148.22","0.61","-1.510","0.00","2.14","0.3711","0.0284","0.3767"
"WEP","04-Aug-2025","43","151.41","148.74","0.69","-0.940","0.00","2.14","0.3711","0.0284","0.3767"
"WEP","04-Aug-2025","44","119.14","116.20","0.34","-0.320","0.00","2.14","0.3711","0.0284","0.3767"
"WEP","04-Aug-2025","45","117.34","113.99","0.30","0.130","0.00","2.14","0.3711","0.0284","0.3767"
"WEP","04-Aug-2025","46","115.43","111.90","0.17","0.450","0.00","2.14","0.3711","0.0284","0.3767"
"WEP","04-Aug-2025","47","104.85","101.36","0.20","0.380","0.00","2.14","0.3711","0.0284","0.3767"
"WEP","04-Aug-2025","48","104.95","101.24","0.13","0.660","0.00","2.14","0.3711","0.0284","0.3767"
"WEP","05-Aug-2025","1","110.91","106.62","0.12","1.250","0.00","2.14","0.3711","0.0290","0.3847"
"WEP","05-Aug-2025","2","99.88","94.89","0.11","1.960","0.00","2.14","0.3711","0.0290","0.3847"
"WEP","05-Aug-2025","3","99.60","95.00","0.07","1.610","0.00","2.14","0.3711","0.0290","0.3847"
"WEP","05-Aug-2025","4","105.38","101.24","0.05","1.170","0.00","2.14","0.3711","0.0290","0.3847"
"WEP","05-Aug-2025","5","105.42","101.12","0.06","1.320","0.00","2.14","0.3711","0.0290","0.3847"
"WEP","05-Aug-2025","6","105.50","101.02","0.06","1.500","0.00","2.14","0.3711","0.0290","0.3847"
"WEP","05-Aug-2025","7","105.24","101.01","0.06","1.250","0.00","2.14","0.3711","0.0290","0.3847"
"WEP","05-Aug-2025","8","105.54","101.01","0.06","1.540","0.00","2.14","0.3711","0.0290","0.3847"
"WEP","05-Aug-2025","9","105.82","101.01","0.06","1.830","0.00","2.14","0.3711","0.0290","0.3847"
"WEP","05-Aug-2025","10","105.78","101.02","0.06","1.770","0.00","2.14","0.3711","0.0290","0.3847"
"WEP","05-Aug-2025","11","105.96","101.12","0.07","1.840","0.00","2.14","0.3711","0.0290","0.3847"
"WEP","05-Aug-2025","12","100.40","94.80","0.14","2.540","0.00","2.14","0.3711","0.0290","0.3847"
"WEP","05-Aug-2025","13","105.04","100.70","0.17","1.250","0.00","2.14","0.3711","0.0290","0.3847"
"WEP","05-Aug-2025","14","115.59","111.81","0.38","0.480","0.00","2.14","0.3711","0.0290","0.3847"
"WEP","05-Aug-2025","15","110.55","106.62","0.41","0.600","0.00","2.14","0.3711","0.0290","0.3847"
"WEP","05-Aug-2025","16","115.31","111.85","0.41","0.130","0.00","2.14","0.3711","0.0290","0.3847"
"WEP","05-Aug-2025","17","115.46","111.90","0.39","0.240","0.00","2.14","0.3711","0.0290","0.3847"
"WEP","05-Aug-2025","18","117.36","113.59","0.47","0.370","0.00","2.14","0.3711","0.0290","0.3847"
"WEP","05-Aug-2025","19","111.28","106.74","0.33","1.280","0.00","2.14","0.3711","0.0290","0.3847"
"WEP","05-Aug-2025","20","105.51","101.20","0.23","1.160","0.00","2.14","0.3711","0.0290","0.3847"
"WEP","05-Aug-2025","21","104.56","100.83","0.13","0.670","0.00","2.14","0.3711","0.0290","0.3847"
"WEP","05-Aug-2025","22","99.75","95.67","0.13","1.020","0.00","2.14","0.3711","0.0290","0.3847"
"WEP","05-Aug-2025","23","98.71","95.12","0.13","0.540","0.00","2.14","0.3711","0.0290","0.3847"
"WEP","05-Aug-2025","24","98.82","94.96","0.12","0.810","0.00","2.14","0.3711","0.0290","0.3847"
"WEP","05-Aug-2025","25","94.39","90.98","0.14","0.340","0.00","2.14","0.3711","0.0290","0.3847"
"WEP","05-Aug-2025","26","98.13","95.00","0.14","0.070","0.00","2.14","0.3711","0.0290","0.3847"
"WEP","05-Aug-2025","27","98.63","94.98","0.13","0.600","0.00","2.14","0.3711","0.0290","0.3847"
"WEP","05-Aug-2025","28","94.28","90.97","0.13","0.250","0.00","2.14","0.3711","0.0290","0.3847"
"WEP","05-Aug-2025","29","93.78","90.73","0.12","0.000","0.00","2.14","0.3711","0.0290","0.3847"
"WEP","05-Aug-2025","30","93.42","90.72","0.11","-0.330","0.00","2.14","0.3711","0.0290","0.3847"
"WEP","05-Aug-2025","31","96.53","94.02","0.12","-0.540","0.00","2.14","0.3711","0.0290","0.3847"
"WEP","05-Aug-2025","32","97.09","95.02","0.13","-0.990","0.00","2.14","0.3711","0.0290","0.3847"
"WEP","05-Aug-2025","33","99.87","97.82","0.12","-0.990","0.00","2.14","0.3711","0.0290","0.3847"
"WEP","05-Aug-2025","34","102.56","100.74","0.13","-1.230","0.00","2.14","0.3711","0.0290","0.3847"
"WEP","05-Aug-2025","35","103.41","101.20","0.38","-1.090","0.00","2.14","0.3711","0.0290","0.3847"
"WEP","05-Aug-2025","36","103.02","101.21","0.15","-1.270","0.00","2.14","0.3711","0.0290","0.3847"
"WEP","05-Aug-2025","37","112.57","109.40","0.49","-0.240","0.00","2.14","0.3711","0.0290","0.3847"
"WEP","05-Aug-2025","38","119.18","116.19","0.64","-0.580","0.00","2.14","0.3711","0.0290","0.3847"
"WEP","05-Aug-2025","39","137.51","134.38","0.86","-0.650","0.00","2.14","0.3711","0.0290","0.3847"
"WEP","05-Aug-2025","40","156.96","153.75","0.90","-0.610","0.00","2.14","0.3711","0.0290","0.3847"
"WEP","05-Aug-2025","41","178.29","175.06","0.76","-0.460","0.00","2.14","0.3711","0.0290","0.3847"
"WEP","05-Aug-2025","42","176.02","173.11","0.84","-0.860","0.00","2.14","0.3711","0.0290","0.3847"
"WEP","05-Aug-2025","43","145.38","141.90","0.69","-0.140","0.00","2.14","0.3711","0.0290","0.3847"
"WEP","05-Aug-2025","44","117.14","114.19","0.29","-0.260","0.00","2.14","0.3711","0.0290","0.3847"
"WEP","05-Aug-2025","45","117.12","113.96","0.29","-0.060","0.00","2.14","0.3711","0.0290","0.3847"
"WEP","05-Aug-2025","46","115.42","112.02","0.13","0.340","0.00","2.14","0.3711","0.0290","0.3847"
"WEP","05-Aug-2025","47","110.16","106.76","0.14","0.340","0.00","2.14","0.3711","0.0290","0.3847"
"WEP","05-Aug-2025","48","105.00","100.78","0.13","1.170","0.00","2.14","0.3711","0.0290","0.3847"
"WEP","06-Aug-2025","1","92.80","91.04","0.12","-1.280","0.00","2.14","0.3711","0.0284","0.3758"
"WEP","06-Aug-2025","2","91.69","90.96","0.08","-2.270","0.00","2.14","0.3711","0.0284","0.3758"
"WEP","06-Aug-2025","3","102.41","101.27","0.06","-1.840","0.00","2.14","0.3711","0.0284","0.3758"
"WEP","06-Aug-2025","4","103.25","101.17","0.06","-0.900","0.00","2.14","0.3711","0.0284","0.3758"
"WEP","06-Aug-2025","5","103.34","101.06","0.06","-0.700","0.00","2.14","0.3711","0.0284","0.3758"
"WEP","06-Aug-2025","6","103.00","100.95","0.07","-0.940","0.00","2.14","0.3711","0.0284","0.3758"
"WEP","06-Aug-2025","7","103.12","100.95","0.07","-0.820","0.00","2.14","0.3711","0.0284","0.3758"
"WEP","06-Aug-2025","8","102.55","100.95","0.07","-1.380","0.00","2.14","0.3711","0.0284","0.3758"
"WEP","06-Aug-2025","9","103.33","101.04","0.06","-0.680","0.00","2.14","0.3711","0.0284","0.3758"
"WEP","06-Aug-2025","10","103.52","101.05","0.06","-0.500","0.00","2.14","0.3711","0.0284","0.3758"
"WEP","06-Aug-2025","11","103.30","101.26","0.10","-0.970","0.00","2.14","0.3711","0.0284","0.3758"
"WEP","06-Aug-2025","12","112.53","110.67","0.13","-1.190","0.00","2.14","0.3711","0.0284","0.3758"
"WEP","06-Aug-2025","13","112.46","110.92","0.18","-1.550","0.00","2.14","0.3711","0.0284","0.3758"
"WEP","06-Aug-2025","14","115.19","113.91","0.37","-2.000","0.00","2.14","0.3711","0.0284","0.3758"
"WEP","06-Aug-2025","15","107.79","106.64","0.40","-2.170","0.00","2.14","0.3711","0.0284","0.3758"
"WEP","06-Aug-2025","16","115.38","113.94","0.45","-1.930","0.00","2.14","0.3711","0.0284","0.3758"
"WEP","06-Aug-2025","17","116.45","114.40","0.36","-1.230","0.00","2.14","0.3711","0.0284","0.3758"
"WEP","06-Aug-2025","18","118.82","116.08","0.39","-0.560","0.00","2.14","0.3711","0.0284","0.3758"
"WEP","06-Aug-2025","19","109.51","106.74","0.31","-0.450","0.00","2.14","0.3711","0.0284","0.3758"
"WEP","06-Aug-2025","20","104.17","101.39","0.31","-0.450","0.00","2.14","0.3711","0.0284","0.3758"
"WEP","06-Aug-2025","21","103.55","101.19","0.13","-0.690","0.00","2.14","0.3711","0.0284","0.3758"
"WEP","06-Aug-2025","22","103.23","100.98","0.12","-0.780","0.00","2.14","0.3711","0.0284","0.3758"
"WEP","06-Aug-2025","23","98.49","96.21","0.12","-0.750","0.00","2.14","0.3711","0.0284","0.3758"
"WEP","06-Aug-2025","24","92.96","91.18","0.12","-1.260","0.00","2.14","0.3711","0.0284","0.3758"
"WEP","06-Aug-2025","25","96.92","95.16","0.13","-1.280","0.00","2.14","0.3711","0.0284","0.3758"
"WEP","06-Aug-2025","26","92.44","91.22","0.13","-1.820","0.00","2.14","0.3711","0.0284","0.3758"
"WEP","06-Aug-2025","27","93.76","93.16","0.13","-2.440","0.00","2.14","0.3711","0.0284","0.3758"
"WEP","06-Aug-2025","28","95.30","94.19","0.12","-1.920","0.00","2.14","0.3711","0.0284","0.3758"
"WEP","06-Aug-2025","29","96.30","95.23","0.12","-1.960","0.00","2.14","0.3711","0.0284","0.3758"
"WEP","06-Aug-2025","30","91.77","91.09","0.11","-2.340","0.00","2.14","0.3711","0.0284","0.3758"
"WEP","06-Aug-2025","31","101.22","101.21","0.12","-3.030","0.00","2.14","0.3711","0.0284","0.3758"
"WEP","06-Aug-2025","32","101.26","101.30","0.13","-3.090","0.00","2.14","0.3711","0.0284","0.3758"
"WEP","06-Aug-2025","33","103.49","103.26","0.12","-2.800","0.00","2.14","0.3711","0.0284","0.3758"
"WEP","06-Aug-2025","34","104.63","104.28","0.13","-2.700","0.00","2.14","0.3711","0.0284","0.3758"
"WEP","06-Aug-2025","35","101.88","101.22","0.39","-2.640","0.00","2.14","0.3711","0.0284","0.3758"
"WEP","06-Aug-2025","36","101.56","101.33","0.17","-2.860","0.00","2.14","0.3711","0.0284","0.3758"
"WEP","06-Aug-2025","37","112.58","112.03","0.47","-2.830","0.00","2.14","0.3711","0.0284","0.3758"
"WEP","06-Aug-2025","38","116.28","116.20","0.54","-3.380","0.00","2.14","0.3711","0.0284","0.3758"
"WEP","06-Aug-2025","39","149.78","149.99","0.75","-3.870","0.00","2.14","0.3711","0.0284","0.3758"
"WEP","06-Aug-2025","40","146.69","146.69","0.71","-3.620","0.00","2.14","0.3711","0.0284","0.3758"
"WEP","06-Aug-2025","41","148.57","149.09","0.64","-4.070","0.00","2.14","0.3711","0.0284","0.3758"
"WEP","06-Aug-2025","42","199.39","200.92","0.65","-5.100","0.00","2.14","0.3711","0.0284","0.3758"
"WEP","06-Aug-2025","43","176.19","176.76","0.66","-4.140","0.00","2.14","0.3711","0.0284","0.3758"
"WEP","06-Aug-2025","44","117.50","117.21","0.40","-3.030","0.00","2.14","0.3711","0.0284","0.3758"
"WEP","06-Aug-2025","45","115.07","114.07","0.31","-2.230","0.00","2.14","0.3711","0.0284","0.3758"
"WEP","06-Aug-2025","46","112.91","111.95","0.13","-2.090","0.00","2.14","0.3711","0.0284","0.3758"
"WEP","06-Aug-2025","47","107.78","106.73","0.14","-2.000","0.00","2.14","0.3711","0.0284","0.3758"
"WEP","06-Aug-2025","48","107.78","106.71","0.12","-1.970","0.00","2.14","0.3711","0.0284","0.3758"
"WEP","07-Aug-2025","1","115.16","114.04","0.12","-1.910","0.00","2.14","0.3711","0.0280","0.3710"
"WEP","07-Aug-2025","2","115.13","113.94","0.10","-1.820","0.00","2.14","0.3711","0.0280","0.3710"
"WEP","07-Aug-2025","3","108.02","106.66","0.09","-1.640","0.00","2.14","0.3711","0.0280","0.3710"
"WEP","07-Aug-2025","4","108.06","106.64","0.06","-1.550","0.00","2.14","0.3711","0.0280","0.3710"
"WEP","07-Aug-2025","5","107.77","106.73","0.06","-1.930","0.00","2.14","0.3711","0.0280","0.3710"
"WEP","07-Aug-2025","6","102.48","101.32","0.09","-1.840","0.00","2.14","0.3711","0.0280","0.3710"
"WEP","07-Aug-2025","7","102.54","101.20","0.09","-1.660","0.00","2.14","0.3711","0.0280","0.3710"
"WEP","07-Aug-2025","8","102.48","101.20","0.10","-1.730","0.00","2.14","0.3711","0.0280","0.3710"
"WEP","07-Aug-2025","9","102.52","101.20","0.08","-1.680","0.00","2.14","0.3711","0.0280","0.3710"
"WEP","07-Aug-2025","10","104.53","102.67","0.09","-1.140","0.00","2.14","0.3711","0.0280","0.3710"
"WEP","07-Aug-2025","11","108.41","106.65","0.10","-1.250","0.00","2.14","0.3711","0.0280","0.3710"
"WEP","07-Aug-2025","12","115.65","113.92","0.13","-1.310","0.00","2.14","0.3711","0.0280","0.3710"
"WEP","07-Aug-2025","13","115.43","114.00","0.34","-1.820","0.00","2.14","0.3711","0.0280","0.3710"
"WEP","07-Aug-2025","14","117.40","116.05","0.41","-1.970","0.00","2.14","0.3711","0.0280","0.3710"
"WEP","07-Aug-2025","15","117.22","116.04","0.45","-2.180","0.00","2.14","0.3711","0.0280","0.3710"
"WEP","07-Aug-2025","16","117.43","116.06","0.44","-1.980","0.00","2.14","0.3711","0.0280","0.3710"
"WEP","07-Aug-2025","17","117.71","116.08","0.40","-1.680","0.00","2.14","0.3711","0.0280","0.3710"
"WEP","07-Aug-2025","18","115.88","113.95","0.42","-1.400","0.00","2.14","0.3711","0.0280","0.3710"
"WEP","07-Aug-2025","19","110.35","108.33","0.35","-1.240","0.00","2.14","0.3711","0.0280","0.3710"
"WEP","07-Aug-2025","20","108.33","105.71","0.32","-0.610","0.00","2.14","0.3711","0.0280","0.3710"
"WEP","07-Aug-2025","21","107.20","105.23","0.17","-1.110","0.00","2.14","0.3711","0.0280","0.3710"
"WEP","07-Aug-2025","22","102.53","100.73","0.16","-1.270","0.00","2.14","0.3711","0.0280","0.3710"
"WEP","07-Aug-2025","23","102.03","100.72","0.16","-1.760","0.00","2.14","0.3711","0.0280","0.3710"
"WEP","07-Aug-2025","24","101.62","100.67","0.12","-2.080","0.00","2.14","0.3711","0.0280","0.3710"
"WEP","07-Aug-2025","25","96.67","95.40","0.13","-1.770","0.00","2.14","0.3711","0.0280","0.3710"
"WEP","07-Aug-2025","26","96.01","94.90","0.14","-1.940","0.00","2.14","0.3711","0.0280","0.3710"
"WEP","07-Aug-2025","27","101.56","100.73","0.13","-2.210","0.00","2.14","0.3711","0.0280","0.3710"
"WEP","07-Aug-2025","28","102.34","101.32","0.17","-2.060","0.00","2.14","0.3711","0.0280","0.3710"
"WEP","07-Aug-2025","29","103.51","102.51","0.13","-2.040","0.00","2.14","0.3711","0.0280","0.3710"
"WEP","07-Aug-2025","30","101.76","100.97","0.12","-2.240","0.00","2.14","0.3711","0.0280","0.3710"
"WEP","07-Aug-2025","31","101.78","101.00","0.12","-2.250","0.00","2.14","0.3711","0.0280","0.3710"
"WEP","07-Aug-2025","32","101.20","100.72","0.19","-2.620","0.00","2.14","0.3711","0.0280","0.3710"
"WEP","07-Aug-2025","33","100.83","101.01","0.13","-3.220","0.00","2.14","0.3711","0.0280","0.3710"
"WEP","07-Aug-2025","34","101.68","101.42","0.17","-2.820","0.00","2.14","0.3711","0.0280","0.3710"
"WEP","07-Aug-2025","35","107.75","106.77","0.54","-2.470","0.00","2.14","0.3711","0.0280","0.3710"
"WEP","07-Aug-2025","36","111.88","111.55","0.40","-2.980","0.00","2.14","0.3711","0.0280","0.3710"
"WEP","07-Aug-2025","37","117.64","116.20","0.53","-2.000","0.00","2.14","0.3711","0.0280","0.3710"
"WEP","07-Aug-2025","38","151.00","150.02","1.06","-2.990","0.00","2.14","0.3711","0.0280","0.3710"
"WEP","07-Aug-2025","39","215.38","214.19","1.64","-3.360","0.00","2.14","0.3711","0.0280","0.3710"
"WEP","07-Aug-2025","40","215.81","214.84","1.51","-3.450","0.00","2.14","0.3711","0.0280","0.3710"
"WEP","07-Aug-2025","41","214.44","214.02","1.01","-3.500","0.00","2.14","0.3711","0.0280","0.3710"
"WEP","07-Aug-2025","42","213.58","213.39","0.96","-3.680","0.00","2.14","0.3711","0.0280","0.3710"
"WEP","07-Aug-2025","43","212.75","212.67","0.95","-3.780","0.00","2.14","0.3711","0.0280","0.3710"
"WEP","07-Aug-2025","44","147.55","146.82","0.46","-2.640","0.00","2.14","0.3711","0.0280","0.3710"
"WEP","07-Aug-2025","45","145.81","144.96","0.42","-2.480","0.00","2.14","0.3711","0.0280","0.3710"
"WEP","07-Aug-2025","46","123.86","122.37","0.12","-1.540","0.00","2.14","0.3711","0.0280","0.3710"
"WEP","07-Aug-2025","47","117.72","116.13","0.13","-1.450","0.00","2.14","0.3711","0.0280","0.3710"
"WEP","07-Aug-2025","48","113.13","111.91","0.10","-1.790","0.00","2.14","0.3711","0.0280","0.3710"
"WEP","08-Aug-2025","1","114.21","112.85","0.12","-1.670","0.00","2.14","0.3711","0.0279","0.3698"
"WEP","08-Aug-2025","2","113.32","111.84","0.10","-1.520","0.00","2.14","0.3711","0.0279","0.3698"
"WEP","08-Aug-2025","3","115.60","113.90","0.09","-1.300","0.00","2.14","0.3711","0.0279","0.3698"
"WEP","08-Aug-2025","4","114.97","112.83","0.06","-0.820","0.00","2.14","0.3711","0.0279","0.3698"
"WEP","08-Aug-2025","5","112.70","110.36","0.06","-0.630","0.00","2.14","0.3711","0.0279","0.3698"
"WEP","08-Aug-2025","6","108.68","106.59","0.06","-0.880","0.00","2.14","0.3711","0.0279","0.3698"
"WEP","08-Aug-2025","7","109.09","106.56","0.06","-0.440","0.00","2.14","0.3711","0.0279","0.3698"
"WEP","08-Aug-2025","8","108.77","106.55","0.06","-0.750","0.00","2.14","0.3711","0.0279","0.3698"
"WEP","08-Aug-2025","9","108.17","106.54","0.06","-1.340","0.00","2.14","0.3711","0.0279","0.3698"
"WEP","08-Aug-2025","10","109.17","106.54","0.06","-0.340","0.00","2.14","0.3711","0.0279","0.3698"
"WEP","08-Aug-2025","11","114.32","111.73","0.06","-0.380","0.00","2.14","0.3711","0.0279","0.3698"
"WEP","08-Aug-2025","12","116.46","113.86","0.13","-0.440","0.00","2.14","0.3711","0.0279","0.3698"
"WEP","08-Aug-2025","13","118.44","116.05","0.16","-0.680","0.00","2.14","0.3711","0.0279","0.3698"
"WEP","08-Aug-2025","14","151.51","148.89","0.36","-0.650","0.00","2.14","0.3711","0.0279","0.3698"
"WEP","08-Aug-2025","15","114.92","111.87","0.20","-0.060","0.00","2.14","0.3711","0.0279","0.3698"
"WEP","08-Aug-2025","16","116.96","114.04","0.35","-0.340","0.00","2.14","0.3711","0.0279","0.3698"
"WEP","08-Aug-2025","17","119.00","115.97","0.24","-0.120","0.00","2.14","0.3711","0.0279","0.3698"
"WEP","08-Aug-2025","18","115.27","111.92","0.42","0.020","0.00","2.14","0.3711","0.0279","0.3698"
"WEP","08-Aug-2025","19","110.00","106.74","0.35","0.000","0.00","2.14","0.3711","0.0279","0.3698"
"WEP","08-Aug-2025","20","108.18","104.34","0.34","0.600","0.00","2.14","0.3711","0.0279","0.3698"
"WEP","08-Aug-2025","21","103.78","101.02","0.26","-0.410","0.00","2.14","0.3711","0.0279","0.3698"
"WEP","08-Aug-2025","22","103.51","100.71","0.25","-0.360","0.00","2.14","0.3711","0.0279","0.3698"
"WEP","08-Aug-2025","23","93.81","91.16","0.14","-0.390","0.00","2.14","0.3711","0.0279","0.3698"
"WEP","08-Aug-2025","24","93.14","90.96","0.12","-0.850","0.00","2.14","0.3711","0.0279","0.3698"
"WEP","08-Aug-2025","25","92.68","90.97","0.13","-1.330","0.00","2.14","0.3711","0.0279","0.3698"
"WEP","08-Aug-2025","26","92.65","91.07","0.14","-1.470","0.00","2.14","0.3711","0.0279","0.3698"
"WEP","08-Aug-2025","27","92.82","91.21","0.13","-1.430","0.00","2.14","0.3711","0.0279","0.3698"
"WEP","08-Aug-2025","28","92.95","91.21","0.13","-1.300","0.00","2.14","0.3711","0.0279","0.3698"
"WEP","08-Aug-2025","29","93.22","91.21","0.12","-1.010","0.00","2.14","0.3711","0.0279","0.3698"
"WEP","08-Aug-2025","30","92.41","91.11","0.10","-1.710","0.00","2.14","0.3711","0.0279","0.3698"
"WEP","08-Aug-2025","31","94.95","93.91","0.13","-2.000","0.00","2.14","0.3711","0.0279","0.3698"
"WEP","08-Aug-2025","32","103.26","101.44","0.28","-1.370","0.00","2.14","0.3711","0.0279","0.3698"
"WEP","08-Aug-2025","33","116.38","114.17","0.27","-0.970","0.00","2.14","0.3711","0.0279","0.3698"
"WEP","08-Aug-2025","34","114.50","112.05","0.34","-0.800","0.00","2.14","0.3711","0.0279","0.3698"
"WEP","08-Aug-2025","35","115.69","113.14","0.57","-0.930","0.00","2.14","0.3711","0.0279","0.3698"
"WEP","08-Aug-2025","36","114.20","111.92","0.35","-0.970","0.00","2.14","0.3711","0.0279","0.3698"
"WEP","08-Aug-2025","37","116.97","114.02","0.45","-0.410","0.00","2.14","0.3711","0.0279","0.3698"
"WEP","08-Aug-2025","38","127.48","124.65","0.58","-0.660","0.00","2.14","0.3711","0.0279","0.3698"
"WEP","08-Aug-2025","39","147.75","144.86","0.57","-0.590","0.00","2.14","0.3711","0.0279","0.3698"
"WEP","08-Aug-2025","40","148.33","144.86","0.49","0.070","0.00","2.14","0.3711","0.0279","0.3698"
"WEP","08-Aug-2025","41","147.62","144.17","0.42","0.120","0.00","2.14","0.3711","0.0279","0.3698"
"WEP","08-Aug-2025","42","146.55","143.72","0.43","-0.510","0.00","2.14","0.3711","0.0279","0.3698"
"WEP","08-Aug-2025","43","130.41","127.52","0.46","-0.480","0.00","2.14","0.3711","0.0279","0.3698"
"WEP","08-Aug-2025","44","116.50","114.13","0.14","-0.680","0.00","2.14","0.3711","0.0279","0.3698"
"WEP","08-Aug-2025","45","114.12","111.90","0.13","-0.820","0.00","2.14","0.3711","0.0279","0.3698"
"WEP","08-Aug-2025","46","109.03","106.69","0.12","-0.690","0.00","2.14","0.3711","0.0279","0.3698"
"WEP","08-Aug-2025","47","108.79","106.69","0.13","-0.940","0.00","2.14","0.3711","0.0279","0.3698"
"WEP","08-Aug-2025","48","116.03","113.89","0.12","-0.890","0.00","2.14","0.3711","0.0279","0.3698"
"WEP","09-Aug-2025","1","133.48","131.72","0.13","-1.300","0.00","2.14","0.3711","0.0299","0.3962"
"WEP","09-Aug-2025","2","121.39","118.75","0.10","-0.400","0.00","2.14","0.3711","0.0299","0.3962"
"WEP","09-Aug-2025","3","118.66","116.00","0.09","-0.370","0.00","2.14","0.3711","0.0299","0.3962"
"WEP","09-Aug-2025","4","118.37","116.00","0.06","-0.630","0.00","2.14","0.3711","0.0299","0.3962"
"WEP","09-Aug-2025","5","116.24","113.97","0.06","-0.730","0.00","2.14","0.3711","0.0299","0.3962"
"WEP","09-Aug-2025","6","114.99","113.19","0.06","-1.200","0.00","2.14","0.3711","0.0299","0.3962"
"WEP","09-Aug-2025","7","113.97","111.78","0.06","-0.800","0.00","2.14","0.3711","0.0299","0.3962"
"WEP","09-Aug-2025","8","115.98","113.77","0.05","-0.780","0.00","2.14","0.3711","0.0299","0.3962"
"WEP","09-Aug-2025","9","113.94","111.70","0.05","-0.750","0.00","2.14","0.3711","0.0299","0.3962"
"WEP","09-Aug-2025","10","114.07","111.69","0.05","-0.600","0.00","2.14","0.3711","0.0299","0.3962"
"WEP","09-Aug-2025","11","114.14","111.74","0.07","-0.610","0.00","2.14","0.3711","0.0299","0.3962"
"WEP","09-Aug-2025","12","116.65","113.79","0.13","-0.200","0.00","2.14","0.3711","0.0299","0.3962"
"WEP","09-Aug-2025","13","116.38","113.78","0.17","-0.510","0.00","2.14","0.3711","0.0299","0.3962"
"WEP","09-Aug-2025","14","114.19","111.79","0.19","-0.720","0.00","2.14","0.3711","0.0299","0.3962"
"WEP","09-Aug-2025","15","113.21","110.81","0.21","-0.750","0.00","2.14","0.3711","0.0299","0.3962"
"WEP","09-Aug-2025","16","116.99","113.82","0.26","-0.030","0.00","2.14","0.3711","0.0299","0.3962"
"WEP","09-Aug-2025","17","114.98","111.80","0.27","-0.030","0.00","2.14","0.3711","0.0299","0.3962"
"WEP","09-Aug-2025","18","104.76","101.32","0.25","0.250","0.00","2.14","0.3711","0.0299","0.3962"
"WEP","09-Aug-2025","19","103.56","101.10","0.18","-0.660","0.00","2.14","0.3711","0.0299","0.3962"
"WEP","09-Aug-2025","20","103.22","101.12","0.21","-1.050","0.00","2.14","0.3711","0.0299","0.3962"
"WEP","09-Aug-2025","21","102.83","100.76","0.16","-1.030","0.00","2.14","0.3711","0.0299","0.3962"
"WEP","09-Aug-2025","22","93.63","91.16","0.15","-0.610","0.00","2.14","0.3711","0.0299","0.3962"
"WEP","09-Aug-2025","23","93.09","90.87","0.14","-0.860","0.00","2.14","0.3711","0.0299","0.3962"
"WEP","09-Aug-2025","24","83.60","81.87","0.13","-1.340","0.00","2.14","0.3711","0.0299","0.3962"
"WEP","09-Aug-2025","25","82.67","81.42","0.15","-1.840","0.00","2.14","0.3711","0.0299","0.3962"
"WEP","09-Aug-2025","26","83.02","81.42","0.15","-1.480","0.00","2.14","0.3711","0.0299","0.3962"
"WEP","09-Aug-2025","27","81.64","80.06","0.14","-1.500","0.00","2.14","0.3711","0.0299","0.3962"
"WEP","09-Aug-2025","28","79.53","78.39","0.14","-1.940","0.00","2.14","0.3711","0.0299","0.3962"
"WEP","09-Aug-2025","29","79.88","78.89","0.13","-2.080","0.00","2.14","0.3711","0.0299","0.3962"
"WEP","09-Aug-2025","30","91.04","90.67","0.12","-2.680","0.00","2.14","0.3711","0.0299","0.3962"
"WEP","09-Aug-2025","31","91.35","90.26","0.13","-1.980","0.00","2.14","0.3711","0.0299","0.3962"
"WEP","09-Aug-2025","32","92.36","91.11","0.15","-1.840","0.00","2.14","0.3711","0.0299","0.3962"
"WEP","09-Aug-2025","33","98.87","97.56","0.13","-1.760","0.00","2.14","0.3711","0.0299","0.3962"
"WEP","09-Aug-2025","34","100.62","100.45","0.16","-2.920","0.00","2.14","0.3711","0.0299","0.3962"
"WEP","09-Aug-2025","35","102.81","101.37","0.37","-1.870","0.00","2.14","0.3711","0.0299","0.3962"
"WEP","09-Aug-2025","36","122.04","120.52","0.20","-1.620","0.00","2.14","0.3711","0.0299","0.3962"
"WEP","09-Aug-2025","37","202.57","200.99","0.36","-1.710","0.00","2.14","0.3711","0.0299","0.3962"
"WEP","09-Aug-2025","38","216.68","215.05","0.46","-1.770","0.00","2.14","0.3711","0.0299","0.3962"
"WEP","09-Aug-2025","39","158.94","156.62","0.54","-1.160","0.00","2.14","0.3711","0.0299","0.3962"
"WEP","09-Aug-2025","40","175.70","173.16","0.70","-1.100","0.00","2.14","0.3711","0.0299","0.3962"
"WEP","09-Aug-2025","41","167.54","164.46","0.55","-0.410","0.00","2.14","0.3711","0.0299","0.3962"
"WEP","09-Aug-2025","42","185.03","183.03","0.56","-1.500","0.00","2.14","0.3711","0.0299","0.3962"
"WEP","09-Aug-2025","43","135.35","132.65","0.55","-0.780","0.00","2.14","0.3711","0.0299","0.3962"
"WEP","09-Aug-2025","44","124.46","122.04","0.35","-0.860","0.00","2.14","0.3711","0.0299","0.3962"
"WEP","09-Aug-2025","45","125.53","123.32","0.18","-0.910","0.00","2.14","0.3711","0.0299","0.3962"
"WEP","09-Aug-2025","46","118.17","116.07","0.13","-0.970","0.00","2.14","0.3711","0.0299","0.3962"
"WEP","09-Aug-2025","47","116.41","113.94","0.14","-0.610","0.00","2.14","0.3711","0.0299","0.3962"
"WEP","09-Aug-2025","48","132.03","129.53","0.13","-0.570","0.00","2.14","0.3711","0.0299","0.3962"
"WEP","10-Aug-2025","1","117.05","114.02","0.12","-0.040","0.00","2.14","0.3711","0.0306","0.4051"
"WEP","10-Aug-2025","2","104.16","100.06","0.11","1.040","0.00","2.14","0.3711","0.0306","0.4051"
"WEP","10-Aug-2025","3","93.92","90.90","0.06","0.010","0.00","2.14","0.3711","0.0306","0.4051"
"WEP","10-Aug-2025","4","103.84","101.46","0.06","-0.630","0.00","2.14","0.3711","0.0306","0.4051"
"WEP","10-Aug-2025","5","103.79","101.42","0.06","-0.640","0.00","2.14","0.3711","0.0306","0.4051"
"WEP","10-Aug-2025","6","103.87","101.27","0.08","-0.430","0.00","2.14","0.3711","0.0306","0.4051"
"WEP","10-Aug-2025","7","107.22","104.87","0.10","-0.700","0.00","2.14","0.3711","0.0306","0.4051"
"WEP","10-Aug-2025","8","104.69","102.03","0.08","-0.370","0.00","2.14","0.3711","0.0306","0.4051"
"WEP","10-Aug-2025","9","103.81","101.25","0.06","-0.450","0.00","2.14","0.3711","0.0306","0.4051"
"WEP","10-Aug-2025","10","104.84","101.36","0.06","0.470","0.00","2.14","0.3711","0.0306","0.4051"
"WEP","10-Aug-2025","11","106.39","103.22","0.11","0.110","0.00","2.14","0.3711","0.0306","0.4051"
"WEP","10-Aug-2025","12","104.42","101.26","0.15","0.060","0.00","2.14","0.3711","0.0306","0.4051"
"WEP","10-Aug-2025","13","103.93","101.25","0.18","-0.450","0.00","2.14","0.3711","0.0306","0.4051"
"WEP","10-Aug-2025","14","104.18","101.27","0.20","-0.240","0.00","2.14","0.3711","0.0306","0.4051"
"WEP","10-Aug-2025","15","103.38","101.26","0.22","-1.050","0.00","2.14","0.3711","0.0306","0.4051"
"WEP","10-Aug-2025","16","94.24","90.84","0.22","0.230","0.00","2.14","0.3711","0.0306","0.4051"
"WEP","10-Aug-2025","17","94.37","90.95","0.20","0.280","0.00","2.14","0.3711","0.0306","0.4051"
"WEP","10-Aug-2025","18","103.99","101.22","0.28","-0.460","0.00","2.14","0.3711","0.0306","0.4051"
"WEP","10-Aug-2025","19","103.30","100.88","0.18","-0.700","0.00","2.14","0.3711","0.0306","0.4051"
"WEP","10-Aug-2025","20","103.25","100.88","0.18","-0.750","0.00","2.14","0.3711","0.0306","0.4051"
"WEP","10-Aug-2025","21","94.23","91.24","0.15","-0.110","0.00","2.14","0.3711","0.0306","0.4051"
"WEP","10-Aug-2025","22","94.01","91.04","0.14","-0.120","0.00","2.14","0.3711","0.0306","0.4051"
"WEP","10-Aug-2025","23","93.40","90.62","0.14","-0.310","0.00","2.14","0.3711","0.0306","0.4051"
"WEP","10-Aug-2025","24","84.37","82.47","0.13","-1.180","0.00","2.14","0.3711","0.0306","0.4051"
"WEP","10-Aug-2025","25","88.76","87.08","0.16","-1.430","0.00","2.14","0.3711","0.0306","0.4051"
"WEP","10-Aug-2025","26","85.79","84.96","0.17","-2.290","0.00","2.14","0.3711","0.0306","0.4051"
"WEP","10-Aug-2025","27","92.56","90.87","0.16","-1.420","0.00","2.14","0.3711","0.0306","0.4051"
"WEP","10-Aug-2025","28","92.45","91.04","0.14","-1.670","0.00","2.14","0.3711","0.0306","0.4051"
"WEP","10-Aug-2025","29","95.43","94.10","0.14","-1.760","0.00","2.14","0.3711","0.0306","0.4051"
"WEP","10-Aug-2025","30","94.26","93.32","0.13","-2.140","0.00","2.14","0.3711","0.0306","0.4051"
"WEP","10-Aug-2025","31","102.41","101.00","0.15","-1.690","0.00","2.14","0.3711","0.0306","0.4051"
"WEP","10-Aug-2025","32","102.72","101.27","0.17","-1.670","0.00","2.14","0.3711","0.0306","0.4051"
"WEP","10-Aug-2025","33","103.48","101.38","0.15","-1.000","0.00","2.14","0.3711","0.0306","0.4051"
"WEP","10-Aug-2025","34","112.54","110.32","0.21","-0.940","0.00","2.14","0.3711","0.0306","0.4051"
"WEP","10-Aug-2025","35","108.20","105.90","0.47","-1.120","0.00","2.14","0.3711","0.0306","0.4051"
"WEP","10-Aug-2025","36","116.20","114.06","0.20","-1.010","0.00","2.14","0.3711","0.0306","0.4051"
"WEP","10-Aug-2025","37","116.89","114.15","0.44","-0.650","0.00","2.14","0.3711","0.0306","0.4051"
"WEP","10-Aug-2025","38","116.69","114.07","0.47","-0.800","0.00","2.14","0.3711","0.0306","0.4051"
"WEP","10-Aug-2025","39","116.73","113.94","0.43","-0.580","0.00","2.14","0.3711","0.0306","0.4051"
"WEP","10-Aug-2025","40","118.86","116.10","0.44","-0.620","0.00","2.14","0.3711","0.0306","0.4051"
"WEP","10-Aug-2025","41","122.40","119.69","0.37","-0.600","0.00","2.14","0.3711","0.0306","0.4051"
"WEP","10-Aug-2025","42","124.95","122.02","0.39","-0.410","0.00","2.14","0.3711","0.0306","0.4051"
"WEP","10-Aug-2025","43","118.88","116.15","0.37","-0.580","0.00","2.14","0.3711","0.0306","0.4051"
"WEP","10-Aug-2025","44","115.34","112.66","0.20","-0.470","0.00","2.14","0.3711","0.0306","0.4051"
"WEP","10-Aug-2025","45","113.77","110.74","0.20","-0.110","0.00","2.14","0.3711","0.0306","0.4051"
"WEP","10-Aug-2025","46","109.44","106.66","0.13","-0.300","0.00","2.14","0.3711","0.0306","0.4051"
"WEP","10-Aug-2025","47","104.04","101.39","0.14","-0.440","0.00","2.14","0.3711","0.0306","0.4051"
"WEP","10-Aug-2025","48","104.81","101.20","0.13","0.530","0.00","2.14","0.3711","0.0306","0.4051"
"WEP","11-Aug-2025","1","105.20","101.45","0.13","0.690","0.00","2.14","0.3711","0.0293","0.3887"
"WEP","11-Aug-2025","2","94.83","90.89","0.09","0.920","0.00","2.14","0.3711","0.0293","0.3887"
"WEP","11-Aug-2025","3","94.08","90.71","0.06","0.380","0.00","2.14","0.3711","0.0293","0.3887"
"WEP","11-Aug-2025","4","104.29","100.99","0.05","0.320","0.00","2.14","0.3711","0.0293","0.3887"
"WEP","11-Aug-2025","5","103.85","100.98","0.05","-0.110","0.00","2.14","0.3711","0.0293","0.3887"
"WEP","11-Aug-2025","6","104.01","100.89","0.06","0.130","0.00","2.14","0.3711","0.0293","0.3887"
"WEP","11-Aug-2025","7","103.91","100.92","0.06","0.000","0.00","2.14","0.3711","0.0293","0.3887"
"WEP","11-Aug-2025","8","103.74","100.92","0.06","-0.160","0.00","2.14","0.3711","0.0293","0.3887"
"WEP","11-Aug-2025","9","104.18","100.87","0.05","0.330","0.00","2.14","0.3711","0.0293","0.3887"
"WEP","11-Aug-2025","10","103.96","100.93","0.06","0.040","0.00","2.14","0.3711","0.0293","0.3887"
"WEP","11-Aug-2025","11","104.69","101.04","0.07","0.650","0.00","2.14","0.3711","0.0293","0.3887"
"WEP","11-Aug-2025","12","95.12","90.89","0.14","1.160","0.00","2.14","0.3711","0.0293","0.3887"
"WEP","11-Aug-2025","13","94.72","90.93","0.21","0.650","0.00","2.14","0.3711","0.0293","0.3887"
"WEP","11-Aug-2025","14","104.72","101.39","0.38","0.020","0.00","2.14","0.3711","0.0293","0.3887"
"WEP","11-Aug-2025","15","104.52","101.34","0.45","-0.200","0.00","2.14","0.3711","0.0293","0.3887"
"WEP","11-Aug-2025","16","113.55","110.79","0.49","-0.660","0.00","2.14","0.3711","0.0293","0.3887"
"WEP","11-Aug-2025","17","110.58","106.66","0.41","0.580","0.00","2.14","0.3711","0.0293","0.3887"
"WEP","11-Aug-2025","18","110.72","106.68","0.44","0.670","0.00","2.14","0.3711","0.0293","0.3887"
"WEP","11-Aug-2025","19","105.87","102.81","0.34","-0.200","0.00","2.14","0.3711","0.0293","0.3887"
"WEP","11-Aug-2025","20","104.54","102.18","0.33","-0.900","0.00","2.14","0.3711","0.0293","0.3887"
"WEP","11-Aug-2025","21","115.56","113.93","0.28","-1.580","0.00","2.14","0.3711","0.0293","0.3887"
"WEP","11-Aug-2025","22","118.44","116.15","0.30","-0.940","0.00","2.14","0.3711","0.0293","0.3887"
"WEP","11-Aug-2025","23","118.79","116.05","0.26","-0.450","0.00","2.14","0.3711","0.0293","0.3887"
"WEP","11-Aug-2025","24","109.08","106.71","0.14","-0.700","0.00","2.14","0.3711","0.0293","0.3887"
"WEP","11-Aug-2025","25","108.59","106.71","0.22","-1.270","0.00","2.14","0.3711","0.0293","0.3887"
"WEP","11-Aug-2025","26","103.77","101.39","0.16","-0.710","0.00","2.14","0.3711","0.0293","0.3887"
"WEP","11-Aug-2025","27","103.76","101.28","0.15","-0.600","0.00","2.14","0.3711","0.0293","0.3887"
"WEP","11-Aug-2025","28","94.37","91.99","0.14","-0.690","0.00","2.14","0.3711","0.0293","0.3887"
"WEP","11-Aug-2025","29","102.90","100.74","0.13","-0.900","0.00","2.14","0.3711","0.0293","0.3887"
"WEP","11-Aug-2025","30","103.92","101.22","0.12","-0.350","0.00","2.14","0.3711","0.0293","0.3887"
"WEP","11-Aug-2025","31","95.16","92.49","0.13","-0.390","0.00","2.14","0.3711","0.0293","0.3887"
"WEP","11-Aug-2025","32","101.19","98.87","0.14","-0.750","0.00","2.14","0.3711","0.0293","0.3887"
"WEP","11-Aug-2025","33","103.91","101.41","0.14","-0.570","0.00","2.14","0.3711","0.0293","0.3887"
"WEP","11-Aug-2025","34","104.35","101.42","0.14","-0.140","0.00","2.14","0.3711","0.0293","0.3887"
"WEP","11-Aug-2025","35","104.35","101.43","0.49","-0.500","0.00","2.14","0.3711","0.0293","0.3887"
"WEP","11-Aug-2025","36","104.22","101.71","0.30","-0.720","0.00","2.14","0.3711","0.0293","0.3887"
"WEP","11-Aug-2025","37","104.50","101.43","0.42","-0.280","0.00","2.14","0.3711","0.0293","0.3887"
"WEP","11-Aug-2025","38","111.88","108.87","0.54","-0.460","0.00","2.14","0.3711","0.0293","0.3887"
"WEP","11-Aug-2025","39","110.27","106.73","0.53","0.080","0.00","2.14","0.3711","0.0293","0.3887"
"WEP","11-Aug-2025","40","115.35","111.94","0.52","-0.040","0.00","2.14","0.3711","0.0293","0.3887"
"WEP","11-Aug-2025","41","115.43","111.95","0.46","0.090","0.00","2.14","0.3711","0.0293","0.3887"
"WEP","11-Aug-2025","42","115.46","111.91","0.47","0.150","0.00","2.14","0.3711","0.0293","0.3887"
"WEP","11-Aug-2025","43","114.32","110.85","0.47","0.070","0.00","2.14","0.3711","0.0293","0.3887"
"WEP","11-Aug-2025","44","105.29","101.99","0.29","0.080","0.00","2.14","0.3711","0.0293","0.3887"
"WEP","11-Aug-2025","45","104.64","101.47","0.31","-0.060","0.00","2.14","0.3711","0.0293","0.3887"
"WEP","11-Aug-2025","46","104.52","101.24","0.13","0.220","0.00","2.14","0.3711","0.0293","0.3887"
"WEP","11-Aug-2025","47","104.06","100.82","0.14","0.170","0.00","2.14","0.3711","0.0293","0.3887"
"WEP","11-Aug-2025","48","103.58","100.72","0.08","-0.150","0.00","2.14","0.3711","0.0293","0.3887"
"WEP","12-Aug-2025","1","104.86","100.76","0.13","1.050","0.00","2.14","0.3711","0.0292","0.3868"
"WEP","12-Aug-2025","2","95.47","90.80","0.11","1.630","0.00","2.14","0.3711","0.0292","0.3868"
"WEP","12-Aug-2025","3","95.23","90.79","0.06","1.460","0.00","2.14","0.3711","0.0292","0.3868"
"WEP","12-Aug-2025","4","104.40","100.62","0.05","0.800","0.00","2.14","0.3711","0.0292","0.3868"
"WEP","12-Aug-2025","5","102.43","98.72","0.06","0.720","0.00","2.14","0.3711","0.0292","0.3868"
"WEP","12-Aug-2025","6","102.26","98.70","0.06","0.570","0.00","2.14","0.3711","0.0292","0.3868"
"WEP","12-Aug-2025","7","102.38","98.57","0.06","0.830","0.00","2.14","0.3711","0.0292","0.3868"
"WEP","12-Aug-2025","8","102.30","98.66","0.06","0.660","0.00","2.14","0.3711","0.0292","0.3868"
"WEP","12-Aug-2025","9","104.95","100.64","0.06","1.320","0.00","2.14","0.3711","0.0292","0.3868"
"WEP","12-Aug-2025","10","104.45","100.71","0.06","0.750","0.00","2.14","0.3711","0.0292","0.3868"
"WEP","12-Aug-2025","11","104.66","100.95","0.07","0.710","0.00","2.14","0.3711","0.0292","0.3868"
"WEP","12-Aug-2025","12","94.98","90.93","0.15","0.970","0.00","2.14","0.3711","0.0292","0.3868"
"WEP","12-Aug-2025","13","104.69","101.15","0.35","0.260","0.00","2.14","0.3711","0.0292","0.3868"
"WEP","12-Aug-2025","14","105.09","101.24","0.19","0.730","0.00","2.14","0.3711","0.0292","0.3868"
"WEP","12-Aug-2025","15","105.31","101.26","0.41","0.710","0.00","2.14","0.3711","0.0292","0.3868"
"WEP","12-Aug-2025","16","105.60","101.59","0.40","0.680","0.00","2.14","0.3711","0.0292","0.3868"
"WEP","12-Aug-2025","17","112.69","108.80","0.41","0.550","0.00","2.14","0.3711","0.0292","0.3868"
"WEP","12-Aug-2025","18","110.84","106.70","0.41","0.810","0.00","2.14","0.3711","0.0292","0.3868"
"WEP","12-Aug-2025","19","109.62","105.75","0.40","0.540","0.00","2.14","0.3711","0.0292","0.3868"
"WEP","12-Aug-2025","20","110.11","105.75","0.47","0.960","0.00","2.14","0.3711","0.0292","0.3868"
"WEP","12-Aug-2025","21","105.09","101.19","0.29","0.680","0.00","2.14","0.3711","0.0292","0.3868"
"WEP","12-Aug-2025","22","95.05","91.23","0.15","0.740","0.00","2.14","0.3711","0.0292","0.3868"
"WEP","12-Aug-2025","23","93.79","90.94","0.12","-0.190","0.00","2.14","0.3711","0.0292","0.3868"
"WEP","12-Aug-2025","24","94.36","90.72","0.12","0.590","0.00","2.14","0.3711","0.0292","0.3868"
"WEP","12-Aug-2025","25","86.72","83.55","0.13","0.110","0.00","2.14","0.3711","0.0292","0.3868"
"WEP","12-Aug-2025","26","86.46","83.55","0.14","-0.160","0.00","2.14","0.3711","0.0292","0.3868"
"WEP","12-Aug-2025","27","87.06","83.55","0.13","0.450","0.00","2.14","0.3711","0.0292","0.3868"
"WEP","12-Aug-2025","28","84.68","81.55","0.12","0.080","0.00","2.14","0.3711","0.0292","0.3868"
"WEP","12-Aug-2025","29","81.94","79.41","0.12","-0.510","0.00","2.14","0.3711","0.0292","0.3868"
"WEP","12-Aug-2025","30","86.78","85.04","0.11","-1.300","0.00","2.14","0.3711","0.0292","0.3868"
"WEP","12-Aug-2025","31","93.32","91.15","0.13","-0.890","0.00","2.14","0.3711","0.0292","0.3868"
"WEP","12-Aug-2025","32","92.91","91.07","0.27","-1.360","0.00","2.14","0.3711","0.0292","0.3868"
"WEP","12-Aug-2025","33","103.80","101.43","0.27","-0.830","0.00","2.14","0.3711","0.0292","0.3868"
"WEP","12-Aug-2025","34","109.00","106.25","0.35","-0.520","0.00","2.14","0.3711","0.0292","0.3868"
"WEP","12-Aug-2025","35","104.02","101.43","0.66","-0.990","0.00","2.14","0.3711","0.0292","0.3868"
"WEP","12-Aug-2025","36","114.58","111.91","0.48","-0.740","0.00","2.14","0.3711","0.0292","0.3868"
"WEP","12-Aug-2025","37","117.14","113.95","0.54","-0.270","0.00","2.14","0.3711","0.0292","0.3868"
"WEP","12-Aug-2025","38","117.46","114.03","0.61","-0.100","0.00","2.14","0.3711","0.0292","0.3868"
"WEP","12-Aug-2025","39","120.60","116.18","0.60","0.890","0.00","2.14","0.3711","0.0292","0.3868"
"WEP","12-Aug-2025","40","120.79","116.17","0.58","1.110","0.00","2.14","0.3711","0.0292","0.3868"
"WEP","12-Aug-2025","41","120.44","115.97","0.46","1.080","0.00","2.14","0.3711","0.0292","0.3868"
"WEP","12-Aug-2025","42","120.43","115.85","0.46","1.190","0.00","2.14","0.3711","0.0292","0.3868"
"WEP","12-Aug-2025","43","116.12","111.92","0.41","0.860","0.00","2.14","0.3711","0.0292","0.3868"
"WEP","12-Aug-2025","44","110.46","106.70","0.21","0.620","0.00","2.14","0.3711","0.0292","0.3868"
"WEP","12-Aug-2025","45","105.36","101.39","0.12","0.930","0.00","2.14","0.3711","0.0292","0.3868"
"WEP","12-Aug-2025","46","105.19","101.20","0.10","0.960","0.00","2.14","0.3711","0.0292","0.3868"
"WEP","12-Aug-2025","47","104.66","100.84","0.10","0.800","0.00","2.14","0.3711","0.0292","0.3868"
"WEP","12-Aug-2025","48","104.70","101.24","0.10","0.430","0.00","2.14","0.3711","0.0292","0.3868"
"WEP","13-Aug-2025","1","103.50","101.10","0.12","-0.660","0.00","2.14","0.3711","0.0298","0.3945"
"WEP","13-Aug-2025","2","101.39","99.02","0.07","-0.630","0.00","2.14","0.3711","0.0298","0.3945"
"WEP","13-Aug-2025","3","109.02","106.40","0.05","-0.370","0.00","2.14","0.3711","0.0298","0.3945"
"WEP","13-Aug-2025","4","104.41","101.20","0.05","0.220","0.00","2.14","0.3711","0.0298","0.3945"
"WEP","13-Aug-2025","5","104.19","101.23","0.05","-0.030","0.00","2.14","0.3711","0.0298","0.3945"
"WEP","13-Aug-2025","6","101.84","99.12","0.06","-0.270","0.00","2.14","0.3711","0.0298","0.3945"
"WEP","13-Aug-2025","7","101.72","99.12","0.06","-0.400","0.00","2.14","0.3711","0.0298","0.3945"
"WEP","13-Aug-2025","8","102.01","99.06","0.06","-0.050","0.00","2.14","0.3711","0.0298","0.3945"
"WEP","13-Aug-2025","9","103.73","101.07","0.06","-0.340","0.00","2.14","0.3711","0.0298","0.3945"
"WEP","13-Aug-2025","10","103.46","101.01","0.06","-0.550","0.00","2.14","0.3711","0.0298","0.3945"
"WEP","13-Aug-2025","11","103.63","101.02","0.07","-0.390","0.00","2.14","0.3711","0.0298","0.3945"
"WEP","13-Aug-2025","12","104.30","101.14","0.14","0.080","0.00","2.14","0.3711","0.0298","0.3945"
"WEP","13-Aug-2025","13","104.09","101.15","0.16","-0.150","0.00","2.14","0.3711","0.0298","0.3945"
"WEP","13-Aug-2025","14","104.24","101.27","0.19","-0.160","0.00","2.14","0.3711","0.0298","0.3945"
"WEP","13-Aug-2025","15","113.66","110.92","0.46","-0.650","0.00","2.14","0.3711","0.0298","0.3945"
"WEP","13-Aug-2025","16","116.67","113.90","0.67","-0.830","0.00","2.14","0.3711","0.0298","0.3945"
"WEP","13-Aug-2025","17","119.14","116.01","0.62","-0.430","0.00","2.14","0.3711","0.0298","0.3945"
"WEP","13-Aug-2025","18","119.63","116.15","0.66","-0.110","0.00","2.14","0.3711","0.0298","0.3945"
"WEP","13-Aug-2025","19","114.98","111.89","0.49","-0.330","0.00","2.14","0.3711","0.0298","0.3945"
"WEP","13-Aug-2025","20","113.33","110.84","0.49","-0.940","0.00","2.14","0.3711","0.0298","0.3945"
"WEP","13-Aug-2025","21","103.14","101.16","0.22","-1.180","0.00","2.14","0.3711","0.0298","0.3945"
"WEP","13-Aug-2025","22","102.70","100.68","0.27","-1.180","0.00","2.14","0.3711","0.0298","0.3945"
"WEP","13-Aug-2025","23","103.05","101.36","0.21","-1.450","0.00","2.14","0.3711","0.0298","0.3945"
"WEP","13-Aug-2025","24","93.01","91.10","0.13","-1.160","0.00","2.14","0.3711","0.0298","0.3945"
"WEP","13-Aug-2025","25","93.24","91.19","0.14","-1.020","0.00","2.14","0.3711","0.0298","0.3945"
"WEP","13-Aug-2025","26","94.05","91.21","0.14","-0.230","0.00","2.14","0.3711","0.0298","0.3945"
"WEP","13-Aug-2025","27","94.17","90.95","0.14","0.150","0.00","2.14","0.3711","0.0298","0.3945"
"WEP","13-Aug-2025","28","83.48","81.45","0.13","-1.030","0.00","2.14","0.3711","0.0298","0.3945"
"WEP","13-Aug-2025","29","80.03","78.51","0.12","-1.530","0.00","2.14","0.3711","0.0298","0.3945"
"WEP","13-Aug-2025","30","86.54","85.10","0.10","-1.600","0.00","2.14","0.3711","0.0298","0.3945"
"WEP","13-Aug-2025","31","87.93","86.57","0.12","-1.700","0.00","2.14","0.3711","0.0298","0.3945"
"WEP","13-Aug-2025","32","92.47","91.04","0.13","-1.630","0.00","2.14","0.3711","0.0298","0.3945"
"WEP","13-Aug-2025","33","92.39","91.15","0.12","-1.820","0.00","2.14","0.3711","0.0298","0.3945"
"WEP","13-Aug-2025","34","93.34","92.06","0.13","-1.790","0.00","2.14","0.3711","0.0298","0.3945"
"WEP","13-Aug-2025","35","102.11","100.56","0.58","-1.970","0.00","2.14","0.3711","0.0298","0.3945"
"WEP","13-Aug-2025","36","102.79","101.31","0.31","-1.770","0.00","2.14","0.3711","0.0298","0.3945"
"WEP","13-Aug-2025","37","108.37","106.72","0.38","-1.660","0.00","2.14","0.3711","0.0298","0.3945"
"WEP","13-Aug-2025","38","113.78","112.06","0.44","-1.650","0.00","2.14","0.3711","0.0298","0.3945"
"WEP","13-Aug-2025","39","118.90","116.96","0.51","-1.500","0.00","2.14","0.3711","0.0298","0.3945"
"WEP","13-Aug-2025","40","124.01","121.78","0.48","-1.180","0.00","2.14","0.3711","0.0298","0.3945"
"WEP","13-Aug-2025","41","123.55","121.85","0.37","-1.600","0.00","2.14","0.3711","0.0298","0.3945"
"WEP","13-Aug-2025","42","118.93","117.06","0.38","-1.440","0.00","2.14","0.3711","0.0298","0.3945"
"WEP","13-Aug-2025","43","118.28","116.13","0.44","-1.230","0.00","2.14","0.3711","0.0298","0.3945"
"WEP","13-Aug-2025","44","112.47","110.46","0.23","-1.160","0.00","2.14","0.3711","0.0298","0.3945"
"WEP","13-Aug-2025","45","103.86","101.32","0.14","-0.540","0.00","2.14","0.3711","0.0298","0.3945"
"WEP","13-Aug-2025","46","102.89","100.35","0.14","-0.530","0.00","2.14","0.3711","0.0298","0.3945"
"WEP","13-Aug-2025","47","98.93","96.30","0.15","-0.450","0.00","2.14","0.3711","0.0298","0.3945"
"WEP","13-Aug-2025","48","97.79","95.00","0.13","-0.280","0.00","2.14","0.3711","0.0298","0.3945"
"WEP","14-Aug-2025","1","93.36","90.98","0.13","-0.670","0.00","2.14","0.3711","0.0291","0.3858"
"WEP","14-Aug-2025","2","93.22","90.99","0.11","-0.800","0.00","2.14","0.3711","0.0291","0.3858"
"WEP","14-Aug-2025","3","97.14","94.49","0.10","-0.370","0.00","2.14","0.3711","0.0291","0.3858"
"WEP","14-Aug-2025","4","94.00","90.95","0.10","0.030","0.00","2.14","0.3711","0.0291","0.3858"
"WEP","14-Aug-2025","5","93.05","90.85","0.06","-0.780","0.00","2.14","0.3711","0.0291","0.3858"
"WEP","14-Aug-2025","6","93.45","90.84","0.06","-0.380","0.00","2.14","0.3711","0.0291","0.3858"
"WEP","14-Aug-2025","7","93.48","90.82","0.06","-0.320","0.00","2.14","0.3711","0.0291","0.3858"
"WEP","14-Aug-2025","8","93.49","90.82","0.06","-0.320","0.00","2.14","0.3711","0.0291","0.3858"
"WEP","14-Aug-2025","9","93.57","90.81","0.05","-0.220","0.00","2.14","0.3711","0.0291","0.3858"
"WEP","14-Aug-2025","10","93.96","90.93","0.06","0.050","0.00","2.14","0.3711","0.0291","0.3858"
"WEP","14-Aug-2025","11","98.28","95.25","0.11","0.000","0.00","2.14","0.3711","0.0291","0.3858"
"WEP","14-Aug-2025","12","104.32","101.04","0.13","0.220","0.00","2.14","0.3711","0.0291","0.3858"
"WEP","14-Aug-2025","13","104.05","101.04","0.34","-0.260","0.00","2.14","0.3711","0.0291","0.3858"
"WEP","14-Aug-2025","14","104.60","101.21","0.55","-0.090","0.00","2.14","0.3711","0.0291","0.3858"
"WEP","14-Aug-2025","15","104.17","101.34","0.60","-0.700","0.00","2.14","0.3711","0.0291","0.3858"
"WEP","14-Aug-2025","16","114.60","111.85","0.58","-0.760","0.00","2.14","0.3711","0.0291","0.3858"
"WEP","14-Aug-2025","17","117.88","113.93","0.61","0.410","0.00","2.14","0.3711","0.0291","0.3858"
"WEP","14-Aug-2025","18","118.06","113.95","0.61","0.570","0.00","2.14","0.3711","0.0291","0.3858"
"WEP","14-Aug-2025","19","115.23","111.71","0.63","-0.040","0.00","2.14","0.3711","0.0291","0.3858"
"WEP","14-Aug-2025","20","104.50","101.27","0.51","-0.210","0.00","2.14","0.3711","0.0291","0.3858"
"WEP","14-Aug-2025","21","103.36","100.78","0.31","-0.650","0.00","2.14","0.3711","0.0291","0.3858"
"WEP","14-Aug-2025","22","94.28","91.76","0.29","-0.700","0.00","2.14","0.3711","0.0291","0.3858"
"WEP","14-Aug-2025","23","93.12","90.98","0.13","-0.910","0.00","2.14","0.3711","0.0291","0.3858"
"WEP","14-Aug-2025","24","92.09","90.32","0.12","-1.280","0.00","2.14","0.3711","0.0291","0.3858"
"WEP","14-Aug-2025","25","89.56","88.72","0.14","-2.220","0.00","2.14","0.3711","0.0291","0.3858"
"WEP","14-Aug-2025","26","93.47","91.08","0.16","-0.700","0.00","2.14","0.3711","0.0291","0.3858"
"WEP","14-Aug-2025","27","93.74","90.96","0.14","-0.290","0.00","2.14","0.3711","0.0291","0.3858"
"WEP","14-Aug-2025","28","85.54","83.63","0.13","-1.140","0.00","2.14","0.3711","0.0291","0.3858"
"WEP","14-Aug-2025","29","86.80","85.27","0.12","-1.520","0.00","2.14","0.3711","0.0291","0.3858"
"WEP","14-Aug-2025","30","90.56","90.32","0.11","-2.800","0.00","2.14","0.3711","0.0291","0.3858"
"WEP","14-Aug-2025","31","92.31","91.23","0.12","-1.960","0.00","2.14","0.3711","0.0291","0.3858"
"WEP","14-Aug-2025","32","118.29","116.20","0.45","-1.290","0.00","2.14","0.3711","0.0291","0.3858"
"WEP","14-Aug-2025","33","118.12","116.15","0.45","-1.410","0.00","2.14","0.3711","0.0291","0.3858"
"WEP","14-Aug-2025","34","131.54","129.93","0.72","-2.030","0.00","2.14","0.3711","0.0291","0.3858"
"WEP","14-Aug-2025","35","194.42","191.61","2.28","-2.390","0.00","2.14","0.3711","0.0291","0.3858"
"WEP","14-Aug-2025","36","118.05","116.15","0.56","-1.580","0.00","2.14","0.3711","0.0291","0.3858"
"WEP","14-Aug-2025","37","114.46","111.99","0.54","-1.000","0.00","2.14","0.3711","0.0291","0.3858"
"WEP","14-Aug-2025","38","118.34","116.16","0.70","-1.440","0.00","2.14","0.3711","0.0291","0.3858"
"WEP","14-Aug-2025","39","126.75","124.54","0.82","-1.530","0.00","2.14","0.3711","0.0291","0.3858"
"WEP","14-Aug-2025","40","133.85","131.57","0.84","-1.490","0.00","2.14","0.3711","0.0291","0.3858"
"WEP","14-Aug-2025","41","141.81","139.95","0.82","-1.890","0.00","2.14","0.3711","0.0291","0.3858"
"WEP","14-Aug-2025","42","128.13","125.64","0.68","-1.120","0.00","2.14","0.3711","0.0291","0.3858"
"WEP","14-Aug-2025","43","118.67","116.20","0.46","-0.920","0.00","2.14","0.3711","0.0291","0.3858"
"WEP","14-Aug-2025","44","114.34","111.99","0.41","-0.990","0.00","2.14","0.3711","0.0291","0.3858"
"WEP","14-Aug-2025","45","103.85","101.45","0.29","-0.820","0.00","2.14","0.3711","0.0291","0.3858"
"WEP","14-Aug-2025","46","103.41","101.26","0.19","-0.970","0.00","2.14","0.3711","0.0291","0.3858"
"WEP","14-Aug-2025","47","97.92","95.56","0.20","-0.770","0.00","2.14","0.3711","0.0291","0.3858"
"WEP","14-Aug-2025","48","93.96","91.08","0.13","-0.180","0.00","2.14","0.3711","0.0291","0.3858"
"WEP","15-Aug-2025","1","87.35","85.65","0.12","-1.350","0.00","2.14","0.3711","0.0296","0.3920"
"WEP","15-Aug-2025","2","87.43","85.52","0.11","-1.140","0.00","2.14","0.3711","0.0296","0.3920"
"WEP","15-Aug-2025","3","87.96","85.63","0.06","-0.660","0.00","2.14","0.3711","0.0296","0.3920"
"WEP","15-Aug-2025","4","87.63","85.56","0.05","-0.910","0.00","2.14","0.3711","0.0296","0.3920"
"WEP","15-Aug-2025","5","87.48","85.51","0.05","-1.020","0.00","2.14","0.3711","0.0296","0.3920"
"WEP","15-Aug-2025","6","87.17","85.45","0.05","-1.260","0.00","2.14","0.3711","0.0296","0.3920"
"WEP","15-Aug-2025","7","87.30","85.46","0.05","-1.140","0.00","2.14","0.3711","0.0296","0.3920"
"WEP","15-Aug-2025","8","87.59","85.45","0.05","-0.840","0.00","2.14","0.3711","0.0296","0.3920"
"WEP","15-Aug-2025","9","87.61","85.45","0.05","-0.830","0.00","2.14","0.3711","0.0296","0.3920"
"WEP","15-Aug-2025","10","87.67","85.50","0.05","-0.820","0.00","2.14","0.3711","0.0296","0.3920"
"WEP","15-Aug-2025","11","94.49","91.94","0.11","-0.490","0.00","2.14","0.3711","0.0296","0.3920"
"WEP","15-Aug-2025","12","95.12","92.15","0.13","-0.100","0.00","2.14","0.3711","0.0296","0.3920"
"WEP","15-Aug-2025","13","95.06","92.12","0.30","-0.290","0.00","2.14","0.3711","0.0296","0.3920"
"WEP","15-Aug-2025","14","97.82","94.58","0.37","-0.070","0.00","2.14","0.3711","0.0296","0.3920"
"WEP","15-Aug-2025","15","97.48","94.69","0.41","-0.550","0.00","2.14","0.3711","0.0296","0.3920"
"WEP","15-Aug-2025","16","107.64","105.17","0.57","-1.040","0.00","2.14","0.3711","0.0296","0.3920"
"WEP","15-Aug-2025","17","103.29","100.55","0.54","-0.730","0.00","2.14","0.3711","0.0296","0.3920"
"WEP","15-Aug-2025","18","109.77","106.71","0.65","-0.520","0.00","2.14","0.3711","0.0296","0.3920"
"WEP","15-Aug-2025","19","110.07","106.70","0.59","-0.150","0.00","2.14","0.3711","0.0296","0.3920"
"WEP","15-Aug-2025","20","104.04","100.60","0.50","0.010","0.00","2.14","0.3711","0.0296","0.3920"
"WEP","15-Aug-2025","21","94.89","92.16","0.30","-0.500","0.00","2.14","0.3711","0.0296","0.3920"
"WEP","15-Aug-2025","22","94.54","92.06","0.30","-0.760","0.00","2.14","0.3711","0.0296","0.3920"
"WEP","15-Aug-2025","23","88.78","86.57","0.13","-0.850","0.00","2.14","0.3711","0.0296","0.3920"
"WEP","15-Aug-2025","24","87.55","85.56","0.12","-1.060","0.00","2.14","0.3711","0.0296","0.3920"
"WEP","15-Aug-2025","25","88.03","85.77","0.14","-0.810","0.00","2.14","0.3711","0.0296","0.3920"
"WEP","15-Aug-2025","26","87.22","85.59","0.19","-1.490","0.00","2.14","0.3711","0.0296","0.3920"
"WEP","15-Aug-2025","27","87.34","85.57","0.14","-1.300","0.00","2.14","0.3711","0.0296","0.3920"
"WEP","15-Aug-2025","28","88.04","85.80","0.13","-0.820","0.00","2.14","0.3711","0.0296","0.3920"
"WEP","15-Aug-2025","29","88.19","85.67","0.12","-0.530","0.00","2.14","0.3711","0.0296","0.3920"
"WEP","15-Aug-2025","30","88.29","85.57","0.12","-0.330","0.00","2.14","0.3711","0.0296","0.3920"
"WEP","15-Aug-2025","31","83.11","81.38","0.12","-1.320","0.00","2.14","0.3711","0.0296","0.3920"
"WEP","15-Aug-2025","32","83.22","81.35","0.13","-1.200","0.00","2.14","0.3711","0.0296","0.3920"
"WEP","15-Aug-2025","33","87.11","85.70","0.16","-1.680","0.00","2.14","0.3711","0.0296","0.3920"
"WEP","15-Aug-2025","34","94.53","91.95","0.35","-0.710","0.00","2.14","0.3711","0.0296","0.3920"
"WEP","15-Aug-2025","35","95.39","92.59","0.64","-0.770","0.00","2.14","0.3711","0.0296","0.3920"
"WEP","15-Aug-2025","36","94.34","92.30","0.36","-1.250","0.00","2.14","0.3711","0.0296","0.3920"
"WEP","15-Aug-2025","37","114.62","111.92","0.58","-0.820","0.00","2.14","0.3711","0.0296","0.3920"
"WEP","15-Aug-2025","38","114.57","111.87","0.71","-0.940","0.00","2.14","0.3711","0.0296","0.3920"
"WEP","15-Aug-2025","39","108.40","106.08","0.60","-1.210","0.00","2.14","0.3711","0.0296","0.3920"
"WEP","15-Aug-2025","40","114.32","112.05","0.63","-1.290","0.00","2.14","0.3711","0.0296","0.3920"
"WEP","15-Aug-2025","41","114.56","112.02","0.52","-0.910","0.00","2.14","0.3711","0.0296","0.3920"
"WEP","15-Aug-2025","42","114.81","112.02","0.47","-0.620","0.00","2.14","0.3711","0.0296","0.3920"
"WEP","15-Aug-2025","43","115.05","112.01","0.47","-0.360","0.00","2.14","0.3711","0.0296","0.3920"
"WEP","15-Aug-2025","44","117.04","114.02","0.42","-0.340","0.00","2.14","0.3711","0.0296","0.3920"
"WEP","15-Aug-2025","45","103.57","100.12","0.29","0.220","0.00","2.14","0.3711","0.0296","0.3920"
"WEP","15-Aug-2025","46","92.35","89.43","0.18","-0.190","0.00","2.14","0.3711","0.0296","0.3920"
"WEP","15-Aug-2025","47","88.07","85.64","0.15","-0.650","0.00","2.14","0.3711","0.0296","0.3920"
"WEP","15-Aug-2025","48","87.83","85.53","0.13","-0.760","0.00","2.14","0.3711","0.0296","0.3920"
"WEP","16-Aug-2025","1","102.63","100.22","0.12","-0.660","0.00","2.14","0.3711","0.0307","0.4066"
"WEP","16-Aug-2025","2","102.13","99.48","0.11","-0.410","0.00","2.14","0.3711","0.0307","0.4066"
"WEP","16-Aug-2025","3","102.45","99.58","0.05","-0.120","0.00","2.14","0.3711","0.0307","0.4066"
"WEP","16-Aug-2025","4","102.21","99.57","0.05","-0.350","0.00","2.14","0.3711","0.0307","0.4066"
"WEP","16-Aug-2025","5","101.67","99.60","0.06","-0.940","0.00","2.14","0.3711","0.0307","0.4066"
"WEP","16-Aug-2025","6","103.64","100.57","0.06","0.060","0.00","2.14","0.3711","0.0307","0.4066"
"WEP","16-Aug-2025","7","109.66","106.34","0.06","0.310","0.00","2.14","0.3711","0.0307","0.4066"
"WEP","16-Aug-2025","8","109.68","106.58","0.06","0.090","0.00","2.14","0.3711","0.0307","0.4066"
"WEP","16-Aug-2025","9","109.71","106.57","0.05","0.140","0.00","2.14","0.3711","0.0307","0.4066"
"WEP","16-Aug-2025","10","110.33","106.58","0.05","0.750","0.00","2.14","0.3711","0.0307","0.4066"
"WEP","16-Aug-2025","11","110.30","106.58","0.11","0.670","0.00","2.14","0.3711","0.0307","0.4066"
"WEP","16-Aug-2025","12","110.03","106.59","0.14","0.350","0.00","2.14","0.3711","0.0307","0.4066"
"WEP","16-Aug-2025","13","102.80","99.62","0.18","0.050","0.00","2.14","0.3711","0.0307","0.4066"
"WEP","16-Aug-2025","14","104.32","101.34","0.36","-0.330","0.00","2.14","0.3711","0.0307","0.4066"
"WEP","16-Aug-2025","15","105.31","102.36","0.44","-0.430","0.00","2.14","0.3711","0.0307","0.4066"
"WEP","16-Aug-2025","16","113.87","110.87","0.60","-0.540","0.00","2.14","0.3711","0.0307","0.4066"
"WEP","16-Aug-2025","17","116.84","113.82","0.39","-0.320","0.00","2.14","0.3711","0.0307","0.4066"
"WEP","16-Aug-2025","18","116.23","113.08","0.46","-0.260","0.00","2.14","0.3711","0.0307","0.4066"
"WEP","16-Aug-2025","19","113.54","110.93","0.17","-0.510","0.00","2.14","0.3711","0.0307","0.4066"
"WEP","16-Aug-2025","20","109.13","106.75","0.23","-0.790","0.00","2.14","0.3711","0.0307","0.4066"
"WEP","16-Aug-2025","21","102.22","100.39","0.14","-1.260","0.00","2.14","0.3711","0.0307","0.4066"
"WEP","16-Aug-2025","22","102.49","100.34","0.14","-0.940","0.00","2.14","0.3711","0.0307","0.4066"
"WEP","16-Aug-2025","23","99.03","97.14","0.13","-1.190","0.00","2.14","0.3711","0.0307","0.4066"
"WEP","16-Aug-2025","24","94.05","92.18","0.13","-1.210","0.00","2.14","0.3711","0.0307","0.4066"
"WEP","16-Aug-2025","25","92.60","91.21","0.16","-1.720","0.00","2.14","0.3711","0.0307","0.4066"
"WEP","16-Aug-2025","26","89.93","88.02","0.16","-1.200","0.00","2.14","0.3711","0.0307","0.4066"
"WEP","16-Aug-2025","27","87.63","85.71","0.14","-1.170","0.00","2.14","0.3711","0.0307","0.4066"
"WEP","16-Aug-2025","28","86.76","85.53","0.14","-1.860","0.00","2.14","0.3711","0.0307","0.4066"
"WEP","16-Aug-2025","29","87.10","85.68","0.13","-1.660","0.00","2.14","0.3711","0.0307","0.4066"
"WEP","16-Aug-2025","30","87.08","85.58","0.12","-1.570","0.00","2.14","0.3711","0.0307","0.4066"
"WEP","16-Aug-2025","31","87.68","85.67","0.13","-1.070","0.00","2.14","0.3711","0.0307","0.4066"
"WEP","16-Aug-2025","32","87.53","85.67","0.14","-1.230","0.00","2.14","0.3711","0.0307","0.4066"
"WEP","16-Aug-2025","33","86.66","85.68","0.13","-2.100","0.00","2.14","0.3711","0.0307","0.4066"
"WEP","16-Aug-2025","34","93.16","92.12","0.15","-2.050","0.00","2.14","0.3711","0.0307","0.4066"
"WEP","16-Aug-2025","35","102.41","100.69","0.47","-1.700","0.00","2.14","0.3711","0.0307","0.4066"
"WEP","16-Aug-2025","36","102.86","100.82","0.15","-1.060","0.00","2.14","0.3711","0.0307","0.4066"
"WEP","16-Aug-2025","37","108.36","106.43","0.21","-1.230","0.00","2.14","0.3711","0.0307","0.4066"
"WEP","16-Aug-2025","38","112.51","110.92","0.38","-1.740","0.00","2.14","0.3711","0.0307","0.4066"
"WEP","16-Aug-2025","39","124.05","122.57","0.40","-1.870","0.00","2.14","0.3711","0.0307","0.4066"
"WEP","16-Aug-2025","40","137.58","135.74","0.42","-1.530","0.00","2.14","0.3711","0.0307","0.4066"
"WEP","16-Aug-2025","41","161.50","159.83","0.39","-1.670","0.00","2.14","0.3711","0.0307","0.4066"
"WEP","16-Aug-2025","42","131.92","129.62","0.19","-0.840","0.00","2.14","0.3711","0.0307","0.4066"
"WEP","16-Aug-2025","43","115.55","112.94","0.31","-0.650","0.00","2.14","0.3711","0.0307","0.4066"
"WEP","16-Aug-2025","44","113.64","110.88","0.17","-0.360","0.00","2.14","0.3711","0.0307","0.4066"
"WEP","16-Aug-2025","45","109.86","106.69","0.13","0.100","0.00","2.14","0.3711","0.0307","0.4066"
"WEP","16-Aug-2025","46","109.65","106.70","0.13","-0.120","0.00","2.14","0.3711","0.0307","0.4066"
"WEP","16-Aug-2025","47","108.36","105.62","0.14","-0.340","0.00","2.14","0.3711","0.0307","0.4066"
"WEP","16-Aug-2025","48","101.83","99.58","0.13","-0.830","0.00","2.14","0.3711","0.0307","0.4066"
"WEP","17-Aug-2025","1","98.77","96.69","0.12","-0.990","0.00","2.14","0.3711","0.0312","0.4139"
"WEP","17-Aug-2025","2","88.12","85.70","0.10","-0.640","0.00","2.14","0.3711","0.0312","0.4139"
"WEP","17-Aug-2025","3","87.32","85.67","0.06","-1.370","0.00","2.14","0.3711","0.0312","0.4139"
"WEP","17-Aug-2025","4","93.45","92.19","0.09","-1.780","0.00","2.14","0.3711","0.0312","0.4139"
"WEP","17-Aug-2025","5","93.91","92.08","0.08","-1.210","0.00","2.14","0.3711","0.0312","0.4139"
"WEP","17-Aug-2025","6","93.82","92.04","0.06","-1.240","0.00","2.14","0.3711","0.0312","0.4139"
"WEP","17-Aug-2025","7","93.80","92.05","0.06","-1.270","0.00","2.14","0.3711","0.0312","0.4139"
"WEP","17-Aug-2025","8","94.19","92.02","0.06","-0.850","0.00","2.14","0.3711","0.0312","0.4139"
"WEP","17-Aug-2025","9","87.11","84.29","0.06","-0.200","0.00","2.14","0.3711","0.0312","0.4139"
"WEP","17-Aug-2025","10","86.87","84.29","0.06","-0.430","0.00","2.14","0.3711","0.0312","0.4139"
"WEP","17-Aug-2025","11","93.30","91.93","0.07","-1.650","0.00","2.14","0.3711","0.0312","0.4139"
"WEP","17-Aug-2025","12","94.18","92.04","0.14","-0.950","0.00","2.14","0.3711","0.0312","0.4139"
"WEP","17-Aug-2025","13","93.96","91.94","0.17","-1.110","0.00","2.14","0.3711","0.0312","0.4139"
"WEP","17-Aug-2025","14","93.91","91.95","0.19","-1.180","0.00","2.14","0.3711","0.0312","0.4139"
"WEP","17-Aug-2025","15","93.94","91.97","0.24","-1.230","0.00","2.14","0.3711","0.0312","0.4139"
"WEP","17-Aug-2025","16","88.30","85.46","0.21","-0.330","0.00","2.14","0.3711","0.0312","0.4139"
"WEP","17-Aug-2025","17","88.10","85.61","0.20","-0.670","0.00","2.14","0.3711","0.0312","0.4139"
"WEP","17-Aug-2025","18","93.62","92.02","0.20","-1.560","0.00","2.14","0.3711","0.0312","0.4139"
"WEP","17-Aug-2025","19","92.31","90.42","0.18","-1.240","0.00","2.14","0.3711","0.0312","0.4139"
"WEP","17-Aug-2025","20","92.75","90.24","0.17","-0.620","0.00","2.14","0.3711","0.0312","0.4139"
"WEP","17-Aug-2025","21","87.68","85.64","0.14","-1.060","0.00","2.14","0.3711","0.0312","0.4139"
"WEP","17-Aug-2025","22","84.50","83.33","0.14","-1.920","0.00","2.14","0.3711","0.0312","0.4139"
"WEP","17-Aug-2025","23","79.84","78.75","0.14","-2.010","0.00","2.14","0.3711","0.0312","0.4139"
"WEP","17-Aug-2025","24","87.66","85.42","0.13","-0.850","0.00","2.14","0.3711","0.0312","0.4139"
"WEP","17-Aug-2025","25","78.74","76.63","0.15","-0.990","0.00","2.14","0.3711","0.0312","0.4139"
"WEP","17-Aug-2025","26","77.13","75.09","0.16","-1.080","0.00","2.14","0.3711","0.0312","0.4139"
"WEP","17-Aug-2025","27","74.38","72.74","0.14","-1.450","0.00","2.14","0.3711","0.0312","0.4139"
"WEP","17-Aug-2025","28","68.82","67.79","0.15","-2.080","0.00","2.14","0.3711","0.0312","0.4139"
"WEP","17-Aug-2025","29","73.34","72.72","0.14","-2.480","0.00","2.14","0.3711","0.0312","0.4139"
"WEP","17-Aug-2025","30","79.73","78.78","0.12","-2.120","0.00","2.14","0.3711","0.0312","0.4139"
"WEP","17-Aug-2025","31","84.29","83.34","0.13","-2.130","0.00","2.14","0.3711","0.0312","0.4139"
"WEP","17-Aug-2025","32","87.31","85.55","0.14","-1.330","0.00","2.14","0.3711","0.0312","0.4139"
"WEP","17-Aug-2025","33","86.97","85.48","0.13","-1.600","0.00","2.14","0.3711","0.0312","0.4139"
"WEP","17-Aug-2025","34","82.87","82.02","0.14","-2.250","0.00","2.14","0.3711","0.0312","0.4139"
"WEP","17-Aug-2025","35","85.88","85.58","0.23","-2.890","0.00","2.14","0.3711","0.0312","0.4139"
"WEP","17-Aug-2025","36","92.87","92.30","0.16","-2.540","0.00","2.14","0.3711","0.0312","0.4139"
"WEP","17-Aug-2025","37","101.47","100.77","0.17","-2.420","0.00","2.14","0.3711","0.0312","0.4139"
"WEP","17-Aug-2025","38","114.06","113.01","0.27","-2.170","0.00","2.14","0.3711","0.0312","0.4139"
"WEP","17-Aug-2025","39","117.10","115.24","0.26","-1.360","0.00","2.14","0.3711","0.0312","0.4139"
"WEP","17-Aug-2025","40","118.84","116.53","0.23","-0.880","0.00","2.14","0.3711","0.0312","0.4139"
"WEP","17-Aug-2025","41","117.19","115.20","0.17","-1.130","0.00","2.14","0.3711","0.0312","0.4139"
"WEP","17-Aug-2025","42","117.50","115.21","0.21","-0.880","0.00","2.14","0.3711","0.0312","0.4139"
"WEP","17-Aug-2025","43","115.38","113.08","0.19","-0.850","0.00","2.14","0.3711","0.0312","0.4139"
"WEP","17-Aug-2025","44","108.95","106.77","0.14","-0.910","0.00","2.14","0.3711","0.0312","0.4139"
"WEP","17-Aug-2025","45","102.81","100.77","0.14","-1.060","0.00","2.14","0.3711","0.0312","0.4139"
"WEP","17-Aug-2025","46","102.47","100.42","0.13","-1.040","0.00","2.14","0.3711","0.0312","0.4139"
"WEP","17-Aug-2025","47","98.77","96.50","0.15","-0.840","0.00","2.14","0.3711","0.0312","0.4139"
"WEP","17-Aug-2025","48","92.35","90.48","0.13","-1.220","0.00","2.14","0.3711","0.0312","0.4139"
"WEP","18-Aug-2025","1","86.61","85.43","0.12","-1.860","0.00","2.14","0.3711","0.0289","0.3825"
"WEP","18-Aug-2025","2","78.50","76.84","0.07","-1.330","0.00","2.14","0.3711","0.0289","0.3825"
"WEP","18-Aug-2025","3","80.91","79.38","0.05","-1.440","0.00","2.14","0.3711","0.0289","0.3825"
"WEP","18-Aug-2025","4","86.53","85.52","0.06","-1.970","0.00","2.14","0.3711","0.0289","0.3825"
"WEP","18-Aug-2025","5","86.61","85.45","0.05","-1.810","0.00","2.14","0.3711","0.0289","0.3825"
"WEP","18-Aug-2025","6","87.43","85.40","0.06","-0.960","0.00","2.14","0.3711","0.0289","0.3825"
"WEP","18-Aug-2025","7","87.23","85.45","0.06","-1.200","0.00","2.14","0.3711","0.0289","0.3825"
"WEP","18-Aug-2025","8","86.78","85.16","0.06","-1.360","0.00","2.14","0.3711","0.0289","0.3825"
"WEP","18-Aug-2025","9","86.81","85.15","0.05","-1.310","0.00","2.14","0.3711","0.0289","0.3825"
"WEP","18-Aug-2025","10","87.16","85.45","0.05","-1.270","0.00","2.14","0.3711","0.0289","0.3825"
"WEP","18-Aug-2025","11","91.47","89.84","0.07","-1.370","0.00","2.14","0.3711","0.0289","0.3825"
"WEP","18-Aug-2025","12","86.25","84.22","0.13","-1.020","0.00","2.14","0.3711","0.0289","0.3825"
"WEP","18-Aug-2025","13","87.00","85.69","0.19","-1.800","0.00","2.14","0.3711","0.0289","0.3825"
"WEP","18-Aug-2025","14","100.94","100.25","0.40","-2.640","0.00","2.14","0.3711","0.0289","0.3825"
"WEP","18-Aug-2025","15","105.72","104.56","0.44","-2.200","0.00","2.14","0.3711","0.0289","0.3825"
"WEP","18-Aug-2025","16","114.26","112.90","0.57","-2.130","0.00","2.14","0.3711","0.0289","0.3825"
"WEP","18-Aug-2025","17","116.67","114.93","0.60","-1.790","0.00","2.14","0.3711","0.0289","0.3825"
"WEP","18-Aug-2025","18","114.58","113.02","0.60","-1.960","0.00","2.14","0.3711","0.0289","0.3825"
"WEP","18-Aug-2025","19","113.58","111.40","0.55","-1.290","0.00","2.14","0.3711","0.0289","0.3825"
"WEP","18-Aug-2025","20","108.79","106.76","0.55","-1.440","0.00","2.14","0.3711","0.0289","0.3825"
"WEP","18-Aug-2025","21","93.65","92.21","0.22","-1.700","0.00","2.14","0.3711","0.0289","0.3825"
"WEP","18-Aug-2025","22","92.80","91.74","0.21","-2.080","0.00","2.14","0.3711","0.0289","0.3825"
"WEP","18-Aug-2025","23","86.54","85.82","0.12","-2.320","0.00","2.14","0.3711","0.0289","0.3825"
"WEP","18-Aug-2025","24","86.22","85.71","0.12","-2.530","0.00","2.14","0.3711","0.0289","0.3825"
"WEP","18-Aug-2025","25","90.41","89.79","0.16","-2.470","0.00","2.14","0.3711","0.0289","0.3825"
"WEP","18-Aug-2025","26","92.88","92.31","0.20","-2.550","0.00","2.14","0.3711","0.0289","0.3825"
"WEP","18-Aug-2025","27","115.43","115.17","0.37","-3.030","0.00","2.14","0.3711","0.0289","0.3825"
"WEP","18-Aug-2025","28","201.87","201.12","1.53","-3.700","0.00","2.14","0.3711","0.0289","0.3825"
"WEP","18-Aug-2025","29","201.20","201.12","1.45","-4.290","0.00","2.14","0.3711","0.0289","0.3825"
"WEP","18-Aug-2025","30","201.26","201.16","1.35","-4.170","0.00","2.14","0.3711","0.0289","0.3825"
"WEP","18-Aug-2025","31","283.86","282.44","2.43","-3.930","0.00","2.14","0.3711","0.0289","0.3825"
"WEP","18-Aug-2025","32","181.83","179.68","1.28","-2.050","0.00","2.14","0.3711","0.0289","0.3825"
"WEP","18-Aug-2025","33","114.96","112.95","0.38","-1.290","0.00","2.14","0.3711","0.0289","0.3825"
"WEP","18-Aug-2025","34","98.91","98.35","0.33","-2.700","0.00","2.14","0.3711","0.0289","0.3825"
"WEP","18-Aug-2025","35","111.58","111.02","0.90","-3.260","0.00","2.14","0.3711","0.0289","0.3825"
"WEP","18-Aug-2025","36","111.71","111.08","0.51","-2.810","0.00","2.14","0.3711","0.0289","0.3825"
"WEP","18-Aug-2025","37","112.49","111.07","0.62","-2.120","0.00","2.14","0.3711","0.0289","0.3825"
"WEP","18-Aug-2025","38","114.51","113.14","0.61","-2.160","0.00","2.14","0.3711","0.0289","0.3825"
"WEP","18-Aug-2025","39","116.62","115.28","0.60","-2.180","0.00","2.14","0.3711","0.0289","0.3825"
"WEP","18-Aug-2025","40","116.56","115.17","0.58","-2.110","0.00","2.14","0.3711","0.0289","0.3825"
"WEP","18-Aug-2025","41","112.02","111.10","0.48","-2.480","0.00","2.14","0.3711","0.0289","0.3825"
"WEP","18-Aug-2025","42","111.61","110.99","0.45","-2.750","0.00","2.14","0.3711","0.0289","0.3825"
"WEP","18-Aug-2025","43","110.01","109.36","0.46","-2.730","0.00","2.14","0.3711","0.0289","0.3825"
"WEP","18-Aug-2025","44","111.92","110.92","0.41","-2.330","0.00","2.14","0.3711","0.0289","0.3825"
"WEP","18-Aug-2025","45","98.60","96.84","0.24","-1.400","0.00","2.14","0.3711","0.0289","0.3825"
"WEP","18-Aug-2025","46","93.93","92.29","0.16","-1.440","0.00","2.14","0.3711","0.0289","0.3825"
"WEP","18-Aug-2025","47","93.74","92.07","0.17","-1.430","0.00","2.14","0.3711","0.0289","0.3825"
"WEP","18-Aug-2025","48","87.91","85.67","0.11","-0.790","0.00","2.14","0.3711","0.0289","0.3825"
"WEP","19-Aug-2025","1","87.88","86.52","0.12","-1.690","0.00","2.14","0.3711","0.0291","0.3851"
"WEP","19-Aug-2025","2","86.92","85.74","0.11","-1.850","0.00","2.14","0.3711","0.0291","0.3851"
"WEP","19-Aug-2025","3","93.24","91.99","0.06","-1.730","0.00","2.14","0.3711","0.0291","0.3851"
"WEP","19-Aug-2025","4","89.23","87.75","0.06","-1.510","0.00","2.14","0.3711","0.0291","0.3851"
"WEP","19-Aug-2025","5","93.08","91.88","0.09","-1.820","0.00","2.14","0.3711","0.0291","0.3851"
"WEP","19-Aug-2025","6","91.47","90.21","0.10","-1.760","0.00","2.14","0.3711","0.0291","0.3851"
"WEP","19-Aug-2025","7","92.46","91.17","0.10","-1.740","0.00","2.14","0.3711","0.0291","0.3851"
"WEP","19-Aug-2025","8","89.37","88.29","0.10","-1.950","0.00","2.14","0.3711","0.0291","0.3851"
"WEP","19-Aug-2025","9","92.58","91.40","0.09","-1.830","0.00","2.14","0.3711","0.0291","0.3851"
"WEP","19-Aug-2025","10","93.15","91.97","0.09","-1.830","0.00","2.14","0.3711","0.0291","0.3851"
"WEP","19-Aug-2025","11","93.71","92.18","0.11","-1.500","0.00","2.14","0.3711","0.0291","0.3851"
"WEP","19-Aug-2025","12","104.75","102.68","0.13","-0.990","0.00","2.14","0.3711","0.0291","0.3851"
"WEP","19-Aug-2025","13","94.32","92.49","0.16","-1.260","0.00","2.14","0.3711","0.0291","0.3851"
"WEP","19-Aug-2025","14","96.70","94.98","0.18","-1.390","0.00","2.14","0.3711","0.0291","0.3851"
"WEP","19-Aug-2025","15","104.20","102.65","0.21","-1.580","0.00","2.14","0.3711","0.0291","0.3851"
"WEP","19-Aug-2025","16","114.22","112.95","0.26","-1.920","0.00","2.14","0.3711","0.0291","0.3851"
"WEP","19-Aug-2025","17","108.50","106.79","0.36","-1.580","0.00","2.14","0.3711","0.0291","0.3851"
"WEP","19-Aug-2025","18","100.94","99.12","0.36","-1.470","0.00","2.14","0.3711","0.0291","0.3851"
"WEP","19-Aug-2025","19","94.05","92.41","0.16","-1.450","0.00","2.14","0.3711","0.0291","0.3851"
"WEP","19-Aug-2025","20","93.97","92.29","0.19","-1.440","0.00","2.14","0.3711","0.0291","0.3851"
"WEP","19-Aug-2025","21","87.10","85.82","0.13","-1.770","0.00","2.14","0.3711","0.0291","0.3851"
"WEP","19-Aug-2025","22","87.24","85.83","0.13","-1.640","0.00","2.14","0.3711","0.0291","0.3851"
"WEP","19-Aug-2025","23","87.39","85.69","0.12","-1.350","0.00","2.14","0.3711","0.0291","0.3851"
"WEP","19-Aug-2025","24","86.93","85.60","0.12","-1.720","0.00","2.14","0.3711","0.0291","0.3851"
"WEP","19-Aug-2025","25","80.92","80.25","0.13","-2.380","0.00","2.14","0.3711","0.0291","0.3851"
"WEP","19-Aug-2025","26","85.96","85.30","0.14","-2.410","0.00","2.14","0.3711","0.0291","0.3851"
"WEP","19-Aug-2025","27","85.26","85.36","0.13","-3.150","0.00","2.14","0.3711","0.0291","0.3851"
"WEP","19-Aug-2025","28","85.09","85.34","0.13","-3.310","0.00","2.14","0.3711","0.0291","0.3851"
"WEP","19-Aug-2025","29","96.97","97.10","0.17","-3.220","0.00","2.14","0.3711","0.0291","0.3851"
"WEP","19-Aug-2025","30","111.48","110.90","0.22","-2.560","0.00","2.14","0.3711","0.0291","0.3851"
"WEP","19-Aug-2025","31","116.89","115.11","0.30","-1.450","0.00","2.14","0.3711","0.0291","0.3851"
"WEP","19-Aug-2025","32","113.46","110.96","0.38","-0.800","0.00","2.14","0.3711","0.0291","0.3851"
"WEP","19-Aug-2025","33","105.90","104.14","0.28","-1.450","0.00","2.14","0.3711","0.0291","0.3851"
"WEP","19-Aug-2025","34","102.03","100.42","0.27","-1.590","0.00","2.14","0.3711","0.0291","0.3851"
"WEP","19-Aug-2025","35","95.40","94.56","0.45","-2.530","0.00","2.14","0.3711","0.0291","0.3851"
"WEP","19-Aug-2025","36","96.35","95.58","0.19","-2.340","0.00","2.14","0.3711","0.0291","0.3851"
"WEP","19-Aug-2025","37","101.71","100.42","0.18","-1.810","0.00","2.14","0.3711","0.0291","0.3851"
"WEP","19-Aug-2025","38","102.34","100.79","0.36","-1.740","0.00","2.14","0.3711","0.0291","0.3851"
"WEP","19-Aug-2025","39","108.50","106.80","0.30","-1.530","0.00","2.14","0.3711","0.0291","0.3851"
"WEP","19-Aug-2025","40","112.60","110.95","0.36","-1.640","0.00","2.14","0.3711","0.0291","0.3851"
"WEP","19-Aug-2025","41","108.56","106.80","0.27","-1.440","0.00","2.14","0.3711","0.0291","0.3851"
"WEP","19-Aug-2025","42","102.25","100.76","0.19","-1.620","0.00","2.14","0.3711","0.0291","0.3851"
"WEP","19-Aug-2025","43","101.91","100.43","0.19","-1.640","0.00","2.14","0.3711","0.0291","0.3851"
"WEP","19-Aug-2025","44","98.65","97.12","0.13","-1.530","0.00","2.14","0.3711","0.0291","0.3851"
"WEP","19-Aug-2025","45","95.04","93.08","0.14","-1.100","0.00","2.14","0.3711","0.0291","0.3851"
"WEP","19-Aug-2025","46","93.88","92.16","0.13","-1.340","0.00","2.14","0.3711","0.0291","0.3851"
"WEP","19-Aug-2025","47","90.33","88.56","0.14","-1.300","0.00","2.14","0.3711","0.0291","0.3851"
"WEP","19-Aug-2025","48","90.35","88.54","0.13","-1.240","0.00","2.14","0.3711","0.0291","0.3851"
"WEP","20-Aug-2025","1","85.59","83.04","0.12","-0.500","0.00","2.14","0.3711","0.0295","0.3905"
"WEP","20-Aug-2025","2","81.84","79.01","0.07","-0.170","0.00","2.14","0.3711","0.0295","0.3905"
"WEP","20-Aug-2025","3","80.23","77.54","0.05","-0.290","0.00","2.14","0.3711","0.0295","0.3905"
"WEP","20-Aug-2025","4","80.35","77.44","0.05","-0.070","0.00","2.14","0.3711","0.0295","0.3905"
"WEP","20-Aug-2025","5","79.72","77.34","0.05","-0.600","0.00","2.14","0.3711","0.0295","0.3905"
"WEP","20-Aug-2025","6","78.85","76.48","0.06","-0.620","0.00","2.14","0.3711","0.0295","0.3905"
"WEP","20-Aug-2025","7","78.43","75.94","0.06","-0.500","0.00","2.14","0.3711","0.0295","0.3905"
"WEP","20-Aug-2025","8","78.73","76.05","0.06","-0.310","0.00","2.14","0.3711","0.0295","0.3905"
"WEP","20-Aug-2025","9","78.56","75.81","0.06","-0.240","0.00","2.14","0.3711","0.0295","0.3905"
"WEP","20-Aug-2025","10","78.58","76.06","0.06","-0.470","0.00","2.14","0.3711","0.0295","0.3905"
"WEP","20-Aug-2025","11","79.84","77.54","0.07","-0.700","0.00","2.14","0.3711","0.0295","0.3905"
"WEP","20-Aug-2025","12","89.22","86.41","0.13","-0.250","0.00","2.14","0.3711","0.0295","0.3905"
"WEP","20-Aug-2025","13","89.11","86.43","0.15","-0.400","0.00","2.14","0.3711","0.0295","0.3905"
"WEP","20-Aug-2025","14","88.13","86.49","0.17","-1.460","0.00","2.14","0.3711","0.0295","0.3905"
"WEP","20-Aug-2025","15","88.94","86.70","0.18","-0.870","0.00","2.14","0.3711","0.0295","0.3905"
"WEP","20-Aug-2025","16","95.96","93.87","0.22","-1.070","0.00","2.14","0.3711","0.0295","0.3905"
"WEP","20-Aug-2025","17","95.78","93.17","0.24","-0.560","0.00","2.14","0.3711","0.0295","0.3905"
"WEP","20-Aug-2025","18","94.60","91.56","0.23","-0.120","0.00","2.14","0.3711","0.0295","0.3905"
"WEP","20-Aug-2025","19","88.92","86.66","0.15","-0.820","0.00","2.14","0.3711","0.0295","0.3905"
"WEP","20-Aug-2025","20","88.64","86.77","0.15","-1.210","0.00","2.14","0.3711","0.0295","0.3905"
"WEP","20-Aug-2025","21","90.92","88.22","0.13","-0.360","0.00","2.14","0.3711","0.0295","0.3905"
"WEP","20-Aug-2025","22","89.49","86.56","0.13","-0.130","0.00","2.14","0.3711","0.0295","0.3905"
"WEP","20-Aug-2025","23","79.39","77.77","0.13","-1.440","0.00","2.14","0.3711","0.0295","0.3905"
"WEP","20-Aug-2025","24","79.89","77.75","0.12","-0.910","0.00","2.14","0.3711","0.0295","0.3905"
"WEP","20-Aug-2025","25","79.67","77.59","0.14","-0.990","0.00","2.14","0.3711","0.0295","0.3905"
"WEP","20-Aug-2025","26","79.68","77.65","0.14","-1.040","0.00","2.14","0.3711","0.0295","0.3905"
"WEP","20-Aug-2025","27","78.54","77.52","0.13","-2.040","0.00","2.14","0.3711","0.0295","0.3905"
"WEP","20-Aug-2025","28","77.35","77.29","0.13","-3.000","0.00","2.14","0.3711","0.0295","0.3905"
"WEP","20-Aug-2025","29","80.96","80.26","0.12","-2.350","0.00","2.14","0.3711","0.0295","0.3905"
"WEP","20-Aug-2025","30","84.34","83.07","0.11","-1.770","0.00","2.14","0.3711","0.0295","0.3905"
"WEP","20-Aug-2025","31","79.21","77.77","0.12","-1.610","0.00","2.14","0.3711","0.0295","0.3905"
"WEP","20-Aug-2025","32","82.10","80.26","0.14","-1.230","0.00","2.14","0.3711","0.0295","0.3905"
"WEP","20-Aug-2025","33","79.12","77.62","0.11","-1.540","0.00","2.14","0.3711","0.0295","0.3905"
"WEP","20-Aug-2025","34","78.89","77.75","0.13","-1.920","0.00","2.14","0.3711","0.0295","0.3905"
"WEP","20-Aug-2025","35","85.85","84.63","0.22","-1.930","0.00","2.14","0.3711","0.0295","0.3905"
"WEP","20-Aug-2025","36","87.68","86.52","0.13","-1.900","0.00","2.14","0.3711","0.0295","0.3905"
"WEP","20-Aug-2025","37","89.78","88.28","0.15","-1.580","0.00","2.14","0.3711","0.0295","0.3905"
"WEP","20-Aug-2025","38","105.89","104.43","0.28","-1.750","0.00","2.14","0.3711","0.0295","0.3905"
"WEP","20-Aug-2025","39","112.51","110.99","0.40","-1.810","0.00","2.14","0.3711","0.0295","0.3905"
"WEP","20-Aug-2025","40","112.50","110.99","0.39","-1.810","0.00","2.14","0.3711","0.0295","0.3905"
"WEP","20-Aug-2025","41","111.70","110.33","0.33","-1.890","0.00","2.14","0.3711","0.0295","0.3905"
"WEP","20-Aug-2025","42","108.02","106.75","0.31","-1.970","0.00","2.14","0.3711","0.0295","0.3905"
"WEP","20-Aug-2025","43","108.40","106.76","0.29","-1.580","0.00","2.14","0.3711","0.0295","0.3905"
"WEP","20-Aug-2025","44","98.48","96.71","0.12","-1.280","0.00","2.14","0.3711","0.0295","0.3905"
"WEP","20-Aug-2025","45","91.00","88.87","0.13","-0.940","0.00","2.14","0.3711","0.0295","0.3905"
"WEP","20-Aug-2025","46","89.02","86.62","0.12","-0.650","0.00","2.14","0.3711","0.0295","0.3905"
"WEP","20-Aug-2025","47","92.34","89.55","0.13","-0.270","0.00","2.14","0.3711","0.0295","0.3905"
"WEP","20-Aug-2025","48","89.64","86.50","0.11","0.100","0.00","2.14","0.3711","0.0295","0.3905"
"WEP","21-Aug-2025","1","89.46","87.06","0.12","-0.650","0.00","2.14","0.3711","0.0293","0.3881"
"WEP","21-Aug-2025","2","85.18","83.24","0.11","-1.100","0.00","2.14","0.3711","0.0293","0.3881"
"WEP","21-Aug-2025","3","89.13","87.05","0.09","-0.940","0.00","2.14","0.3711","0.0293","0.3881"
"WEP","21-Aug-2025","4","87.06","84.83","0.06","-0.760","0.00","2.14","0.3711","0.0293","0.3881"
"WEP","21-Aug-2025","5","86.62","84.74","0.06","-1.110","0.00","2.14","0.3711","0.0293","0.3881"
"WEP","21-Aug-2025","6","85.40","83.50","0.06","-1.090","0.00","2.14","0.3711","0.0293","0.3881"
"WEP","21-Aug-2025","7","85.80","83.50","0.10","-0.730","0.00","2.14","0.3711","0.0293","0.3881"
"WEP","21-Aug-2025","8","86.65","84.28","0.10","-0.660","0.00","2.14","0.3711","0.0293","0.3881"
"WEP","21-Aug-2025","9","86.51","84.76","0.06","-1.240","0.00","2.14","0.3711","0.0293","0.3881"
"WEP","21-Aug-2025","10","88.39","86.78","0.08","-1.400","0.00","2.14","0.3711","0.0293","0.3881"
"WEP","21-Aug-2025","11","88.98","87.14","0.10","-1.190","0.00","2.14","0.3711","0.0293","0.3881"
"WEP","21-Aug-2025","12","97.42","95.14","0.13","-0.780","0.00","2.14","0.3711","0.0293","0.3881"
"WEP","21-Aug-2025","13","96.76","94.79","0.17","-1.130","0.00","2.14","0.3711","0.0293","0.3881"
"WEP","21-Aug-2025","14","106.70","104.52","0.37","-1.120","0.00","2.14","0.3711","0.0293","0.3881"
"WEP","21-Aug-2025","15","108.89","106.71","0.43","-1.180","0.00","2.14","0.3711","0.0293","0.3881"
"WEP","21-Aug-2025","16","114.77","112.99","0.43","-1.580","0.00","2.14","0.3711","0.0293","0.3881"
"WEP","21-Aug-2025","17","117.66","115.02","0.40","-0.690","0.00","2.14","0.3711","0.0293","0.3881"
"WEP","21-Aug-2025","18","113.16","110.92","0.41","-1.090","0.00","2.14","0.3711","0.0293","0.3881"
"WEP","21-Aug-2025","19","108.93","106.74","0.22","-0.960","0.00","2.14","0.3711","0.0293","0.3881"
"WEP","21-Aug-2025","20","108.84","106.74","0.32","-1.150","0.00","2.14","0.3711","0.0293","0.3881"
"WEP","21-Aug-2025","21","108.46","106.76","0.16","-1.390","0.00","2.14","0.3711","0.0293","0.3881"
"WEP","21-Aug-2025","22","107.73","106.73","0.19","-2.120","0.00","2.14","0.3711","0.0293","0.3881"
"WEP","21-Aug-2025","23","99.98","98.37","0.16","-1.480","0.00","2.14","0.3711","0.0293","0.3881"
"WEP","21-Aug-2025","24","89.86","88.12","0.12","-1.310","0.00","2.14","0.3711","0.0293","0.3881"
"WEP","21-Aug-2025","25","87.54","85.68","0.15","-1.220","0.00","2.14","0.3711","0.0293","0.3881"
"WEP","21-Aug-2025","26","84.14","81.50","0.15","-0.440","0.00","2.14","0.3711","0.0293","0.3881"
"WEP","21-Aug-2025","27","79.03","77.25","0.14","-1.290","0.00","2.14","0.3711","0.0293","0.3881"
"WEP","21-Aug-2025","28","78.19","77.11","0.14","-1.990","0.00","2.14","0.3711","0.0293","0.3881"
"WEP","21-Aug-2025","29","77.74","77.06","0.12","-2.370","0.00","2.14","0.3711","0.0293","0.3881"
"WEP","21-Aug-2025","30","78.33","77.15","0.12","-1.870","0.00","2.14","0.3711","0.0293","0.3881"
"WEP","21-Aug-2025","31","77.97","77.25","0.13","-2.340","0.00","2.14","0.3711","0.0293","0.3881"
"WEP","21-Aug-2025","32","79.40","78.80","0.14","-2.470","0.00","2.14","0.3711","0.0293","0.3881"
"WEP","21-Aug-2025","33","88.01","87.30","0.12","-2.340","0.00","2.14","0.3711","0.0293","0.3881"
"WEP","21-Aug-2025","34","87.51","87.27","0.14","-2.830","0.00","2.14","0.3711","0.0293","0.3881"
"WEP","21-Aug-2025","35","90.52","90.61","0.28","-3.290","0.00","2.14","0.3711","0.0293","0.3881"
"WEP","21-Aug-2025","36","93.40","93.16","0.14","-2.820","0.00","2.14","0.3711","0.0293","0.3881"
"WEP","21-Aug-2025","37","108.01","106.73","0.17","-1.820","0.00","2.14","0.3711","0.0293","0.3881"
"WEP","21-Aug-2025","38","112.27","110.91","0.35","-1.920","0.00","2.14","0.3711","0.0293","0.3881"
"WEP","21-Aug-2025","39","116.75","115.04","0.49","-1.710","0.00","2.14","0.3711","0.0293","0.3881"
"WEP","21-Aug-2025","40","114.54","112.99","0.46","-1.840","0.00","2.14","0.3711","0.0293","0.3881"
"WEP","21-Aug-2025","41","112.32","110.92","0.33","-1.860","0.00","2.14","0.3711","0.0293","0.3881"
"WEP","21-Aug-2025","42","112.33","110.86","0.31","-1.770","0.00","2.14","0.3711","0.0293","0.3881"
"WEP","21-Aug-2025","43","104.35","103.04","0.15","-1.770","0.00","2.14","0.3711","0.0293","0.3881"
"WEP","21-Aug-2025","44","96.12","94.81","0.12","-1.740","0.00","2.14","0.3711","0.0293","0.3881"
"WEP","21-Aug-2025","45","91.89","90.44","0.13","-1.610","0.00","2.14","0.3711","0.0293","0.3881"
"WEP","21-Aug-2025","46","101.77","100.26","0.13","-1.550","0.00","2.14","0.3711","0.0293","0.3881"
"WEP","21-Aug-2025","47","94.42","92.99","0.13","-1.630","0.00","2.14","0.3711","0.0293","0.3881"
"WEP","21-Aug-2025","48","107.47","106.65","0.13","-2.240","0.00","2.14","0.3711","0.0293","0.3881"
"WEP","22-Aug-2025","1","106.03","104.55","0.16","-1.600","0.00","2.14","0.3711","0.0291","0.3849"
"WEP","22-Aug-2025","2","91.19","89.38","0.11","-1.220","0.00","2.14","0.3711","0.0291","0.3849"
"WEP","22-Aug-2025","3","96.83","95.14","0.09","-1.320","0.00","2.14","0.3711","0.0291","0.3849"
"WEP","22-Aug-2025","4","90.79","89.25","0.06","-1.450","0.00","2.14","0.3711","0.0291","0.3849"
"WEP","22-Aug-2025","5","91.00","89.24","0.06","-1.220","0.00","2.14","0.3711","0.0291","0.3849"
"WEP","22-Aug-2025","6","91.16","89.14","0.06","-0.960","0.00","2.14","0.3711","0.0291","0.3849"
"WEP","22-Aug-2025","7","90.57","89.05","0.10","-1.500","0.00","2.14","0.3711","0.0291","0.3849"
"WEP","22-Aug-2025","8","90.77","89.03","0.10","-1.290","0.00","2.14","0.3711","0.0291","0.3849"
"WEP","22-Aug-2025","9","90.98","89.12","0.10","-1.160","0.00","2.14","0.3711","0.0291","0.3849"
"WEP","22-Aug-2025","10","91.16","89.13","0.06","-0.960","0.00","2.14","0.3711","0.0291","0.3849"
"WEP","22-Aug-2025","11","91.21","89.33","0.11","-1.160","0.00","2.14","0.3711","0.0291","0.3849"
"WEP","22-Aug-2025","12","103.73","101.63","0.14","-0.960","0.00","2.14","0.3711","0.0291","0.3849"
"WEP","22-Aug-2025","13","102.97","100.80","0.35","-1.100","0.00","2.14","0.3711","0.0291","0.3849"
"WEP","22-Aug-2025","14","113.10","110.93","0.55","-1.300","0.00","2.14","0.3711","0.0291","0.3849"
"WEP","22-Aug-2025","15","108.53","106.76","0.60","-1.750","0.00","2.14","0.3711","0.0291","0.3849"
"WEP","22-Aug-2025","16","114.80","113.00","0.58","-1.700","0.00","2.14","0.3711","0.0291","0.3849"
"WEP","22-Aug-2025","17","115.47","113.03","0.54","-1.020","0.00","2.14","0.3711","0.0291","0.3849"
"WEP","22-Aug-2025","18","112.05","109.25","0.54","-0.670","0.00","2.14","0.3711","0.0291","0.3849"
"WEP","22-Aug-2025","19","98.23","95.71","0.31","-0.710","0.00","2.14","0.3711","0.0291","0.3849"
"WEP","22-Aug-2025","20","92.93","90.55","0.32","-0.860","0.00","2.14","0.3711","0.0291","0.3849"
"WEP","22-Aug-2025","21","91.28","89.28","0.14","-1.060","0.00","2.14","0.3711","0.0291","0.3849"
"WEP","22-Aug-2025","22","87.61","85.80","0.14","-1.260","0.00","2.14","0.3711","0.0291","0.3849"
"WEP","22-Aug-2025","23","80.75","79.07","0.12","-1.360","0.00","2.14","0.3711","0.0291","0.3849"
"WEP","22-Aug-2025","24","78.90","77.58","0.12","-1.720","0.00","2.14","0.3711","0.0291","0.3849"
"WEP","22-Aug-2025","25","76.52","75.35","0.15","-1.900","0.00","2.14","0.3711","0.0291","0.3849"
"WEP","22-Aug-2025","26","77.94","76.73","0.15","-1.860","0.00","2.14","0.3711","0.0291","0.3849"
"WEP","22-Aug-2025","27","79.33","78.27","0.13","-1.990","0.00","2.14","0.3711","0.0291","0.3849"
"WEP","22-Aug-2025","28","80.05","78.98","0.13","-1.980","0.00","2.14","0.3711","0.0291","0.3849"
"WEP","22-Aug-2025","29","79.80","78.94","0.12","-2.190","0.00","2.14","0.3711","0.0291","0.3849"
"WEP","22-Aug-2025","30","79.57","78.93","0.11","-2.390","0.00","2.14","0.3711","0.0291","0.3849"
"WEP","22-Aug-2025","31","79.40","78.94","0.12","-2.590","0.00","2.14","0.3711","0.0291","0.3849"
"WEP","22-Aug-2025","32","79.74","79.07","0.13","-2.390","0.00","2.14","0.3711","0.0291","0.3849"
"WEP","22-Aug-2025","33","79.81","79.19","0.12","-2.430","0.00","2.14","0.3711","0.0291","0.3849"
"WEP","22-Aug-2025","34","89.85","89.23","0.14","-2.450","0.00","2.14","0.3711","0.0291","0.3849"
"WEP","22-Aug-2025","35","90.12","89.34","0.55","-2.700","0.00","2.14","0.3711","0.0291","0.3849"
"WEP","22-Aug-2025","36","90.26","89.46","0.29","-2.410","0.00","2.14","0.3711","0.0291","0.3849"
"WEP","22-Aug-2025","37","95.69","94.40","0.32","-1.950","0.00","2.14","0.3711","0.0291","0.3849"
"WEP","22-Aug-2025","38","107.86","106.75","0.47","-2.280","0.00","2.14","0.3711","0.0291","0.3849"
"WEP","22-Aug-2025","39","112.42","110.91","0.46","-1.880","0.00","2.14","0.3711","0.0291","0.3849"
"WEP","22-Aug-2025","40","112.42","110.91","0.45","-1.860","0.00","2.14","0.3711","0.0291","0.3849"
"WEP","22-Aug-2025","41","112.05","110.92","0.29","-2.090","0.00","2.14","0.3711","0.0291","0.3849"
"WEP","22-Aug-2025","42","112.18","110.93","0.30","-1.980","0.00","2.14","0.3711","0.0291","0.3849"
"WEP","22-Aug-2025","43","108.00","106.76","0.30","-1.980","0.00","2.14","0.3711","0.0291","0.3849"
"WEP","22-Aug-2025","44","103.05","101.73","0.27","-1.880","0.00","2.14","0.3711","0.0291","0.3849"
"WEP","22-Aug-2025","45","91.62","90.10","0.19","-1.600","0.00","2.14","0.3711","0.0291","0.3849"
"WEP","22-Aug-2025","46","90.18","88.70","0.17","-1.620","0.00","2.14","0.3711","0.0291","0.3849"
"WEP","22-Aug-2025","47","91.17","89.16","0.15","-1.060","0.00","2.14","0.3711","0.0291","0.3849"
"WEP","22-Aug-2025","48","92.18","89.93","0.12","-0.800","0.00","2.14","0.3711","0.0291","0.3849"
"WEP","23-Aug-2025","1","114.96","111.79","0.12","0.110","0.00","2.14","0.3711","0.0307","0.4063"
"WEP","23-Aug-2025","2","116.11","112.86","0.10","0.200","0.00","2.14","0.3711","0.0307","0.4063"
"WEP","23-Aug-2025","3","113.70","110.80","0.05","-0.100","0.00","2.14","0.3711","0.0307","0.4063"
"WEP","23-Aug-2025","4","109.50","106.61","0.05","-0.110","0.00","2.14","0.3711","0.0307","0.4063"
"WEP","23-Aug-2025","5","105.48","102.96","0.05","-0.480","0.00","2.14","0.3711","0.0307","0.4063"
"WEP","23-Aug-2025","6","104.48","101.93","0.05","-0.440","0.00","2.14","0.3711","0.0307","0.4063"
"WEP","23-Aug-2025","7","97.36","94.95","0.05","-0.590","0.00","2.14","0.3711","0.0307","0.4063"
"WEP","23-Aug-2025","8","98.77","96.25","0.05","-0.470","0.00","2.14","0.3711","0.0307","0.4063"
"WEP","23-Aug-2025","9","97.53","94.94","0.05","-0.410","0.00","2.14","0.3711","0.0307","0.4063"
"WEP","23-Aug-2025","10","98.87","96.25","0.05","-0.380","0.00","2.14","0.3711","0.0307","0.4063"
"WEP","23-Aug-2025","11","99.95","97.25","0.07","-0.310","0.00","2.14","0.3711","0.0307","0.4063"
"WEP","23-Aug-2025","12","104.60","101.91","0.13","-0.380","0.00","2.14","0.3711","0.0307","0.4063"
"WEP","23-Aug-2025","13","105.57","102.65","0.17","-0.200","0.00","2.14","0.3711","0.0307","0.4063"
"WEP","23-Aug-2025","14","109.87","106.57","0.19","0.160","0.00","2.14","0.3711","0.0307","0.4063"
"WEP","23-Aug-2025","15","94.98","91.85","0.21","-0.030","0.00","2.14","0.3711","0.0307","0.4063"
"WEP","23-Aug-2025","16","99.32","96.55","0.21","-0.390","0.00","2.14","0.3711","0.0307","0.4063"
"WEP","23-Aug-2025","17","99.56","97.03","0.20","-0.620","0.00","2.14","0.3711","0.0307","0.4063"
"WEP","23-Aug-2025","18","101.46","99.01","0.24","-0.730","0.00","2.14","0.3711","0.0307","0.4063"
"WEP","23-Aug-2025","19","99.05","96.53","0.17","-0.600","0.00","2.14","0.3711","0.0307","0.4063"
"WEP","23-Aug-2025","20","91.94","89.39","0.17","-0.570","0.00","2.14","0.3711","0.0307","0.4063"
"WEP","23-Aug-2025","21","91.18","89.12","0.15","-1.040","0.00","2.14","0.3711","0.0307","0.4063"
"WEP","23-Aug-2025","22","86.63","84.53","0.14","-0.990","0.00","2.14","0.3711","0.0307","0.4063"
"WEP","23-Aug-2025","23","92.16","89.15","0.15","-0.090","0.00","2.14","0.3711","0.0307","0.4063"
"WEP","23-Aug-2025","24","80.93","79.03","0.13","-1.180","0.00","2.14","0.3711","0.0307","0.4063"
"WEP","23-Aug-2025","25","80.41","78.91","0.15","-1.600","0.00","2.14","0.3711","0.0307","0.4063"
"WEP","23-Aug-2025","26","80.64","79.02","0.16","-1.480","0.00","2.14","0.3711","0.0307","0.4063"
"WEP","23-Aug-2025","27","80.87","79.00","0.15","-1.220","0.00","2.14","0.3711","0.0307","0.4063"
"WEP","23-Aug-2025","28","81.42","79.03","0.14","-0.700","0.00","2.14","0.3711","0.0307","0.4063"
"WEP","23-Aug-2025","29","79.48","77.72","0.13","-1.320","0.00","2.14","0.3711","0.0307","0.4063"
"WEP","23-Aug-2025","30","79.37","78.38","0.12","-2.080","0.00","2.14","0.3711","0.0307","0.4063"
"WEP","23-Aug-2025","31","80.40","78.92","0.13","-1.600","0.00","2.14","0.3711","0.0307","0.4063"
"WEP","23-Aug-2025","32","81.36","79.02","0.15","-0.750","0.00","2.14","0.3711","0.0307","0.4063"
"WEP","23-Aug-2025","33","81.80","79.00","0.13","-0.280","0.00","2.14","0.3711","0.0307","0.4063"
"WEP","23-Aug-2025","34","80.95","78.81","0.15","-0.960","0.00","2.14","0.3711","0.0307","0.4063"
"WEP","23-Aug-2025","35","81.12","78.91","0.21","-0.950","0.00","2.14","0.3711","0.0307","0.4063"
"WEP","23-Aug-2025","36","81.03","78.91","0.15","-0.980","0.00","2.14","0.3711","0.0307","0.4063"
"WEP","23-Aug-2025","37","82.85","80.78","0.16","-1.040","0.00","2.14","0.3711","0.0307","0.4063"
"WEP","23-Aug-2025","38","90.61","89.19","0.18","-1.710","0.00","2.14","0.3711","0.0307","0.4063"
"WEP","23-Aug-2025","39","91.40","89.47","0.24","-1.260","0.00","2.14","0.3711","0.0307","0.4063"
"WEP","23-Aug-2025","40","92.86","90.59","0.23","-0.900","0.00","2.14","0.3711","0.0307","0.4063"
"WEP","23-Aug-2025","41","95.96","93.58","0.21","-0.780","0.00","2.14","0.3711","0.0307","0.4063"
"WEP","23-Aug-2025","42","96.57","94.10","0.21","-0.680","0.00","2.14","0.3711","0.0307","0.4063"
"WEP","23-Aug-2025","43","95.80","93.33","0.22","-0.690","0.00","2.14","0.3711","0.0307","0.4063"
"WEP","23-Aug-2025","44","91.89","89.44","0.13","-0.630","0.00","2.14","0.3711","0.0307","0.4063"
"WEP","23-Aug-2025","45","92.15","89.43","0.14","-0.370","0.00","2.14","0.3711","0.0307","0.4063"
"WEP","23-Aug-2025","46","92.34","89.37","0.13","-0.110","0.00","2.14","0.3711","0.0307","0.4063"
"WEP","23-Aug-2025","47","92.29","89.33","0.14","-0.130","0.00","2.14","0.3711","0.0307","0.4063"
"WEP","23-Aug-2025","48","91.81","88.56","0.13","0.170","0.00","2.14","0.3711","0.0307","0.4063"
"WEP","24-Aug-2025","1","91.64","88.65","0.12","-0.100","0.00","2.14","0.3711","0.0321","0.4255"
"WEP","24-Aug-2025","2","85.80","82.55","0.11","0.170","0.00","2.14","0.3711","0.0321","0.4255"
"WEP","24-Aug-2025","3","86.11","83.43","0.06","-0.350","0.00","2.14","0.3711","0.0321","0.4255"
"WEP","24-Aug-2025","4","91.33","89.26","0.09","-0.990","0.00","2.14","0.3711","0.0321","0.4255"
"WEP","24-Aug-2025","5","91.34","89.15","0.09","-0.870","0.00","2.14","0.3711","0.0321","0.4255"
"WEP","24-Aug-2025","6","91.69","89.17","0.08","-0.530","0.00","2.14","0.3711","0.0321","0.4255"
"WEP","24-Aug-2025","7","91.95","89.04","0.09","-0.150","0.00","2.14","0.3711","0.0321","0.4255"
"WEP","24-Aug-2025","8","91.96","89.03","0.10","-0.130","0.00","2.14","0.3711","0.0321","0.4255"
"WEP","24-Aug-2025","9","91.39","88.71","0.07","-0.360","0.00","2.14","0.3711","0.0321","0.4255"
"WEP","24-Aug-2025","10","91.35","88.97","0.08","-0.660","0.00","2.14","0.3711","0.0321","0.4255"
"WEP","24-Aug-2025","11","91.43","88.95","0.11","-0.600","0.00","2.14","0.3711","0.0321","0.4255"
"WEP","24-Aug-2025","12","91.68","89.04","0.14","-0.470","0.00","2.14","0.3711","0.0321","0.4255"
"WEP","24-Aug-2025","13","91.60","89.14","0.16","-0.670","0.00","2.14","0.3711","0.0321","0.4255"
"WEP","24-Aug-2025","14","91.76","89.16","0.19","-0.560","0.00","2.14","0.3711","0.0321","0.4255"
"WEP","24-Aug-2025","15","92.12","89.25","0.20","-0.290","0.00","2.14","0.3711","0.0321","0.4255"
"WEP","24-Aug-2025","16","89.09","85.45","0.20","0.480","0.00","2.14","0.3711","0.0321","0.4255"
"WEP","24-Aug-2025","17","88.78","85.47","0.19","0.150","0.00","2.14","0.3711","0.0321","0.4255"
"WEP","24-Aug-2025","18","92.06","89.28","0.29","-0.470","0.00","2.14","0.3711","0.0321","0.4255"
"WEP","24-Aug-2025","19","92.38","89.28","0.17","-0.040","0.00","2.14","0.3711","0.0321","0.4255"
"WEP","24-Aug-2025","20","91.90","89.06","0.17","-0.300","0.00","2.14","0.3711","0.0321","0.4255"
"WEP","24-Aug-2025","21","91.52","89.22","0.15","-0.820","0.00","2.14","0.3711","0.0321","0.4255"
"WEP","24-Aug-2025","22","91.28","89.35","0.16","-1.200","0.00","2.14","0.3711","0.0321","0.4255"
"WEP","24-Aug-2025","23","90.83","88.93","0.16","-1.230","0.00","2.14","0.3711","0.0321","0.4255"
"WEP","24-Aug-2025","24","90.73","88.75","0.15","-1.140","0.00","2.14","0.3711","0.0321","0.4255"
"WEP","24-Aug-2025","25","81.35","79.38","0.16","-1.150","0.00","2.14","0.3711","0.0321","0.4255"
"WEP","24-Aug-2025","26","81.39","79.03","0.16","-0.770","0.00","2.14","0.3711","0.0321","0.4255"
"WEP","24-Aug-2025","27","80.96","78.86","0.15","-1.020","0.00","2.14","0.3711","0.0321","0.4255"
"WEP","24-Aug-2025","28","79.67","77.58","0.15","-1.030","0.00","2.14","0.3711","0.0321","0.4255"
"WEP","24-Aug-2025","29","79.56","77.67","0.14","-1.220","0.00","2.14","0.3711","0.0321","0.4255"
"WEP","24-Aug-2025","30","80.82","78.88","0.13","-1.160","0.00","2.14","0.3711","0.0321","0.4255"
"WEP","24-Aug-2025","31","81.30","78.98","0.14","-0.790","0.00","2.14","0.3711","0.0321","0.4255"
"WEP","24-Aug-2025","32","81.94","78.93","0.16","-0.120","0.00","2.14","0.3711","0.0321","0.4255"
"WEP","24-Aug-2025","33","81.56","78.99","0.14","-0.540","0.00","2.14","0.3711","0.0321","0.4255"
"WEP","24-Aug-2025","34","82.32","79.38","0.16","-0.190","0.00","2.14","0.3711","0.0321","0.4255"
"WEP","24-Aug-2025","35","86.08","83.61","0.30","-0.800","0.00","2.14","0.3711","0.0321","0.4255"
"WEP","24-Aug-2025","36","81.23","79.02","0.15","-0.910","0.00","2.14","0.3711","0.0321","0.4255"
"WEP","24-Aug-2025","37","85.63","83.71","0.17","-1.220","0.00","2.14","0.3711","0.0321","0.4255"
"WEP","24-Aug-2025","38","88.47","86.56","0.19","-1.250","0.00","2.14","0.3711","0.0321","0.4255"
"WEP","24-Aug-2025","39","90.79","88.70","0.24","-1.120","0.00","2.14","0.3711","0.0321","0.4255"
"WEP","24-Aug-2025","40","91.52","89.16","0.17","-0.780","0.00","2.14","0.3711","0.0321","0.4255"
"WEP","24-Aug-2025","41","91.63","89.36","0.15","-0.850","0.00","2.14","0.3711","0.0321","0.4255"
"WEP","24-Aug-2025","42","93.07","90.73","0.16","-0.790","0.00","2.14","0.3711","0.0321","0.4255"
"WEP","24-Aug-2025","43","93.27","90.73","0.16","-0.590","0.00","2.14","0.3711","0.0321","0.4255"
"WEP","24-Aug-2025","44","91.62","89.25","0.13","-0.730","0.00","2.14","0.3711","0.0321","0.4255"
"WEP","24-Aug-2025","45","92.01","88.70","0.14","0.200","0.00","2.14","0.3711","0.0321","0.4255"
"WEP","24-Aug-2025","46","91.46","88.06","0.13","0.300","0.00","2.14","0.3711","0.0321","0.4255"
"WEP","24-Aug-2025","47","84.57","81.35","0.13","0.120","0.00","2.14","0.3711","0.0321","0.4255"
"WEP","24-Aug-2025","48","92.03","88.44","0.14","0.480","0.00","2.14","0.3711","0.0321","0.4255"
"WEP","25-Aug-2025","1","81.51","78.83","0.13","-0.380","0.00","2.14","0.3711","0.0297","0.3929"
"WEP","25-Aug-2025","2","71.31","68.34","0.11","-0.070","0.00","2.14","0.3711","0.0297","0.3929"
"WEP","25-Aug-2025","3","74.76","72.03","0.06","-0.260","0.00","2.14","0.3711","0.0297","0.3929"
"WEP","25-Aug-2025","4","81.09","78.92","0.06","-0.830","0.00","2.14","0.3711","0.0297","0.3929"
"WEP","25-Aug-2025","5","81.24","78.82","0.06","-0.570","0.00","2.14","0.3711","0.0297","0.3929"
"WEP","25-Aug-2025","6","81.16","78.60","0.06","-0.430","0.00","2.14","0.3711","0.0297","0.3929"
"WEP","25-Aug-2025","7","80.13","77.40","0.06","-0.260","0.00","2.14","0.3711","0.0297","0.3929"
"WEP","25-Aug-2025","8","79.95","77.00","0.06","-0.050","0.00","2.14","0.3711","0.0297","0.3929"
"WEP","25-Aug-2025","9","79.85","77.00","0.06","-0.150","0.00","2.14","0.3711","0.0297","0.3929"
"WEP","25-Aug-2025","10","81.50","78.83","0.10","-0.360","0.00","2.14","0.3711","0.0297","0.3929"
"WEP","25-Aug-2025","11","84.72","82.13","0.11","-0.460","0.00","2.14","0.3711","0.0297","0.3929"
"WEP","25-Aug-2025","12","81.38","78.75","0.14","-0.440","0.00","2.14","0.3711","0.0297","0.3929"
"WEP","25-Aug-2025","13","81.60","78.77","0.26","-0.360","0.00","2.14","0.3711","0.0297","0.3929"
"WEP","25-Aug-2025","14","81.67","78.87","0.37","-0.500","0.00","2.14","0.3711","0.0297","0.3929"
"WEP","25-Aug-2025","15","93.69","92.09","0.42","-1.750","0.00","2.14","0.3711","0.0297","0.3929"
"WEP","25-Aug-2025","16","108.64","106.80","0.59","-1.680","0.00","2.14","0.3711","0.0297","0.3929"
"WEP","25-Aug-2025","17","113.89","111.72","0.59","-1.350","0.00","2.14","0.3711","0.0297","0.3929"
"WEP","25-Aug-2025","18","115.88","113.17","0.63","-0.850","0.00","2.14","0.3711","0.0297","0.3929"
"WEP","25-Aug-2025","19","114.17","111.73","0.52","-1.010","0.00","2.14","0.3711","0.0297","0.3929"
"WEP","25-Aug-2025","20","110.52","107.91","0.48","-0.810","0.00","2.14","0.3711","0.0297","0.3929"
"WEP","25-Aug-2025","21","96.52","93.84","0.29","-0.540","0.00","2.14","0.3711","0.0297","0.3929"
"WEP","25-Aug-2025","22","82.57","80.25","0.19","-0.810","0.00","2.14","0.3711","0.0297","0.3929"
"WEP","25-Aug-2025","23","80.89","78.95","0.17","-1.170","0.00","2.14","0.3711","0.0297","0.3929"
"WEP","25-Aug-2025","24","80.38","78.94","0.13","-1.630","0.00","2.14","0.3711","0.0297","0.3929"
"WEP","25-Aug-2025","25","80.49","78.66","0.18","-1.280","0.00","2.14","0.3711","0.0297","0.3929"
"WEP","25-Aug-2025","26","78.22","76.38","0.18","-1.280","0.00","2.14","0.3711","0.0297","0.3929"
"WEP","25-Aug-2025","27","76.24","75.02","0.15","-1.870","0.00","2.14","0.3711","0.0297","0.3929"
"WEP","25-Aug-2025","28","77.90","76.41","0.14","-1.590","0.00","2.14","0.3711","0.0297","0.3929"
"WEP","25-Aug-2025","29","76.94","75.78","0.13","-1.900","0.00","2.14","0.3711","0.0297","0.3929"
"WEP","25-Aug-2025","30","76.40","75.37","0.11","-2.020","0.00","2.14","0.3711","0.0297","0.3929"
"WEP","25-Aug-2025","31","75.75","75.01","0.12","-2.310","0.00","2.14","0.3711","0.0297","0.3929"
"WEP","25-Aug-2025","32","78.12","77.34","0.16","-2.310","0.00","2.14","0.3711","0.0297","0.3929"
"WEP","25-Aug-2025","33","80.54","79.21","0.12","-1.720","0.00","2.14","0.3711","0.0297","0.3929"
"WEP","25-Aug-2025","34","90.49","89.41","0.24","-2.090","0.00","2.14","0.3711","0.0297","0.3929"
"WEP","25-Aug-2025","35","90.80","89.56","0.56","-2.250","0.00","2.14","0.3711","0.0297","0.3929"
"WEP","25-Aug-2025","36","97.34","96.42","0.37","-2.380","0.00","2.14","0.3711","0.0297","0.3929"
"WEP","25-Aug-2025","37","106.48","105.41","0.48","-2.350","0.00","2.14","0.3711","0.0297","0.3929"
"WEP","25-Aug-2025","38","112.61","111.25","0.53","-2.100","0.00","2.14","0.3711","0.0297","0.3929"
"WEP","25-Aug-2025","39","117.03","114.99","0.53","-1.430","0.00","2.14","0.3711","0.0297","0.3929"
"WEP","25-Aug-2025","40","108.84","106.93","0.49","-1.510","0.00","2.14","0.3711","0.0297","0.3929"
"WEP","25-Aug-2025","41","108.78","107.11","0.30","-1.560","0.00","2.14","0.3711","0.0297","0.3929"
"WEP","25-Aug-2025","42","108.61","106.93","0.30","-1.550","0.00","2.14","0.3711","0.0297","0.3929"
"WEP","25-Aug-2025","43","102.90","101.59","0.31","-1.930","0.00","2.14","0.3711","0.0297","0.3929"
"WEP","25-Aug-2025","44","95.52","93.88","0.20","-1.500","0.00","2.14","0.3711","0.0297","0.3929"
"WEP","25-Aug-2025","45","91.47","89.39","0.18","-1.030","0.00","2.14","0.3711","0.0297","0.3929"
"WEP","25-Aug-2025","46","91.46","89.15","0.14","-0.760","0.00","2.14","0.3711","0.0297","0.3929"
"WEP","25-Aug-2025","47","86.01","83.70","0.15","-0.770","0.00","2.14","0.3711","0.0297","0.3929"
"WEP","25-Aug-2025","48","82.96","80.43","0.13","-0.540","0.00","2.14","0.3711","0.0297","0.3929"
"WEP","26-Aug-2025","1","84.73","83.03","0.07","-1.290","0.00","2.14","0.3711","0.0288","0.3814"
"WEP","26-Aug-2025","2","81.72","79.93","0.06","-1.190","0.00","2.14","0.3711","0.0288","0.3814"
"WEP","26-Aug-2025","3","86.12","84.40","0.00","-1.200","0.00","2.14","0.3711","0.0288","0.3814"
"WEP","26-Aug-2025","4","86.06","84.42","0.00","-1.280","0.00","2.14","0.3711","0.0288","0.3814"
"WEP","26-Aug-2025","5","85.69","84.32","0.05","-1.600","0.00","2.14","0.3711","0.0288","0.3814"
"WEP","26-Aug-2025","6","85.53","84.10","0.05","-1.540","0.00","2.14","0.3711","0.0288","0.3814"
"WEP","26-Aug-2025","7","85.65","84.09","0.05","-1.410","0.00","2.14","0.3711","0.0288","0.3814"
"WEP","26-Aug-2025","8","85.73","83.98","0.06","-1.230","0.00","2.14","0.3711","0.0288","0.3814"
"WEP","26-Aug-2025","9","86.21","84.28","0.00","-0.990","0.00","2.14","0.3711","0.0288","0.3814"
"WEP","26-Aug-2025","10","86.24","84.38","0.00","-1.060","0.00","2.14","0.3711","0.0288","0.3814"
"WEP","26-Aug-2025","11","86.44","84.52","0.00","-1.000","0.00","2.14","0.3711","0.0288","0.3814"
"WEP","26-Aug-2025","12","98.37","96.24","0.08","-0.870","0.00","2.14","0.3711","0.0288","0.3814"
"WEP","26-Aug-2025","13","94.07","91.98","0.17","-1.010","0.00","2.14","0.3711","0.0288","0.3814"
"WEP","26-Aug-2025","14","99.96","97.95","0.36","-1.280","0.00","2.14","0.3711","0.0288","0.3814"
"WEP","26-Aug-2025","15","91.41","89.71","0.47","-1.690","0.00","2.14","0.3711","0.0288","0.3814"
"WEP","26-Aug-2025","16","108.18","106.69","0.58","-2.010","0.00","2.14","0.3711","0.0288","0.3814"
"WEP","26-Aug-2025","17","112.87","110.97","0.60","-1.630","0.00","2.14","0.3711","0.0288","0.3814"
"WEP","26-Aug-2025","18","108.99","106.77","0.61","-1.310","0.00","2.14","0.3711","0.0288","0.3814"
"WEP","26-Aug-2025","19","97.10","95.24","0.42","-1.490","0.00","2.14","0.3711","0.0288","0.3814"
"WEP","26-Aug-2025","20","97.65","95.26","0.43","-0.960","0.00","2.14","0.3711","0.0288","0.3814"
"WEP","26-Aug-2025","21","103.40","100.47","0.28","-0.270","0.00","2.14","0.3711","0.0288","0.3814"
"WEP","26-Aug-2025","22","85.62","83.06","0.14","-0.500","0.00","2.14","0.3711","0.0288","0.3814"
"WEP","26-Aug-2025","23","77.95","75.83","0.14","-0.940","0.00","2.14","0.3711","0.0288","0.3814"
"WEP","26-Aug-2025","24","76.32","74.66","0.12","-1.380","0.00","2.14","0.3711","0.0288","0.3814"
"WEP","26-Aug-2025","25","74.02","72.78","0.15","-1.830","0.00","2.14","0.3711","0.0288","0.3814"
"WEP","26-Aug-2025","26","74.39","73.52","0.15","-2.200","0.00","2.14","0.3711","0.0288","0.3814"
"WEP","26-Aug-2025","27","76.91","75.50","0.14","-1.650","0.00","2.14","0.3711","0.0288","0.3814"
"WEP","26-Aug-2025","28","77.94","75.83","0.12","-0.930","0.00","2.14","0.3711","0.0288","0.3814"
"WEP","26-Aug-2025","29","76.88","75.00","0.12","-1.160","0.00","2.14","0.3711","0.0288","0.3814"
"WEP","26-Aug-2025","30","73.97","72.80","0.06","-1.810","0.00","2.14","0.3711","0.0288","0.3814"
"WEP","26-Aug-2025","31","73.60","72.80","0.11","-2.230","0.00","2.14","0.3711","0.0288","0.3814"
"WEP","26-Aug-2025","32","74.16","74.24","0.13","-3.130","0.00","2.14","0.3711","0.0288","0.3814"
"WEP","26-Aug-2025","33","77.36","75.82","0.11","-1.490","0.00","2.14","0.3711","0.0288","0.3814"
"WEP","26-Aug-2025","34","80.52","78.44","0.13","-0.970","0.00","2.14","0.3711","0.0288","0.3814"
"WEP","26-Aug-2025","35","87.22","85.20","0.43","-1.330","0.00","2.14","0.3711","0.0288","0.3814"
"WEP","26-Aug-2025","36","89.70","87.88","0.16","-1.260","0.00","2.14","0.3711","0.0288","0.3814"
"WEP","26-Aug-2025","37","103.60","102.73","0.37","-2.420","0.00","2.14","0.3711","0.0288","0.3814"
"WEP","26-Aug-2025","38","115.74","115.38","0.52","-3.080","0.00","2.14","0.3711","0.0288","0.3814"
"WEP","26-Aug-2025","39","157.04","156.12","0.99","-2.990","0.00","2.14","0.3711","0.0288","0.3814"
"WEP","26-Aug-2025","40","173.82","173.39","1.11","-3.600","0.00","2.14","0.3711","0.0288","0.3814"
"WEP","26-Aug-2025","41","164.03","163.48","0.79","-3.160","0.00","2.14","0.3711","0.0288","0.3814"
"WEP","26-Aug-2025","42","146.79","146.04","0.58","-2.750","0.00","2.14","0.3711","0.0288","0.3814"
"WEP","26-Aug-2025","43","120.34","119.28","0.36","-2.220","0.00","2.14","0.3711","0.0288","0.3814"
"WEP","26-Aug-2025","44","113.94","113.01","0.14","-2.130","0.00","2.14","0.3711","0.0288","0.3814"
"WEP","26-Aug-2025","45","113.94","112.60","0.19","-1.770","0.00","2.14","0.3711","0.0288","0.3814"
"WEP","26-Aug-2025","46","108.06","106.71","0.12","-1.690","0.00","2.14","0.3711","0.0288","0.3814"
"WEP","26-Aug-2025","47","107.73","106.70","0.13","-2.020","0.00","2.14","0.3711","0.0288","0.3814"
"WEP","26-Aug-2025","48","88.78","88.10","0.08","-2.320","0.00","2.14","0.3711","0.0288","0.3814"
"WEP","27-Aug-2025","1","89.54","87.65","0.12","-1.150","0.00","2.14","0.3711","0.0286","0.3792"
"WEP","27-Aug-2025","2","86.30","84.68","0.06","-1.360","0.00","2.14","0.3711","0.0286","0.3792"
"WEP","27-Aug-2025","3","100.61","98.96","0.05","-1.310","0.00","2.14","0.3711","0.0286","0.3792"
"WEP","27-Aug-2025","4","96.62","94.60","0.05","-0.950","0.00","2.14","0.3711","0.0286","0.3792"
"WEP","27-Aug-2025","5","86.73","85.10","0.05","-1.340","0.00","2.14","0.3711","0.0286","0.3792"
"WEP","27-Aug-2025","6","86.39","84.60","0.05","-1.180","0.00","2.14","0.3711","0.0286","0.3792"
"WEP","27-Aug-2025","7","86.63","84.56","0.05","-0.900","0.00","2.14","0.3711","0.0286","0.3792"
"WEP","27-Aug-2025","8","86.70","84.50","0.05","-0.770","0.00","2.14","0.3711","0.0286","0.3792"
"WEP","27-Aug-2025","9","86.32","84.50","0.05","-1.150","0.00","2.14","0.3711","0.0286","0.3792"
"WEP","27-Aug-2025","10","86.13","84.64","0.05","-1.470","0.00","2.14","0.3711","0.0286","0.3792"
"WEP","27-Aug-2025","11","96.51","94.57","0.06","-1.040","0.00","2.14","0.3711","0.0286","0.3792"
"WEP","27-Aug-2025","12","111.51","109.74","0.08","-1.230","0.00","2.14","0.3711","0.0286","0.3792"
"WEP","27-Aug-2025","13","109.00","106.62","0.15","-0.690","0.00","2.14","0.3711","0.0286","0.3792"
"WEP","27-Aug-2025","14","108.80","106.61","0.16","-0.880","0.00","2.14","0.3711","0.0286","0.3792"
"WEP","27-Aug-2025","15","108.88","106.64","0.18","-0.860","0.00","2.14","0.3711","0.0286","0.3792"
"WEP","27-Aug-2025","16","113.76","110.85","0.34","-0.350","0.00","2.14","0.3711","0.0286","0.3792"
"WEP","27-Aug-2025","17","118.03","115.10","0.51","-0.500","0.00","2.14","0.3711","0.0286","0.3792"
"WEP","27-Aug-2025","18","114.45","111.04","0.55","-0.060","0.00","2.14","0.3711","0.0286","0.3792"
"WEP","27-Aug-2025","19","93.82","91.08","0.28","-0.460","0.00","2.14","0.3711","0.0286","0.3792"
"WEP","27-Aug-2025","20","108.74","106.56","0.40","-1.140","0.00","2.14","0.3711","0.0286","0.3792"
"WEP","27-Aug-2025","21","94.50","92.62","0.20","-1.240","0.00","2.14","0.3711","0.0286","0.3792"
"WEP","27-Aug-2025","22","84.86","83.08","0.12","-1.260","0.00","2.14","0.3711","0.0286","0.3792"
"WEP","27-Aug-2025","23","82.91","81.44","0.12","-1.570","0.00","2.14","0.3711","0.0286","0.3792"
"WEP","27-Aug-2025","24","78.78","77.35","0.12","-1.610","0.00","2.14","0.3711","0.0286","0.3792"
"WEP","27-Aug-2025","25","77.97","75.92","0.13","-1.000","0.00","2.14","0.3711","0.0286","0.3792"
"WEP","27-Aug-2025","26","84.62","81.76","0.15","-0.210","0.00","2.14","0.3711","0.0286","0.3792"
"WEP","27-Aug-2025","27","78.34","75.72","0.13","-0.430","0.00","2.14","0.3711","0.0286","0.3792"
"WEP","27-Aug-2025","28","77.86","75.81","0.12","-0.990","0.00","2.14","0.3711","0.0286","0.3792"
"WEP","27-Aug-2025","29","76.80","74.98","0.12","-1.220","0.00","2.14","0.3711","0.0286","0.3792"
"WEP","27-Aug-2025","30","75.61","74.21","0.10","-1.610","0.00","2.14","0.3711","0.0286","0.3792"
"WEP","27-Aug-2025","31","76.91","75.53","0.11","-1.640","0.00","2.14","0.3711","0.0286","0.3792"
"WEP","27-Aug-2025","32","79.65","78.45","0.13","-1.850","0.00","2.14","0.3711","0.0286","0.3792"
"WEP","27-Aug-2025","33","86.20","84.54","0.12","-1.380","0.00","2.14","0.3711","0.0286","0.3792"
"WEP","27-Aug-2025","34","94.63","92.44","0.21","-0.940","0.00","2.14","0.3711","0.0286","0.3792"
"WEP","27-Aug-2025","35","90.68","88.11","0.47","-0.820","0.00","2.14","0.3711","0.0286","0.3792"
"WEP","27-Aug-2025","36","88.61","86.81","0.29","-1.410","0.00","2.14","0.3711","0.0286","0.3792"
"WEP","27-Aug-2025","37","101.69","99.97","0.32","-1.520","0.00","2.14","0.3711","0.0286","0.3792"
"WEP","27-Aug-2025","38","108.10","106.90","0.46","-2.180","0.00","2.14","0.3711","0.0286","0.3792"
"WEP","27-Aug-2025","39","112.85","111.07","0.50","-1.630","0.00","2.14","0.3711","0.0286","0.3792"
"WEP","27-Aug-2025","40","113.02","111.07","0.49","-1.460","0.00","2.14","0.3711","0.0286","0.3792"
"WEP","27-Aug-2025","41","112.55","111.08","0.36","-1.800","0.00","2.14","0.3711","0.0286","0.3792"
"WEP","27-Aug-2025","42","111.63","110.10","0.30","-1.680","0.00","2.14","0.3711","0.0286","0.3792"
"WEP","27-Aug-2025","43","108.91","106.86","0.30","-1.170","0.00","2.14","0.3711","0.0286","0.3792"
"WEP","27-Aug-2025","44","103.06","101.00","0.21","-1.070","0.00","2.14","0.3711","0.0286","0.3792"
"WEP","27-Aug-2025","45","108.20","105.73","0.28","-0.730","0.00","2.14","0.3711","0.0286","0.3792"
"WEP","27-Aug-2025","46","100.37","97.99","0.19","-0.730","0.00","2.14","0.3711","0.0286","0.3792"
"WEP","27-Aug-2025","47","97.00","94.77","0.21","-0.890","0.00","2.14","0.3711","0.0286","0.3792"
"WEP","27-Aug-2025","48","88.80","86.51","0.13","-0.760","0.00","2.14","0.3711","0.0286","0.3792"
"WEP","28-Aug-2025","1","96.46","94.21","0.12","-0.790","0.00","2.14","0.3711","0.0289","0.3831"
"WEP","28-Aug-2025","2","90.07","87.52","0.10","-0.470","0.00","2.14","0.3711","0.0289","0.3831"
"WEP","28-Aug-2025","3","95.47","93.10","0.05","-0.600","0.00","2.14","0.3711","0.0289","0.3831"
"WEP","28-Aug-2025","4","89.86","87.48","0.05","-0.590","0.00","2.14","0.3711","0.0289","0.3831"
"WEP","28-Aug-2025","5","86.55","84.61","0.05","-1.040","0.00","2.14","0.3711","0.0289","0.3831"
"WEP","28-Aug-2025","6","87.28","85.15","0.05","-0.840","0.00","2.14","0.3711","0.0289","0.3831"
"WEP","28-Aug-2025","7","87.24","85.15","0.05","-0.880","0.00","2.14","0.3711","0.0289","0.3831"
"WEP","28-Aug-2025","8","87.66","85.15","0.05","-0.460","0.00","2.14","0.3711","0.0289","0.3831"
"WEP","28-Aug-2025","9","87.30","85.15","0.05","-0.820","0.00","2.14","0.3711","0.0289","0.3831"
"WEP","28-Aug-2025","10","87.47","85.13","0.05","-0.640","0.00","2.14","0.3711","0.0289","0.3831"
"WEP","28-Aug-2025","11","94.67","92.02","0.06","-0.330","0.00","2.14","0.3711","0.0289","0.3831"
"WEP","28-Aug-2025","12","107.30","105.15","0.13","-0.900","0.00","2.14","0.3711","0.0289","0.3831"
"WEP","28-Aug-2025","13","101.23","98.94","0.16","-0.800","0.00","2.14","0.3711","0.0289","0.3831"
"WEP","28-Aug-2025","14","101.45","99.30","0.18","-0.950","0.00","2.14","0.3711","0.0289","0.3831"
"WEP","28-Aug-2025","15","98.91","97.29","0.20","-1.500","0.00","2.14","0.3711","0.0289","0.3831"
"WEP","28-Aug-2025","16","113.03","110.85","0.30","-1.040","0.00","2.14","0.3711","0.0289","0.3831"
"WEP","28-Aug-2025","17","114.52","110.99","0.50","0.100","0.00","2.14","0.3711","0.0289","0.3831"
"WEP","28-Aug-2025","18","110.20","106.86","0.51","-0.090","0.00","2.14","0.3711","0.0289","0.3831"
"WEP","28-Aug-2025","19","93.65","90.71","0.29","-0.270","0.00","2.14","0.3711","0.0289","0.3831"
"WEP","28-Aug-2025","20","98.29","95.23","0.31","-0.170","0.00","2.14","0.3711","0.0289","0.3831"
"WEP","28-Aug-2025","21","87.14","84.52","0.15","-0.450","0.00","2.14","0.3711","0.0289","0.3831"
"WEP","28-Aug-2025","22","82.67","80.55","0.14","-0.940","0.00","2.14","0.3711","0.0289","0.3831"
"WEP","28-Aug-2025","23","78.75","76.86","0.13","-1.160","0.00","2.14","0.3711","0.0289","0.3831"
"WEP","28-Aug-2025","24","77.21","75.79","0.12","-1.630","0.00","2.14","0.3711","0.0289","0.3831"
"WEP","28-Aug-2025","25","74.64","73.98","0.14","-2.410","0.00","2.14","0.3711","0.0289","0.3831"
"WEP","28-Aug-2025","26","75.25","74.73","0.15","-2.550","0.00","2.14","0.3711","0.0289","0.3831"
"WEP","28-Aug-2025","27","77.34","76.55","0.14","-2.270","0.00","2.14","0.3711","0.0289","0.3831"
"WEP","28-Aug-2025","28","75.95","76.86","0.14","-3.970","0.00","2.14","0.3711","0.0289","0.3831"
"WEP","28-Aug-2025","29","77.08","76.92","0.12","-2.880","0.00","2.14","0.3711","0.0289","0.3831"
"WEP","28-Aug-2025","30","108.92","106.89","0.24","-1.140","0.00","2.14","0.3711","0.0289","0.3831"
"WEP","28-Aug-2025","31","105.87","102.94","0.27","-0.260","0.00","2.14","0.3711","0.0289","0.3831"
"WEP","28-Aug-2025","32","92.17","90.03","0.22","-1.000","0.00","2.14","0.3711","0.0289","0.3831"
"WEP","28-Aug-2025","33","86.89","84.76","0.15","-0.940","0.00","2.14","0.3711","0.0289","0.3831"
"WEP","28-Aug-2025","34","88.71","86.54","0.18","-0.930","0.00","2.14","0.3711","0.0289","0.3831"
"WEP","28-Aug-2025","35","86.79","84.76","0.44","-1.330","0.00","2.14","0.3711","0.0289","0.3831"
"WEP","28-Aug-2025","36","92.70","91.07","0.31","-1.610","0.00","2.14","0.3711","0.0289","0.3831"
"WEP","28-Aug-2025","37","100.72","98.44","0.46","-1.100","0.00","2.14","0.3711","0.0289","0.3831"
"WEP","28-Aug-2025","38","105.23","102.97","0.52","-1.180","0.00","2.14","0.3711","0.0289","0.3831"
"WEP","28-Aug-2025","39","109.06","106.90","0.51","-1.280","0.00","2.14","0.3711","0.0289","0.3831"
"WEP","28-Aug-2025","40","108.74","106.90","0.47","-1.550","0.00","2.14","0.3711","0.0289","0.3831"
"WEP","28-Aug-2025","41","105.11","103.44","0.35","-1.600","0.00","2.14","0.3711","0.0289","0.3831"
"WEP","28-Aug-2025","42","104.36","102.71","0.34","-1.610","0.00","2.14","0.3711","0.0289","0.3831"
"WEP","28-Aug-2025","43","103.80","101.90","0.33","-1.360","0.00","2.14","0.3711","0.0289","0.3831"
"WEP","28-Aug-2025","44","99.35","97.20","0.23","-1.000","0.00","2.14","0.3711","0.0289","0.3831"
"WEP","28-Aug-2025","45","95.48","92.89","0.19","-0.530","0.00","2.14","0.3711","0.0289","0.3831"
"WEP","28-Aug-2025","46","88.55","86.08","0.15","-0.610","0.00","2.14","0.3711","0.0289","0.3831"
"WEP","28-Aug-2025","47","87.01","84.52","0.15","-0.590","0.00","2.14","0.3711","0.0289","0.3831"
"WEP","28-Aug-2025","48","87.09","84.20","0.13","-0.170","0.00","2.14","0.3711","0.0289","0.3831"
"WEP","29-Aug-2025","1","82.77","80.10","0.12","-0.380","0.00","2.14","0.3711","0.0292","0.3867"
"WEP","29-Aug-2025","2","81.75","79.56","0.07","-0.800","0.00","2.14","0.3711","0.0292","0.3867"
"WEP","29-Aug-2025","3","81.83","79.54","0.05","-0.690","0.00","2.14","0.3711","0.0292","0.3867"
"WEP","29-Aug-2025","4","86.85","84.52","0.05","-0.640","0.00","2.14","0.3711","0.0292","0.3867"
"WEP","29-Aug-2025","5","80.94","78.87","0.05","-0.910","0.00","2.14","0.3711","0.0292","0.3867"
"WEP","29-Aug-2025","6","81.19","78.85","0.05","-0.640","0.00","2.14","0.3711","0.0292","0.3867"
"WEP","29-Aug-2025","7","77.85","75.81","0.05","-0.930","0.00","2.14","0.3711","0.0292","0.3867"
"WEP","29-Aug-2025","8","77.82","75.20","0.06","-0.370","0.00","2.14","0.3711","0.0292","0.3867"
"WEP","29-Aug-2025","9","77.02","74.75","0.05","-0.710","0.00","2.14","0.3711","0.0292","0.3867"
"WEP","29-Aug-2025","10","78.06","75.46","0.05","-0.380","0.00","2.14","0.3711","0.0292","0.3867"
"WEP","29-Aug-2025","11","80.80","78.04","0.06","-0.220","0.00","2.14","0.3711","0.0292","0.3867"
"WEP","29-Aug-2025","12","87.51","84.61","0.13","-0.160","0.00","2.14","0.3711","0.0292","0.3867"
"WEP","29-Aug-2025","13","87.62","84.72","0.17","-0.190","0.00","2.14","0.3711","0.0292","0.3867"
"WEP","29-Aug-2025","14","87.78","84.88","0.37","-0.400","0.00","2.14","0.3711","0.0292","0.3867"
"WEP","29-Aug-2025","15","90.18","87.35","0.52","-0.620","0.00","2.14","0.3711","0.0292","0.3867"
"WEP","29-Aug-2025","16","94.69","92.40","0.39","-1.030","0.00","2.14","0.3711","0.0292","0.3867"
"WEP","29-Aug-2025","17","100.19","97.26","0.54","-0.530","0.00","2.14","0.3711","0.0292","0.3867"
"WEP","29-Aug-2025","18","100.17","97.28","0.52","-0.560","0.00","2.14","0.3711","0.0292","0.3867"
"WEP","29-Aug-2025","19","93.11","90.68","0.34","-0.840","0.00","2.14","0.3711","0.0292","0.3867"
"WEP","29-Aug-2025","20","86.97","85.02","0.32","-1.290","0.00","2.14","0.3711","0.0292","0.3867"
"WEP","29-Aug-2025","21","86.80","84.92","0.14","-1.190","0.00","2.14","0.3711","0.0292","0.3867"
"WEP","29-Aug-2025","22","86.97","84.72","0.17","-0.840","0.00","2.14","0.3711","0.0292","0.3867"
"WEP","29-Aug-2025","23","79.25","77.09","0.14","-0.910","0.00","2.14","0.3711","0.0292","0.3867"
"WEP","29-Aug-2025","24","77.43","75.87","0.12","-1.490","0.00","2.14","0.3711","0.0292","0.3867"
"WEP","29-Aug-2025","25","76.42","74.39","0.15","-1.050","0.00","2.14","0.3711","0.0292","0.3867"
"WEP","29-Aug-2025","26","75.10","72.99","0.15","-0.960","0.00","2.14","0.3711","0.0292","0.3867"
"WEP","29-Aug-2025","27","70.42","68.81","0.14","-1.460","0.00","2.14","0.3711","0.0292","0.3867"
"WEP","29-Aug-2025","28","74.66","72.99","0.14","-1.400","0.00","2.14","0.3711","0.0292","0.3867"
"WEP","29-Aug-2025","29","74.63","72.98","0.12","-1.390","0.00","2.14","0.3711","0.0292","0.3867"
"WEP","29-Aug-2025","30","74.13","72.68","0.11","-1.580","0.00","2.14","0.3711","0.0292","0.3867"
"WEP","29-Aug-2025","31","75.99","74.79","0.12","-1.840","0.00","2.14","0.3711","0.0292","0.3867"
"WEP","29-Aug-2025","32","78.43","77.09","0.14","-1.730","0.00","2.14","0.3711","0.0292","0.3867"
"WEP","29-Aug-2025","33","79.42","78.02","0.12","-1.650","0.00","2.14","0.3711","0.0292","0.3867"
"WEP","29-Aug-2025","34","81.46","80.23","0.14","-1.830","0.00","2.14","0.3711","0.0292","0.3867"
"WEP","29-Aug-2025","35","86.30","84.93","0.43","-1.990","0.00","2.14","0.3711","0.0292","0.3867"
"WEP","29-Aug-2025","36","96.92","95.68","0.37","-2.050","0.00","2.14","0.3711","0.0292","0.3867"
"WEP","29-Aug-2025","37","112.27","111.00","0.54","-2.200","0.00","2.14","0.3711","0.0292","0.3867"
"WEP","29-Aug-2025","38","135.18","134.89","0.77","-3.400","0.00","2.14","0.3711","0.0292","0.3867"
"WEP","29-Aug-2025","39","647.48","650.04","3.46","-8.950","0.00","2.14","0.3711","0.0292","0.3867"
"WEP","29-Aug-2025","40","368.52","367.89","3.20","-5.500","0.00","2.14","0.3711","0.0292","0.3867"
"WEP","29-Aug-2025","41","201.65","201.13","1.48","-3.890","0.00","2.14","0.3711","0.0292","0.3867"
"WEP","29-Aug-2025","42","152.03","151.45","0.90","-3.250","0.00","2.14","0.3711","0.0292","0.3867"
"WEP","29-Aug-2025","43","130.96","129.92","0.61","-2.500","0.00","2.14","0.3711","0.0292","0.3867"
"WEP","29-Aug-2025","44","106.02","104.72","0.27","-1.900","0.00","2.14","0.3711","0.0292","0.3867"
"WEP","29-Aug-2025","45","95.01","92.95","0.25","-1.120","0.00","2.14","0.3711","0.0292","0.3867"
"WEP","29-Aug-2025","46","86.91","84.96","0.18","-1.150","0.00","2.14","0.3711","0.0292","0.3867"
"WEP","29-Aug-2025","47","81.34","79.24","0.15","-0.980","0.00","2.14","0.3711","0.0292","0.3867"
"WEP","29-Aug-2025","48","81.83","80.16","0.13","-1.380","0.00","2.14","0.3711","0.0292","0.3867"
"WEP","30-Aug-2025","1","94.51","92.20","0.12","-0.760","0.00","2.14","0.3711","0.0310","0.4110"
"WEP","30-Aug-2025","2","90.57","87.75","0.06","-0.190","0.00","2.14","0.3711","0.0310","0.4110"
"WEP","30-Aug-2025","3","87.43","84.68","0.05","-0.250","0.00","2.14","0.3711","0.0310","0.4110"
"WEP","30-Aug-2025","4","82.33","79.47","0.05","-0.140","0.00","2.14","0.3711","0.0310","0.4110"
"WEP","30-Aug-2025","5","81.66","78.92","0.05","-0.260","0.00","2.14","0.3711","0.0310","0.4110"
"WEP","30-Aug-2025","6","81.79","78.68","0.05","0.110","0.00","2.14","0.3711","0.0310","0.4110"
"WEP","30-Aug-2025","7","80.15","76.81","0.06","0.320","0.00","2.14","0.3711","0.0310","0.4110"
"WEP","30-Aug-2025","8","78.24","75.29","0.06","-0.070","0.00","2.14","0.3711","0.0310","0.4110"
"WEP","30-Aug-2025","9","79.41","76.05","0.05","0.350","0.00","2.14","0.3711","0.0310","0.4110"
"WEP","30-Aug-2025","10","87.74","84.71","0.06","0.020","0.00","2.14","0.3711","0.0310","0.4110"
"WEP","30-Aug-2025","11","90.53","87.19","0.11","0.270","0.00","2.14","0.3711","0.0310","0.4110"
"WEP","30-Aug-2025","12","91.79","88.68","0.15","0.010","0.00","2.14","0.3711","0.0310","0.4110"
"WEP","30-Aug-2025","13","94.59","91.49","0.18","-0.040","0.00","2.14","0.3711","0.0310","0.4110"
"WEP","30-Aug-2025","14","98.66","95.65","0.19","-0.130","0.00","2.14","0.3711","0.0310","0.4110"
"WEP","30-Aug-2025","15","94.03","91.49","0.21","-0.620","0.00","2.14","0.3711","0.0310","0.4110"
"WEP","30-Aug-2025","16","100.91","98.68","0.21","-0.940","0.00","2.14","0.3711","0.0310","0.4110"
"WEP","30-Aug-2025","17","101.70","98.68","0.20","-0.140","0.00","2.14","0.3711","0.0310","0.4110"
"WEP","30-Aug-2025","18","94.46","91.50","0.20","-0.190","0.00","2.14","0.3711","0.0310","0.4110"
"WEP","30-Aug-2025","19","90.36","88.33","0.21","-1.130","0.00","2.14","0.3711","0.0310","0.4110"
"WEP","30-Aug-2025","20","91.17","88.96","0.23","-0.980","0.00","2.14","0.3711","0.0310","0.4110"
"WEP","30-Aug-2025","21","94.28","91.43","0.23","-0.330","0.00","2.14","0.3711","0.0310","0.4110"
"WEP","30-Aug-2025","22","87.90","84.67","0.16","0.110","0.00","2.14","0.3711","0.0310","0.4110"
"WEP","30-Aug-2025","23","83.15","80.31","0.15","-0.260","0.00","2.14","0.3711","0.0310","0.4110"
"WEP","30-Aug-2025","24","75.32","73.07","0.13","-0.830","0.00","2.14","0.3711","0.0310","0.4110"
"WEP","30-Aug-2025","25","67.29","64.96","0.16","-0.790","0.00","2.14","0.3711","0.0310","0.4110"
"WEP","30-Aug-2025","26","63.71","62.18","0.16","-1.580","0.00","2.14","0.3711","0.0310","0.4110"
"WEP","30-Aug-2025","27","65.16","63.37","0.16","-1.330","0.00","2.14","0.3711","0.0310","0.4110"
"WEP","30-Aug-2025","28","69.87","67.32","0.16","-0.560","0.00","2.14","0.3711","0.0310","0.4110"
"WEP","30-Aug-2025","29","62.27","60.16","0.13","-0.980","0.00","2.14","0.3711","0.0310","0.4110"
"WEP","30-Aug-2025","30","64.24","62.17","0.13","-1.020","0.00","2.14","0.3711","0.0310","0.4110"
"WEP","30-Aug-2025","31","76.58","74.47","0.13","-0.970","0.00","2.14","0.3711","0.0310","0.4110"
"WEP","30-Aug-2025","32","67.41","64.83","0.16","-0.540","0.00","2.14","0.3711","0.0310","0.4110"
"WEP","30-Aug-2025","33","76.09","74.02","0.13","-1.020","0.00","2.14","0.3711","0.0310","0.4110"
"WEP","30-Aug-2025","34","76.31","74.48","0.16","-1.290","0.00","2.14","0.3711","0.0310","0.4110"
"WEP","30-Aug-2025","35","78.54","76.39","0.40","-1.200","0.00","2.14","0.3711","0.0310","0.4110"
"WEP","30-Aug-2025","36","82.49","80.48","0.16","-1.110","0.00","2.14","0.3711","0.0310","0.4110"
"WEP","30-Aug-2025","37","86.95","84.61","0.19","-0.810","0.00","2.14","0.3711","0.0310","0.4110"
"WEP","30-Aug-2025","38","93.58","91.53","0.38","-1.290","0.00","2.14","0.3711","0.0310","0.4110"
"WEP","30-Aug-2025","39","104.44","101.82","0.39","-0.720","0.00","2.14","0.3711","0.0310","0.4110"
"WEP","30-Aug-2025","40","109.42","106.72","0.43","-0.690","0.00","2.14","0.3711","0.0310","0.4110"
"WEP","30-Aug-2025","41","109.49","106.77","0.37","-0.600","0.00","2.14","0.3711","0.0310","0.4110"
"WEP","30-Aug-2025","42","109.16","106.28","0.37","-0.450","0.00","2.14","0.3711","0.0310","0.4110"
"WEP","30-Aug-2025","43","105.42","102.84","0.34","-0.710","0.00","2.14","0.3711","0.0310","0.4110"
"WEP","30-Aug-2025","44","98.79","96.32","0.17","-0.650","0.00","2.14","0.3711","0.0310","0.4110"
"WEP","30-Aug-2025","45","95.14","92.60","0.17","-0.580","0.00","2.14","0.3711","0.0310","0.4110"
"WEP","30-Aug-2025","46","88.59","85.67","0.13","-0.160","0.00","2.14","0.3711","0.0310","0.4110"
"WEP","30-Aug-2025","47","88.19","85.02","0.14","0.070","0.00","2.14","0.3711","0.0310","0.4110"
"WEP","30-Aug-2025","48","95.38","91.73","0.16","0.530","0.00","2.14","0.3711","0.0310","0.4110"
"WEP","31-Aug-2025","1","87.83","84.87","0.12","-0.120","0.00","2.14","0.3711","0.0315","0.4172"
"WEP","31-Aug-2025","2","87.43","84.56","0.07","-0.160","0.00","2.14","0.3711","0.0315","0.4172"
"WEP","31-Aug-2025","3","87.71","84.87","0.06","-0.180","0.00","2.14","0.3711","0.0315","0.4172"
"WEP","31-Aug-2025","4","87.39","84.52","0.05","-0.140","0.00","2.14","0.3711","0.0315","0.4172"
"WEP","31-Aug-2025","5","87.12","84.54","0.05","-0.430","0.00","2.14","0.3711","0.0315","0.4172"
"WEP","31-Aug-2025","6","87.49","84.50","0.06","-0.030","0.00","2.14","0.3711","0.0315","0.4172"
"WEP","31-Aug-2025","7","87.23","84.51","0.06","-0.300","0.00","2.14","0.3711","0.0315","0.4172"
"WEP","31-Aug-2025","8","87.82","84.50","0.06","0.300","0.00","2.14","0.3711","0.0315","0.4172"
"WEP","31-Aug-2025","9","87.22","84.52","0.05","-0.310","0.00","2.14","0.3711","0.0315","0.4172"
"WEP","31-Aug-2025","10","86.84","84.43","0.06","-0.610","0.00","2.14","0.3711","0.0315","0.4172"
"WEP","31-Aug-2025","11","87.70","84.72","0.07","-0.050","0.00","2.14","0.3711","0.0315","0.4172"
"WEP","31-Aug-2025","12","87.67","84.82","0.14","-0.250","0.00","2.14","0.3711","0.0315","0.4172"
"WEP","31-Aug-2025","13","92.09","89.28","0.18","-0.330","0.00","2.14","0.3711","0.0315","0.4172"
"WEP","31-Aug-2025","14","95.06","92.05","0.25","-0.200","0.00","2.14","0.3711","0.0315","0.4172"
"WEP","31-Aug-2025","15","96.18","92.91","0.45","-0.140","0.00","2.14","0.3711","0.0315","0.4172"
"WEP","31-Aug-2025","16","94.94","92.02","0.44","-0.480","0.00","2.14","0.3711","0.0315","0.4172"
"WEP","31-Aug-2025","17","99.26","96.54","0.46","-0.700","0.00","2.14","0.3711","0.0315","0.4172"
"WEP","31-Aug-2025","18","94.94","91.75","0.47","-0.240","0.00","2.14","0.3711","0.0315","0.4172"
"WEP","31-Aug-2025","19","94.79","91.47","0.28","0.080","0.00","2.14","0.3711","0.0315","0.4172"
"WEP","31-Aug-2025","20","88.40","84.83","0.29","0.320","0.00","2.14","0.3711","0.0315","0.4172"
"WEP","31-Aug-2025","21","81.77","79.12","0.17","-0.480","0.00","2.14","0.3711","0.0315","0.4172"
"WEP","31-Aug-2025","22","81.29","79.12","0.17","-0.960","0.00","2.14","0.3711","0.0315","0.4172"
"WEP","31-Aug-2025","23","81.57","78.90","0.17","-0.460","0.00","2.14","0.3711","0.0315","0.4172"
"WEP","31-Aug-2025","24","78.89","76.74","0.15","-0.960","0.00","2.14","0.3711","0.0315","0.4172"
"WEP","31-Aug-2025","25","76.67","75.27","0.18","-1.740","0.00","2.14","0.3711","0.0315","0.4172"
"WEP","31-Aug-2025","26","79.72","78.91","0.19","-2.340","0.00","2.14","0.3711","0.0315","0.4172"
"WEP","31-Aug-2025","27","80.64","79.00","0.18","-1.500","0.00","2.14","0.3711","0.0315","0.4172"
"WEP","31-Aug-2025","28","79.99","78.86","0.17","-2.000","0.00","2.14","0.3711","0.0315","0.4172"
"WEP","31-Aug-2025","29","85.53","83.54","0.15","-1.120","0.00","2.14","0.3711","0.0315","0.4172"
"WEP","31-Aug-2025","30","90.66","88.07","0.12","-0.490","0.00","2.14","0.3711","0.0315","0.4172"
"WEP","31-Aug-2025","31","81.27","79.00","0.15","-0.840","0.00","2.14","0.3711","0.0315","0.4172"
"WEP","31-Aug-2025","32","79.61","79.00","0.19","-2.540","0.00","2.14","0.3711","0.0315","0.4172"
"WEP","31-Aug-2025","33","94.19","93.10","0.20","-2.070","0.00","2.14","0.3711","0.0315","0.4172"
"WEP","31-Aug-2025","34","113.07","111.19","0.42","-1.500","0.00","2.14","0.3711","0.0315","0.4172"
"WEP","31-Aug-2025","35","113.54","111.08","0.74","-1.240","0.00","2.14","0.3711","0.0315","0.4172"
"WEP","31-Aug-2025","36","98.74","96.68","0.19","-1.090","0.00","2.14","0.3711","0.0315","0.4172"
"WEP","31-Aug-2025","37","105.36","103.50","0.41","-1.510","0.00","2.14","0.3711","0.0315","0.4172"
"WEP","31-Aug-2025","38","106.79","104.28","0.55","-1.000","0.00","2.14","0.3711","0.0315","0.4172"
"WEP","31-Aug-2025","39","109.52","106.99","0.48","-0.910","0.00","2.14","0.3711","0.0315","0.4172"
"WEP","31-Aug-2025","40","109.19","107.02","0.41","-1.200","0.00","2.14","0.3711","0.0315","0.4172"
"WEP","31-Aug-2025","41","109.18","107.03","0.33","-1.140","0.00","2.14","0.3711","0.0315","0.4172"
"WEP","31-Aug-2025","42","109.13","107.03","0.35","-1.210","0.00","2.14","0.3711","0.0315","0.4172"
"WEP","31-Aug-2025","43","109.16","107.03","0.35","-1.180","0.00","2.14","0.3711","0.0315","0.4172"
"WEP","31-Aug-2025","44","98.70","96.63","0.19","-1.080","0.00","2.14","0.3711","0.0315","0.4172"
"WEP","31-Aug-2025","45","94.09","91.88","0.15","-0.900","0.00","2.14","0.3711","0.0315","0.4172"
"WEP","31-Aug-2025","46","90.29","87.99","0.13","-0.790","0.00","2.14","0.3711","0.0315","0.4172"
"WEP","31-Aug-2025","47","87.20","84.61","0.14","-0.510","0.00","2.14","0.3711","0.0315","0.4172"
"WEP","31-Aug-2025","48","86.51","83.58","0.13","-0.160","0.00","2.14","0.3711","0.0315","0.4172"
