"INFORMATION TYPE","DATE","PERIOD","WEP ($/MWh)","USEP ($/MWh)","AFP ($/MWh)","HEUR ($/MWh)","HLCU ($/MWh)","MEUC ($/MWh)","EMC Price Cap Fees ($/MWh)","EMC Price Adj Fees ($/MWh)","PSO Fees ($/MWh)"
"WEP","01-Jan-2025","1","97.24","95.85","0.28","0.160","0.00","0.18","0.3686","0.0422","0.3550"
"WEP","01-Jan-2025","2","92.85","91.73","0.17","0.010","0.00","0.18","0.3686","0.0422","0.3550"
"WEP","01-Jan-2025","3","94.33","93.60","0.15","-0.370","0.00","0.18","0.3686","0.0422","0.3550"
"WEP","01-Jan-2025","4","93.77","93.61","0.16","-0.950","0.00","0.18","0.3686","0.0422","0.3550"
"WEP","01-Jan-2025","5","95.88","95.52","0.16","-0.750","0.00","0.18","0.3686","0.0422","0.3550"
"WEP","01-Jan-2025","6","98.63","97.82","0.14","-0.270","0.00","0.18","0.3686","0.0422","0.3550"
"WEP","01-Jan-2025","7","94.91","93.65","0.14","0.180","0.00","0.18","0.3686","0.0422","0.3550"
"WEP","01-Jan-2025","8","93.23","91.83","0.14","0.320","0.00","0.18","0.3686","0.0422","0.3550"
"WEP","01-Jan-2025","9","87.81","86.72","0.14","0.000","0.00","0.18","0.3686","0.0422","0.3550"
"WEP","01-Jan-2025","10","94.52","93.48","0.16","-0.060","0.00","0.18","0.3686","0.0422","0.3550"
"WEP","01-Jan-2025","11","94.42","93.56","0.17","-0.250","0.00","0.18","0.3686","0.0422","0.3550"
"WEP","01-Jan-2025","12","88.59","87.51","0.18","-0.050","0.00","0.18","0.3686","0.0422","0.3550"
"WEP","01-Jan-2025","13","93.07","92.25","0.23","-0.360","0.00","0.18","0.3686","0.0422","0.3550"
"WEP","01-Jan-2025","14","93.90","92.76","0.53","-0.340","0.00","0.18","0.3686","0.0422","0.3550"
"WEP","01-Jan-2025","15","94.76","93.38","0.74","-0.310","0.00","0.18","0.3686","0.0422","0.3550"
"WEP","01-Jan-2025","16","98.45","97.66","0.25","-0.410","0.00","0.18","0.3686","0.0422","0.3550"
"WEP","01-Jan-2025","17","99.89","98.75","0.20","-0.010","0.00","0.18","0.3686","0.0422","0.3550"
"WEP","01-Jan-2025","18","100.48","98.74","0.55","0.240","0.00","0.18","0.3686","0.0422","0.3550"
"WEP","01-Jan-2025","19","93.90","92.70","0.19","0.060","0.00","0.18","0.3686","0.0422","0.3550"
"WEP","01-Jan-2025","20","83.32","82.32","0.19","-0.130","0.00","0.18","0.3686","0.0422","0.3550"
"WEP","01-Jan-2025","21","79.59","78.56","0.18","-0.100","0.00","0.18","0.3686","0.0422","0.3550"
"WEP","01-Jan-2025","22","78.40","77.24","0.16","0.050","0.00","0.18","0.3686","0.0422","0.3550"
"WEP","01-Jan-2025","23","73.01","71.96","0.15","-0.040","0.00","0.18","0.3686","0.0422","0.3550"
"WEP","01-Jan-2025","24","69.40","69.33","0.15","-1.030","0.00","0.18","0.3686","0.0422","0.3550"
"WEP","01-Jan-2025","25","70.35","70.71","0.17","-1.480","0.00","0.18","0.3686","0.0422","0.3550"
"WEP","01-Jan-2025","26","74.17","74.24","0.17","-1.190","0.00","0.18","0.3686","0.0422","0.3550"
"WEP","01-Jan-2025","27","71.54","71.99","0.17","-1.570","0.00","0.18","0.3686","0.0422","0.3550"
"WEP","01-Jan-2025","28","80.17","80.28","0.16","-1.220","0.00","0.18","0.3686","0.0422","0.3550"
"WEP","01-Jan-2025","29","86.77","86.63","0.16","-0.970","0.00","0.18","0.3686","0.0422","0.3550"
"WEP","01-Jan-2025","30","95.02","94.83","0.16","-0.920","0.00","0.18","0.3686","0.0422","0.3550"
"WEP","01-Jan-2025","31","95.28","94.71","0.19","-0.570","0.00","0.18","0.3686","0.0422","0.3550"
"WEP","01-Jan-2025","32","94.28","93.62","0.19","-0.480","0.00","0.18","0.3686","0.0422","0.3550"
"WEP","01-Jan-2025","33","85.02","84.63","0.17","-0.720","0.00","0.18","0.3686","0.0422","0.3550"
"WEP","01-Jan-2025","34","93.68","93.48","0.20","-0.940","0.00","0.18","0.3686","0.0422","0.3550"
"WEP","01-Jan-2025","35","84.20","84.64","0.17","-1.560","0.00","0.18","0.3686","0.0422","0.3550"
"WEP","01-Jan-2025","36","93.13","93.64","0.18","-1.630","0.00","0.18","0.3686","0.0422","0.3550"
"WEP","01-Jan-2025","37","93.79","93.73","0.53","-1.410","0.00","0.18","0.3686","0.0422","0.3550"
"WEP","01-Jan-2025","38","104.60","104.79","0.31","-1.450","0.00","0.18","0.3686","0.0422","0.3550"
"WEP","01-Jan-2025","39","112.68","112.25","0.52","-1.040","0.00","0.18","0.3686","0.0422","0.3550"
"WEP","01-Jan-2025","40","116.28","115.69","0.44","-0.800","0.00","0.18","0.3686","0.0422","0.3550"
"WEP","01-Jan-2025","41","125.86","126.01","0.46","-1.550","0.00","0.18","0.3686","0.0422","0.3550"
"WEP","01-Jan-2025","42","125.96","125.96","0.45","-1.400","0.00","0.18","0.3686","0.0422","0.3550"
"WEP","01-Jan-2025","43","113.43","113.35","0.24","-1.100","0.00","0.18","0.3686","0.0422","0.3550"
"WEP","01-Jan-2025","44","111.70","111.45","0.25","-0.940","0.00","0.18","0.3686","0.0422","0.3550"
"WEP","01-Jan-2025","45","107.00","105.59","0.21","0.250","0.00","0.18","0.3686","0.0422","0.3550"
"WEP","01-Jan-2025","46","106.64","105.60","0.17","-0.070","0.00","0.18","0.3686","0.0422","0.3550"
"WEP","01-Jan-2025","47","101.75","100.89","0.17","-0.260","0.00","0.18","0.3686","0.0422","0.3550"
"WEP","01-Jan-2025","48","94.52","93.60","0.17","-0.200","0.00","0.18","0.3686","0.0422","0.3550"
"WEP","02-Jan-2025","1","80.82","80.72","0.17","-0.990","0.00","0.18","0.3686","0.0389","0.3274"
"WEP","02-Jan-2025","2","74.64","74.38","0.14","-0.790","0.00","0.18","0.3686","0.0389","0.3274"
"WEP","02-Jan-2025","3","80.85","80.74","0.13","-0.940","0.00","0.18","0.3686","0.0389","0.3274"
"WEP","02-Jan-2025","4","77.81","76.74","0.13","0.030","0.00","0.18","0.3686","0.0389","0.3274"
"WEP","02-Jan-2025","5","73.76","73.50","0.13","-0.790","0.00","0.18","0.3686","0.0389","0.3274"
"WEP","02-Jan-2025","6","72.37","71.32","0.13","0.010","0.00","0.18","0.3686","0.0389","0.3274"
"WEP","02-Jan-2025","7","72.01","71.32","0.13","-0.350","0.00","0.18","0.3686","0.0389","0.3274"
"WEP","02-Jan-2025","8","71.67","70.95","0.13","-0.320","0.00","0.18","0.3686","0.0389","0.3274"
"WEP","02-Jan-2025","9","71.51","70.90","0.13","-0.440","0.00","0.18","0.3686","0.0389","0.3274"
"WEP","02-Jan-2025","10","71.65","71.32","0.13","-0.720","0.00","0.18","0.3686","0.0389","0.3274"
"WEP","02-Jan-2025","11","74.96","74.17","0.14","-0.270","0.00","0.18","0.3686","0.0389","0.3274"
"WEP","02-Jan-2025","12","79.26","78.54","0.17","-0.370","0.00","0.18","0.3686","0.0389","0.3274"
"WEP","02-Jan-2025","13","74.97","74.39","0.19","-0.520","0.00","0.18","0.3686","0.0389","0.3274"
"WEP","02-Jan-2025","14","81.91","82.21","0.22","-1.430","0.00","0.18","0.3686","0.0389","0.3274"
"WEP","02-Jan-2025","15","94.31","93.61","0.47","-0.680","0.00","0.18","0.3686","0.0389","0.3274"
"WEP","02-Jan-2025","16","102.75","102.14","0.22","-0.520","0.00","0.18","0.3686","0.0389","0.3274"
"WEP","02-Jan-2025","17","101.99","102.13","0.17","-1.220","0.00","0.18","0.3686","0.0389","0.3274"
"WEP","02-Jan-2025","18","102.40","102.14","0.30","-0.960","0.00","0.18","0.3686","0.0389","0.3274"
"WEP","02-Jan-2025","19","94.13","93.55","0.17","-0.510","0.00","0.18","0.3686","0.0389","0.3274"
"WEP","02-Jan-2025","20","90.49","89.82","0.17","-0.420","0.00","0.18","0.3686","0.0389","0.3274"
"WEP","02-Jan-2025","21","81.22","80.76","0.14","-0.590","0.00","0.18","0.3686","0.0389","0.3274"
"WEP","02-Jan-2025","22","77.35","77.27","0.14","-0.980","0.00","0.18","0.3686","0.0389","0.3274"
"WEP","02-Jan-2025","23","78.59","78.67","0.07","-1.070","0.00","0.18","0.3686","0.0389","0.3274"
"WEP","02-Jan-2025","24","73.48","73.72","0.07","-1.230","0.00","0.18","0.3686","0.0389","0.3274"
"WEP","02-Jan-2025","25","73.20","73.71","0.14","-1.570","0.00","0.18","0.3686","0.0389","0.3274"
"WEP","02-Jan-2025","26","72.93","73.70","0.14","-1.830","0.00","0.18","0.3686","0.0389","0.3274"
"WEP","02-Jan-2025","27","80.66","81.08","0.14","-1.470","0.00","0.18","0.3686","0.0389","0.3274"
"WEP","02-Jan-2025","28","87.11","87.55","0.13","-1.480","0.00","0.18","0.3686","0.0389","0.3274"
"WEP","02-Jan-2025","29","87.14","87.59","0.13","-1.490","0.00","0.18","0.3686","0.0389","0.3274"
"WEP","02-Jan-2025","30","77.56","77.97","0.13","-1.460","0.00","0.18","0.3686","0.0389","0.3274"
"WEP","02-Jan-2025","31","80.70","81.03","0.14","-1.390","0.00","0.18","0.3686","0.0389","0.3274"
"WEP","02-Jan-2025","32","80.24","81.02","0.14","-1.830","0.00","0.18","0.3686","0.0389","0.3274"
"WEP","02-Jan-2025","33","85.68","86.27","0.14","-1.640","0.00","0.18","0.3686","0.0389","0.3274"
"WEP","02-Jan-2025","34","103.02","103.51","0.14","-1.540","0.00","0.18","0.3686","0.0389","0.3274"
"WEP","02-Jan-2025","35","104.40","105.02","0.14","-1.670","0.00","0.18","0.3686","0.0389","0.3274"
"WEP","02-Jan-2025","36","101.26","102.15","0.15","-1.950","0.00","0.18","0.3686","0.0389","0.3274"
"WEP","02-Jan-2025","37","104.83","105.20","0.20","-1.480","0.00","0.18","0.3686","0.0389","0.3274"
"WEP","02-Jan-2025","38","105.38","105.73","0.20","-1.460","0.00","0.18","0.3686","0.0389","0.3274"
"WEP","02-Jan-2025","39","105.35","105.47","0.21","-1.250","0.00","0.18","0.3686","0.0389","0.3274"
"WEP","02-Jan-2025","40","102.38","102.67","0.18","-1.380","0.00","0.18","0.3686","0.0389","0.3274"
"WEP","02-Jan-2025","41","101.88","102.15","0.18","-1.360","0.00","0.18","0.3686","0.0389","0.3274"
"WEP","02-Jan-2025","42","101.38","101.98","0.17","-1.690","0.00","0.18","0.3686","0.0389","0.3274"
"WEP","02-Jan-2025","43","93.22","93.65","0.15","-1.500","0.00","0.18","0.3686","0.0389","0.3274"
"WEP","02-Jan-2025","44","93.28","93.48","0.16","-1.280","0.00","0.18","0.3686","0.0389","0.3274"
"WEP","02-Jan-2025","45","91.61","91.62","0.16","-1.090","0.00","0.18","0.3686","0.0389","0.3274"
"WEP","02-Jan-2025","46","90.75","90.64","0.15","-0.950","0.00","0.18","0.3686","0.0389","0.3274"
"WEP","02-Jan-2025","47","98.53","97.67","0.15","-0.210","0.00","0.18","0.3686","0.0389","0.3274"
"WEP","02-Jan-2025","48","102.66","101.85","0.16","-0.270","0.00","0.18","0.3686","0.0389","0.3274"
"WEP","03-Jan-2025","1","92.20","91.68","0.16","-0.550","0.00","0.18","0.3686","0.0385","0.3237"
"WEP","03-Jan-2025","2","88.33","87.62","0.14","-0.340","0.00","0.18","0.3686","0.0385","0.3237"
"WEP","03-Jan-2025","3","87.69","87.66","0.13","-1.010","0.00","0.18","0.3686","0.0385","0.3237"
"WEP","03-Jan-2025","4","83.04","83.04","0.13","-1.040","0.00","0.18","0.3686","0.0385","0.3237"
"WEP","03-Jan-2025","5","81.38","81.60","0.13","-1.260","0.00","0.18","0.3686","0.0385","0.3237"
"WEP","03-Jan-2025","6","81.14","81.61","0.12","-1.500","0.00","0.18","0.3686","0.0385","0.3237"
"WEP","03-Jan-2025","7","81.51","81.57","0.12","-1.100","0.00","0.18","0.3686","0.0385","0.3237"
"WEP","03-Jan-2025","8","80.25","80.37","0.12","-1.150","0.00","0.18","0.3686","0.0385","0.3237"
"WEP","03-Jan-2025","9","80.05","80.37","0.12","-1.350","0.00","0.18","0.3686","0.0385","0.3237"
"WEP","03-Jan-2025","10","81.49","81.57","0.13","-1.120","0.00","0.18","0.3686","0.0385","0.3237"
"WEP","03-Jan-2025","11","88.09","88.30","0.14","-1.270","0.00","0.18","0.3686","0.0385","0.3237"
"WEP","03-Jan-2025","12","91.96","91.70","0.17","-0.820","0.00","0.18","0.3686","0.0385","0.3237"
"WEP","03-Jan-2025","13","93.64","93.31","0.18","-0.760","0.00","0.18","0.3686","0.0385","0.3237"
"WEP","03-Jan-2025","14","100.64","100.34","0.20","-0.810","0.00","0.18","0.3686","0.0385","0.3237"
"WEP","03-Jan-2025","15","102.63","102.17","0.55","-1.000","0.00","0.18","0.3686","0.0385","0.3237"
"WEP","03-Jan-2025","16","126.19","125.89","0.22","-0.840","0.00","0.18","0.3686","0.0385","0.3237"
"WEP","03-Jan-2025","17","126.52","125.83","0.31","-0.530","0.00","0.18","0.3686","0.0385","0.3237"
"WEP","03-Jan-2025","18","126.40","125.86","0.54","-0.920","0.00","0.18","0.3686","0.0385","0.3237"
"WEP","03-Jan-2025","19","102.67","102.11","0.28","-0.630","0.00","0.18","0.3686","0.0385","0.3237"
"WEP","03-Jan-2025","20","99.15","98.37","0.27","-0.400","0.00","0.18","0.3686","0.0385","0.3237"
"WEP","03-Jan-2025","21","95.91","95.61","0.15","-0.760","0.00","0.18","0.3686","0.0385","0.3237"
"WEP","03-Jan-2025","22","90.41","90.26","0.13","-0.890","0.00","0.18","0.3686","0.0385","0.3237"
"WEP","03-Jan-2025","23","83.46","83.47","0.12","-1.040","0.00","0.18","0.3686","0.0385","0.3237"
"WEP","03-Jan-2025","24","80.70","80.90","0.12","-1.230","0.00","0.18","0.3686","0.0385","0.3237"
"WEP","03-Jan-2025","25","80.45","80.92","0.14","-1.520","0.00","0.18","0.3686","0.0385","0.3237"
"WEP","03-Jan-2025","26","80.66","81.53","0.14","-1.920","0.00","0.18","0.3686","0.0385","0.3237"
"WEP","03-Jan-2025","27","83.79","85.41","0.14","-2.670","0.00","0.18","0.3686","0.0385","0.3237"
"WEP","03-Jan-2025","28","92.63","93.62","0.13","-2.030","0.00","0.18","0.3686","0.0385","0.3237"
"WEP","03-Jan-2025","29","97.22","98.09","0.13","-1.910","0.00","0.18","0.3686","0.0385","0.3237"
"WEP","03-Jan-2025","30","90.36","90.67","0.13","-1.350","0.00","0.18","0.3686","0.0385","0.3237"
"WEP","03-Jan-2025","31","108.28","109.28","0.19","-2.110","0.00","0.18","0.3686","0.0385","0.3237"
"WEP","03-Jan-2025","32","106.29","107.17","0.17","-1.960","0.00","0.18","0.3686","0.0385","0.3237"
"WEP","03-Jan-2025","33","124.47","125.88","0.28","-2.600","0.00","0.18","0.3686","0.0385","0.3237"
"WEP","03-Jan-2025","34","197.32","200.00","0.38","-3.980","0.00","0.18","0.3686","0.0385","0.3237"
"WEP","03-Jan-2025","35","148.32","150.03","0.53","-3.150","0.00","0.18","0.3686","0.0385","0.3237"
"WEP","03-Jan-2025","36","125.09","126.02","0.39","-2.230","0.00","0.18","0.3686","0.0385","0.3237"
"WEP","03-Jan-2025","37","125.42","126.10","0.47","-2.060","0.00","0.18","0.3686","0.0385","0.3237"
"WEP","03-Jan-2025","38","170.67","171.62","0.62","-2.480","0.00","0.18","0.3686","0.0385","0.3237"
"WEP","03-Jan-2025","39","178.23","178.72","0.69","-2.090","0.00","0.18","0.3686","0.0385","0.3237"
"WEP","03-Jan-2025","40","142.13","141.95","0.50","-1.240","0.00","0.18","0.3686","0.0385","0.3237"
"WEP","03-Jan-2025","41","126.14","125.92","0.33","-1.020","0.00","0.18","0.3686","0.0385","0.3237"
"WEP","03-Jan-2025","42","125.67","125.84","0.41","-1.490","0.00","0.18","0.3686","0.0385","0.3237"
"WEP","03-Jan-2025","43","105.32","105.47","0.16","-1.220","0.00","0.18","0.3686","0.0385","0.3237"
"WEP","03-Jan-2025","44","93.54","93.67","0.16","-1.210","0.00","0.18","0.3686","0.0385","0.3237"
"WEP","03-Jan-2025","45","93.94","93.67","0.16","-0.800","0.00","0.18","0.3686","0.0385","0.3237"
"WEP","03-Jan-2025","46","93.57","93.56","0.15","-1.060","0.00","0.18","0.3686","0.0385","0.3237"
"WEP","03-Jan-2025","47","93.13","93.31","0.15","-1.240","0.00","0.18","0.3686","0.0385","0.3237"
"WEP","03-Jan-2025","48","101.90","102.10","0.15","-1.260","0.00","0.18","0.3686","0.0385","0.3237"
"WEP","04-Jan-2025","1","125.45","125.85","0.20","-1.520","0.00","0.18","0.3686","0.0403","0.3391"
"WEP","04-Jan-2025","2","126.19","125.77","0.14","-0.640","0.00","0.18","0.3686","0.0403","0.3391"
"WEP","04-Jan-2025","3","102.29","101.88","0.13","-0.650","0.00","0.18","0.3686","0.0403","0.3391"
"WEP","04-Jan-2025","4","92.92","92.45","0.13","-0.590","0.00","0.18","0.3686","0.0403","0.3391"
"WEP","04-Jan-2025","5","91.71","91.76","0.13","-1.110","0.00","0.18","0.3686","0.0403","0.3391"
"WEP","04-Jan-2025","6","90.61","90.78","0.12","-1.220","0.00","0.18","0.3686","0.0403","0.3391"
"WEP","04-Jan-2025","7","88.19","88.55","0.12","-1.410","0.00","0.18","0.3686","0.0403","0.3391"
"WEP","04-Jan-2025","8","88.60","88.55","0.12","-0.990","0.00","0.18","0.3686","0.0403","0.3391"
"WEP","04-Jan-2025","9","87.14","86.54","0.12","-0.450","0.00","0.18","0.3686","0.0403","0.3391"
"WEP","04-Jan-2025","10","87.20","86.61","0.13","-0.460","0.00","0.18","0.3686","0.0403","0.3391"
"WEP","04-Jan-2025","11","87.08","86.67","0.14","-0.660","0.00","0.18","0.3686","0.0403","0.3391"
"WEP","04-Jan-2025","12","94.12","93.40","0.17","-0.380","0.00","0.18","0.3686","0.0403","0.3391"
"WEP","04-Jan-2025","13","94.23","93.56","0.19","-0.450","0.00","0.18","0.3686","0.0403","0.3391"
"WEP","04-Jan-2025","14","102.82","102.04","0.21","-0.360","0.00","0.18","0.3686","0.0403","0.3391"
"WEP","04-Jan-2025","15","107.89","106.57","0.58","-0.180","0.00","0.18","0.3686","0.0403","0.3391"
"WEP","04-Jan-2025","16","126.53","125.86","0.24","-0.500","0.00","0.18","0.3686","0.0403","0.3391"
"WEP","04-Jan-2025","17","127.04","125.88","0.18","0.050","0.00","0.18","0.3686","0.0403","0.3391"
"WEP","04-Jan-2025","18","161.28","160.26","0.23","-0.140","0.00","0.18","0.3686","0.0403","0.3391"
"WEP","04-Jan-2025","19","112.50","111.81","0.17","-0.410","0.00","0.18","0.3686","0.0403","0.3391"
"WEP","04-Jan-2025","20","102.20","101.96","0.17","-0.860","0.00","0.18","0.3686","0.0403","0.3391"
"WEP","04-Jan-2025","21","103.38","102.59","0.15","-0.280","0.00","0.18","0.3686","0.0403","0.3391"
"WEP","04-Jan-2025","22","89.83","89.50","0.14","-0.740","0.00","0.18","0.3686","0.0403","0.3391"
"WEP","04-Jan-2025","23","87.54","87.50","0.13","-1.020","0.00","0.18","0.3686","0.0403","0.3391"
"WEP","04-Jan-2025","24","86.48","86.54","0.13","-1.120","0.00","0.18","0.3686","0.0403","0.3391"
"WEP","04-Jan-2025","25","83.85","83.59","0.15","-0.820","0.00","0.18","0.3686","0.0403","0.3391"
"WEP","04-Jan-2025","26","82.66","82.96","0.15","-1.380","0.00","0.18","0.3686","0.0403","0.3391"
"WEP","04-Jan-2025","27","81.15","81.49","0.15","-1.420","0.00","0.18","0.3686","0.0403","0.3391"
"WEP","04-Jan-2025","28","85.41","85.42","0.14","-1.080","0.00","0.18","0.3686","0.0403","0.3391"
"WEP","04-Jan-2025","29","81.14","80.87","0.14","-0.800","0.00","0.18","0.3686","0.0403","0.3391"
"WEP","04-Jan-2025","30","85.43","85.24","0.14","-0.880","0.00","0.18","0.3686","0.0403","0.3391"
"WEP","04-Jan-2025","31","80.52","80.84","0.15","-1.400","0.00","0.18","0.3686","0.0403","0.3391"
"WEP","04-Jan-2025","32","83.26","84.41","0.15","-2.230","0.00","0.18","0.3686","0.0403","0.3391"
"WEP","04-Jan-2025","33","87.81","88.61","0.15","-1.880","0.00","0.18","0.3686","0.0403","0.3391"
"WEP","04-Jan-2025","34","100.95","102.00","0.16","-2.140","0.00","0.18","0.3686","0.0403","0.3391"
"WEP","04-Jan-2025","35","101.40","102.06","0.15","-1.730","0.00","0.18","0.3686","0.0403","0.3391"
"WEP","04-Jan-2025","36","125.17","125.99","0.50","-2.250","0.00","0.18","0.3686","0.0403","0.3391"
"WEP","04-Jan-2025","37","126.02","125.98","0.84","-1.730","0.00","0.18","0.3686","0.0403","0.3391"
"WEP","04-Jan-2025","38","141.83","142.16","1.08","-2.340","0.00","0.18","0.3686","0.0403","0.3391"
"WEP","04-Jan-2025","39","190.36","190.46","1.84","-2.860","0.00","0.18","0.3686","0.0403","0.3391"
"WEP","04-Jan-2025","40","222.57","222.91","1.99","-3.260","0.00","0.18","0.3686","0.0403","0.3391"
"WEP","04-Jan-2025","41","223.37","223.02","1.92","-2.490","0.00","0.18","0.3686","0.0403","0.3391"
"WEP","04-Jan-2025","42","223.89","223.02","1.87","-1.930","0.00","0.18","0.3686","0.0403","0.3391"
"WEP","04-Jan-2025","43","126.33","125.98","0.49","-1.060","0.00","0.18","0.3686","0.0403","0.3391"
"WEP","04-Jan-2025","44","126.00","125.86","0.17","-0.950","0.00","0.18","0.3686","0.0403","0.3391"
"WEP","04-Jan-2025","45","118.83","118.15","0.17","-0.420","0.00","0.18","0.3686","0.0403","0.3391"
"WEP","04-Jan-2025","46","104.05","103.79","0.15","-0.810","0.00","0.18","0.3686","0.0403","0.3391"
"WEP","04-Jan-2025","47","102.91","102.18","0.15","-0.350","0.00","0.18","0.3686","0.0403","0.3391"
"WEP","04-Jan-2025","48","95.68","94.71","0.15","-0.110","0.00","0.18","0.3686","0.0403","0.3391"
"WEP","05-Jan-2025","1","100.50","100.72","0.15","-1.310","0.00","0.18","0.3686","0.0412","0.3462"
"WEP","05-Jan-2025","2","102.09","102.00","0.14","-0.980","0.00","0.18","0.3686","0.0412","0.3462"
"WEP","05-Jan-2025","3","103.60","103.54","0.12","-1.000","0.00","0.18","0.3686","0.0412","0.3462"
"WEP","05-Jan-2025","4","98.57","98.04","0.13","-0.530","0.00","0.18","0.3686","0.0412","0.3462"
"WEP","05-Jan-2025","5","95.69","95.77","0.13","-1.140","0.00","0.18","0.3686","0.0412","0.3462"
"WEP","05-Jan-2025","6","93.24","93.48","0.12","-1.290","0.00","0.18","0.3686","0.0412","0.3462"
"WEP","05-Jan-2025","7","93.28","93.42","0.12","-1.190","0.00","0.18","0.3686","0.0412","0.3462"
"WEP","05-Jan-2025","8","93.37","93.34","0.12","-1.020","0.00","0.18","0.3686","0.0412","0.3462"
"WEP","05-Jan-2025","9","93.46","93.34","0.12","-0.940","0.00","0.18","0.3686","0.0412","0.3462"
"WEP","05-Jan-2025","10","93.79","93.35","0.13","-0.620","0.00","0.18","0.3686","0.0412","0.3462"
"WEP","05-Jan-2025","11","93.94","93.44","0.14","-0.580","0.00","0.18","0.3686","0.0412","0.3462"
"WEP","05-Jan-2025","12","96.57","95.76","0.16","-0.280","0.00","0.18","0.3686","0.0412","0.3462"
"WEP","05-Jan-2025","13","96.39","95.76","0.20","-0.510","0.00","0.18","0.3686","0.0412","0.3462"
"WEP","05-Jan-2025","14","98.22","97.57","0.52","-0.810","0.00","0.18","0.3686","0.0412","0.3462"
"WEP","05-Jan-2025","15","100.17","99.34","1.07","-1.170","0.00","0.18","0.3686","0.0412","0.3462"
"WEP","05-Jan-2025","16","103.35","102.03","0.78","-0.390","0.00","0.18","0.3686","0.0412","0.3462"
"WEP","05-Jan-2025","17","102.89","102.13","0.21","-0.390","0.00","0.18","0.3686","0.0412","0.3462"
"WEP","05-Jan-2025","18","103.42","101.94","0.97","-0.420","0.00","0.18","0.3686","0.0412","0.3462"
"WEP","05-Jan-2025","19","96.44","95.69","0.25","-0.430","0.00","0.18","0.3686","0.0412","0.3462"
"WEP","05-Jan-2025","20","93.82","93.39","0.31","-0.820","0.00","0.18","0.3686","0.0412","0.3462"
"WEP","05-Jan-2025","21","92.07","91.71","0.18","-0.750","0.00","0.18","0.3686","0.0412","0.3462"
"WEP","05-Jan-2025","22","88.88","89.06","0.15","-1.270","0.00","0.18","0.3686","0.0412","0.3462"
"WEP","05-Jan-2025","23","86.49","85.75","0.14","-0.340","0.00","0.18","0.3686","0.0412","0.3462"
"WEP","05-Jan-2025","24","85.05","84.46","0.13","-0.480","0.00","0.18","0.3686","0.0412","0.3462"
"WEP","05-Jan-2025","25","78.80","79.07","0.15","-1.350","0.00","0.18","0.3686","0.0412","0.3462"
"WEP","05-Jan-2025","26","80.73","80.71","0.16","-1.070","0.00","0.18","0.3686","0.0412","0.3462"
"WEP","05-Jan-2025","27","80.62","80.89","0.16","-1.370","0.00","0.18","0.3686","0.0412","0.3462"
"WEP","05-Jan-2025","28","80.24","80.94","0.14","-1.780","0.00","0.18","0.3686","0.0412","0.3462"
"WEP","05-Jan-2025","29","81.42","82.21","0.14","-1.860","0.00","0.18","0.3686","0.0412","0.3462"
"WEP","05-Jan-2025","30","82.75","84.04","0.15","-2.380","0.00","0.18","0.3686","0.0412","0.3462"
"WEP","05-Jan-2025","31","84.40","84.89","0.17","-1.600","0.00","0.18","0.3686","0.0412","0.3462"
"WEP","05-Jan-2025","32","93.05","93.56","0.15","-1.600","0.00","0.18","0.3686","0.0412","0.3462"
"WEP","05-Jan-2025","33","87.87","89.28","0.15","-2.500","0.00","0.18","0.3686","0.0412","0.3462"
"WEP","05-Jan-2025","34","100.60","102.49","0.25","-3.080","0.00","0.18","0.3686","0.0412","0.3462"
"WEP","05-Jan-2025","35","124.11","125.99","0.29","-3.100","0.00","0.18","0.3686","0.0412","0.3462"
"WEP","05-Jan-2025","36","127.55","128.71","0.36","-2.450","0.00","0.18","0.3686","0.0412","0.3462"
"WEP","05-Jan-2025","37","132.05","132.34","0.83","-2.050","0.00","0.18","0.3686","0.0412","0.3462"
"WEP","05-Jan-2025","38","148.15","148.15","0.99","-1.920","0.00","0.18","0.3686","0.0412","0.3462"
"WEP","05-Jan-2025","39","156.11","155.46","1.19","-1.470","0.00","0.18","0.3686","0.0412","0.3462"
"WEP","05-Jan-2025","40","126.17","126.07","0.75","-1.580","0.00","0.18","0.3686","0.0412","0.3462"
"WEP","05-Jan-2025","41","118.63","119.27","0.65","-2.230","0.00","0.18","0.3686","0.0412","0.3462"
"WEP","05-Jan-2025","42","123.25","123.42","0.63","-1.740","0.00","0.18","0.3686","0.0412","0.3462"
"WEP","05-Jan-2025","43","102.50","102.69","0.30","-1.430","0.00","0.18","0.3686","0.0412","0.3462"
"WEP","05-Jan-2025","44","102.06","102.21","0.25","-1.340","0.00","0.18","0.3686","0.0412","0.3462"
"WEP","05-Jan-2025","45","93.77","93.56","0.16","-0.890","0.00","0.18","0.3686","0.0412","0.3462"
"WEP","05-Jan-2025","46","93.99","93.64","0.15","-0.740","0.00","0.18","0.3686","0.0412","0.3462"
"WEP","05-Jan-2025","47","93.76","93.36","0.15","-0.690","0.00","0.18","0.3686","0.0412","0.3462"
"WEP","05-Jan-2025","48","86.33","85.63","0.15","-0.390","0.00","0.18","0.3686","0.0412","0.3462"
"WEP","06-Jan-2025","1","88.22","87.61","0.15","-0.450","0.00","0.18","0.3686","0.0381","0.3203"
"WEP","06-Jan-2025","2","83.66","83.07","0.14","-0.450","0.00","0.18","0.3686","0.0381","0.3203"
"WEP","06-Jan-2025","3","81.58","80.84","0.13","-0.290","0.00","0.18","0.3686","0.0381","0.3203"
"WEP","06-Jan-2025","4","85.97","85.47","0.13","-0.540","0.00","0.18","0.3686","0.0381","0.3203"
"WEP","06-Jan-2025","5","83.95","83.77","0.13","-0.860","0.00","0.18","0.3686","0.0381","0.3203"
"WEP","06-Jan-2025","6","84.12","83.77","0.12","-0.680","0.00","0.18","0.3686","0.0381","0.3203"
"WEP","06-Jan-2025","7","93.15","93.34","0.12","-1.210","0.00","0.18","0.3686","0.0381","0.3203"
"WEP","06-Jan-2025","8","93.45","93.23","0.12","-0.810","0.00","0.18","0.3686","0.0381","0.3203"
"WEP","06-Jan-2025","9","91.02","90.66","0.13","-0.680","0.00","0.18","0.3686","0.0381","0.3203"
"WEP","06-Jan-2025","10","93.47","93.30","0.13","-0.860","0.00","0.18","0.3686","0.0381","0.3203"
"WEP","06-Jan-2025","11","93.95","93.69","0.14","-0.790","0.00","0.18","0.3686","0.0381","0.3203"
"WEP","06-Jan-2025","12","96.09","95.51","0.16","-0.490","0.00","0.18","0.3686","0.0381","0.3203"
"WEP","06-Jan-2025","13","93.02","93.43","0.19","-1.510","0.00","0.18","0.3686","0.0381","0.3203"
"WEP","06-Jan-2025","14","95.36","95.46","0.49","-1.500","0.00","0.18","0.3686","0.0381","0.3203"
"WEP","06-Jan-2025","15","101.39","100.96","0.66","-1.140","0.00","0.18","0.3686","0.0381","0.3203"
"WEP","06-Jan-2025","16","102.05","102.02","0.22","-1.090","0.00","0.18","0.3686","0.0381","0.3203"
"WEP","06-Jan-2025","17","102.58","102.14","0.17","-0.640","0.00","0.18","0.3686","0.0381","0.3203"
"WEP","06-Jan-2025","18","102.52","102.03","0.21","-0.620","0.00","0.18","0.3686","0.0381","0.3203"
"WEP","06-Jan-2025","19","101.42","100.70","0.16","-0.350","0.00","0.18","0.3686","0.0381","0.3203"
"WEP","06-Jan-2025","20","93.69","93.54","0.16","-0.920","0.00","0.18","0.3686","0.0381","0.3203"
"WEP","06-Jan-2025","21","92.99","93.54","0.14","-1.600","0.00","0.18","0.3686","0.0381","0.3203"
"WEP","06-Jan-2025","22","92.87","92.64","0.13","-0.810","0.00","0.18","0.3686","0.0381","0.3203"
"WEP","06-Jan-2025","23","91.78","91.57","0.12","-0.820","0.00","0.18","0.3686","0.0381","0.3203"
"WEP","06-Jan-2025","24","87.59","87.20","0.12","-0.630","0.00","0.18","0.3686","0.0381","0.3203"
"WEP","06-Jan-2025","25","86.91","86.44","0.14","-0.580","0.00","0.18","0.3686","0.0381","0.3203"
"WEP","06-Jan-2025","26","81.33","81.05","0.14","-0.770","0.00","0.18","0.3686","0.0381","0.3203"
"WEP","06-Jan-2025","27","80.44","80.87","0.14","-1.470","0.00","0.18","0.3686","0.0381","0.3203"
"WEP","06-Jan-2025","28","80.87","80.82","0.12","-0.980","0.00","0.18","0.3686","0.0381","0.3203"
"WEP","06-Jan-2025","29","85.85","86.46","0.12","-1.640","0.00","0.18","0.3686","0.0381","0.3203"
"WEP","06-Jan-2025","30","80.67","81.04","0.13","-1.400","0.00","0.18","0.3686","0.0381","0.3203"
"WEP","06-Jan-2025","31","88.23","88.59","0.14","-1.410","0.00","0.18","0.3686","0.0381","0.3203"
"WEP","06-Jan-2025","32","92.25","91.49","0.14","-0.290","0.00","0.18","0.3686","0.0381","0.3203"
"WEP","06-Jan-2025","33","93.77","92.63","0.14","0.090","0.00","0.18","0.3686","0.0381","0.3203"
"WEP","06-Jan-2025","34","93.75","93.10","0.14","-0.390","0.00","0.18","0.3686","0.0381","0.3203"
"WEP","06-Jan-2025","35","99.67","100.13","0.19","-1.550","0.00","0.18","0.3686","0.0381","0.3203"
"WEP","06-Jan-2025","36","98.63","100.15","0.17","-2.600","0.00","0.18","0.3686","0.0381","0.3203"
"WEP","06-Jan-2025","37","105.87","106.59","0.20","-1.830","0.00","0.18","0.3686","0.0381","0.3203"
"WEP","06-Jan-2025","38","107.33","107.90","0.20","-1.680","0.00","0.18","0.3686","0.0381","0.3203"
"WEP","06-Jan-2025","39","112.39","112.57","0.29","-1.370","0.00","0.18","0.3686","0.0381","0.3203"
"WEP","06-Jan-2025","40","108.69","108.82","0.20","-1.230","0.00","0.18","0.3686","0.0381","0.3203"
"WEP","06-Jan-2025","41","103.31","103.76","0.17","-1.530","0.00","0.18","0.3686","0.0381","0.3203"
"WEP","06-Jan-2025","42","101.34","102.17","0.17","-1.910","0.00","0.18","0.3686","0.0381","0.3203"
"WEP","06-Jan-2025","43","101.59","102.17","0.14","-1.620","0.00","0.18","0.3686","0.0381","0.3203"
"WEP","06-Jan-2025","44","100.97","101.31","0.15","-1.400","0.00","0.18","0.3686","0.0381","0.3203"
"WEP","06-Jan-2025","45","95.56","95.68","0.15","-1.180","0.00","0.18","0.3686","0.0381","0.3203"
"WEP","06-Jan-2025","46","93.85","93.64","0.14","-0.840","0.00","0.18","0.3686","0.0381","0.3203"
"WEP","06-Jan-2025","47","102.39","101.85","0.15","-0.520","0.00","0.18","0.3686","0.0381","0.3203"
"WEP","06-Jan-2025","48","102.03","101.96","0.15","-0.990","0.00","0.18","0.3686","0.0381","0.3203"
"WEP","07-Jan-2025","1","98.54","98.78","0.15","-1.300","0.00","0.18","0.3686","0.0381","0.3201"
"WEP","07-Jan-2025","2","93.63","93.53","0.14","-0.950","0.00","0.18","0.3686","0.0381","0.3201"
"WEP","07-Jan-2025","3","93.42","93.34","0.12","-0.950","0.00","0.18","0.3686","0.0381","0.3201"
"WEP","07-Jan-2025","4","91.83","91.70","0.13","-0.910","0.00","0.18","0.3686","0.0381","0.3201"
"WEP","07-Jan-2025","5","86.13","85.48","0.13","-0.390","0.00","0.18","0.3686","0.0381","0.3201"
"WEP","07-Jan-2025","6","85.93","85.48","0.12","-0.570","0.00","0.18","0.3686","0.0381","0.3201"
"WEP","07-Jan-2025","7","85.52","85.47","0.12","-0.980","0.00","0.18","0.3686","0.0381","0.3201"
"WEP","07-Jan-2025","8","85.16","85.28","0.12","-1.150","0.00","0.18","0.3686","0.0381","0.3201"
"WEP","07-Jan-2025","9","85.26","85.47","0.12","-1.230","0.00","0.18","0.3686","0.0381","0.3201"
"WEP","07-Jan-2025","10","89.69","89.52","0.13","-0.870","0.00","0.18","0.3686","0.0381","0.3201"
"WEP","07-Jan-2025","11","91.85","91.73","0.14","-0.920","0.00","0.18","0.3686","0.0381","0.3201"
"WEP","07-Jan-2025","12","94.34","93.74","0.15","-0.450","0.00","0.18","0.3686","0.0381","0.3201"
"WEP","07-Jan-2025","13","98.79","98.78","0.17","-1.060","0.00","0.18","0.3686","0.0381","0.3201"
"WEP","07-Jan-2025","14","109.91","109.87","0.19","-1.060","0.00","0.18","0.3686","0.0381","0.3201"
"WEP","07-Jan-2025","15","103.03","102.33","0.25","-0.460","0.00","0.18","0.3686","0.0381","0.3201"
"WEP","07-Jan-2025","16","126.44","125.82","0.19","-0.480","0.00","0.18","0.3686","0.0381","0.3201"
"WEP","07-Jan-2025","17","125.17","124.97","0.16","-0.860","0.00","0.18","0.3686","0.0381","0.3201"
"WEP","07-Jan-2025","18","102.96","102.22","0.19","-0.360","0.00","0.18","0.3686","0.0381","0.3201"
"WEP","07-Jan-2025","19","94.29","93.73","0.18","-0.530","0.00","0.18","0.3686","0.0381","0.3201"
"WEP","07-Jan-2025","20","91.82","91.85","0.18","-1.110","0.00","0.18","0.3686","0.0381","0.3201"
"WEP","07-Jan-2025","21","93.51","93.65","0.14","-1.190","0.00","0.18","0.3686","0.0381","0.3201"
"WEP","07-Jan-2025","22","93.64","93.64","0.13","-1.030","0.00","0.18","0.3686","0.0381","0.3201"
"WEP","07-Jan-2025","23","93.87","93.48","0.12","-0.640","0.00","0.18","0.3686","0.0381","0.3201"
"WEP","07-Jan-2025","24","88.53","87.58","0.12","-0.080","0.00","0.18","0.3686","0.0381","0.3201"
"WEP","07-Jan-2025","25","83.06","82.85","0.14","-0.840","0.00","0.18","0.3686","0.0381","0.3201"
"WEP","07-Jan-2025","26","85.51","85.41","0.14","-0.950","0.00","0.18","0.3686","0.0381","0.3201"
"WEP","07-Jan-2025","27","80.68","81.53","0.14","-1.900","0.00","0.18","0.3686","0.0381","0.3201"
"WEP","07-Jan-2025","28","87.05","87.57","0.13","-1.550","0.00","0.18","0.3686","0.0381","0.3201"
"WEP","07-Jan-2025","29","81.22","81.54","0.12","-1.340","0.00","0.18","0.3686","0.0381","0.3201"
"WEP","07-Jan-2025","30","85.36","85.32","0.13","-1.000","0.00","0.18","0.3686","0.0381","0.3201"
"WEP","07-Jan-2025","31","80.76","81.32","0.14","-1.600","0.00","0.18","0.3686","0.0381","0.3201"
"WEP","07-Jan-2025","32","85.57","86.22","0.14","-1.700","0.00","0.18","0.3686","0.0381","0.3201"
"WEP","07-Jan-2025","33","93.64","93.65","0.13","-1.050","0.00","0.18","0.3686","0.0381","0.3201"
"WEP","07-Jan-2025","34","93.37","93.67","0.14","-1.350","0.00","0.18","0.3686","0.0381","0.3201"
"WEP","07-Jan-2025","35","91.00","91.61","0.13","-1.640","0.00","0.18","0.3686","0.0381","0.3201"
"WEP","07-Jan-2025","36","90.86","91.62","0.14","-1.810","0.00","0.18","0.3686","0.0381","0.3201"
"WEP","07-Jan-2025","37","95.75","96.05","0.19","-1.400","0.00","0.18","0.3686","0.0381","0.3201"
"WEP","07-Jan-2025","38","101.43","102.14","0.18","-1.800","0.00","0.18","0.3686","0.0381","0.3201"
"WEP","07-Jan-2025","39","116.62","116.65","0.32","-1.260","0.00","0.18","0.3686","0.0381","0.3201"
"WEP","07-Jan-2025","40","109.42","109.41","0.18","-1.080","0.00","0.18","0.3686","0.0381","0.3201"
"WEP","07-Jan-2025","41","102.63","102.65","0.17","-1.100","0.00","0.18","0.3686","0.0381","0.3201"
"WEP","07-Jan-2025","42","101.93","102.05","0.16","-1.190","0.00","0.18","0.3686","0.0381","0.3201"
"WEP","07-Jan-2025","43","101.92","101.99","0.14","-1.120","0.00","0.18","0.3686","0.0381","0.3201"
"WEP","07-Jan-2025","44","93.65","93.67","0.14","-1.060","0.00","0.18","0.3686","0.0381","0.3201"
"WEP","07-Jan-2025","45","93.84","93.56","0.15","-0.770","0.00","0.18","0.3686","0.0381","0.3201"
"WEP","07-Jan-2025","46","93.63","93.47","0.14","-0.880","0.00","0.18","0.3686","0.0381","0.3201"
"WEP","07-Jan-2025","47","94.42","93.95","0.15","-0.590","0.00","0.18","0.3686","0.0381","0.3201"
"WEP","07-Jan-2025","48","95.66","96.00","0.15","-1.400","0.00","0.18","0.3686","0.0381","0.3201"
"WEP","08-Jan-2025","1","102.20","102.10","0.15","-0.960","0.00","0.18","0.3686","0.0377","0.3171"
"WEP","08-Jan-2025","2","98.98","98.77","0.14","-0.830","0.00","0.18","0.3686","0.0377","0.3171"
"WEP","08-Jan-2025","3","93.75","93.57","0.12","-0.840","0.00","0.18","0.3686","0.0377","0.3171"
"WEP","08-Jan-2025","4","94.18","93.39","0.13","-0.240","0.00","0.18","0.3686","0.0377","0.3171"
"WEP","08-Jan-2025","5","87.93","87.63","0.12","-0.720","0.00","0.18","0.3686","0.0377","0.3171"
"WEP","08-Jan-2025","6","85.24","84.51","0.12","-0.300","0.00","0.18","0.3686","0.0377","0.3171"
"WEP","08-Jan-2025","7","84.99","84.35","0.12","-0.390","0.00","0.18","0.3686","0.0377","0.3171"
"WEP","08-Jan-2025","8","85.33","84.51","0.12","-0.210","0.00","0.18","0.3686","0.0377","0.3171"
"WEP","08-Jan-2025","9","84.91","84.36","0.12","-0.470","0.00","0.18","0.3686","0.0377","0.3171"
"WEP","08-Jan-2025","10","85.98","85.54","0.12","-0.580","0.00","0.18","0.3686","0.0377","0.3171"
"WEP","08-Jan-2025","11","93.88","93.40","0.13","-0.550","0.00","0.18","0.3686","0.0377","0.3171"
"WEP","08-Jan-2025","12","102.80","101.86","0.15","-0.110","0.00","0.18","0.3686","0.0377","0.3171"
"WEP","08-Jan-2025","13","102.86","102.00","0.17","-0.220","0.00","0.18","0.3686","0.0377","0.3171"
"WEP","08-Jan-2025","14","116.11","115.47","0.19","-0.460","0.00","0.18","0.3686","0.0377","0.3171"
"WEP","08-Jan-2025","15","106.94","105.76","0.21","0.060","0.00","0.18","0.3686","0.0377","0.3171"
"WEP","08-Jan-2025","16","127.06","125.89","0.18","0.090","0.00","0.18","0.3686","0.0377","0.3171"
"WEP","08-Jan-2025","17","155.26","154.54","0.16","-0.340","0.00","0.18","0.3686","0.0377","0.3171"
"WEP","08-Jan-2025","18","203.80","202.10","0.40","0.390","0.00","0.18","0.3686","0.0377","0.3171"
"WEP","08-Jan-2025","19","139.66","137.95","0.40","0.410","0.00","0.18","0.3686","0.0377","0.3171"
"WEP","08-Jan-2025","20","127.41","125.91","0.41","0.190","0.00","0.18","0.3686","0.0377","0.3171"
"WEP","08-Jan-2025","21","103.60","102.42","0.17","0.110","0.00","0.18","0.3686","0.0377","0.3171"
"WEP","08-Jan-2025","22","96.57","95.78","0.14","-0.250","0.00","0.18","0.3686","0.0377","0.3171"
"WEP","08-Jan-2025","23","93.73","93.48","0.12","-0.770","0.00","0.18","0.3686","0.0377","0.3171"
"WEP","08-Jan-2025","24","88.56","88.48","0.12","-0.950","0.00","0.18","0.3686","0.0377","0.3171"
"WEP","08-Jan-2025","25","94.08","93.57","0.14","-0.530","0.00","0.18","0.3686","0.0377","0.3171"
"WEP","08-Jan-2025","26","94.07","93.63","0.14","-0.600","0.00","0.18","0.3686","0.0377","0.3171"
"WEP","08-Jan-2025","27","94.95","93.69","0.18","0.180","0.00","0.18","0.3686","0.0377","0.3171"
"WEP","08-Jan-2025","28","87.16","86.73","0.13","-0.610","0.00","0.18","0.3686","0.0377","0.3171"
"WEP","08-Jan-2025","29","87.66","87.64","0.13","-1.010","0.00","0.18","0.3686","0.0377","0.3171"
"WEP","08-Jan-2025","30","93.07","93.50","0.13","-1.470","0.00","0.18","0.3686","0.0377","0.3171"
"WEP","08-Jan-2025","31","93.92","93.54","0.14","-0.660","0.00","0.18","0.3686","0.0377","0.3171"
"WEP","08-Jan-2025","32","101.95","102.06","0.15","-1.160","0.00","0.18","0.3686","0.0377","0.3171"
"WEP","08-Jan-2025","33","102.00","102.14","0.14","-1.190","0.00","0.18","0.3686","0.0377","0.3171"
"WEP","08-Jan-2025","34","125.09","125.90","0.22","-1.930","0.00","0.18","0.3686","0.0377","0.3171"
"WEP","08-Jan-2025","35","125.45","125.90","0.35","-1.700","0.00","0.18","0.3686","0.0377","0.3171"
"WEP","08-Jan-2025","36","125.47","126.13","0.36","-1.920","0.00","0.18","0.3686","0.0377","0.3171"
"WEP","08-Jan-2025","37","207.51","208.44","0.87","-2.700","0.00","0.18","0.3686","0.0377","0.3171"
"WEP","08-Jan-2025","38","207.88","208.65","0.68","-2.360","0.00","0.18","0.3686","0.0377","0.3171"
"WEP","08-Jan-2025","39","209.20","208.47","0.72","-0.890","0.00","0.18","0.3686","0.0377","0.3171"
"WEP","08-Jan-2025","40","208.05","208.51","0.62","-1.990","0.00","0.18","0.3686","0.0377","0.3171"
"WEP","08-Jan-2025","41","208.08","208.49","0.58","-1.890","0.00","0.18","0.3686","0.0377","0.3171"
"WEP","08-Jan-2025","42","207.55","208.49","0.56","-2.410","0.00","0.18","0.3686","0.0377","0.3171"
"WEP","08-Jan-2025","43","207.51","208.40","0.23","-2.020","0.00","0.18","0.3686","0.0377","0.3171"
"WEP","08-Jan-2025","44","174.22","174.61","0.16","-1.460","0.00","0.18","0.3686","0.0377","0.3171"
"WEP","08-Jan-2025","45","126.64","125.99","0.15","-0.400","0.00","0.18","0.3686","0.0377","0.3171"
"WEP","08-Jan-2025","46","126.60","125.92","0.08","-0.300","0.00","0.18","0.3686","0.0377","0.3171"
"WEP","08-Jan-2025","47","104.63","103.77","0.14","-0.180","0.00","0.18","0.3686","0.0377","0.3171"
"WEP","08-Jan-2025","48","102.91","102.23","0.15","-0.370","0.00","0.18","0.3686","0.0377","0.3171"
"WEP","09-Jan-2025","1","107.80","106.64","0.14","0.120","0.00","0.18","0.3686","0.0379","0.3183"
"WEP","09-Jan-2025","2","102.64","101.99","0.14","-0.400","0.00","0.18","0.3686","0.0379","0.3183"
"WEP","09-Jan-2025","3","100.56","99.77","0.12","-0.230","0.00","0.18","0.3686","0.0379","0.3183"
"WEP","09-Jan-2025","4","97.08","96.33","0.13","-0.290","0.00","0.18","0.3686","0.0379","0.3183"
"WEP","09-Jan-2025","5","93.54","93.33","0.12","-0.810","0.00","0.18","0.3686","0.0379","0.3183"
"WEP","09-Jan-2025","6","94.34","93.30","0.12","0.010","0.00","0.18","0.3686","0.0379","0.3183"
"WEP","09-Jan-2025","7","93.66","93.30","0.12","-0.660","0.00","0.18","0.3686","0.0379","0.3183"
"WEP","09-Jan-2025","8","91.77","91.04","0.12","-0.300","0.00","0.18","0.3686","0.0379","0.3183"
"WEP","09-Jan-2025","9","91.78","91.67","0.12","-0.910","0.00","0.18","0.3686","0.0379","0.3183"
"WEP","09-Jan-2025","10","94.02","93.51","0.12","-0.520","0.00","0.18","0.3686","0.0379","0.3183"
"WEP","09-Jan-2025","11","99.32","98.54","0.13","-0.250","0.00","0.18","0.3686","0.0379","0.3183"
"WEP","09-Jan-2025","12","109.62","108.61","0.16","-0.060","0.00","0.18","0.3686","0.0379","0.3183"
"WEP","09-Jan-2025","13","103.77","102.85","0.17","-0.150","0.00","0.18","0.3686","0.0379","0.3183"
"WEP","09-Jan-2025","14","126.70","125.87","0.19","-0.260","0.00","0.18","0.3686","0.0379","0.3183"
"WEP","09-Jan-2025","15","126.69","125.80","0.41","-0.430","0.00","0.18","0.3686","0.0379","0.3183"
"WEP","09-Jan-2025","16","177.61","176.81","0.27","-0.370","0.00","0.18","0.3686","0.0379","0.3183"
"WEP","09-Jan-2025","17","180.09","179.67","0.30","-0.780","0.00","0.18","0.3686","0.0379","0.3183"
"WEP","09-Jan-2025","18","189.52","188.14","0.52","-0.050","0.00","0.18","0.3686","0.0379","0.3183"
"WEP","09-Jan-2025","19","127.60","126.03","0.29","0.380","0.00","0.18","0.3686","0.0379","0.3183"
"WEP","09-Jan-2025","20","118.54","117.28","0.32","0.030","0.00","0.18","0.3686","0.0379","0.3183"
"WEP","09-Jan-2025","21","102.79","102.20","0.15","-0.470","0.00","0.18","0.3686","0.0379","0.3183"
"WEP","09-Jan-2025","22","97.61","97.17","0.13","-0.590","0.00","0.18","0.3686","0.0379","0.3183"
"WEP","09-Jan-2025","23","94.29","93.70","0.12","-0.440","0.00","0.18","0.3686","0.0379","0.3183"
"WEP","09-Jan-2025","24","91.42","91.12","0.12","-0.720","0.00","0.18","0.3686","0.0379","0.3183"
"WEP","09-Jan-2025","25","89.29","88.97","0.14","-0.730","0.00","0.18","0.3686","0.0379","0.3183"
"WEP","09-Jan-2025","26","97.44","97.22","0.14","-0.820","0.00","0.18","0.3686","0.0379","0.3183"
"WEP","09-Jan-2025","27","94.40","93.62","0.14","-0.260","0.00","0.18","0.3686","0.0379","0.3183"
"WEP","09-Jan-2025","28","94.82","93.65","0.13","0.130","0.00","0.18","0.3686","0.0379","0.3183"
"WEP","09-Jan-2025","29","94.03","93.54","0.12","-0.530","0.00","0.18","0.3686","0.0379","0.3183"
"WEP","09-Jan-2025","30","94.12","93.64","0.13","-0.560","0.00","0.18","0.3686","0.0379","0.3183"
"WEP","09-Jan-2025","31","93.53","93.66","0.14","-1.180","0.00","0.18","0.3686","0.0379","0.3183"
"WEP","09-Jan-2025","32","101.77","102.04","0.14","-1.310","0.00","0.18","0.3686","0.0379","0.3183"
"WEP","09-Jan-2025","33","101.90","102.15","0.14","-1.300","0.00","0.18","0.3686","0.0379","0.3183"
"WEP","09-Jan-2025","34","101.72","102.15","0.14","-1.470","0.00","0.18","0.3686","0.0379","0.3183"
"WEP","09-Jan-2025","35","101.21","102.15","0.14","-1.990","0.00","0.18","0.3686","0.0379","0.3183"
"WEP","09-Jan-2025","36","107.70","108.32","0.19","-1.720","0.00","0.18","0.3686","0.0379","0.3183"
"WEP","09-Jan-2025","37","125.73","125.91","0.36","-1.440","0.00","0.18","0.3686","0.0379","0.3183"
"WEP","09-Jan-2025","38","119.90","119.83","0.24","-1.070","0.00","0.18","0.3686","0.0379","0.3183"
"WEP","09-Jan-2025","39","126.11","125.87","0.35","-1.010","0.00","0.18","0.3686","0.0379","0.3183"
"WEP","09-Jan-2025","40","106.65","106.58","0.20","-1.040","0.00","0.18","0.3686","0.0379","0.3183"
"WEP","09-Jan-2025","41","105.28","105.44","0.17","-1.230","0.00","0.18","0.3686","0.0379","0.3183"
"WEP","09-Jan-2025","42","105.87","105.96","0.17","-1.170","0.00","0.18","0.3686","0.0379","0.3183"
"WEP","09-Jan-2025","43","106.83","106.58","0.14","-0.800","0.00","0.18","0.3686","0.0379","0.3183"
"WEP","09-Jan-2025","44","102.23","101.98","0.15","-0.800","0.00","0.18","0.3686","0.0379","0.3183"
"WEP","09-Jan-2025","45","95.44","94.63","0.15","-0.250","0.00","0.18","0.3686","0.0379","0.3183"
"WEP","09-Jan-2025","46","94.00","93.54","0.14","-0.580","0.00","0.18","0.3686","0.0379","0.3183"
"WEP","09-Jan-2025","47","91.55","91.04","0.15","-0.550","0.00","0.18","0.3686","0.0379","0.3183"
"WEP","09-Jan-2025","48","90.11","89.70","0.14","-0.640","0.00","0.18","0.3686","0.0379","0.3183"
"WEP","10-Jan-2025","1","94.28","93.42","0.14","-0.190","0.00","0.18","0.3686","0.0378","0.3181"
"WEP","10-Jan-2025","2","88.64","87.74","0.14","-0.140","0.00","0.18","0.3686","0.0378","0.3181"
"WEP","10-Jan-2025","3","86.11","85.45","0.12","-0.370","0.00","0.18","0.3686","0.0378","0.3181"
"WEP","10-Jan-2025","4","85.02","84.39","0.13","-0.400","0.00","0.18","0.3686","0.0378","0.3181"
"WEP","10-Jan-2025","5","84.54","84.21","0.12","-0.700","0.00","0.18","0.3686","0.0378","0.3181"
"WEP","10-Jan-2025","6","81.13","80.98","0.12","-0.880","0.00","0.18","0.3686","0.0378","0.3181"
"WEP","10-Jan-2025","7","83.36","83.07","0.12","-0.730","0.00","0.18","0.3686","0.0378","0.3181"
"WEP","10-Jan-2025","8","83.77","83.07","0.12","-0.330","0.00","0.18","0.3686","0.0378","0.3181"
"WEP","10-Jan-2025","9","84.73","84.29","0.12","-0.590","0.00","0.18","0.3686","0.0378","0.3181"
"WEP","10-Jan-2025","10","85.77","85.32","0.12","-0.580","0.00","0.18","0.3686","0.0378","0.3181"
"WEP","10-Jan-2025","11","88.62","87.68","0.13","-0.100","0.00","0.18","0.3686","0.0378","0.3181"
"WEP","10-Jan-2025","12","95.12","93.52","0.15","0.540","0.00","0.18","0.3686","0.0378","0.3181"
"WEP","10-Jan-2025","13","94.50","93.54","0.17","-0.110","0.00","0.18","0.3686","0.0378","0.3181"
"WEP","10-Jan-2025","14","100.93","100.29","0.19","-0.450","0.00","0.18","0.3686","0.0378","0.3181"
"WEP","10-Jan-2025","15","100.69","99.60","0.24","-0.050","0.00","0.18","0.3686","0.0378","0.3181"
"WEP","10-Jan-2025","16","102.63","102.14","0.19","-0.600","0.00","0.18","0.3686","0.0378","0.3181"
"WEP","10-Jan-2025","17","115.49","115.96","0.16","-1.530","0.00","0.18","0.3686","0.0378","0.3181"
"WEP","10-Jan-2025","18","125.68","125.88","0.19","-1.290","0.00","0.18","0.3686","0.0378","0.3181"
"WEP","10-Jan-2025","19","145.01","144.77","0.40","-1.060","0.00","0.18","0.3686","0.0378","0.3181"
"WEP","10-Jan-2025","20","208.91","209.96","0.53","-2.480","0.00","0.18","0.3686","0.0378","0.3181"
"WEP","10-Jan-2025","21","221.38","222.25","0.28","-2.050","0.00","0.18","0.3686","0.0378","0.3181"
"WEP","10-Jan-2025","22","222.21","223.01","0.27","-1.980","0.00","0.18","0.3686","0.0378","0.3181"
"WEP","10-Jan-2025","23","217.09","218.47","0.20","-2.490","0.00","0.18","0.3686","0.0378","0.3181"
"WEP","10-Jan-2025","24","124.99","125.76","0.12","-1.790","0.00","0.18","0.3686","0.0378","0.3181"
"WEP","10-Jan-2025","25","185.44","187.45","0.14","-3.050","0.00","0.18","0.3686","0.0378","0.3181"
"WEP","10-Jan-2025","26","206.59","208.03","0.15","-2.500","0.00","0.18","0.3686","0.0378","0.3181"
"WEP","10-Jan-2025","27","213.36","213.64","0.21","-1.400","0.00","0.18","0.3686","0.0378","0.3181"
"WEP","10-Jan-2025","28","208.26","208.04","0.16","-0.840","0.00","0.18","0.3686","0.0378","0.3181"
"WEP","10-Jan-2025","29","208.68","208.04","0.23","-0.500","0.00","0.18","0.3686","0.0378","0.3181"
"WEP","10-Jan-2025","30","208.56","208.04","0.22","-0.610","0.00","0.18","0.3686","0.0378","0.3181"
"WEP","10-Jan-2025","31","222.44","222.22","0.21","-0.900","0.00","0.18","0.3686","0.0378","0.3181"
"WEP","10-Jan-2025","32","205.18","208.04","0.23","-4.000","0.00","0.18","0.3686","0.0378","0.3181"
"WEP","10-Jan-2025","33","203.39","202.87","0.27","-0.660","0.00","0.18","0.3686","0.0378","0.3181"
"WEP","10-Jan-2025","34","173.93","173.37","0.16","-0.510","0.00","0.18","0.3686","0.0378","0.3181"
"WEP","10-Jan-2025","35","126.35","125.89","0.25","-0.690","0.00","0.18","0.3686","0.0378","0.3181"
"WEP","10-Jan-2025","36","117.42","116.82","0.16","-0.460","0.00","0.18","0.3686","0.0378","0.3181"
"WEP","10-Jan-2025","37","124.68","123.91","0.30","-0.430","0.00","0.18","0.3686","0.0378","0.3181"
"WEP","10-Jan-2025","38","120.30","119.15","0.22","0.030","0.00","0.18","0.3686","0.0378","0.3181"
"WEP","10-Jan-2025","39","127.42","125.69","0.34","0.480","0.00","0.18","0.3686","0.0378","0.3181"
"WEP","10-Jan-2025","40","120.37","119.11","0.20","0.150","0.00","0.18","0.3686","0.0378","0.3181"
"WEP","10-Jan-2025","41","108.03","106.45","0.18","0.500","0.00","0.18","0.3686","0.0378","0.3181"
"WEP","10-Jan-2025","42","103.43","102.14","0.18","0.200","0.00","0.18","0.3686","0.0378","0.3181"
"WEP","10-Jan-2025","43","103.45","102.04","0.15","0.360","0.00","0.18","0.3686","0.0378","0.3181"
"WEP","10-Jan-2025","44","94.61","93.53","0.17","0.000","0.00","0.18","0.3686","0.0378","0.3181"
"WEP","10-Jan-2025","45","89.04","87.66","0.17","0.300","0.00","0.18","0.3686","0.0378","0.3181"
"WEP","10-Jan-2025","46","85.99","84.61","0.15","0.320","0.00","0.18","0.3686","0.0378","0.3181"
"WEP","10-Jan-2025","47","81.97","80.86","0.16","0.050","0.00","0.18","0.3686","0.0378","0.3181"
"WEP","10-Jan-2025","48","80.44","78.62","0.16","0.750","0.00","0.18","0.3686","0.0378","0.3181"
"WEP","11-Jan-2025","1","88.48","87.24","0.15","0.160","0.00","0.18","0.3686","0.0413","0.3468"
"WEP","11-Jan-2025","2","79.96","78.61","0.15","0.270","0.00","0.18","0.3686","0.0413","0.3468"
"WEP","11-Jan-2025","3","79.95","78.46","0.13","0.420","0.00","0.18","0.3686","0.0413","0.3468"
"WEP","11-Jan-2025","4","79.59","77.97","0.13","0.550","0.00","0.18","0.3686","0.0413","0.3468"
"WEP","11-Jan-2025","5","82.24","80.73","0.13","0.450","0.00","0.18","0.3686","0.0413","0.3468"
"WEP","11-Jan-2025","6","79.93","78.54","0.13","0.320","0.00","0.18","0.3686","0.0413","0.3468"
"WEP","11-Jan-2025","7","79.00","78.01","0.13","-0.080","0.00","0.18","0.3686","0.0413","0.3468"
"WEP","11-Jan-2025","8","79.51","78.16","0.13","0.290","0.00","0.18","0.3686","0.0413","0.3468"
"WEP","11-Jan-2025","9","79.23","77.97","0.13","0.190","0.00","0.18","0.3686","0.0413","0.3468"
"WEP","11-Jan-2025","10","80.06","78.82","0.13","0.170","0.00","0.18","0.3686","0.0413","0.3468"
"WEP","11-Jan-2025","11","82.57","80.72","0.14","0.770","0.00","0.18","0.3686","0.0413","0.3468"
"WEP","11-Jan-2025","12","86.34","84.69","0.17","0.540","0.00","0.18","0.3686","0.0413","0.3468"
"WEP","11-Jan-2025","13","85.89","84.36","0.19","0.400","0.00","0.18","0.3686","0.0413","0.3468"
"WEP","11-Jan-2025","14","86.57","85.37","0.22","0.040","0.00","0.18","0.3686","0.0413","0.3468"
"WEP","11-Jan-2025","15","85.59","84.72","0.27","-0.340","0.00","0.18","0.3686","0.0413","0.3468"
"WEP","11-Jan-2025","16","89.78","89.12","0.22","-0.490","0.00","0.18","0.3686","0.0413","0.3468"
"WEP","11-Jan-2025","17","94.07","93.56","0.19","-0.620","0.00","0.18","0.3686","0.0413","0.3468"
"WEP","11-Jan-2025","18","102.66","101.94","0.24","-0.460","0.00","0.18","0.3686","0.0413","0.3468"
"WEP","11-Jan-2025","19","102.85","101.94","0.18","-0.200","0.00","0.18","0.3686","0.0413","0.3468"
"WEP","11-Jan-2025","20","102.58","102.09","0.18","-0.630","0.00","0.18","0.3686","0.0413","0.3468"
"WEP","11-Jan-2025","21","102.28","102.02","0.16","-0.830","0.00","0.18","0.3686","0.0413","0.3468"
"WEP","11-Jan-2025","22","102.15","102.10","0.15","-1.030","0.00","0.18","0.3686","0.0413","0.3468"
"WEP","11-Jan-2025","23","93.38","93.56","0.14","-1.260","0.00","0.18","0.3686","0.0413","0.3468"
"WEP","11-Jan-2025","24","91.70","91.64","0.13","-1.010","0.00","0.18","0.3686","0.0413","0.3468"
"WEP","11-Jan-2025","25","93.33","93.45","0.15","-1.210","0.00","0.18","0.3686","0.0413","0.3468"
"WEP","11-Jan-2025","26","93.51","93.52","0.15","-1.090","0.00","0.18","0.3686","0.0413","0.3468"
"WEP","11-Jan-2025","27","98.70","98.26","0.16","-0.660","0.00","0.18","0.3686","0.0413","0.3468"
"WEP","11-Jan-2025","28","98.57","98.25","0.14","-0.760","0.00","0.18","0.3686","0.0413","0.3468"
"WEP","11-Jan-2025","29","96.43","96.67","0.14","-1.310","0.00","0.18","0.3686","0.0413","0.3468"
"WEP","11-Jan-2025","30","93.33","93.61","0.15","-1.370","0.00","0.18","0.3686","0.0413","0.3468"
"WEP","11-Jan-2025","31","100.04","99.69","0.16","-0.750","0.00","0.18","0.3686","0.0413","0.3468"
"WEP","11-Jan-2025","32","102.94","102.09","0.16","-0.250","0.00","0.18","0.3686","0.0413","0.3468"
"WEP","11-Jan-2025","33","103.36","102.00","0.16","0.270","0.00","0.18","0.3686","0.0413","0.3468"
"WEP","11-Jan-2025","34","93.48","93.45","0.16","-1.060","0.00","0.18","0.3686","0.0413","0.3468"
"WEP","11-Jan-2025","35","96.19","96.46","0.16","-1.370","0.00","0.18","0.3686","0.0413","0.3468"
"WEP","11-Jan-2025","36","96.80","96.46","0.16","-0.750","0.00","0.18","0.3686","0.0413","0.3468"
"WEP","11-Jan-2025","37","96.81","96.68","0.21","-1.020","0.00","0.18","0.3686","0.0413","0.3468"
"WEP","11-Jan-2025","38","93.84","93.51","0.21","-0.810","0.00","0.18","0.3686","0.0413","0.3468"
"WEP","11-Jan-2025","39","95.77","95.51","0.21","-0.880","0.00","0.18","0.3686","0.0413","0.3468"
"WEP","11-Jan-2025","40","95.29","95.51","0.20","-1.350","0.00","0.18","0.3686","0.0413","0.3468"
"WEP","11-Jan-2025","41","96.32","96.46","0.19","-1.260","0.00","0.18","0.3686","0.0413","0.3468"
"WEP","11-Jan-2025","42","97.77","96.45","0.18","0.210","0.00","0.18","0.3686","0.0413","0.3468"
"WEP","11-Jan-2025","43","96.56","95.51","0.15","-0.040","0.00","0.18","0.3686","0.0413","0.3468"
"WEP","11-Jan-2025","44","93.74","92.89","0.16","-0.250","0.00","0.18","0.3686","0.0413","0.3468"
"WEP","11-Jan-2025","45","92.69","91.64","0.16","-0.050","0.00","0.18","0.3686","0.0413","0.3468"
"WEP","11-Jan-2025","46","89.20","88.33","0.15","-0.220","0.00","0.18","0.3686","0.0413","0.3468"
"WEP","11-Jan-2025","47","86.35","85.68","0.16","-0.420","0.00","0.18","0.3686","0.0413","0.3468"
"WEP","11-Jan-2025","48","81.54","80.85","0.16","-0.410","0.00","0.18","0.3686","0.0413","0.3468"
"WEP","12-Jan-2025","1","93.80","93.10","0.17","-0.410","0.00","0.18","0.3686","0.0419","0.3519"
"WEP","12-Jan-2025","2","89.35","88.58","0.15","-0.330","0.00","0.18","0.3686","0.0419","0.3519"
"WEP","12-Jan-2025","3","94.09","93.50","0.13","-0.480","0.00","0.18","0.3686","0.0419","0.3519"
"WEP","12-Jan-2025","4","92.13","91.32","0.13","-0.260","0.00","0.18","0.3686","0.0419","0.3519"
"WEP","12-Jan-2025","5","87.92","87.60","0.13","-0.750","0.00","0.18","0.3686","0.0419","0.3519"
"WEP","12-Jan-2025","6","84.94","84.36","0.13","-0.490","0.00","0.18","0.3686","0.0419","0.3519"
"WEP","12-Jan-2025","7","85.97","85.18","0.13","-0.280","0.00","0.18","0.3686","0.0419","0.3519"
"WEP","12-Jan-2025","8","85.73","85.18","0.13","-0.530","0.00","0.18","0.3686","0.0419","0.3519"
"WEP","12-Jan-2025","9","86.49","85.87","0.13","-0.450","0.00","0.18","0.3686","0.0419","0.3519"
"WEP","12-Jan-2025","10","88.19","87.40","0.13","-0.280","0.00","0.18","0.3686","0.0419","0.3519"
"WEP","12-Jan-2025","11","86.22","85.62","0.14","-0.480","0.00","0.18","0.3686","0.0419","0.3519"
"WEP","12-Jan-2025","12","89.14","88.54","0.17","-0.510","0.00","0.18","0.3686","0.0419","0.3519"
"WEP","12-Jan-2025","13","90.07","89.76","0.19","-0.820","0.00","0.18","0.3686","0.0419","0.3519"
"WEP","12-Jan-2025","14","93.48","93.32","0.25","-1.040","0.00","0.18","0.3686","0.0419","0.3519"
"WEP","12-Jan-2025","15","92.24","91.66","0.61","-0.970","0.00","0.18","0.3686","0.0419","0.3519"
"WEP","12-Jan-2025","16","93.82","93.49","0.29","-0.910","0.00","0.18","0.3686","0.0419","0.3519"
"WEP","12-Jan-2025","17","96.70","96.74","0.22","-1.200","0.00","0.18","0.3686","0.0419","0.3519"
"WEP","12-Jan-2025","18","102.07","101.78","0.55","-1.200","0.00","0.18","0.3686","0.0419","0.3519"
"WEP","12-Jan-2025","19","102.62","101.81","0.22","-0.350","0.00","0.18","0.3686","0.0419","0.3519"
"WEP","12-Jan-2025","20","93.74","93.68","0.23","-1.110","0.00","0.18","0.3686","0.0419","0.3519"
"WEP","12-Jan-2025","21","100.48","99.98","0.18","-0.620","0.00","0.18","0.3686","0.0419","0.3519"
"WEP","12-Jan-2025","22","93.93","93.69","0.15","-0.850","0.00","0.18","0.3686","0.0419","0.3519"
"WEP","12-Jan-2025","23","92.29","93.19","0.14","-1.980","0.00","0.18","0.3686","0.0419","0.3519"
"WEP","12-Jan-2025","24","92.62","93.53","0.14","-1.990","0.00","0.18","0.3686","0.0419","0.3519"
"WEP","12-Jan-2025","25","99.84","99.77","0.17","-1.040","0.00","0.18","0.3686","0.0419","0.3519"
"WEP","12-Jan-2025","26","93.85","93.53","0.16","-0.780","0.00","0.18","0.3686","0.0419","0.3519"
"WEP","12-Jan-2025","27","88.97","89.00","0.16","-1.130","0.00","0.18","0.3686","0.0419","0.3519"
"WEP","12-Jan-2025","28","83.35","84.45","0.15","-2.200","0.00","0.18","0.3686","0.0419","0.3519"
"WEP","12-Jan-2025","29","93.38","93.34","0.15","-1.050","0.00","0.18","0.3686","0.0419","0.3519"
"WEP","12-Jan-2025","30","91.02","91.68","0.15","-1.750","0.00","0.18","0.3686","0.0419","0.3519"
"WEP","12-Jan-2025","31","92.99","93.08","0.16","-1.190","0.00","0.18","0.3686","0.0419","0.3519"
"WEP","12-Jan-2025","32","99.77","99.79","0.17","-1.130","0.00","0.18","0.3686","0.0419","0.3519"
"WEP","12-Jan-2025","33","98.83","98.63","0.17","-0.910","0.00","0.18","0.3686","0.0419","0.3519"
"WEP","12-Jan-2025","34","101.83","102.19","0.20","-1.500","0.00","0.18","0.3686","0.0419","0.3519"
"WEP","12-Jan-2025","35","119.62","119.29","0.32","-0.930","0.00","0.18","0.3686","0.0419","0.3519"
"WEP","12-Jan-2025","36","111.73","111.84","0.33","-1.380","0.00","0.18","0.3686","0.0419","0.3519"
"WEP","12-Jan-2025","37","109.39","109.87","0.59","-2.010","0.00","0.18","0.3686","0.0419","0.3519"
"WEP","12-Jan-2025","38","125.87","125.90","0.61","-1.580","0.00","0.18","0.3686","0.0419","0.3519"
"WEP","12-Jan-2025","39","107.00","106.65","0.30","-0.890","0.00","0.18","0.3686","0.0419","0.3519"
"WEP","12-Jan-2025","40","102.88","102.42","0.20","-0.690","0.00","0.18","0.3686","0.0419","0.3519"
"WEP","12-Jan-2025","41","104.84","104.32","0.19","-0.610","0.00","0.18","0.3686","0.0419","0.3519"
"WEP","12-Jan-2025","42","117.12","116.73","0.30","-0.850","0.00","0.18","0.3686","0.0419","0.3519"
"WEP","12-Jan-2025","43","104.88","104.57","0.17","-0.800","0.00","0.18","0.3686","0.0419","0.3519"
"WEP","12-Jan-2025","44","99.91","99.75","0.16","-0.940","0.00","0.18","0.3686","0.0419","0.3519"
"WEP","12-Jan-2025","45","94.03","93.58","0.16","-0.650","0.00","0.18","0.3686","0.0419","0.3519"
"WEP","12-Jan-2025","46","88.18","87.48","0.15","-0.390","0.00","0.18","0.3686","0.0419","0.3519"
"WEP","12-Jan-2025","47","82.29","81.58","0.16","-0.400","0.00","0.18","0.3686","0.0419","0.3519"
"WEP","12-Jan-2025","48","84.73","83.05","0.16","0.580","0.00","0.18","0.3686","0.0419","0.3519"
"WEP","13-Jan-2025","1","95.20","93.54","0.16","0.580","0.00","0.18","0.3686","0.0390","0.3278"
"WEP","13-Jan-2025","2","95.13","92.90","0.15","1.160","0.00","0.18","0.3686","0.0390","0.3278"
"WEP","13-Jan-2025","3","83.13","81.50","0.13","0.590","0.00","0.18","0.3686","0.0390","0.3278"
"WEP","13-Jan-2025","4","81.82","80.83","0.14","-0.070","0.00","0.18","0.3686","0.0390","0.3278"
"WEP","13-Jan-2025","5","78.55","78.18","0.13","-0.670","0.00","0.18","0.3686","0.0390","0.3278"
"WEP","13-Jan-2025","6","79.54","78.18","0.13","0.320","0.00","0.18","0.3686","0.0390","0.3278"
"WEP","13-Jan-2025","7","78.91","77.95","0.13","-0.090","0.00","0.18","0.3686","0.0390","0.3278"
"WEP","13-Jan-2025","8","78.75","77.95","0.13","-0.240","0.00","0.18","0.3686","0.0390","0.3278"
"WEP","13-Jan-2025","9","78.77","77.94","0.13","-0.210","0.00","0.18","0.3686","0.0390","0.3278"
"WEP","13-Jan-2025","10","79.63","78.68","0.13","-0.090","0.00","0.18","0.3686","0.0390","0.3278"
"WEP","13-Jan-2025","11","82.99","82.02","0.14","-0.080","0.00","0.18","0.3686","0.0390","0.3278"
"WEP","13-Jan-2025","12","88.33","87.22","0.16","0.030","0.00","0.18","0.3686","0.0390","0.3278"
"WEP","13-Jan-2025","13","88.00","87.88","0.18","-0.970","0.00","0.18","0.3686","0.0390","0.3278"
"WEP","13-Jan-2025","14","93.48","93.46","0.19","-1.090","0.00","0.18","0.3686","0.0390","0.3278"
"WEP","13-Jan-2025","15","102.22","101.94","0.23","-0.870","0.00","0.18","0.3686","0.0390","0.3278"
"WEP","13-Jan-2025","16","119.91","119.59","0.20","-0.790","0.00","0.18","0.3686","0.0390","0.3278"
"WEP","13-Jan-2025","17","125.57","125.72","0.16","-1.220","0.00","0.18","0.3686","0.0390","0.3278"
"WEP","13-Jan-2025","18","125.66","125.73","0.37","-1.360","0.00","0.18","0.3686","0.0390","0.3278"
"WEP","13-Jan-2025","19","109.69","109.78","0.19","-1.190","0.00","0.18","0.3686","0.0390","0.3278"
"WEP","13-Jan-2025","20","125.75","125.91","0.32","-1.400","0.00","0.18","0.3686","0.0390","0.3278"
"WEP","13-Jan-2025","21","131.35","131.64","0.15","-1.360","0.00","0.18","0.3686","0.0390","0.3278"
"WEP","13-Jan-2025","22","109.68","109.39","0.14","-0.760","0.00","0.18","0.3686","0.0390","0.3278"
"WEP","13-Jan-2025","23","102.61","102.12","0.13","-0.550","0.00","0.18","0.3686","0.0390","0.3278"
"WEP","13-Jan-2025","24","93.39","93.52","0.12","-1.170","0.00","0.18","0.3686","0.0390","0.3278"
"WEP","13-Jan-2025","25","92.99","93.46","0.14","-1.520","0.00","0.18","0.3686","0.0390","0.3278"
"WEP","13-Jan-2025","26","96.82","96.63","0.14","-0.870","0.00","0.18","0.3686","0.0390","0.3278"
"WEP","13-Jan-2025","27","93.44","93.57","0.14","-1.190","0.00","0.18","0.3686","0.0390","0.3278"
"WEP","13-Jan-2025","28","89.24","89.76","0.13","-1.560","0.00","0.18","0.3686","0.0390","0.3278"
"WEP","13-Jan-2025","29","95.17","95.62","0.13","-1.500","0.00","0.18","0.3686","0.0390","0.3278"
"WEP","13-Jan-2025","30","96.54","97.04","0.13","-1.550","0.00","0.18","0.3686","0.0390","0.3278"
"WEP","13-Jan-2025","31","101.67","102.00","0.14","-1.380","0.00","0.18","0.3686","0.0390","0.3278"
"WEP","13-Jan-2025","32","107.04","107.04","0.14","-1.050","0.00","0.18","0.3686","0.0390","0.3278"
"WEP","13-Jan-2025","33","125.70","125.75","0.18","-1.140","0.00","0.18","0.3686","0.0390","0.3278"
"WEP","13-Jan-2025","34","102.12","102.34","0.15","-1.280","0.00","0.18","0.3686","0.0390","0.3278"
"WEP","13-Jan-2025","35","102.24","102.15","0.18","-1.010","0.00","0.18","0.3686","0.0390","0.3278"
"WEP","13-Jan-2025","36","102.33","102.14","0.16","-0.890","0.00","0.18","0.3686","0.0390","0.3278"
"WEP","13-Jan-2025","37","125.98","125.90","0.33","-1.170","0.00","0.18","0.3686","0.0390","0.3278"
"WEP","13-Jan-2025","38","110.33","109.79","0.19","-0.560","0.00","0.18","0.3686","0.0390","0.3278"
"WEP","13-Jan-2025","39","126.32","125.79","0.32","-0.700","0.00","0.18","0.3686","0.0390","0.3278"
"WEP","13-Jan-2025","40","124.76","123.96","0.26","-0.370","0.00","0.18","0.3686","0.0390","0.3278"
"WEP","13-Jan-2025","41","124.11","123.96","0.22","-0.980","0.00","0.18","0.3686","0.0390","0.3278"
"WEP","13-Jan-2025","42","110.46","109.88","0.20","-0.540","0.00","0.18","0.3686","0.0390","0.3278"
"WEP","13-Jan-2025","43","110.49","109.78","0.15","-0.350","0.00","0.18","0.3686","0.0390","0.3278"
"WEP","13-Jan-2025","44","100.34","99.71","0.15","-0.430","0.00","0.18","0.3686","0.0390","0.3278"
"WEP","13-Jan-2025","45","94.40","93.53","0.16","-0.210","0.00","0.18","0.3686","0.0390","0.3278"
"WEP","13-Jan-2025","46","94.27","93.52","0.15","-0.310","0.00","0.18","0.3686","0.0390","0.3278"
"WEP","13-Jan-2025","47","86.67","85.84","0.15","-0.240","0.00","0.18","0.3686","0.0390","0.3278"
"WEP","13-Jan-2025","48","82.61","80.95","0.16","0.580","0.00","0.18","0.3686","0.0390","0.3278"
"WEP","14-Jan-2025","1","87.10","86.27","0.15","-0.240","0.00","0.18","0.3686","0.0388","0.3265"
"WEP","14-Jan-2025","2","85.10","84.59","0.15","-0.560","0.00","0.18","0.3686","0.0388","0.3265"
"WEP","14-Jan-2025","3","92.10","91.33","0.13","-0.280","0.00","0.18","0.3686","0.0388","0.3265"
"WEP","14-Jan-2025","4","89.29","88.86","0.13","-0.620","0.00","0.18","0.3686","0.0388","0.3265"
"WEP","14-Jan-2025","5","89.34","88.42","0.13","-0.130","0.00","0.18","0.3686","0.0388","0.3265"
"WEP","14-Jan-2025","6","88.93","88.01","0.13","-0.120","0.00","0.18","0.3686","0.0388","0.3265"
"WEP","14-Jan-2025","7","88.52","87.96","0.13","-0.490","0.00","0.18","0.3686","0.0388","0.3265"
"WEP","14-Jan-2025","8","88.25","87.93","0.13","-0.720","0.00","0.18","0.3686","0.0388","0.3265"
"WEP","14-Jan-2025","9","87.96","87.95","0.13","-1.030","0.00","0.18","0.3686","0.0388","0.3265"
"WEP","14-Jan-2025","10","88.81","88.52","0.13","-0.750","0.00","0.18","0.3686","0.0388","0.3265"
"WEP","14-Jan-2025","11","93.73","93.22","0.14","-0.540","0.00","0.18","0.3686","0.0388","0.3265"
"WEP","14-Jan-2025","12","102.20","101.72","0.16","-0.590","0.00","0.18","0.3686","0.0388","0.3265"
"WEP","14-Jan-2025","13","99.17","98.92","0.19","-0.860","0.00","0.18","0.3686","0.0388","0.3265"
"WEP","14-Jan-2025","14","113.65","113.91","0.20","-1.370","0.00","0.18","0.3686","0.0388","0.3265"
"WEP","14-Jan-2025","15","125.65","125.66","0.55","-1.470","0.00","0.18","0.3686","0.0388","0.3265"
"WEP","14-Jan-2025","16","156.14","155.90","0.22","-0.890","0.00","0.18","0.3686","0.0388","0.3265"
"WEP","14-Jan-2025","17","187.92","187.22","0.24","-0.450","0.00","0.18","0.3686","0.0388","0.3265"
"WEP","14-Jan-2025","18","127.95","125.86","0.48","0.690","0.00","0.18","0.3686","0.0388","0.3265"
"WEP","14-Jan-2025","19","102.80","102.10","0.17","-0.390","0.00","0.18","0.3686","0.0388","0.3265"
"WEP","14-Jan-2025","20","98.55","97.69","0.17","-0.220","0.00","0.18","0.3686","0.0388","0.3265"
"WEP","14-Jan-2025","21","102.07","102.01","0.14","-0.990","0.00","0.18","0.3686","0.0388","0.3265"
"WEP","14-Jan-2025","22","92.94","93.53","0.14","-1.650","0.00","0.18","0.3686","0.0388","0.3265"
"WEP","14-Jan-2025","23","95.78","96.22","0.12","-1.470","0.00","0.18","0.3686","0.0388","0.3265"
"WEP","14-Jan-2025","24","92.13","92.22","0.12","-1.130","0.00","0.18","0.3686","0.0388","0.3265"
"WEP","14-Jan-2025","25","93.94","93.63","0.14","-0.740","0.00","0.18","0.3686","0.0388","0.3265"
"WEP","14-Jan-2025","26","90.55","90.73","0.14","-1.230","0.00","0.18","0.3686","0.0388","0.3265"
"WEP","14-Jan-2025","27","94.89","95.32","0.14","-1.480","0.00","0.18","0.3686","0.0388","0.3265"
"WEP","14-Jan-2025","28","97.54","97.64","0.13","-1.140","0.00","0.18","0.3686","0.0388","0.3265"
"WEP","14-Jan-2025","29","102.15","102.70","0.13","-1.590","0.00","0.18","0.3686","0.0388","0.3265"
"WEP","14-Jan-2025","30","101.86","102.02","0.13","-1.200","0.00","0.18","0.3686","0.0388","0.3265"
"WEP","14-Jan-2025","31","102.67","102.32","0.14","-0.710","0.00","0.18","0.3686","0.0388","0.3265"
"WEP","14-Jan-2025","32","97.59","97.68","0.14","-1.140","0.00","0.18","0.3686","0.0388","0.3265"
"WEP","14-Jan-2025","33","95.61","96.02","0.14","-1.470","0.00","0.18","0.3686","0.0388","0.3265"
"WEP","14-Jan-2025","34","104.20","104.75","0.15","-1.610","0.00","0.18","0.3686","0.0388","0.3265"
"WEP","14-Jan-2025","35","110.16","109.99","0.16","-0.900","0.00","0.18","0.3686","0.0388","0.3265"
"WEP","14-Jan-2025","36","101.91","102.15","0.15","-1.310","0.00","0.18","0.3686","0.0388","0.3265"
"WEP","14-Jan-2025","37","104.17","103.73","0.48","-0.950","0.00","0.18","0.3686","0.0388","0.3265"
"WEP","14-Jan-2025","38","108.95","109.27","0.47","-1.700","0.00","0.18","0.3686","0.0388","0.3265"
"WEP","14-Jan-2025","39","125.97","125.78","0.48","-1.200","0.00","0.18","0.3686","0.0388","0.3265"
"WEP","14-Jan-2025","40","125.79","125.79","0.28","-1.200","0.00","0.18","0.3686","0.0388","0.3265"
"WEP","14-Jan-2025","41","125.73","125.79","0.25","-1.220","0.00","0.18","0.3686","0.0388","0.3265"
"WEP","14-Jan-2025","42","126.36","125.79","0.35","-0.690","0.00","0.18","0.3686","0.0388","0.3265"
"WEP","14-Jan-2025","43","126.25","125.91","0.16","-0.730","0.00","0.18","0.3686","0.0388","0.3265"
"WEP","14-Jan-2025","44","106.96","106.02","0.15","-0.130","0.00","0.18","0.3686","0.0388","0.3265"
"WEP","14-Jan-2025","45","103.08","102.01","0.16","0.000","0.00","0.18","0.3686","0.0388","0.3265"
"WEP","14-Jan-2025","46","106.63","105.47","0.15","0.100","0.00","0.18","0.3686","0.0388","0.3265"
"WEP","14-Jan-2025","47","99.61","98.68","0.15","-0.130","0.00","0.18","0.3686","0.0388","0.3265"
"WEP","14-Jan-2025","48","97.31","95.66","0.16","0.570","0.00","0.18","0.3686","0.0388","0.3265"
"WEP","15-Jan-2025","1","94.53","93.26","0.15","0.210","0.00","0.18","0.3686","0.0390","0.3274"
"WEP","15-Jan-2025","2","93.29","92.60","0.14","-0.370","0.00","0.18","0.3686","0.0390","0.3274"
"WEP","15-Jan-2025","3","93.54","93.29","0.13","-0.800","0.00","0.18","0.3686","0.0390","0.3274"
"WEP","15-Jan-2025","4","94.24","93.25","0.13","-0.050","0.00","0.18","0.3686","0.0390","0.3274"
"WEP","15-Jan-2025","5","90.60","90.66","0.13","-1.110","0.00","0.18","0.3686","0.0390","0.3274"
"WEP","15-Jan-2025","6","90.56","90.62","0.13","-1.100","0.00","0.18","0.3686","0.0390","0.3274"
"WEP","15-Jan-2025","7","90.96","90.56","0.11","-0.630","0.00","0.18","0.3686","0.0390","0.3274"
"WEP","15-Jan-2025","8","90.90","90.56","0.11","-0.690","0.00","0.18","0.3686","0.0390","0.3274"
"WEP","15-Jan-2025","9","90.92","90.55","0.13","-0.670","0.00","0.18","0.3686","0.0390","0.3274"
"WEP","15-Jan-2025","10","91.04","90.58","0.13","-0.590","0.00","0.18","0.3686","0.0390","0.3274"
"WEP","15-Jan-2025","11","92.30","92.02","0.14","-0.780","0.00","0.18","0.3686","0.0390","0.3274"
"WEP","15-Jan-2025","12","102.66","101.85","0.16","-0.270","0.00","0.18","0.3686","0.0390","0.3274"
"WEP","15-Jan-2025","13","99.83","99.38","0.18","-0.640","0.00","0.18","0.3686","0.0390","0.3274"
"WEP","15-Jan-2025","14","102.15","102.01","0.18","-0.960","0.00","0.18","0.3686","0.0390","0.3274"
"WEP","15-Jan-2025","15","112.30","111.99","0.67","-1.270","0.00","0.18","0.3686","0.0390","0.3274"
"WEP","15-Jan-2025","16","125.58","125.71","0.20","-1.240","0.00","0.18","0.3686","0.0390","0.3274"
"WEP","15-Jan-2025","17","126.37","125.76","0.17","-0.470","0.00","0.18","0.3686","0.0390","0.3274"
"WEP","15-Jan-2025","18","115.39","114.32","0.66","-0.500","0.00","0.18","0.3686","0.0390","0.3274"
"WEP","15-Jan-2025","19","115.05","114.22","0.28","-0.370","0.00","0.18","0.3686","0.0390","0.3274"
"WEP","15-Jan-2025","20","102.45","102.22","0.23","-0.920","0.00","0.18","0.3686","0.0390","0.3274"
"WEP","15-Jan-2025","21","113.74","114.46","0.15","-1.790","0.00","0.18","0.3686","0.0390","0.3274"
"WEP","15-Jan-2025","22","125.74","125.76","0.21","-1.150","0.00","0.18","0.3686","0.0390","0.3274"
"WEP","15-Jan-2025","23","93.49","93.00","0.13","-0.550","0.00","0.18","0.3686","0.0390","0.3274"
"WEP","15-Jan-2025","24","89.77","89.89","0.12","-1.160","0.00","0.18","0.3686","0.0390","0.3274"
"WEP","15-Jan-2025","25","89.32","89.82","0.14","-1.560","0.00","0.18","0.3686","0.0390","0.3274"
"WEP","15-Jan-2025","26","89.45","89.89","0.14","-1.500","0.00","0.18","0.3686","0.0390","0.3274"
"WEP","15-Jan-2025","27","90.15","90.66","0.14","-1.560","0.00","0.18","0.3686","0.0390","0.3274"
"WEP","15-Jan-2025","28","90.06","90.66","0.13","-1.650","0.00","0.18","0.3686","0.0390","0.3274"
"WEP","15-Jan-2025","29","98.50","99.20","0.13","-1.750","0.00","0.18","0.3686","0.0390","0.3274"
"WEP","15-Jan-2025","30","101.32","102.22","0.13","-1.940","0.00","0.18","0.3686","0.0390","0.3274"
"WEP","15-Jan-2025","31","105.39","106.35","0.14","-2.010","0.00","0.18","0.3686","0.0390","0.3274"
"WEP","15-Jan-2025","32","105.14","105.84","0.14","-1.750","0.00","0.18","0.3686","0.0390","0.3274"
"WEP","15-Jan-2025","33","117.91","118.49","0.14","-1.640","0.00","0.18","0.3686","0.0390","0.3274"
"WEP","15-Jan-2025","34","125.65","125.78","0.15","-1.190","0.00","0.18","0.3686","0.0390","0.3274"
"WEP","15-Jan-2025","35","111.47","111.62","0.16","-1.220","0.00","0.18","0.3686","0.0390","0.3274"
"WEP","15-Jan-2025","36","101.86","102.11","0.15","-1.310","0.00","0.18","0.3686","0.0390","0.3274"
"WEP","15-Jan-2025","37","102.11","102.21","0.20","-1.210","0.00","0.18","0.3686","0.0390","0.3274"
"WEP","15-Jan-2025","38","107.88","108.57","0.18","-1.780","0.00","0.18","0.3686","0.0390","0.3274"
"WEP","15-Jan-2025","39","114.01","114.27","0.21","-1.390","0.00","0.18","0.3686","0.0390","0.3274"
"WEP","15-Jan-2025","40","113.81","114.28","0.18","-1.560","0.00","0.18","0.3686","0.0390","0.3274"
"WEP","15-Jan-2025","41","113.89","114.28","0.18","-1.490","0.00","0.18","0.3686","0.0390","0.3274"
"WEP","15-Jan-2025","42","111.80","111.61","0.17","-0.890","0.00","0.18","0.3686","0.0390","0.3274"
"WEP","15-Jan-2025","43","105.48","105.98","0.15","-1.560","0.00","0.18","0.3686","0.0390","0.3274"
"WEP","15-Jan-2025","44","98.69","98.28","0.15","-0.660","0.00","0.18","0.3686","0.0390","0.3274"
"WEP","15-Jan-2025","45","94.51","94.49","0.15","-1.040","0.00","0.18","0.3686","0.0390","0.3274"
"WEP","15-Jan-2025","46","91.94","91.22","0.15","-0.340","0.00","0.18","0.3686","0.0390","0.3274"
"WEP","15-Jan-2025","47","86.07","85.58","0.15","-0.580","0.00","0.18","0.3686","0.0390","0.3274"
"WEP","15-Jan-2025","48","85.27","84.35","0.15","-0.150","0.00","0.18","0.3686","0.0390","0.3274"
"WEP","16-Jan-2025","1","85.70","85.11","0.15","-0.470","0.00","0.18","0.3686","0.0387","0.3251"
"WEP","16-Jan-2025","2","84.42","83.76","0.14","-0.400","0.00","0.18","0.3686","0.0387","0.3251"
"WEP","16-Jan-2025","3","83.56","83.03","0.13","-0.510","0.00","0.18","0.3686","0.0387","0.3251"
"WEP","16-Jan-2025","4","78.80","78.13","0.13","-0.380","0.00","0.18","0.3686","0.0387","0.3251"
"WEP","16-Jan-2025","5","75.98","75.81","0.13","-0.870","0.00","0.18","0.3686","0.0387","0.3251"
"WEP","16-Jan-2025","6","80.17","80.29","0.11","-1.140","0.00","0.18","0.3686","0.0387","0.3251"
"WEP","16-Jan-2025","7","79.46","78.78","0.07","-0.300","0.00","0.18","0.3686","0.0387","0.3251"
"WEP","16-Jan-2025","8","79.41","78.78","0.07","-0.350","0.00","0.18","0.3686","0.0387","0.3251"
"WEP","16-Jan-2025","9","79.66","78.78","0.11","-0.140","0.00","0.18","0.3686","0.0387","0.3251"
"WEP","16-Jan-2025","10","84.30","83.47","0.11","-0.190","0.00","0.18","0.3686","0.0387","0.3251"
"WEP","16-Jan-2025","11","85.12","84.37","0.14","-0.300","0.00","0.18","0.3686","0.0387","0.3251"
"WEP","16-Jan-2025","12","86.58","85.38","0.16","0.120","0.00","0.18","0.3686","0.0387","0.3251"
"WEP","16-Jan-2025","13","92.80","92.01","0.18","-0.300","0.00","0.18","0.3686","0.0387","0.3251"
"WEP","16-Jan-2025","14","105.53","105.25","0.18","-0.820","0.00","0.18","0.3686","0.0387","0.3251"
"WEP","16-Jan-2025","15","113.95","113.43","0.33","-0.730","0.00","0.18","0.3686","0.0387","0.3251"
"WEP","16-Jan-2025","16","115.10","114.38","0.20","-0.390","0.00","0.18","0.3686","0.0387","0.3251"
"WEP","16-Jan-2025","17","114.89","114.42","0.16","-0.610","0.00","0.18","0.3686","0.0387","0.3251"
"WEP","16-Jan-2025","18","127.20","125.87","0.29","0.130","0.00","0.18","0.3686","0.0387","0.3251"
"WEP","16-Jan-2025","19","115.31","114.16","0.16","0.080","0.00","0.18","0.3686","0.0387","0.3251"
"WEP","16-Jan-2025","20","102.81","102.21","0.16","-0.470","0.00","0.18","0.3686","0.0387","0.3251"
"WEP","16-Jan-2025","21","104.71","104.55","0.14","-0.890","0.00","0.18","0.3686","0.0387","0.3251"
"WEP","16-Jan-2025","22","94.84","94.65","0.13","-0.850","0.00","0.18","0.3686","0.0387","0.3251"
"WEP","16-Jan-2025","23","89.61","90.00","0.12","-1.430","0.00","0.18","0.3686","0.0387","0.3251"
"WEP","16-Jan-2025","24","89.55","89.73","0.12","-1.210","0.00","0.18","0.3686","0.0387","0.3251"
"WEP","16-Jan-2025","25","89.65","89.69","0.14","-1.090","0.00","0.18","0.3686","0.0387","0.3251"
"WEP","16-Jan-2025","26","86.39","86.86","0.14","-1.520","0.00","0.18","0.3686","0.0387","0.3251"
"WEP","16-Jan-2025","27","88.89","89.71","0.14","-1.870","0.00","0.18","0.3686","0.0387","0.3251"
"WEP","16-Jan-2025","28","89.44","89.93","0.13","-1.530","0.00","0.18","0.3686","0.0387","0.3251"
"WEP","16-Jan-2025","29","89.68","90.76","0.13","-2.120","0.00","0.18","0.3686","0.0387","0.3251"
"WEP","16-Jan-2025","30","88.55","89.90","0.13","-2.390","0.00","0.18","0.3686","0.0387","0.3251"
"WEP","16-Jan-2025","31","101.41","102.25","0.14","-1.890","0.00","0.18","0.3686","0.0387","0.3251"
"WEP","16-Jan-2025","32","107.34","107.09","0.14","-0.800","0.00","0.18","0.3686","0.0387","0.3251"
"WEP","16-Jan-2025","33","102.53","102.21","0.14","-0.730","0.00","0.18","0.3686","0.0387","0.3251"
"WEP","16-Jan-2025","34","95.83","96.66","0.14","-1.890","0.00","0.18","0.3686","0.0387","0.3251"
"WEP","16-Jan-2025","35","100.54","102.06","0.14","-2.580","0.00","0.18","0.3686","0.0387","0.3251"
"WEP","16-Jan-2025","36","100.75","102.06","0.15","-2.370","0.00","0.18","0.3686","0.0387","0.3251"
"WEP","16-Jan-2025","37","113.50","114.39","0.21","-2.020","0.00","0.18","0.3686","0.0387","0.3251"
"WEP","16-Jan-2025","38","124.08","125.37","0.26","-2.460","0.00","0.18","0.3686","0.0387","0.3251"
"WEP","16-Jan-2025","39","125.13","125.91","0.29","-1.980","0.00","0.18","0.3686","0.0387","0.3251"
"WEP","16-Jan-2025","40","125.49","126.10","0.26","-1.780","0.00","0.18","0.3686","0.0387","0.3251"
"WEP","16-Jan-2025","41","125.48","125.92","0.22","-1.580","0.00","0.18","0.3686","0.0387","0.3251"
"WEP","16-Jan-2025","42","125.46","125.91","0.24","-1.600","0.00","0.18","0.3686","0.0387","0.3251"
"WEP","16-Jan-2025","43","125.84","125.77","0.15","-1.000","0.00","0.18","0.3686","0.0387","0.3251"
"WEP","16-Jan-2025","44","114.04","114.22","0.15","-1.240","0.00","0.18","0.3686","0.0387","0.3251"
"WEP","16-Jan-2025","45","105.22","104.66","0.15","-0.500","0.00","0.18","0.3686","0.0387","0.3251"
"WEP","16-Jan-2025","46","102.23","102.03","0.15","-0.860","0.00","0.18","0.3686","0.0387","0.3251"
"WEP","16-Jan-2025","47","101.99","101.85","0.15","-0.930","0.00","0.18","0.3686","0.0387","0.3251"
"WEP","16-Jan-2025","48","92.95","93.07","0.15","-1.180","0.00","0.18","0.3686","0.0387","0.3251"
"WEP","17-Jan-2025","1","83.76","84.23","0.15","-1.530","0.00","0.18","0.3686","0.0386","0.3246"
"WEP","17-Jan-2025","2","82.45","82.68","0.14","-1.280","0.00","0.18","0.3686","0.0386","0.3246"
"WEP","17-Jan-2025","3","85.33","85.24","0.13","-0.960","0.00","0.18","0.3686","0.0386","0.3246"
"WEP","17-Jan-2025","4","90.28","90.38","0.13","-1.140","0.00","0.18","0.3686","0.0386","0.3246"
"WEP","17-Jan-2025","5","88.28","87.92","0.13","-0.680","0.00","0.18","0.3686","0.0386","0.3246"
"WEP","17-Jan-2025","6","86.14","85.95","0.12","-0.840","0.00","0.18","0.3686","0.0386","0.3246"
"WEP","17-Jan-2025","7","86.25","85.91","0.12","-0.690","0.00","0.18","0.3686","0.0386","0.3246"
"WEP","17-Jan-2025","8","85.31","85.10","0.12","-0.820","0.00","0.18","0.3686","0.0386","0.3246"
"WEP","17-Jan-2025","9","86.03","85.35","0.12","-0.350","0.00","0.18","0.3686","0.0386","0.3246"
"WEP","17-Jan-2025","10","85.91","85.36","0.13","-0.500","0.00","0.18","0.3686","0.0386","0.3246"
"WEP","17-Jan-2025","11","105.77","104.90","0.14","-0.180","0.00","0.18","0.3686","0.0386","0.3246"
"WEP","17-Jan-2025","12","110.58","109.59","0.15","-0.070","0.00","0.18","0.3686","0.0386","0.3246"
"WEP","17-Jan-2025","13","106.14","105.03","0.17","0.030","0.00","0.18","0.3686","0.0386","0.3246"
"WEP","17-Jan-2025","14","112.03","111.34","0.18","-0.400","0.00","0.18","0.3686","0.0386","0.3246"
"WEP","17-Jan-2025","15","127.12","125.84","0.22","0.140","0.00","0.18","0.3686","0.0386","0.3246"
"WEP","17-Jan-2025","16","128.93","128.85","0.20","-1.030","0.00","0.18","0.3686","0.0386","0.3246"
"WEP","17-Jan-2025","17","126.51","125.88","0.17","-0.450","0.00","0.18","0.3686","0.0386","0.3246"
"WEP","17-Jan-2025","18","126.42","125.76","0.29","-0.540","0.00","0.18","0.3686","0.0386","0.3246"
"WEP","17-Jan-2025","19","111.76","111.18","0.18","-0.510","0.00","0.18","0.3686","0.0386","0.3246"
"WEP","17-Jan-2025","20","105.06","105.14","0.16","-1.150","0.00","0.18","0.3686","0.0386","0.3246"
"WEP","17-Jan-2025","21","106.25","106.45","0.14","-1.250","0.00","0.18","0.3686","0.0386","0.3246"
"WEP","17-Jan-2025","22","106.96","106.89","0.13","-0.980","0.00","0.18","0.3686","0.0386","0.3246"
"WEP","17-Jan-2025","23","96.38","95.60","0.12","-0.250","0.00","0.18","0.3686","0.0386","0.3246"
"WEP","17-Jan-2025","24","93.99","93.76","0.12","-0.810","0.00","0.18","0.3686","0.0386","0.3246"
"WEP","17-Jan-2025","25","88.18","89.34","0.14","-2.210","0.00","0.18","0.3686","0.0386","0.3246"
"WEP","17-Jan-2025","26","93.59","94.05","0.14","-1.520","0.00","0.18","0.3686","0.0386","0.3246"
"WEP","17-Jan-2025","27","93.64","93.87","0.14","-1.280","0.00","0.18","0.3686","0.0386","0.3246"
"WEP","17-Jan-2025","28","93.05","93.72","0.13","-1.710","0.00","0.18","0.3686","0.0386","0.3246"
"WEP","17-Jan-2025","29","93.26","93.86","0.13","-1.650","0.00","0.18","0.3686","0.0386","0.3246"
"WEP","17-Jan-2025","30","92.86","93.90","0.13","-2.080","0.00","0.18","0.3686","0.0386","0.3246"
"WEP","17-Jan-2025","31","92.31","93.70","0.14","-2.440","0.00","0.18","0.3686","0.0386","0.3246"
"WEP","17-Jan-2025","32","104.27","105.11","0.14","-1.890","0.00","0.18","0.3686","0.0386","0.3246"
"WEP","17-Jan-2025","33","93.39","93.95","0.14","-1.610","0.00","0.18","0.3686","0.0386","0.3246"
"WEP","17-Jan-2025","34","104.93","105.27","0.15","-1.400","0.00","0.18","0.3686","0.0386","0.3246"
"WEP","17-Jan-2025","35","93.70","93.95","0.14","-1.300","0.00","0.18","0.3686","0.0386","0.3246"
"WEP","17-Jan-2025","36","92.93","94.06","0.14","-2.180","0.00","0.18","0.3686","0.0386","0.3246"
"WEP","17-Jan-2025","37","104.80","105.27","0.19","-1.580","0.00","0.18","0.3686","0.0386","0.3246"
"WEP","17-Jan-2025","38","110.11","110.02","0.19","-1.010","0.00","0.18","0.3686","0.0386","0.3246"
"WEP","17-Jan-2025","39","109.80","109.50","0.21","-0.820","0.00","0.18","0.3686","0.0386","0.3246"
"WEP","17-Jan-2025","40","105.35","105.30","0.17","-1.030","0.00","0.18","0.3686","0.0386","0.3246"
"WEP","17-Jan-2025","41","105.05","105.25","0.16","-1.270","0.00","0.18","0.3686","0.0386","0.3246"
"WEP","17-Jan-2025","42","105.14","105.10","0.16","-1.030","0.00","0.18","0.3686","0.0386","0.3246"
"WEP","17-Jan-2025","43","95.10","95.22","0.13","-1.170","0.00","0.18","0.3686","0.0386","0.3246"
"WEP","17-Jan-2025","44","105.32","105.09","0.15","-0.830","0.00","0.18","0.3686","0.0386","0.3246"
"WEP","17-Jan-2025","45","104.37","104.47","0.15","-1.160","0.00","0.18","0.3686","0.0386","0.3246"
"WEP","17-Jan-2025","46","93.96","93.83","0.15","-0.930","0.00","0.18","0.3686","0.0386","0.3246"
"WEP","17-Jan-2025","47","93.59","93.75","0.15","-1.220","0.00","0.18","0.3686","0.0386","0.3246"
"WEP","17-Jan-2025","48","95.06","95.27","0.15","-1.270","0.00","0.18","0.3686","0.0386","0.3246"
"WEP","18-Jan-2025","1","105.95","105.20","0.15","-0.330","0.00","0.18","0.3686","0.0406","0.3413"
"WEP","18-Jan-2025","2","106.51","105.19","0.14","0.250","0.00","0.18","0.3686","0.0406","0.3413"
"WEP","18-Jan-2025","3","94.89","93.85","0.13","-0.020","0.00","0.18","0.3686","0.0406","0.3413"
"WEP","18-Jan-2025","4","86.06","85.28","0.13","-0.280","0.00","0.18","0.3686","0.0406","0.3413"
"WEP","18-Jan-2025","5","84.97","84.27","0.13","-0.360","0.00","0.18","0.3686","0.0406","0.3413"
"WEP","18-Jan-2025","6","83.09","82.74","0.12","-0.700","0.00","0.18","0.3686","0.0406","0.3413"
"WEP","18-Jan-2025","7","81.30","80.81","0.12","-0.560","0.00","0.18","0.3686","0.0406","0.3413"
"WEP","18-Jan-2025","8","79.77","79.14","0.12","-0.420","0.00","0.18","0.3686","0.0406","0.3413"
"WEP","18-Jan-2025","9","79.71","79.14","0.12","-0.480","0.00","0.18","0.3686","0.0406","0.3413"
"WEP","18-Jan-2025","10","83.66","82.96","0.13","-0.360","0.00","0.18","0.3686","0.0406","0.3413"
"WEP","18-Jan-2025","11","84.70","84.17","0.14","-0.540","0.00","0.18","0.3686","0.0406","0.3413"
"WEP","18-Jan-2025","12","86.07","85.32","0.16","-0.340","0.00","0.18","0.3686","0.0406","0.3413"
"WEP","18-Jan-2025","13","91.91","91.16","0.18","-0.360","0.00","0.18","0.3686","0.0406","0.3413"
"WEP","18-Jan-2025","14","97.45","96.71","0.19","-0.380","0.00","0.18","0.3686","0.0406","0.3413"
"WEP","18-Jan-2025","15","105.99","105.09","0.47","-0.500","0.00","0.18","0.3686","0.0406","0.3413"
"WEP","18-Jan-2025","16","118.68","118.35","0.29","-0.890","0.00","0.18","0.3686","0.0406","0.3413"
"WEP","18-Jan-2025","17","125.74","125.86","0.17","-1.220","0.00","0.18","0.3686","0.0406","0.3413"
"WEP","18-Jan-2025","18","126.65","125.85","0.19","-0.320","0.00","0.18","0.3686","0.0406","0.3413"
"WEP","18-Jan-2025","19","150.79","150.85","0.16","-1.150","0.00","0.18","0.3686","0.0406","0.3413"
"WEP","18-Jan-2025","20","125.44","125.71","0.16","-1.360","0.00","0.18","0.3686","0.0406","0.3413"
"WEP","18-Jan-2025","21","104.48","105.07","0.15","-1.670","0.00","0.18","0.3686","0.0406","0.3413"
"WEP","18-Jan-2025","22","96.31","97.13","0.14","-1.890","0.00","0.18","0.3686","0.0406","0.3413"
"WEP","18-Jan-2025","23","96.98","97.13","0.12","-1.200","0.00","0.18","0.3686","0.0406","0.3413"
"WEP","18-Jan-2025","24","93.60","93.92","0.07","-1.320","0.00","0.18","0.3686","0.0406","0.3413"
"WEP","18-Jan-2025","25","93.64","93.89","0.14","-1.320","0.00","0.18","0.3686","0.0406","0.3413"
"WEP","18-Jan-2025","26","94.06","93.91","0.14","-0.920","0.00","0.18","0.3686","0.0406","0.3413"
"WEP","18-Jan-2025","27","90.99","90.96","0.15","-1.050","0.00","0.18","0.3686","0.0406","0.3413"
"WEP","18-Jan-2025","28","93.97","93.69","0.12","-0.770","0.00","0.18","0.3686","0.0406","0.3413"
"WEP","18-Jan-2025","29","90.54","90.22","0.12","-0.730","0.00","0.18","0.3686","0.0406","0.3413"
"WEP","18-Jan-2025","30","84.96","85.59","0.14","-1.700","0.00","0.18","0.3686","0.0406","0.3413"
"WEP","18-Jan-2025","31","92.02","92.36","0.15","-1.420","0.00","0.18","0.3686","0.0406","0.3413"
"WEP","18-Jan-2025","32","87.70","88.13","0.15","-1.510","0.00","0.18","0.3686","0.0406","0.3413"
"WEP","18-Jan-2025","33","90.50","90.93","0.15","-1.510","0.00","0.18","0.3686","0.0406","0.3413"
"WEP","18-Jan-2025","34","93.53","93.91","0.15","-1.460","0.00","0.18","0.3686","0.0406","0.3413"
"WEP","18-Jan-2025","35","93.66","93.85","0.15","-1.270","0.00","0.18","0.3686","0.0406","0.3413"
"WEP","18-Jan-2025","36","93.58","94.09","0.15","-1.590","0.00","0.18","0.3686","0.0406","0.3413"
"WEP","18-Jan-2025","37","98.04","98.04","0.19","-1.120","0.00","0.18","0.3686","0.0406","0.3413"
"WEP","18-Jan-2025","38","105.21","105.06","0.18","-0.960","0.00","0.18","0.3686","0.0406","0.3413"
"WEP","18-Jan-2025","39","105.18","105.26","0.19","-1.200","0.00","0.18","0.3686","0.0406","0.3413"
"WEP","18-Jan-2025","40","105.52","105.26","0.18","-0.850","0.00","0.18","0.3686","0.0406","0.3413"
"WEP","18-Jan-2025","41","105.14","105.26","0.17","-1.220","0.00","0.18","0.3686","0.0406","0.3413"
"WEP","18-Jan-2025","42","105.22","105.26","0.16","-1.130","0.00","0.18","0.3686","0.0406","0.3413"
"WEP","18-Jan-2025","43","105.28","105.06","0.15","-0.860","0.00","0.18","0.3686","0.0406","0.3413"
"WEP","18-Jan-2025","44","112.88","112.63","0.15","-0.830","0.00","0.18","0.3686","0.0406","0.3413"
"WEP","18-Jan-2025","45","105.50","105.26","0.16","-0.850","0.00","0.18","0.3686","0.0406","0.3413"
"WEP","18-Jan-2025","46","105.46","105.34","0.15","-0.960","0.00","0.18","0.3686","0.0406","0.3413"
"WEP","18-Jan-2025","47","105.78","105.10","0.14","-0.390","0.00","0.18","0.3686","0.0406","0.3413"
"WEP","18-Jan-2025","48","105.42","104.88","0.14","-0.530","0.00","0.18","0.3686","0.0406","0.3413"
"WEP","19-Jan-2025","1","97.93","97.68","0.16","-0.850","0.00","0.18","0.3686","0.0416","0.3495"
"WEP","19-Jan-2025","2","97.73","97.25","0.14","-0.600","0.00","0.18","0.3686","0.0416","0.3495"
"WEP","19-Jan-2025","3","97.81","97.24","0.13","-0.500","0.00","0.18","0.3686","0.0416","0.3495"
"WEP","19-Jan-2025","4","95.55","94.53","0.13","-0.050","0.00","0.18","0.3686","0.0416","0.3495"
"WEP","19-Jan-2025","5","88.84","88.34","0.13","-0.570","0.00","0.18","0.3686","0.0416","0.3495"
"WEP","19-Jan-2025","6","87.51","87.10","0.13","-0.660","0.00","0.18","0.3686","0.0416","0.3495"
"WEP","19-Jan-2025","7","87.45","87.11","0.13","-0.730","0.00","0.18","0.3686","0.0416","0.3495"
"WEP","19-Jan-2025","8","86.84","86.22","0.13","-0.450","0.00","0.18","0.3686","0.0416","0.3495"
"WEP","19-Jan-2025","9","86.15","85.86","0.13","-0.770","0.00","0.18","0.3686","0.0416","0.3495"
"WEP","19-Jan-2025","10","87.22","87.06","0.13","-0.910","0.00","0.18","0.3686","0.0416","0.3495"
"WEP","19-Jan-2025","11","87.24","87.09","0.14","-0.930","0.00","0.18","0.3686","0.0416","0.3495"
"WEP","19-Jan-2025","12","88.61","88.32","0.16","-0.810","0.00","0.18","0.3686","0.0416","0.3495"
"WEP","19-Jan-2025","13","94.91","94.48","0.20","-0.710","0.00","0.18","0.3686","0.0416","0.3495"
"WEP","19-Jan-2025","14","97.83","97.25","0.34","-0.700","0.00","0.18","0.3686","0.0416","0.3495"
"WEP","19-Jan-2025","15","98.63","98.10","0.73","-1.140","0.00","0.18","0.3686","0.0416","0.3495"
"WEP","19-Jan-2025","16","105.25","104.97","0.44","-1.100","0.00","0.18","0.3686","0.0416","0.3495"
"WEP","19-Jan-2025","17","105.09","105.16","0.34","-1.350","0.00","0.18","0.3686","0.0416","0.3495"
"WEP","19-Jan-2025","18","107.61","107.17","0.54","-1.040","0.00","0.18","0.3686","0.0416","0.3495"
"WEP","19-Jan-2025","19","105.54","105.17","0.39","-0.960","0.00","0.18","0.3686","0.0416","0.3495"
"WEP","19-Jan-2025","20","113.67","113.71","0.51","-1.490","0.00","0.18","0.3686","0.0416","0.3495"
"WEP","19-Jan-2025","21","118.26","118.35","0.35","-1.380","0.00","0.18","0.3686","0.0416","0.3495"
"WEP","19-Jan-2025","22","117.66","118.23","0.33","-1.840","0.00","0.18","0.3686","0.0416","0.3495"
"WEP","19-Jan-2025","23","118.18","118.38","0.22","-1.360","0.00","0.18","0.3686","0.0416","0.3495"
"WEP","19-Jan-2025","24","112.74","112.28","0.17","-0.650","0.00","0.18","0.3686","0.0416","0.3495"
"WEP","19-Jan-2025","25","100.67","100.36","0.21","-0.840","0.00","0.18","0.3686","0.0416","0.3495"
"WEP","19-Jan-2025","26","93.81","93.91","0.16","-1.200","0.00","0.18","0.3686","0.0416","0.3495"
"WEP","19-Jan-2025","27","95.14","95.95","0.17","-1.920","0.00","0.18","0.3686","0.0416","0.3495"
"WEP","19-Jan-2025","28","94.09","94.17","0.14","-1.160","0.00","0.18","0.3686","0.0416","0.3495"
"WEP","19-Jan-2025","29","104.67","104.24","0.22","-0.730","0.00","0.18","0.3686","0.0416","0.3495"
"WEP","19-Jan-2025","30","93.51","93.90","0.15","-1.480","0.00","0.18","0.3686","0.0416","0.3495"
"WEP","19-Jan-2025","31","99.42","100.13","0.22","-1.870","0.00","0.18","0.3686","0.0416","0.3495"
"WEP","19-Jan-2025","32","104.23","105.01","0.27","-1.990","0.00","0.18","0.3686","0.0416","0.3495"
"WEP","19-Jan-2025","33","105.60","105.36","0.29","-0.990","0.00","0.18","0.3686","0.0416","0.3495"
"WEP","19-Jan-2025","34","105.77","105.40","0.31","-0.880","0.00","0.18","0.3686","0.0416","0.3495"
"WEP","19-Jan-2025","35","104.38","105.16","0.31","-2.030","0.00","0.18","0.3686","0.0416","0.3495"
"WEP","19-Jan-2025","36","100.83","101.10","0.29","-1.500","0.00","0.18","0.3686","0.0416","0.3495"
"WEP","19-Jan-2025","37","105.02","105.23","0.57","-1.720","0.00","0.18","0.3686","0.0416","0.3495"
"WEP","19-Jan-2025","38","106.46","106.01","0.50","-0.990","0.00","0.18","0.3686","0.0416","0.3495"
"WEP","19-Jan-2025","39","105.42","105.42","0.52","-1.460","0.00","0.18","0.3686","0.0416","0.3495"
"WEP","19-Jan-2025","40","109.26","108.90","0.44","-1.020","0.00","0.18","0.3686","0.0416","0.3495"
"WEP","19-Jan-2025","41","105.85","105.96","0.34","-1.390","0.00","0.18","0.3686","0.0416","0.3495"
"WEP","19-Jan-2025","42","106.04","105.96","0.26","-1.120","0.00","0.18","0.3686","0.0416","0.3495"
"WEP","19-Jan-2025","43","105.30","105.35","0.17","-1.160","0.00","0.18","0.3686","0.0416","0.3495"
"WEP","19-Jan-2025","44","98.22","98.14","0.16","-1.020","0.00","0.18","0.3686","0.0416","0.3495"
"WEP","19-Jan-2025","45","99.86","99.79","0.25","-1.120","0.00","0.18","0.3686","0.0416","0.3495"
"WEP","19-Jan-2025","46","105.45","105.27","0.17","-0.930","0.00","0.18","0.3686","0.0416","0.3495"
"WEP","19-Jan-2025","47","105.41","104.97","0.17","-0.660","0.00","0.18","0.3686","0.0416","0.3495"
"WEP","19-Jan-2025","48","98.22","97.24","0.16","-0.120","0.00","0.18","0.3686","0.0416","0.3495"
"WEP","20-Jan-2025","1","94.29","93.66","0.15","-0.430","0.00","0.18","0.3686","0.0388","0.3263"
"WEP","20-Jan-2025","2","94.21","93.46","0.14","-0.300","0.00","0.18","0.3686","0.0388","0.3263"
"WEP","20-Jan-2025","3","93.29","92.40","0.07","-0.100","0.00","0.18","0.3686","0.0388","0.3263"
"WEP","20-Jan-2025","4","92.99","92.26","0.12","-0.310","0.00","0.18","0.3686","0.0388","0.3263"
"WEP","20-Jan-2025","5","89.68","89.45","0.07","-0.750","0.00","0.18","0.3686","0.0388","0.3263"
"WEP","20-Jan-2025","6","87.34","87.10","0.07","-0.750","0.00","0.18","0.3686","0.0388","0.3263"
"WEP","20-Jan-2025","7","86.53","85.83","0.07","-0.280","0.00","0.18","0.3686","0.0388","0.3263"
"WEP","20-Jan-2025","8","86.42","85.84","0.07","-0.410","0.00","0.18","0.3686","0.0388","0.3263"
"WEP","20-Jan-2025","9","87.63","86.50","0.07","0.150","0.00","0.18","0.3686","0.0388","0.3263"
"WEP","20-Jan-2025","10","90.81","90.03","0.07","-0.210","0.00","0.18","0.3686","0.0388","0.3263"
"WEP","20-Jan-2025","11","94.34","93.45","0.14","-0.170","0.00","0.18","0.3686","0.0388","0.3263"
"WEP","20-Jan-2025","12","95.09","94.13","0.16","-0.120","0.00","0.18","0.3686","0.0388","0.3263"
"WEP","20-Jan-2025","13","98.26","98.04","0.18","-0.870","0.00","0.18","0.3686","0.0388","0.3263"
"WEP","20-Jan-2025","14","105.05","104.69","0.18","-0.740","0.00","0.18","0.3686","0.0388","0.3263"
"WEP","20-Jan-2025","15","105.47","104.97","0.25","-0.670","0.00","0.18","0.3686","0.0388","0.3263"
"WEP","20-Jan-2025","16","121.53","121.68","0.19","-1.250","0.00","0.18","0.3686","0.0388","0.3263"
"WEP","20-Jan-2025","17","122.76","122.56","0.22","-0.930","0.00","0.18","0.3686","0.0388","0.3263"
"WEP","20-Jan-2025","18","127.26","125.88","0.65","-0.190","0.00","0.18","0.3686","0.0388","0.3263"
"WEP","20-Jan-2025","19","123.57","122.56","0.34","-0.240","0.00","0.18","0.3686","0.0388","0.3263"
"WEP","20-Jan-2025","20","109.83","108.79","0.24","-0.120","0.00","0.18","0.3686","0.0388","0.3263"
"WEP","20-Jan-2025","21","105.32","104.79","0.19","-0.580","0.00","0.18","0.3686","0.0388","0.3263"
"WEP","20-Jan-2025","22","93.63","93.82","0.14","-1.250","0.00","0.18","0.3686","0.0388","0.3263"
"WEP","20-Jan-2025","23","93.41","93.69","0.13","-1.320","0.00","0.18","0.3686","0.0388","0.3263"
"WEP","20-Jan-2025","24","93.42","93.81","0.12","-1.430","0.00","0.18","0.3686","0.0388","0.3263"
"WEP","20-Jan-2025","25","93.83","93.69","0.14","-0.920","0.00","0.18","0.3686","0.0388","0.3263"
"WEP","20-Jan-2025","26","93.36","93.52","0.14","-1.210","0.00","0.18","0.3686","0.0388","0.3263"
"WEP","20-Jan-2025","27","93.59","93.71","0.14","-1.180","0.00","0.18","0.3686","0.0388","0.3263"
"WEP","20-Jan-2025","28","83.80","84.24","0.13","-1.480","0.00","0.18","0.3686","0.0388","0.3263"
"WEP","20-Jan-2025","29","83.98","84.99","0.13","-2.060","0.00","0.18","0.3686","0.0388","0.3263"
"WEP","20-Jan-2025","30","85.53","86.54","0.13","-2.050","0.00","0.18","0.3686","0.0388","0.3263"
"WEP","20-Jan-2025","31","85.30","86.56","0.14","-2.310","0.00","0.18","0.3686","0.0388","0.3263"
"WEP","20-Jan-2025","32","86.34","86.63","0.14","-1.350","0.00","0.18","0.3686","0.0388","0.3263"
"WEP","20-Jan-2025","33","85.64","86.54","0.14","-1.950","0.00","0.18","0.3686","0.0388","0.3263"
"WEP","20-Jan-2025","34","85.54","86.69","0.14","-2.200","0.00","0.18","0.3686","0.0388","0.3263"
"WEP","20-Jan-2025","35","93.20","93.96","0.18","-1.850","0.00","0.18","0.3686","0.0388","0.3263"
"WEP","20-Jan-2025","36","94.76","95.34","0.15","-1.640","0.00","0.18","0.3686","0.0388","0.3263"
"WEP","20-Jan-2025","37","121.00","121.59","0.27","-1.780","0.00","0.18","0.3686","0.0388","0.3263"
"WEP","20-Jan-2025","38","121.87","122.65","0.26","-1.950","0.00","0.18","0.3686","0.0388","0.3263"
"WEP","20-Jan-2025","39","125.78","125.90","0.33","-1.360","0.00","0.18","0.3686","0.0388","0.3263"
"WEP","20-Jan-2025","40","125.03","124.94","0.26","-1.080","0.00","0.18","0.3686","0.0388","0.3263"
"WEP","20-Jan-2025","41","122.31","122.77","0.18","-1.560","0.00","0.18","0.3686","0.0388","0.3263"
"WEP","20-Jan-2025","42","122.56","122.66","0.19","-1.210","0.00","0.18","0.3686","0.0388","0.3263"
"WEP","20-Jan-2025","43","98.92","98.64","0.14","-0.780","0.00","0.18","0.3686","0.0388","0.3263"
"WEP","20-Jan-2025","44","94.15","94.09","0.15","-1.000","0.00","0.18","0.3686","0.0388","0.3263"
"WEP","20-Jan-2025","45","94.57","93.80","0.15","-0.290","0.00","0.18","0.3686","0.0388","0.3263"
"WEP","20-Jan-2025","46","94.43","93.97","0.15","-0.610","0.00","0.18","0.3686","0.0388","0.3263"
"WEP","20-Jan-2025","47","93.39","93.59","0.15","-1.270","0.00","0.18","0.3686","0.0388","0.3263"
"WEP","20-Jan-2025","48","93.93","93.59","0.15","-0.730","0.00","0.18","0.3686","0.0388","0.3263"
"WEP","21-Jan-2025","1","94.21","93.84","0.15","-0.690","0.00","0.18","0.3686","0.0387","0.3249"
"WEP","21-Jan-2025","2","94.00","93.62","0.14","-0.670","0.00","0.18","0.3686","0.0387","0.3249"
"WEP","21-Jan-2025","3","93.85","93.46","0.13","-0.660","0.00","0.18","0.3686","0.0387","0.3249"
"WEP","21-Jan-2025","4","86.56","86.33","0.11","-0.790","0.00","0.18","0.3686","0.0387","0.3249"
"WEP","21-Jan-2025","5","85.54","85.46","0.07","-0.900","0.00","0.18","0.3686","0.0387","0.3249"
"WEP","21-Jan-2025","6","84.65","84.43","0.07","-0.770","0.00","0.18","0.3686","0.0387","0.3249"
"WEP","21-Jan-2025","7","84.56","84.29","0.07","-0.710","0.00","0.18","0.3686","0.0387","0.3249"
"WEP","21-Jan-2025","8","84.43","84.29","0.07","-0.840","0.00","0.18","0.3686","0.0387","0.3249"
"WEP","21-Jan-2025","9","84.49","84.28","0.07","-0.770","0.00","0.18","0.3686","0.0387","0.3249"
"WEP","21-Jan-2025","10","87.24","86.44","0.07","-0.180","0.00","0.18","0.3686","0.0387","0.3249"
"WEP","21-Jan-2025","11","94.01","93.72","0.14","-0.770","0.00","0.18","0.3686","0.0387","0.3249"
"WEP","21-Jan-2025","12","124.53","123.93","0.16","-0.470","0.00","0.18","0.3686","0.0387","0.3249"
"WEP","21-Jan-2025","13","116.41","116.18","0.18","-0.860","0.00","0.18","0.3686","0.0387","0.3249"
"WEP","21-Jan-2025","14","127.63","126.78","0.32","-0.380","0.00","0.18","0.3686","0.0387","0.3249"
"WEP","21-Jan-2025","15","135.67","135.00","0.66","-0.900","0.00","0.18","0.3686","0.0387","0.3249"
"WEP","21-Jan-2025","16","177.62","178.56","0.57","-2.420","0.00","0.18","0.3686","0.0387","0.3249"
"WEP","21-Jan-2025","17","150.46","149.78","0.47","-0.710","0.00","0.18","0.3686","0.0387","0.3249"
"WEP","21-Jan-2025","18","176.05","175.45","0.86","-1.170","0.00","0.18","0.3686","0.0387","0.3249"
"WEP","21-Jan-2025","19","174.42","174.50","0.59","-1.580","0.00","0.18","0.3686","0.0387","0.3249"
"WEP","21-Jan-2025","20","174.82","175.39","0.59","-2.070","0.00","0.18","0.3686","0.0387","0.3249"
"WEP","21-Jan-2025","21","128.55","128.99","0.36","-1.710","0.00","0.18","0.3686","0.0387","0.3249"
"WEP","21-Jan-2025","22","127.35","126.83","0.31","-0.700","0.00","0.18","0.3686","0.0387","0.3249"
"WEP","21-Jan-2025","23","123.88","123.80","0.27","-1.100","0.00","0.18","0.3686","0.0387","0.3249"
"WEP","21-Jan-2025","24","92.95","93.87","0.12","-1.950","0.00","0.18","0.3686","0.0387","0.3249"
"WEP","21-Jan-2025","25","93.75","94.38","0.14","-1.680","0.00","0.18","0.3686","0.0387","0.3249"
"WEP","21-Jan-2025","26","122.73","123.71","0.29","-2.180","0.00","0.18","0.3686","0.0387","0.3249"
"WEP","21-Jan-2025","27","92.86","93.88","0.19","-2.120","0.00","0.18","0.3686","0.0387","0.3249"
"WEP","21-Jan-2025","28","123.41","124.56","0.21","-2.270","0.00","0.18","0.3686","0.0387","0.3249"
"WEP","21-Jan-2025","29","116.93","118.27","0.18","-2.430","0.00","0.18","0.3686","0.0387","0.3249"
"WEP","21-Jan-2025","30","93.63","94.00","0.13","-1.410","0.00","0.18","0.3686","0.0387","0.3249"
"WEP","21-Jan-2025","31","112.84","112.62","0.30","-0.990","0.00","0.18","0.3686","0.0387","0.3249"
"WEP","21-Jan-2025","32","93.59","93.69","0.19","-1.200","0.00","0.18","0.3686","0.0387","0.3249"
"WEP","21-Jan-2025","33","93.34","94.00","0.14","-1.710","0.00","0.18","0.3686","0.0387","0.3249"
"WEP","21-Jan-2025","34","109.93","110.48","0.26","-1.730","0.00","0.18","0.3686","0.0387","0.3249"
"WEP","21-Jan-2025","35","103.50","104.03","0.26","-1.700","0.00","0.18","0.3686","0.0387","0.3249"
"WEP","21-Jan-2025","36","117.82","118.64","0.27","-2.000","0.00","0.18","0.3686","0.0387","0.3249"
"WEP","21-Jan-2025","37","124.01","124.60","0.37","-1.870","0.00","0.18","0.3686","0.0387","0.3249"
"WEP","21-Jan-2025","38","124.71","124.58","0.32","-1.110","0.00","0.18","0.3686","0.0387","0.3249"
"WEP","21-Jan-2025","39","125.06","124.68","0.36","-0.900","0.00","0.18","0.3686","0.0387","0.3249"
"WEP","21-Jan-2025","40","124.66","124.64","0.31","-1.200","0.00","0.18","0.3686","0.0387","0.3249"
"WEP","21-Jan-2025","41","123.85","123.89","0.25","-1.200","0.00","0.18","0.3686","0.0387","0.3249"
"WEP","21-Jan-2025","42","110.77","110.77","0.16","-1.070","0.00","0.18","0.3686","0.0387","0.3249"
"WEP","21-Jan-2025","43","94.54","94.00","0.15","-0.520","0.00","0.18","0.3686","0.0387","0.3249"
"WEP","21-Jan-2025","44","93.04","92.73","0.15","-0.760","0.00","0.18","0.3686","0.0387","0.3249"
"WEP","21-Jan-2025","45","91.36","90.56","0.15","-0.260","0.00","0.18","0.3686","0.0387","0.3249"
"WEP","21-Jan-2025","46","88.41","87.79","0.13","-0.420","0.00","0.18","0.3686","0.0387","0.3249"
"WEP","21-Jan-2025","47","87.15","86.41","0.14","-0.310","0.00","0.18","0.3686","0.0387","0.3249"
"WEP","21-Jan-2025","48","87.43","86.34","0.09","0.090","0.00","0.18","0.3686","0.0387","0.3249"
"WEP","22-Jan-2025","1","91.07","90.05","0.15","-0.040","0.00","0.18","0.3686","0.0389","0.3270"
"WEP","22-Jan-2025","2","86.25","85.54","0.14","-0.350","0.00","0.18","0.3686","0.0389","0.3270"
"WEP","22-Jan-2025","3","83.84","83.42","0.13","-0.630","0.00","0.18","0.3686","0.0389","0.3270"
"WEP","22-Jan-2025","4","82.64","81.98","0.13","-0.390","0.00","0.18","0.3686","0.0389","0.3270"
"WEP","22-Jan-2025","5","78.17","77.76","0.13","-0.640","0.00","0.18","0.3686","0.0389","0.3270"
"WEP","22-Jan-2025","6","67.54","67.23","0.13","-0.730","0.00","0.18","0.3686","0.0389","0.3270"
"WEP","22-Jan-2025","7","66.14","65.72","0.12","-0.610","0.00","0.18","0.3686","0.0389","0.3270"
"WEP","22-Jan-2025","8","66.04","65.72","0.12","-0.710","0.00","0.18","0.3686","0.0389","0.3270"
"WEP","22-Jan-2025","9","67.58","67.31","0.12","-0.770","0.00","0.18","0.3686","0.0389","0.3270"
"WEP","22-Jan-2025","10","82.63","81.98","0.13","-0.390","0.00","0.18","0.3686","0.0389","0.3270"
"WEP","22-Jan-2025","11","85.48","84.68","0.14","-0.260","0.00","0.18","0.3686","0.0389","0.3270"
"WEP","22-Jan-2025","12","94.60","93.77","0.16","-0.240","0.00","0.18","0.3686","0.0389","0.3270"
"WEP","22-Jan-2025","13","94.02","93.78","0.17","-0.840","0.00","0.18","0.3686","0.0389","0.3270"
"WEP","22-Jan-2025","14","97.00","96.56","0.20","-0.670","0.00","0.18","0.3686","0.0389","0.3270"
"WEP","22-Jan-2025","15","104.87","103.97","0.74","-0.750","0.00","0.18","0.3686","0.0389","0.3270"
"WEP","22-Jan-2025","16","113.09","113.08","0.30","-1.200","0.00","0.18","0.3686","0.0389","0.3270"
"WEP","22-Jan-2025","17","105.46","105.28","0.16","-0.900","0.00","0.18","0.3686","0.0389","0.3270"
"WEP","22-Jan-2025","18","123.63","123.01","0.39","-0.680","0.00","0.18","0.3686","0.0389","0.3270"
"WEP","22-Jan-2025","19","104.10","103.76","0.17","-0.740","0.00","0.18","0.3686","0.0389","0.3270"
"WEP","22-Jan-2025","20","94.08","93.90","0.17","-0.910","0.00","0.18","0.3686","0.0389","0.3270"
"WEP","22-Jan-2025","21","94.07","93.99","0.16","-0.990","0.00","0.18","0.3686","0.0389","0.3270"
"WEP","22-Jan-2025","22","93.23","93.68","0.15","-1.520","0.00","0.18","0.3686","0.0389","0.3270"
"WEP","22-Jan-2025","23","93.29","93.68","0.13","-1.430","0.00","0.18","0.3686","0.0389","0.3270"
"WEP","22-Jan-2025","24","93.16","93.03","0.12","-0.900","0.00","0.18","0.3686","0.0389","0.3270"
"WEP","22-Jan-2025","25","90.84","90.80","0.14","-1.020","0.00","0.18","0.3686","0.0389","0.3270"
"WEP","22-Jan-2025","26","87.87","88.24","0.14","-1.420","0.00","0.18","0.3686","0.0389","0.3270"
"WEP","22-Jan-2025","27","89.31","90.10","0.14","-1.850","0.00","0.18","0.3686","0.0389","0.3270"
"WEP","22-Jan-2025","28","93.08","93.68","0.13","-1.650","0.00","0.18","0.3686","0.0389","0.3270"
"WEP","22-Jan-2025","29","92.93","93.67","0.13","-1.780","0.00","0.18","0.3686","0.0389","0.3270"
"WEP","22-Jan-2025","30","93.43","93.63","0.14","-1.250","0.00","0.18","0.3686","0.0389","0.3270"
"WEP","22-Jan-2025","31","93.56","93.63","0.16","-1.150","0.00","0.18","0.3686","0.0389","0.3270"
"WEP","22-Jan-2025","32","93.91","93.69","0.16","-0.860","0.00","0.18","0.3686","0.0389","0.3270"
"WEP","22-Jan-2025","33","94.02","93.69","0.16","-0.750","0.00","0.18","0.3686","0.0389","0.3270"
"WEP","22-Jan-2025","34","93.49","93.68","0.16","-1.270","0.00","0.18","0.3686","0.0389","0.3270"
"WEP","22-Jan-2025","35","94.04","94.02","0.16","-1.060","0.00","0.18","0.3686","0.0389","0.3270"
"WEP","22-Jan-2025","36","93.74","93.81","0.16","-1.150","0.00","0.18","0.3686","0.0389","0.3270"
"WEP","22-Jan-2025","37","93.55","94.01","0.21","-1.590","0.00","0.18","0.3686","0.0389","0.3270"
"WEP","22-Jan-2025","38","111.98","112.93","0.20","-2.060","0.00","0.18","0.3686","0.0389","0.3270"
"WEP","22-Jan-2025","39","124.14","124.69","0.33","-1.800","0.00","0.18","0.3686","0.0389","0.3270"
"WEP","22-Jan-2025","40","124.17","124.69","0.28","-1.710","0.00","0.18","0.3686","0.0389","0.3270"
"WEP","22-Jan-2025","41","124.26","124.70","0.25","-1.610","0.00","0.18","0.3686","0.0389","0.3270"
"WEP","22-Jan-2025","42","123.53","123.89","0.24","-1.510","0.00","0.18","0.3686","0.0389","0.3270"
"WEP","22-Jan-2025","43","99.30","99.26","0.15","-1.020","0.00","0.18","0.3686","0.0389","0.3270"
"WEP","22-Jan-2025","44","93.77","93.80","0.15","-1.100","0.00","0.18","0.3686","0.0389","0.3270"
"WEP","22-Jan-2025","45","94.22","93.68","0.15","-0.520","0.00","0.18","0.3686","0.0389","0.3270"
"WEP","22-Jan-2025","46","93.57","93.00","0.15","-0.500","0.00","0.18","0.3686","0.0389","0.3270"
"WEP","22-Jan-2025","47","86.60","86.42","0.15","-0.890","0.00","0.18","0.3686","0.0389","0.3270"
"WEP","22-Jan-2025","48","93.70","93.78","0.15","-1.150","0.00","0.18","0.3686","0.0389","0.3270"
"WEP","23-Jan-2025","1","84.48","84.27","0.15","-0.850","0.00","0.18","0.3686","0.0387","0.3251"
"WEP","23-Jan-2025","2","83.78","83.60","0.14","-0.870","0.00","0.18","0.3686","0.0387","0.3251"
"WEP","23-Jan-2025","3","84.13","83.60","0.11","-0.490","0.00","0.18","0.3686","0.0387","0.3251"
"WEP","23-Jan-2025","4","83.35","82.70","0.13","-0.390","0.00","0.18","0.3686","0.0387","0.3251"
"WEP","23-Jan-2025","5","82.63","82.57","0.11","-0.960","0.00","0.18","0.3686","0.0387","0.3251"
"WEP","23-Jan-2025","6","80.73","80.21","0.12","-0.520","0.00","0.18","0.3686","0.0387","0.3251"
"WEP","23-Jan-2025","7","79.94","79.66","0.11","-0.740","0.00","0.18","0.3686","0.0387","0.3251"
"WEP","23-Jan-2025","8","78.60","78.25","0.11","-0.670","0.00","0.18","0.3686","0.0387","0.3251"
"WEP","23-Jan-2025","9","79.43","78.92","0.11","-0.510","0.00","0.18","0.3686","0.0387","0.3251"
"WEP","23-Jan-2025","10","82.02","81.51","0.11","-0.520","0.00","0.18","0.3686","0.0387","0.3251"
"WEP","23-Jan-2025","11","84.94","84.25","0.14","-0.360","0.00","0.18","0.3686","0.0387","0.3251"
"WEP","23-Jan-2025","12","93.37","92.83","0.16","-0.530","0.00","0.18","0.3686","0.0387","0.3251"
"WEP","23-Jan-2025","13","94.05","94.21","0.17","-1.240","0.00","0.18","0.3686","0.0387","0.3251"
"WEP","23-Jan-2025","14","117.87","117.43","0.44","-0.910","0.00","0.18","0.3686","0.0387","0.3251"
"WEP","23-Jan-2025","15","125.28","124.58","0.78","-1.000","0.00","0.18","0.3686","0.0387","0.3251"
"WEP","23-Jan-2025","16","127.30","126.91","0.60","-1.120","0.00","0.18","0.3686","0.0387","0.3251"
"WEP","23-Jan-2025","17","135.45","135.16","0.39","-1.010","0.00","0.18","0.3686","0.0387","0.3251"
"WEP","23-Jan-2025","18","147.51","147.03","0.69","-1.120","0.00","0.18","0.3686","0.0387","0.3251"
"WEP","23-Jan-2025","19","141.96","141.73","0.48","-1.160","0.00","0.18","0.3686","0.0387","0.3251"
"WEP","23-Jan-2025","20","142.05","141.74","0.56","-1.160","0.00","0.18","0.3686","0.0387","0.3251"
"WEP","23-Jan-2025","21","126.83","126.91","0.34","-1.330","0.00","0.18","0.3686","0.0387","0.3251"
"WEP","23-Jan-2025","22","125.40","125.90","0.33","-1.740","0.00","0.18","0.3686","0.0387","0.3251"
"WEP","23-Jan-2025","23","123.66","124.26","0.26","-1.780","0.00","0.18","0.3686","0.0387","0.3251"
"WEP","23-Jan-2025","24","122.82","123.87","0.26","-2.220","0.00","0.18","0.3686","0.0387","0.3251"
"WEP","23-Jan-2025","25","123.29","123.87","0.22","-1.720","0.00","0.18","0.3686","0.0387","0.3251"
"WEP","23-Jan-2025","26","123.38","123.87","0.34","-1.740","0.00","0.18","0.3686","0.0387","0.3251"
"WEP","23-Jan-2025","27","124.42","124.67","0.34","-1.500","0.00","0.18","0.3686","0.0387","0.3251"
"WEP","23-Jan-2025","28","125.75","125.89","0.30","-1.350","0.00","0.18","0.3686","0.0387","0.3251"
"WEP","23-Jan-2025","29","124.96","124.67","0.25","-0.870","0.00","0.18","0.3686","0.0387","0.3251"
"WEP","23-Jan-2025","30","93.81","93.94","0.18","-1.220","0.00","0.18","0.3686","0.0387","0.3251"
"WEP","23-Jan-2025","31","123.24","123.87","0.34","-1.890","0.00","0.18","0.3686","0.0387","0.3251"
"WEP","23-Jan-2025","32","93.39","93.94","0.16","-1.630","0.00","0.18","0.3686","0.0387","0.3251"
"WEP","23-Jan-2025","33","122.60","123.87","0.34","-2.530","0.00","0.18","0.3686","0.0387","0.3251"
"WEP","23-Jan-2025","34","123.34","124.67","0.37","-2.610","0.00","0.18","0.3686","0.0387","0.3251"
"WEP","23-Jan-2025","35","123.23","123.86","0.34","-1.880","0.00","0.18","0.3686","0.0387","0.3251"
"WEP","23-Jan-2025","36","125.34","126.78","0.38","-2.730","0.00","0.18","0.3686","0.0387","0.3251"
"WEP","23-Jan-2025","37","130.63","130.67","0.66","-1.610","0.00","0.18","0.3686","0.0387","0.3251"
"WEP","23-Jan-2025","38","133.15","132.98","0.63","-1.370","0.00","0.18","0.3686","0.0387","0.3251"
"WEP","23-Jan-2025","39","128.12","127.05","0.89","-0.740","0.00","0.18","0.3686","0.0387","0.3251"
"WEP","23-Jan-2025","40","127.88","127.07","0.62","-0.720","0.00","0.18","0.3686","0.0387","0.3251"
"WEP","23-Jan-2025","41","127.52","127.07","0.57","-1.040","0.00","0.18","0.3686","0.0387","0.3251"
"WEP","23-Jan-2025","42","125.20","124.87","0.54","-1.120","0.00","0.18","0.3686","0.0387","0.3251"
"WEP","23-Jan-2025","43","123.58","123.92","0.35","-1.600","0.00","0.18","0.3686","0.0387","0.3251"
"WEP","23-Jan-2025","44","122.22","122.86","0.38","-1.930","0.00","0.18","0.3686","0.0387","0.3251"
"WEP","23-Jan-2025","45","94.20","93.85","0.16","-0.720","0.00","0.18","0.3686","0.0387","0.3251"
"WEP","23-Jan-2025","46","93.68","93.52","0.15","-0.900","0.00","0.18","0.3686","0.0387","0.3251"
"WEP","23-Jan-2025","47","86.84","86.55","0.15","-0.770","0.00","0.18","0.3686","0.0387","0.3251"
"WEP","23-Jan-2025","48","86.08","85.38","0.15","-0.360","0.00","0.18","0.3686","0.0387","0.3251"
"WEP","24-Jan-2025","1","85.36","84.41","0.15","-0.120","0.00","0.18","0.3686","0.0392","0.3299"
"WEP","24-Jan-2025","2","84.94","84.07","0.14","-0.190","0.00","0.18","0.3686","0.0392","0.3299"
"WEP","24-Jan-2025","3","86.43","85.24","0.07","0.200","0.00","0.18","0.3686","0.0392","0.3299"
"WEP","24-Jan-2025","4","85.51","84.11","0.07","0.420","0.00","0.18","0.3686","0.0392","0.3299"
"WEP","24-Jan-2025","5","83.45","82.96","0.07","-0.500","0.00","0.18","0.3686","0.0392","0.3299"
"WEP","24-Jan-2025","6","78.08","77.12","0.07","-0.030","0.00","0.18","0.3686","0.0392","0.3299"
"WEP","24-Jan-2025","7","78.19","77.61","0.07","-0.400","0.00","0.18","0.3686","0.0392","0.3299"
"WEP","24-Jan-2025","8","77.98","77.11","0.07","-0.120","0.00","0.18","0.3686","0.0392","0.3299"
"WEP","24-Jan-2025","9","77.85","77.10","0.08","-0.240","0.00","0.18","0.3686","0.0392","0.3299"
"WEP","24-Jan-2025","10","82.85","82.18","0.09","-0.340","0.00","0.18","0.3686","0.0392","0.3299"
"WEP","24-Jan-2025","11","84.84","84.09","0.14","-0.310","0.00","0.18","0.3686","0.0392","0.3299"
"WEP","24-Jan-2025","12","101.02","100.06","0.15","-0.110","0.00","0.18","0.3686","0.0392","0.3299"
"WEP","24-Jan-2025","13","94.22","93.65","0.17","-0.520","0.00","0.18","0.3686","0.0392","0.3299"
"WEP","24-Jan-2025","14","96.76","96.09","0.18","-0.430","0.00","0.18","0.3686","0.0392","0.3299"
"WEP","24-Jan-2025","15","108.24","106.87","0.79","-0.340","0.00","0.18","0.3686","0.0392","0.3299"
"WEP","24-Jan-2025","16","124.54","123.83","0.28","-0.490","0.00","0.18","0.3686","0.0392","0.3299"
"WEP","24-Jan-2025","17","125.56","124.67","0.36","-0.390","0.00","0.18","0.3686","0.0392","0.3299"
"WEP","24-Jan-2025","18","125.68","125.64","0.64","-1.520","0.00","0.18","0.3686","0.0392","0.3299"
"WEP","24-Jan-2025","19","126.85","126.97","0.38","-1.420","0.00","0.18","0.3686","0.0392","0.3299"
"WEP","24-Jan-2025","20","140.32","140.53","0.55","-1.670","0.00","0.18","0.3686","0.0392","0.3299"
"WEP","24-Jan-2025","21","129.25","129.14","0.39","-1.190","0.00","0.18","0.3686","0.0392","0.3299"
"WEP","24-Jan-2025","22","130.48","130.67","0.39","-1.500","0.00","0.18","0.3686","0.0392","0.3299"
"WEP","24-Jan-2025","23","124.47","124.93","0.25","-1.630","0.00","0.18","0.3686","0.0392","0.3299"
"WEP","24-Jan-2025","24","109.89","110.76","0.12","-1.910","0.00","0.18","0.3686","0.0392","0.3299"
"WEP","24-Jan-2025","25","123.24","123.86","0.32","-1.860","0.00","0.18","0.3686","0.0392","0.3299"
"WEP","24-Jan-2025","26","93.48","93.93","0.14","-1.510","0.00","0.18","0.3686","0.0392","0.3299"
"WEP","24-Jan-2025","27","125.23","125.89","0.32","-1.900","0.00","0.18","0.3686","0.0392","0.3299"
"WEP","24-Jan-2025","28","126.06","125.89","0.22","-0.960","0.00","0.18","0.3686","0.0392","0.3299"
"WEP","24-Jan-2025","29","123.78","123.85","0.25","-1.240","0.00","0.18","0.3686","0.0392","0.3299"
"WEP","24-Jan-2025","30","86.53","86.73","0.13","-1.250","0.00","0.18","0.3686","0.0392","0.3299"
"WEP","24-Jan-2025","31","93.92","94.03","0.19","-1.220","0.00","0.18","0.3686","0.0392","0.3299"
"WEP","24-Jan-2025","32","93.35","93.55","0.18","-1.300","0.00","0.18","0.3686","0.0392","0.3299"
"WEP","24-Jan-2025","33","92.89","93.83","0.19","-2.050","0.00","0.18","0.3686","0.0392","0.3299"
"WEP","24-Jan-2025","34","117.49","118.27","0.33","-2.030","0.00","0.18","0.3686","0.0392","0.3299"
"WEP","24-Jan-2025","35","124.54","124.72","0.35","-1.450","0.00","0.18","0.3686","0.0392","0.3299"
"WEP","24-Jan-2025","36","124.24","123.88","0.35","-0.900","0.00","0.18","0.3686","0.0392","0.3299"
"WEP","24-Jan-2025","37","124.70","123.88","0.70","-0.800","0.00","0.18","0.3686","0.0392","0.3299"
"WEP","24-Jan-2025","38","124.31","123.87","0.40","-0.880","0.00","0.18","0.3686","0.0392","0.3299"
"WEP","24-Jan-2025","39","125.23","124.74","0.42","-0.850","0.00","0.18","0.3686","0.0392","0.3299"
"WEP","24-Jan-2025","40","125.25","124.74","0.40","-0.810","0.00","0.18","0.3686","0.0392","0.3299"
"WEP","24-Jan-2025","41","124.20","123.87","0.31","-0.900","0.00","0.18","0.3686","0.0392","0.3299"
"WEP","24-Jan-2025","42","94.34","94.04","0.18","-0.800","0.00","0.18","0.3686","0.0392","0.3299"
"WEP","24-Jan-2025","43","94.21","93.84","0.15","-0.700","0.00","0.18","0.3686","0.0392","0.3299"
"WEP","24-Jan-2025","44","91.22","91.07","0.15","-0.920","0.00","0.18","0.3686","0.0392","0.3299"
"WEP","24-Jan-2025","45","88.78","88.30","0.15","-0.590","0.00","0.18","0.3686","0.0392","0.3299"
"WEP","24-Jan-2025","46","87.08","86.60","0.08","-0.520","0.00","0.18","0.3686","0.0392","0.3299"
"WEP","24-Jan-2025","47","94.54","93.66","0.15","-0.190","0.00","0.18","0.3686","0.0392","0.3299"
"WEP","24-Jan-2025","48","94.45","93.88","0.15","-0.500","0.00","0.18","0.3686","0.0392","0.3299"
"WEP","25-Jan-2025","1","94.06","94.03","0.15","-1.060","0.00","0.18","0.3686","0.0419","0.3521"
"WEP","25-Jan-2025","2","95.00","93.93","0.14","-0.010","0.00","0.18","0.3686","0.0419","0.3521"
"WEP","25-Jan-2025","3","94.07","92.90","0.07","0.160","0.00","0.18","0.3686","0.0419","0.3521"
"WEP","25-Jan-2025","4","91.35","90.31","0.07","0.030","0.00","0.18","0.3686","0.0419","0.3521"
"WEP","25-Jan-2025","5","93.23","92.28","0.07","-0.060","0.00","0.18","0.3686","0.0419","0.3521"
"WEP","25-Jan-2025","6","90.98","90.14","0.07","-0.170","0.00","0.18","0.3686","0.0419","0.3521"
"WEP","25-Jan-2025","7","91.63","91.04","0.07","-0.420","0.00","0.18","0.3686","0.0419","0.3521"
"WEP","25-Jan-2025","8","91.48","90.50","0.07","-0.030","0.00","0.18","0.3686","0.0419","0.3521"
"WEP","25-Jan-2025","9","91.72","90.21","0.07","0.490","0.00","0.18","0.3686","0.0419","0.3521"
"WEP","25-Jan-2025","10","91.44","90.19","0.07","0.240","0.00","0.18","0.3686","0.0419","0.3521"
"WEP","25-Jan-2025","11","93.05","91.72","0.14","0.240","0.00","0.18","0.3686","0.0419","0.3521"
"WEP","25-Jan-2025","12","94.15","92.87","0.16","0.180","0.00","0.18","0.3686","0.0419","0.3521"
"WEP","25-Jan-2025","13","93.64","92.61","0.18","-0.090","0.00","0.18","0.3686","0.0419","0.3521"
"WEP","25-Jan-2025","14","95.00","93.81","0.20","0.050","0.00","0.18","0.3686","0.0419","0.3521"
"WEP","25-Jan-2025","15","95.65","94.01","0.86","-0.160","0.00","0.18","0.3686","0.0419","0.3521"
"WEP","25-Jan-2025","16","116.08","115.36","0.22","-0.440","0.00","0.18","0.3686","0.0419","0.3521"
"WEP","25-Jan-2025","17","126.00","124.54","0.17","0.350","0.00","0.18","0.3686","0.0419","0.3521"
"WEP","25-Jan-2025","18","125.87","124.58","0.28","0.070","0.00","0.18","0.3686","0.0419","0.3521"
"WEP","25-Jan-2025","19","124.96","124.58","0.16","-0.720","0.00","0.18","0.3686","0.0419","0.3521"
"WEP","25-Jan-2025","20","124.41","123.76","0.16","-0.450","0.00","0.18","0.3686","0.0419","0.3521"
"WEP","25-Jan-2025","21","94.99","93.96","0.15","-0.070","0.00","0.18","0.3686","0.0419","0.3521"
"WEP","25-Jan-2025","22","94.60","93.77","0.14","-0.250","0.00","0.18","0.3686","0.0419","0.3521"
"WEP","25-Jan-2025","23","86.75","86.80","0.13","-1.130","0.00","0.18","0.3686","0.0419","0.3521"
"WEP","25-Jan-2025","24","86.62","86.81","0.12","-1.250","0.00","0.18","0.3686","0.0419","0.3521"
"WEP","25-Jan-2025","25","86.70","86.71","0.15","-1.100","0.00","0.18","0.3686","0.0419","0.3521"
"WEP","25-Jan-2025","26","86.83","86.70","0.15","-0.970","0.00","0.18","0.3686","0.0419","0.3521"
"WEP","25-Jan-2025","27","86.52","86.70","0.15","-1.280","0.00","0.18","0.3686","0.0419","0.3521"
"WEP","25-Jan-2025","28","85.36","86.60","0.14","-2.330","0.00","0.18","0.3686","0.0419","0.3521"
"WEP","25-Jan-2025","29","88.81","89.80","0.12","-2.050","0.00","0.18","0.3686","0.0419","0.3521"
"WEP","25-Jan-2025","30","91.53","91.46","0.14","-1.010","0.00","0.18","0.3686","0.0419","0.3521"
"WEP","25-Jan-2025","31","94.08","93.65","0.15","-0.660","0.00","0.18","0.3686","0.0419","0.3521"
"WEP","25-Jan-2025","32","88.67","88.33","0.15","-0.750","0.00","0.18","0.3686","0.0419","0.3521"
"WEP","25-Jan-2025","33","94.29","93.75","0.15","-0.550","0.00","0.18","0.3686","0.0419","0.3521"
"WEP","25-Jan-2025","34","88.90","88.33","0.16","-0.530","0.00","0.18","0.3686","0.0419","0.3521"
"WEP","25-Jan-2025","35","87.60","88.34","0.15","-1.830","0.00","0.18","0.3686","0.0419","0.3521"
"WEP","25-Jan-2025","36","89.19","89.79","0.16","-1.700","0.00","0.18","0.3686","0.0419","0.3521"
"WEP","25-Jan-2025","37","99.63","99.84","0.40","-1.560","0.00","0.18","0.3686","0.0419","0.3521"
"WEP","25-Jan-2025","38","124.35","124.74","0.44","-1.770","0.00","0.18","0.3686","0.0419","0.3521"
"WEP","25-Jan-2025","39","127.20","127.05","0.49","-1.280","0.00","0.18","0.3686","0.0419","0.3521"
"WEP","25-Jan-2025","40","127.41","127.04","0.43","-1.010","0.00","0.18","0.3686","0.0419","0.3521"
"WEP","25-Jan-2025","41","127.08","127.04","0.29","-1.200","0.00","0.18","0.3686","0.0419","0.3521"
"WEP","25-Jan-2025","42","127.08","127.07","0.84","-1.770","0.00","0.18","0.3686","0.0419","0.3521"
"WEP","25-Jan-2025","43","126.16","125.91","0.59","-1.290","0.00","0.18","0.3686","0.0419","0.3521"
"WEP","25-Jan-2025","44","124.99","124.80","0.55","-1.300","0.00","0.18","0.3686","0.0419","0.3521"
"WEP","25-Jan-2025","45","124.17","123.83","0.39","-1.000","0.00","0.18","0.3686","0.0419","0.3521"
"WEP","25-Jan-2025","46","100.35","100.33","0.16","-1.080","0.00","0.18","0.3686","0.0419","0.3521"
"WEP","25-Jan-2025","47","107.66","107.43","0.26","-0.970","0.00","0.18","0.3686","0.0419","0.3521"
"WEP","25-Jan-2025","48","100.52","98.98","0.15","0.450","0.00","0.18","0.3686","0.0419","0.3521"
"WEP","26-Jan-2025","1","95.34","94.11","0.15","0.130","0.00","0.18","0.3686","0.0423","0.3556"
"WEP","26-Jan-2025","2","94.50","94.01","0.14","-0.590","0.00","0.18","0.3686","0.0423","0.3556"
"WEP","26-Jan-2025","3","94.35","94.08","0.13","-0.810","0.00","0.18","0.3686","0.0423","0.3556"
"WEP","26-Jan-2025","4","94.67","93.84","0.13","-0.250","0.00","0.18","0.3686","0.0423","0.3556"
"WEP","26-Jan-2025","5","87.17","86.75","0.09","-0.610","0.00","0.18","0.3686","0.0423","0.3556"
"WEP","26-Jan-2025","6","86.77","86.56","0.07","-0.810","0.00","0.18","0.3686","0.0423","0.3556"
"WEP","26-Jan-2025","7","86.86","86.47","0.07","-0.630","0.00","0.18","0.3686","0.0423","0.3556"
"WEP","26-Jan-2025","8","87.58","86.65","0.07","-0.080","0.00","0.18","0.3686","0.0423","0.3556"
"WEP","26-Jan-2025","9","87.31","86.64","0.07","-0.340","0.00","0.18","0.3686","0.0423","0.3556"
"WEP","26-Jan-2025","10","86.74","86.59","0.07","-0.860","0.00","0.18","0.3686","0.0423","0.3556"
"WEP","26-Jan-2025","11","87.13","86.64","0.14","-0.600","0.00","0.18","0.3686","0.0423","0.3556"
"WEP","26-Jan-2025","12","89.06","88.34","0.16","-0.390","0.00","0.18","0.3686","0.0423","0.3556"
"WEP","26-Jan-2025","13","94.35","93.77","0.24","-0.610","0.00","0.18","0.3686","0.0423","0.3556"
"WEP","26-Jan-2025","14","95.10","93.93","0.65","-0.420","0.00","0.18","0.3686","0.0423","0.3556"
"WEP","26-Jan-2025","15","95.77","94.66","1.10","-0.940","0.00","0.18","0.3686","0.0423","0.3556"
"WEP","26-Jan-2025","16","97.81","96.75","0.75","-0.640","0.00","0.18","0.3686","0.0423","0.3556"
"WEP","26-Jan-2025","17","95.04","94.15","0.37","-0.430","0.00","0.18","0.3686","0.0423","0.3556"
"WEP","26-Jan-2025","18","95.45","94.06","0.79","-0.340","0.00","0.18","0.3686","0.0423","0.3556"
"WEP","26-Jan-2025","19","95.32","94.02","0.35","0.010","0.00","0.18","0.3686","0.0423","0.3556"
"WEP","26-Jan-2025","20","94.95","93.73","0.26","0.020","0.00","0.18","0.3686","0.0423","0.3556"
"WEP","26-Jan-2025","21","92.29","91.81","0.16","-0.630","0.00","0.18","0.3686","0.0423","0.3556"
"WEP","26-Jan-2025","22","89.94","88.92","0.15","-0.070","0.00","0.18","0.3686","0.0423","0.3556"
"WEP","26-Jan-2025","23","90.19","89.54","0.11","-0.410","0.00","0.18","0.3686","0.0423","0.3556"
"WEP","26-Jan-2025","24","86.24","86.50","0.09","-1.300","0.00","0.18","0.3686","0.0423","0.3556"
"WEP","26-Jan-2025","25","86.27","86.73","0.15","-1.550","0.00","0.18","0.3686","0.0423","0.3556"
"WEP","26-Jan-2025","26","93.11","92.76","0.15","-0.740","0.00","0.18","0.3686","0.0423","0.3556"
"WEP","26-Jan-2025","27","86.75","86.68","0.15","-1.020","0.00","0.18","0.3686","0.0423","0.3556"
"WEP","26-Jan-2025","28","85.91","86.69","0.14","-1.860","0.00","0.18","0.3686","0.0423","0.3556"
"WEP","26-Jan-2025","29","86.26","87.15","0.14","-1.980","0.00","0.18","0.3686","0.0423","0.3556"
"WEP","26-Jan-2025","30","92.62","93.84","0.15","-2.320","0.00","0.18","0.3686","0.0423","0.3556"
"WEP","26-Jan-2025","31","95.82","96.74","0.16","-2.030","0.00","0.18","0.3686","0.0423","0.3556"
"WEP","26-Jan-2025","32","98.74","98.49","0.16","-0.850","0.00","0.18","0.3686","0.0423","0.3556"
"WEP","26-Jan-2025","33","95.60","96.00","0.16","-1.510","0.00","0.18","0.3686","0.0423","0.3556"
"WEP","26-Jan-2025","34","102.20","102.22","0.18","-1.150","0.00","0.18","0.3686","0.0423","0.3556"
"WEP","26-Jan-2025","35","119.44","120.00","0.38","-1.890","0.00","0.18","0.3686","0.0423","0.3556"
"WEP","26-Jan-2025","36","123.67","123.98","0.43","-1.690","0.00","0.18","0.3686","0.0423","0.3556"
"WEP","26-Jan-2025","37","126.42","126.05","0.76","-1.330","0.00","0.18","0.3686","0.0423","0.3556"
"WEP","26-Jan-2025","38","127.86","127.06","0.73","-0.870","0.00","0.18","0.3686","0.0423","0.3556"
"WEP","26-Jan-2025","39","127.98","127.11","0.93","-1.000","0.00","0.18","0.3686","0.0423","0.3556"
"WEP","26-Jan-2025","40","127.50","127.01","0.78","-1.230","0.00","0.18","0.3686","0.0423","0.3556"
"WEP","26-Jan-2025","41","127.38","127.07","0.73","-1.370","0.00","0.18","0.3686","0.0423","0.3556"
"WEP","26-Jan-2025","42","127.68","127.07","0.66","-1.000","0.00","0.18","0.3686","0.0423","0.3556"
"WEP","26-Jan-2025","43","124.94","124.75","0.49","-1.250","0.00","0.18","0.3686","0.0423","0.3556"
"WEP","26-Jan-2025","44","115.03","114.87","0.38","-1.170","0.00","0.18","0.3686","0.0423","0.3556"
"WEP","26-Jan-2025","45","100.95","100.65","0.24","-0.890","0.00","0.18","0.3686","0.0423","0.3556"
"WEP","26-Jan-2025","46","99.71","99.44","0.15","-0.830","0.00","0.18","0.3686","0.0423","0.3556"
"WEP","26-Jan-2025","47","95.41","95.14","0.15","-0.820","0.00","0.18","0.3686","0.0423","0.3556"
"WEP","26-Jan-2025","48","93.79","93.87","0.15","-1.170","0.00","0.18","0.3686","0.0423","0.3556"
"WEP","27-Jan-2025","1","94.25","93.87","0.15","-0.690","0.00","0.18","0.3686","0.0399","0.3357"
"WEP","27-Jan-2025","2","94.11","93.65","0.14","-0.600","0.00","0.18","0.3686","0.0399","0.3357"
"WEP","27-Jan-2025","3","93.95","93.65","0.07","-0.700","0.00","0.18","0.3686","0.0399","0.3357"
"WEP","27-Jan-2025","4","93.85","93.64","0.07","-0.780","0.00","0.18","0.3686","0.0399","0.3357"
"WEP","27-Jan-2025","5","93.78","93.63","0.07","-0.850","0.00","0.18","0.3686","0.0399","0.3357"
"WEP","27-Jan-2025","6","93.83","93.63","0.07","-0.800","0.00","0.18","0.3686","0.0399","0.3357"
"WEP","27-Jan-2025","7","91.70","91.61","0.07","-0.910","0.00","0.18","0.3686","0.0399","0.3357"
"WEP","27-Jan-2025","8","92.17","91.61","0.07","-0.430","0.00","0.18","0.3686","0.0399","0.3357"
"WEP","27-Jan-2025","9","92.18","91.61","0.07","-0.430","0.00","0.18","0.3686","0.0399","0.3357"
"WEP","27-Jan-2025","10","94.32","93.64","0.07","-0.320","0.00","0.18","0.3686","0.0399","0.3357"
"WEP","27-Jan-2025","11","94.59","93.83","0.08","-0.240","0.00","0.18","0.3686","0.0399","0.3357"
"WEP","27-Jan-2025","12","99.73","98.53","0.16","0.110","0.00","0.18","0.3686","0.0399","0.3357"
"WEP","27-Jan-2025","13","99.44","98.54","0.16","-0.190","0.00","0.18","0.3686","0.0399","0.3357"
"WEP","27-Jan-2025","14","207.50","206.91","0.66","-0.990","0.00","0.18","0.3686","0.0399","0.3357"
"WEP","27-Jan-2025","15","209.08","206.96","0.99","0.200","0.00","0.18","0.3686","0.0399","0.3357"
"WEP","27-Jan-2025","16","232.03","230.05","0.76","0.300","0.00","0.18","0.3686","0.0399","0.3357"
"WEP","27-Jan-2025","17","160.27","158.59","0.88","-0.130","0.00","0.18","0.3686","0.0399","0.3357"
"WEP","27-Jan-2025","18","140.14","139.15","0.99","-0.930","0.00","0.18","0.3686","0.0399","0.3357"
"WEP","27-Jan-2025","19","153.21","152.46","0.66","-0.830","0.00","0.18","0.3686","0.0399","0.3357"
"WEP","27-Jan-2025","20","142.27","141.41","0.61","-0.680","0.00","0.18","0.3686","0.0399","0.3357"
"WEP","27-Jan-2025","21","130.27","129.06","0.36","-0.070","0.00","0.18","0.3686","0.0399","0.3357"
"WEP","27-Jan-2025","22","130.32","129.21","0.52","-0.330","0.00","0.18","0.3686","0.0399","0.3357"
"WEP","27-Jan-2025","23","104.77","104.65","0.31","-1.110","0.00","0.18","0.3686","0.0399","0.3357"
"WEP","27-Jan-2025","24","93.71","94.51","0.14","-1.870","0.00","0.18","0.3686","0.0399","0.3357"
"WEP","27-Jan-2025","25","92.83","94.10","0.19","-2.390","0.00","0.18","0.3686","0.0399","0.3357"
"WEP","27-Jan-2025","26","116.68","118.19","0.43","-2.870","0.00","0.18","0.3686","0.0399","0.3357"
"WEP","27-Jan-2025","27","155.16","157.12","0.69","-3.580","0.00","0.18","0.3686","0.0399","0.3357"
"WEP","27-Jan-2025","28","126.31","127.11","0.48","-2.210","0.00","0.18","0.3686","0.0399","0.3357"
"WEP","27-Jan-2025","29","173.92","176.39","0.78","-4.180","0.00","0.18","0.3686","0.0399","0.3357"
"WEP","27-Jan-2025","30","175.17","176.37","0.82","-2.950","0.00","0.18","0.3686","0.0399","0.3357"
"WEP","27-Jan-2025","31","144.85","145.14","0.67","-1.890","0.00","0.18","0.3686","0.0399","0.3357"
"WEP","27-Jan-2025","32","124.49","124.85","0.44","-1.730","0.00","0.18","0.3686","0.0399","0.3357"
"WEP","27-Jan-2025","33","195.04","196.00","0.86","-2.740","0.00","0.18","0.3686","0.0399","0.3357"
"WEP","27-Jan-2025","34","221.34","220.25","1.20","-1.030","0.00","0.18","0.3686","0.0399","0.3357"
"WEP","27-Jan-2025","35","149.66","148.77","0.72","-0.750","0.00","0.18","0.3686","0.0399","0.3357"
"WEP","27-Jan-2025","36","129.54","128.56","0.57","-0.510","0.00","0.18","0.3686","0.0399","0.3357"
"WEP","27-Jan-2025","37","125.45","123.90","0.78","-0.150","0.00","0.18","0.3686","0.0399","0.3357"
"WEP","27-Jan-2025","38","124.63","123.92","0.76","-0.970","0.00","0.18","0.3686","0.0399","0.3357"
"WEP","27-Jan-2025","39","128.12","127.05","0.86","-0.710","0.00","0.18","0.3686","0.0399","0.3357"
"WEP","27-Jan-2025","40","120.35","119.05","0.65","-0.270","0.00","0.18","0.3686","0.0399","0.3357"
"WEP","27-Jan-2025","41","101.93","101.00","0.31","-0.300","0.00","0.18","0.3686","0.0399","0.3357"
"WEP","27-Jan-2025","42","102.82","102.12","0.40","-0.630","0.00","0.18","0.3686","0.0399","0.3357"
"WEP","27-Jan-2025","43","95.20","94.51","0.16","-0.390","0.00","0.18","0.3686","0.0399","0.3357"
"WEP","27-Jan-2025","44","95.00","94.53","0.16","-0.610","0.00","0.18","0.3686","0.0399","0.3357"
"WEP","27-Jan-2025","45","94.77","94.00","0.16","-0.310","0.00","0.18","0.3686","0.0399","0.3357"
"WEP","27-Jan-2025","46","94.53","93.66","0.15","-0.200","0.00","0.18","0.3686","0.0399","0.3357"
"WEP","27-Jan-2025","47","90.42","89.74","0.16","-0.400","0.00","0.18","0.3686","0.0399","0.3357"
"WEP","27-Jan-2025","48","89.80","89.42","0.16","-0.700","0.00","0.18","0.3686","0.0399","0.3357"
"WEP","28-Jan-2025","1","94.88","94.05","0.17","-0.290","0.00","0.18","0.3686","0.0424","0.3567"
"WEP","28-Jan-2025","2","94.66","93.75","0.15","-0.190","0.00","0.18","0.3686","0.0424","0.3567"
"WEP","28-Jan-2025","3","92.02","90.99","0.13","-0.050","0.00","0.18","0.3686","0.0424","0.3567"
"WEP","28-Jan-2025","4","88.62","88.20","0.12","-0.650","0.00","0.18","0.3686","0.0424","0.3567"
"WEP","28-Jan-2025","5","87.16","86.75","0.12","-0.650","0.00","0.18","0.3686","0.0424","0.3567"
"WEP","28-Jan-2025","6","89.20","88.57","0.13","-0.450","0.00","0.18","0.3686","0.0424","0.3567"
"WEP","28-Jan-2025","7","87.06","86.66","0.13","-0.670","0.00","0.18","0.3686","0.0424","0.3567"
"WEP","28-Jan-2025","8","87.11","86.66","0.13","-0.630","0.00","0.18","0.3686","0.0424","0.3567"
"WEP","28-Jan-2025","9","86.98","86.65","0.13","-0.750","0.00","0.18","0.3686","0.0424","0.3567"
"WEP","28-Jan-2025","10","86.85","86.73","0.13","-0.960","0.00","0.18","0.3686","0.0424","0.3567"
"WEP","28-Jan-2025","11","88.09","88.21","0.14","-1.210","0.00","0.18","0.3686","0.0424","0.3567"
"WEP","28-Jan-2025","12","88.64","88.61","0.16","-1.080","0.00","0.18","0.3686","0.0424","0.3567"
"WEP","28-Jan-2025","13","88.12","88.22","0.18","-1.230","0.00","0.18","0.3686","0.0424","0.3567"
"WEP","28-Jan-2025","14","93.74","93.75","0.19","-1.150","0.00","0.18","0.3686","0.0424","0.3567"
"WEP","28-Jan-2025","15","94.01","93.73","0.33","-1.000","0.00","0.18","0.3686","0.0424","0.3567"
"WEP","28-Jan-2025","16","93.84","94.03","0.19","-1.330","0.00","0.18","0.3686","0.0424","0.3567"
"WEP","28-Jan-2025","17","97.82","97.76","0.17","-1.060","0.00","0.18","0.3686","0.0424","0.3567"
"WEP","28-Jan-2025","18","111.00","110.86","0.23","-1.030","0.00","0.18","0.3686","0.0424","0.3567"
"WEP","28-Jan-2025","19","97.81","96.57","0.16","0.130","0.00","0.18","0.3686","0.0424","0.3567"
"WEP","28-Jan-2025","20","95.20","93.74","0.16","0.350","0.00","0.18","0.3686","0.0424","0.3567"
"WEP","28-Jan-2025","21","92.24","91.70","0.15","-0.550","0.00","0.18","0.3686","0.0424","0.3567"
"WEP","28-Jan-2025","22","91.54","91.46","0.15","-1.010","0.00","0.18","0.3686","0.0424","0.3567"
"WEP","28-Jan-2025","23","88.54","88.61","0.14","-1.160","0.00","0.18","0.3686","0.0424","0.3567"
"WEP","28-Jan-2025","24","86.54","86.70","0.13","-1.230","0.00","0.18","0.3686","0.0424","0.3567"
"WEP","28-Jan-2025","25","86.76","86.86","0.15","-1.200","0.00","0.18","0.3686","0.0424","0.3567"
"WEP","28-Jan-2025","26","86.13","86.51","0.15","-1.470","0.00","0.18","0.3686","0.0424","0.3567"
"WEP","28-Jan-2025","27","87.20","86.86","0.15","-0.760","0.00","0.18","0.3686","0.0424","0.3567"
"WEP","28-Jan-2025","28","86.99","86.52","0.14","-0.620","0.00","0.18","0.3686","0.0424","0.3567"
"WEP","28-Jan-2025","29","87.43","86.50","0.14","-0.160","0.00","0.18","0.3686","0.0424","0.3567"
"WEP","28-Jan-2025","30","84.36","84.42","0.14","-1.150","0.00","0.18","0.3686","0.0424","0.3567"
"WEP","28-Jan-2025","31","73.54","74.46","0.16","-2.020","0.00","0.18","0.3686","0.0424","0.3567"
"WEP","28-Jan-2025","32","84.19","85.58","0.16","-2.500","0.00","0.18","0.3686","0.0424","0.3567"
"WEP","28-Jan-2025","33","85.73","86.59","0.16","-1.970","0.00","0.18","0.3686","0.0424","0.3567"
"WEP","28-Jan-2025","34","87.13","87.63","0.16","-1.610","0.00","0.18","0.3686","0.0424","0.3567"
"WEP","28-Jan-2025","35","89.88","89.63","0.16","-0.860","0.00","0.18","0.3686","0.0424","0.3567"
"WEP","28-Jan-2025","36","91.39","91.13","0.16","-0.850","0.00","0.18","0.3686","0.0424","0.3567"
"WEP","28-Jan-2025","37","92.10","91.63","0.20","-0.680","0.00","0.18","0.3686","0.0424","0.3567"
"WEP","28-Jan-2025","38","94.67","93.95","0.21","-0.430","0.00","0.18","0.3686","0.0424","0.3567"
"WEP","28-Jan-2025","39","94.99","93.85","0.22","-0.030","0.00","0.18","0.3686","0.0424","0.3567"
"WEP","28-Jan-2025","40","92.62","91.49","0.19","-0.010","0.00","0.18","0.3686","0.0424","0.3567"
"WEP","28-Jan-2025","41","90.35","89.15","0.18","0.070","0.00","0.18","0.3686","0.0424","0.3567"
"WEP","28-Jan-2025","42","88.17","86.88","0.22","0.120","0.00","0.18","0.3686","0.0424","0.3567"
"WEP","28-Jan-2025","43","87.80","86.93","0.18","-0.260","0.00","0.18","0.3686","0.0424","0.3567"
"WEP","28-Jan-2025","44","92.04","91.63","0.20","-0.730","0.00","0.18","0.3686","0.0424","0.3567"
"WEP","28-Jan-2025","45","93.25","92.70","0.17","-0.560","0.00","0.18","0.3686","0.0424","0.3567"
"WEP","28-Jan-2025","46","94.21","93.78","0.16","-0.680","0.00","0.18","0.3686","0.0424","0.3567"
"WEP","28-Jan-2025","47","99.00","98.65","0.19","-0.790","0.00","0.18","0.3686","0.0424","0.3567"
"WEP","28-Jan-2025","48","97.28","96.63","0.17","-0.470","0.00","0.18","0.3686","0.0424","0.3567"
"WEP","29-Jan-2025","1","104.64","103.84","0.24","-0.420","0.00","0.18","0.3686","0.0456","0.3832"
"WEP","29-Jan-2025","2","101.29","100.28","0.15","-0.120","0.00","0.18","0.3686","0.0456","0.3832"
"WEP","29-Jan-2025","3","95.98","94.75","0.13","0.120","0.00","0.18","0.3686","0.0456","0.3832"
"WEP","29-Jan-2025","4","95.09","94.04","0.14","-0.060","0.00","0.18","0.3686","0.0456","0.3832"
"WEP","29-Jan-2025","5","94.64","93.93","0.13","-0.400","0.00","0.18","0.3686","0.0456","0.3832"
"WEP","29-Jan-2025","6","94.52","93.83","0.13","-0.420","0.00","0.18","0.3686","0.0456","0.3832"
"WEP","29-Jan-2025","7","95.23","93.83","0.13","0.290","0.00","0.18","0.3686","0.0456","0.3832"
"WEP","29-Jan-2025","8","94.98","93.73","0.13","0.140","0.00","0.18","0.3686","0.0456","0.3832"
"WEP","29-Jan-2025","9","94.57","93.73","0.13","-0.270","0.00","0.18","0.3686","0.0456","0.3832"
"WEP","29-Jan-2025","10","94.50","93.82","0.14","-0.440","0.00","0.18","0.3686","0.0456","0.3832"
"WEP","29-Jan-2025","11","94.29","93.82","0.15","-0.660","0.00","0.18","0.3686","0.0456","0.3832"
"WEP","29-Jan-2025","12","94.82","93.92","0.17","-0.250","0.00","0.18","0.3686","0.0456","0.3832"
"WEP","29-Jan-2025","13","96.39","95.53","0.19","-0.310","0.00","0.18","0.3686","0.0456","0.3832"
"WEP","29-Jan-2025","14","100.42","99.11","0.37","-0.030","0.00","0.18","0.3686","0.0456","0.3832"
"WEP","29-Jan-2025","15","97.70","95.70","1.14","-0.120","0.00","0.18","0.3686","0.0456","0.3832"
"WEP","29-Jan-2025","16","98.91","97.76","0.39","-0.220","0.00","0.18","0.3686","0.0456","0.3832"
"WEP","29-Jan-2025","17","99.58","98.78","0.30","-0.480","0.00","0.18","0.3686","0.0456","0.3832"
"WEP","29-Jan-2025","18","102.69","100.88","0.82","0.010","0.00","0.18","0.3686","0.0456","0.3832"
"WEP","29-Jan-2025","19","100.18","98.74","0.38","0.080","0.00","0.18","0.3686","0.0456","0.3832"
"WEP","29-Jan-2025","20","99.18","97.13","0.43","0.650","0.00","0.18","0.3686","0.0456","0.3832"
"WEP","29-Jan-2025","21","94.78","93.81","0.26","-0.260","0.00","0.18","0.3686","0.0456","0.3832"
"WEP","29-Jan-2025","22","90.07","89.59","0.20","-0.700","0.00","0.18","0.3686","0.0456","0.3832"
"WEP","29-Jan-2025","23","93.97","92.62","0.15","0.230","0.00","0.18","0.3686","0.0456","0.3832"
"WEP","29-Jan-2025","24","87.74","86.74","0.15","-0.120","0.00","0.18","0.3686","0.0456","0.3832"
"WEP","29-Jan-2025","25","87.30","86.65","0.17","-0.490","0.00","0.18","0.3686","0.0456","0.3832"
"WEP","29-Jan-2025","26","87.41","86.53","0.17","-0.270","0.00","0.18","0.3686","0.0456","0.3832"
"WEP","29-Jan-2025","27","87.06","86.64","0.17","-0.730","0.00","0.18","0.3686","0.0456","0.3832"
"WEP","29-Jan-2025","28","87.65","86.73","0.16","-0.210","0.00","0.18","0.3686","0.0456","0.3832"
"WEP","29-Jan-2025","29","88.17","86.74","0.16","0.290","0.00","0.18","0.3686","0.0456","0.3832"
"WEP","29-Jan-2025","30","88.71","86.63","0.16","0.940","0.00","0.18","0.3686","0.0456","0.3832"
"WEP","29-Jan-2025","31","84.92","84.58","0.17","-0.800","0.00","0.18","0.3686","0.0456","0.3832"
"WEP","29-Jan-2025","32","87.13","86.53","0.17","-0.550","0.00","0.18","0.3686","0.0456","0.3832"
"WEP","29-Jan-2025","33","87.34","86.63","0.21","-0.480","0.00","0.18","0.3686","0.0456","0.3832"
"WEP","29-Jan-2025","34","92.58","91.51","0.21","-0.110","0.00","0.18","0.3686","0.0456","0.3832"
"WEP","29-Jan-2025","35","87.42","86.73","0.22","-0.500","0.00","0.18","0.3686","0.0456","0.3832"
"WEP","29-Jan-2025","36","87.42","86.84","0.22","-0.620","0.00","0.18","0.3686","0.0456","0.3832"
"WEP","29-Jan-2025","37","89.81","87.57","1.57","-0.310","0.00","0.18","0.3686","0.0456","0.3832"
"WEP","29-Jan-2025","38","95.49","93.71","1.22","-0.420","0.00","0.18","0.3686","0.0456","0.3832"
"WEP","29-Jan-2025","39","95.66","94.04","0.81","-0.170","0.00","0.18","0.3686","0.0456","0.3832"
"WEP","29-Jan-2025","40","97.48","96.18","0.36","-0.040","0.00","0.18","0.3686","0.0456","0.3832"
"WEP","29-Jan-2025","41","98.22","96.58","0.66","0.010","0.00","0.18","0.3686","0.0456","0.3832"
"WEP","29-Jan-2025","42","97.73","96.12","0.45","0.180","0.00","0.18","0.3686","0.0456","0.3832"
"WEP","29-Jan-2025","43","95.62","94.10","0.30","0.240","0.00","0.18","0.3686","0.0456","0.3832"
"WEP","29-Jan-2025","44","94.60","93.72","0.21","-0.300","0.00","0.18","0.3686","0.0456","0.3832"
"WEP","29-Jan-2025","45","93.38","92.48","0.21","-0.290","0.00","0.18","0.3686","0.0456","0.3832"
"WEP","29-Jan-2025","46","88.93","88.21","0.16","-0.420","0.00","0.18","0.3686","0.0456","0.3832"
"WEP","29-Jan-2025","47","95.49","94.60","0.20","-0.290","0.00","0.18","0.3686","0.0456","0.3832"
"WEP","29-Jan-2025","48","94.62","93.96","0.20","-0.520","0.00","0.18","0.3686","0.0456","0.3832"
"WEP","30-Jan-2025","1","94.65","93.88","0.18","-0.380","0.00","0.18","0.3686","0.0457","0.3844"
"WEP","30-Jan-2025","2","94.80","93.78","0.15","-0.110","0.00","0.18","0.3686","0.0457","0.3844"
"WEP","30-Jan-2025","3","94.60","93.61","0.14","-0.130","0.00","0.18","0.3686","0.0457","0.3844"
"WEP","30-Jan-2025","4","92.57","91.68","0.14","-0.230","0.00","0.18","0.3686","0.0457","0.3844"
"WEP","30-Jan-2025","5","91.18","90.36","0.14","-0.300","0.00","0.18","0.3686","0.0457","0.3844"
"WEP","30-Jan-2025","6","90.39","89.49","0.14","-0.220","0.00","0.18","0.3686","0.0457","0.3844"
"WEP","30-Jan-2025","7","90.43","89.49","0.13","-0.170","0.00","0.18","0.3686","0.0457","0.3844"
"WEP","30-Jan-2025","8","90.56","89.51","0.13","-0.060","0.00","0.18","0.3686","0.0457","0.3844"
"WEP","30-Jan-2025","9","90.63","89.50","0.14","0.010","0.00","0.18","0.3686","0.0457","0.3844"
"WEP","30-Jan-2025","10","92.67","91.63","0.14","-0.080","0.00","0.18","0.3686","0.0457","0.3844"
"WEP","30-Jan-2025","11","92.68","91.67","0.15","-0.120","0.00","0.18","0.3686","0.0457","0.3844"
"WEP","30-Jan-2025","12","95.08","93.71","0.17","0.220","0.00","0.18","0.3686","0.0457","0.3844"
"WEP","30-Jan-2025","13","95.12","93.73","0.22","0.190","0.00","0.18","0.3686","0.0457","0.3844"
"WEP","30-Jan-2025","14","95.16","93.94","0.25","-0.010","0.00","0.18","0.3686","0.0457","0.3844"
"WEP","30-Jan-2025","15","96.10","94.05","1.12","-0.040","0.00","0.18","0.3686","0.0457","0.3844"
"WEP","30-Jan-2025","16","97.71","95.98","0.65","0.100","0.00","0.18","0.3686","0.0457","0.3844"
"WEP","30-Jan-2025","17","100.24","98.57","0.35","0.340","0.00","0.18","0.3686","0.0457","0.3844"
"WEP","30-Jan-2025","18","99.09","96.77","0.83","0.520","0.00","0.18","0.3686","0.0457","0.3844"
"WEP","30-Jan-2025","19","96.13","94.53","0.37","0.250","0.00","0.18","0.3686","0.0457","0.3844"
"WEP","30-Jan-2025","20","96.03","93.88","0.34","0.830","0.00","0.18","0.3686","0.0457","0.3844"
"WEP","30-Jan-2025","21","87.97","86.85","0.19","-0.040","0.00","0.18","0.3686","0.0457","0.3844"
"WEP","30-Jan-2025","22","86.91","86.65","0.16","-0.870","0.00","0.18","0.3686","0.0457","0.3844"
"WEP","30-Jan-2025","23","87.13","86.59","0.15","-0.590","0.00","0.18","0.3686","0.0457","0.3844"
"WEP","30-Jan-2025","24","87.44","86.70","0.15","-0.390","0.00","0.18","0.3686","0.0457","0.3844"
"WEP","30-Jan-2025","25","84.83","83.65","0.23","-0.030","0.00","0.18","0.3686","0.0457","0.3844"
"WEP","30-Jan-2025","26","73.78","73.33","0.18","-0.710","0.00","0.18","0.3686","0.0457","0.3844"
"WEP","30-Jan-2025","27","73.83","72.80","0.17","-0.120","0.00","0.18","0.3686","0.0457","0.3844"
"WEP","30-Jan-2025","28","76.08","75.40","0.15","-0.450","0.00","0.18","0.3686","0.0457","0.3844"
"WEP","30-Jan-2025","29","82.43","81.61","0.15","-0.310","0.00","0.18","0.3686","0.0457","0.3844"
"WEP","30-Jan-2025","30","82.79","81.63","0.16","0.030","0.00","0.18","0.3686","0.0457","0.3844"
"WEP","30-Jan-2025","31","82.39","81.62","0.24","-0.450","0.00","0.18","0.3686","0.0457","0.3844"
"WEP","30-Jan-2025","32","83.73","83.00","0.27","-0.510","0.00","0.18","0.3686","0.0457","0.3844"
"WEP","30-Jan-2025","33","87.09","86.71","0.21","-0.810","0.00","0.18","0.3686","0.0457","0.3844"
"WEP","30-Jan-2025","34","87.66","86.80","0.26","-0.370","0.00","0.18","0.3686","0.0457","0.3844"
"WEP","30-Jan-2025","35","87.08","86.86","0.25","-1.010","0.00","0.18","0.3686","0.0457","0.3844"
"WEP","30-Jan-2025","36","91.53","91.71","0.36","-1.520","0.00","0.18","0.3686","0.0457","0.3844"
"WEP","30-Jan-2025","37","94.52","93.76","0.98","-1.200","0.00","0.18","0.3686","0.0457","0.3844"
"WEP","30-Jan-2025","38","95.17","94.64","0.77","-1.220","0.00","0.18","0.3686","0.0457","0.3844"
"WEP","30-Jan-2025","39","100.78","99.76","0.87","-0.830","0.00","0.18","0.3686","0.0457","0.3844"
"WEP","30-Jan-2025","40","105.08","103.87","0.58","-0.350","0.00","0.18","0.3686","0.0457","0.3844"
"WEP","30-Jan-2025","41","105.58","104.71","0.45","-0.560","0.00","0.18","0.3686","0.0457","0.3844"
"WEP","30-Jan-2025","42","104.34","103.33","0.38","-0.350","0.00","0.18","0.3686","0.0457","0.3844"
"WEP","30-Jan-2025","43","101.68","100.98","0.20","-0.480","0.00","0.18","0.3686","0.0457","0.3844"
"WEP","30-Jan-2025","44","97.95","97.26","0.20","-0.480","0.00","0.18","0.3686","0.0457","0.3844"
"WEP","30-Jan-2025","45","97.42","96.74","0.20","-0.500","0.00","0.18","0.3686","0.0457","0.3844"
"WEP","30-Jan-2025","46","94.48","93.81","0.16","-0.470","0.00","0.18","0.3686","0.0457","0.3844"
"WEP","30-Jan-2025","47","94.65","93.77","0.16","-0.250","0.00","0.18","0.3686","0.0457","0.3844"
"WEP","30-Jan-2025","48","95.00","93.70","0.16","0.160","0.00","0.18","0.3686","0.0457","0.3844"
"WEP","31-Jan-2025","1","92.60","91.70","0.16","-0.210","0.00","0.18","0.3686","0.0426","0.3584"
"WEP","31-Jan-2025","2","87.62","86.82","0.15","-0.300","0.00","0.18","0.3686","0.0426","0.3584"
"WEP","31-Jan-2025","3","87.22","86.73","0.13","-0.590","0.00","0.18","0.3686","0.0426","0.3584"
"WEP","31-Jan-2025","4","87.36","86.63","0.14","-0.360","0.00","0.18","0.3686","0.0426","0.3584"
"WEP","31-Jan-2025","5","87.03","86.62","0.14","-0.680","0.00","0.18","0.3686","0.0426","0.3584"
"WEP","31-Jan-2025","6","87.20","86.46","0.13","-0.340","0.00","0.18","0.3686","0.0426","0.3584"
"WEP","31-Jan-2025","7","87.10","86.37","0.13","-0.350","0.00","0.18","0.3686","0.0426","0.3584"
"WEP","31-Jan-2025","8","87.23","86.37","0.13","-0.220","0.00","0.18","0.3686","0.0426","0.3584"
"WEP","31-Jan-2025","9","87.45","86.36","0.13","0.010","0.00","0.18","0.3686","0.0426","0.3584"
"WEP","31-Jan-2025","10","87.30","86.57","0.14","-0.360","0.00","0.18","0.3686","0.0426","0.3584"
"WEP","31-Jan-2025","11","89.06","88.48","0.15","-0.520","0.00","0.18","0.3686","0.0426","0.3584"
"WEP","31-Jan-2025","12","94.44","93.59","0.17","-0.270","0.00","0.18","0.3686","0.0426","0.3584"
"WEP","31-Jan-2025","13","94.81","93.81","0.19","-0.140","0.00","0.18","0.3686","0.0426","0.3584"
"WEP","31-Jan-2025","14","96.81","95.50","0.21","0.150","0.00","0.18","0.3686","0.0426","0.3584"
"WEP","31-Jan-2025","15","97.62","96.28","0.24","0.150","0.00","0.18","0.3686","0.0426","0.3584"
"WEP","31-Jan-2025","16","100.72","99.67","0.20","-0.100","0.00","0.18","0.3686","0.0426","0.3584"
"WEP","31-Jan-2025","17","101.02","99.68","0.17","0.220","0.00","0.18","0.3686","0.0426","0.3584"
"WEP","31-Jan-2025","18","101.48","99.68","0.23","0.620","0.00","0.18","0.3686","0.0426","0.3584"
"WEP","31-Jan-2025","19","95.02","93.81","0.17","0.090","0.00","0.18","0.3686","0.0426","0.3584"
"WEP","31-Jan-2025","20","89.39","88.09","0.18","0.170","0.00","0.18","0.3686","0.0426","0.3584"
"WEP","31-Jan-2025","21","87.24","86.68","0.15","-0.540","0.00","0.18","0.3686","0.0426","0.3584"
"WEP","31-Jan-2025","22","87.42","86.45","0.14","-0.120","0.00","0.18","0.3686","0.0426","0.3584"
"WEP","31-Jan-2025","23","85.62","84.25","0.13","0.290","0.00","0.18","0.3686","0.0426","0.3584"
"WEP","31-Jan-2025","24","77.45","77.13","0.13","-0.760","0.00","0.18","0.3686","0.0426","0.3584"
"WEP","31-Jan-2025","25","75.52","75.86","0.15","-1.440","0.00","0.18","0.3686","0.0426","0.3584"
"WEP","31-Jan-2025","26","81.11","81.51","0.15","-1.500","0.00","0.18","0.3686","0.0426","0.3584"
"WEP","31-Jan-2025","27","82.07","82.33","0.15","-1.360","0.00","0.18","0.3686","0.0426","0.3584"
"WEP","31-Jan-2025","28","84.53","84.26","0.14","-0.820","0.00","0.18","0.3686","0.0426","0.3584"
"WEP","31-Jan-2025","29","83.84","83.54","0.14","-0.790","0.00","0.18","0.3686","0.0426","0.3584"
"WEP","31-Jan-2025","30","80.30","81.39","0.14","-2.180","0.00","0.18","0.3686","0.0426","0.3584"
"WEP","31-Jan-2025","31","83.62","84.47","0.15","-1.950","0.00","0.18","0.3686","0.0426","0.3584"
"WEP","31-Jan-2025","32","86.74","86.74","0.15","-1.100","0.00","0.18","0.3686","0.0426","0.3584"
"WEP","31-Jan-2025","33","86.83","86.74","0.15","-1.010","0.00","0.18","0.3686","0.0426","0.3584"
"WEP","31-Jan-2025","34","86.32","86.64","0.16","-1.430","0.00","0.18","0.3686","0.0426","0.3584"
"WEP","31-Jan-2025","35","86.21","86.65","0.15","-1.540","0.00","0.18","0.3686","0.0426","0.3584"
"WEP","31-Jan-2025","36","86.57","86.63","0.16","-1.170","0.00","0.18","0.3686","0.0426","0.3584"
"WEP","31-Jan-2025","37","87.27","86.84","0.21","-0.730","0.00","0.18","0.3686","0.0426","0.3584"
"WEP","31-Jan-2025","38","87.69","87.60","0.20","-1.060","0.00","0.18","0.3686","0.0426","0.3584"
"WEP","31-Jan-2025","39","91.92","91.62","0.21","-0.860","0.00","0.18","0.3686","0.0426","0.3584"
"WEP","31-Jan-2025","40","95.73","94.49","0.20","0.090","0.00","0.18","0.3686","0.0426","0.3584"
"WEP","31-Jan-2025","41","94.43","93.91","0.18","-0.610","0.00","0.18","0.3686","0.0426","0.3584"
"WEP","31-Jan-2025","42","94.12","93.91","0.17","-0.910","0.00","0.18","0.3686","0.0426","0.3584"
"WEP","31-Jan-2025","43","94.18","93.91","0.16","-0.830","0.00","0.18","0.3686","0.0426","0.3584"
"WEP","31-Jan-2025","44","93.76","93.63","0.16","-0.980","0.00","0.18","0.3686","0.0426","0.3584"
"WEP","31-Jan-2025","45","91.96","91.61","0.16","-0.760","0.00","0.18","0.3686","0.0426","0.3584"
"WEP","31-Jan-2025","46","87.29","86.78","0.16","-0.600","0.00","0.18","0.3686","0.0426","0.3584"
"WEP","31-Jan-2025","47","94.03","93.73","0.16","-0.810","0.00","0.18","0.3686","0.0426","0.3584"
"WEP","31-Jan-2025","48","94.32","93.73","0.16","-0.520","0.00","0.18","0.3686","0.0426","0.3584"
