"INFORMATION TYPE","DATE","PERIOD","WEP ($/MWh)","USEP ($/MWh)","AFP ($/MWh)","HEUR ($/MWh)","HLCU ($/MWh)","MEUC ($/MWh)","EMC Price Cap Fees ($/MWh)","EMC Price Adj Fees ($/MWh)","PSO Fees ($/MWh)"
"WEP","01-Feb-2025","1","92.40","91.73","0.14","-0.500","0.00","0.20","0.3686","0.0483","0.4056"
"WEP","01-Feb-2025","2","94.78","94.11","0.07","-0.420","0.00","0.20","0.3686","0.0483","0.4056"
"WEP","01-Feb-2025","3","92.45","91.70","0.00","-0.270","0.00","0.20","0.3686","0.0483","0.4056"
"WEP","01-Feb-2025","4","87.49","86.75","0.00","-0.290","0.00","0.20","0.3686","0.0483","0.4056"
"WEP","01-Feb-2025","5","86.45","86.45","0.00","-1.020","0.00","0.20","0.3686","0.0483","0.4056"
"WEP","01-Feb-2025","6","86.77","86.24","0.11","-0.600","0.00","0.20","0.3686","0.0483","0.4056"
"WEP","01-Feb-2025","7","86.49","86.23","0.06","-0.830","0.00","0.20","0.3686","0.0483","0.4056"
"WEP","01-Feb-2025","8","86.93","86.23","0.06","-0.380","0.00","0.20","0.3686","0.0483","0.4056"
"WEP","01-Feb-2025","9","86.52","86.24","0.00","-0.740","0.00","0.20","0.3686","0.0483","0.4056"
"WEP","01-Feb-2025","10","86.89","86.45","0.00","-0.580","0.00","0.20","0.3686","0.0483","0.4056"
"WEP","01-Feb-2025","11","87.36","86.76","0.07","-0.490","0.00","0.20","0.3686","0.0483","0.4056"
"WEP","01-Feb-2025","12","87.47","86.88","0.15","-0.580","0.00","0.20","0.3686","0.0483","0.4056"
"WEP","01-Feb-2025","13","97.08","96.58","0.18","-0.700","0.00","0.20","0.3686","0.0483","0.4056"
"WEP","01-Feb-2025","14","99.11","98.50","0.30","-0.710","0.00","0.20","0.3686","0.0483","0.4056"
"WEP","01-Feb-2025","15","100.12","99.16","0.71","-0.780","0.00","0.20","0.3686","0.0483","0.4056"
"WEP","01-Feb-2025","16","102.99","101.71","0.83","-0.570","0.00","0.20","0.3686","0.0483","0.4056"
"WEP","01-Feb-2025","17","107.56","106.50","0.73","-0.690","0.00","0.20","0.3686","0.0483","0.4056"
"WEP","01-Feb-2025","18","107.98","106.51","0.78","-0.330","0.00","0.20","0.3686","0.0483","0.4056"
"WEP","01-Feb-2025","19","103.02","101.73","0.23","0.040","0.00","0.20","0.3686","0.0483","0.4056"
"WEP","01-Feb-2025","20","99.53","97.64","0.57","0.290","0.00","0.20","0.3686","0.0483","0.4056"
"WEP","01-Feb-2025","21","87.30","86.77","0.16","-0.650","0.00","0.20","0.3686","0.0483","0.4056"
"WEP","01-Feb-2025","22","86.77","86.47","0.15","-0.880","0.00","0.20","0.3686","0.0483","0.4056"
"WEP","01-Feb-2025","23","86.50","86.30","0.15","-0.970","0.00","0.20","0.3686","0.0483","0.4056"
"WEP","01-Feb-2025","24","78.28","78.00","0.15","-0.900","0.00","0.20","0.3686","0.0483","0.4056"
"WEP","01-Feb-2025","25","84.40","84.27","0.16","-1.050","0.00","0.20","0.3686","0.0483","0.4056"
"WEP","01-Feb-2025","26","77.91","77.79","0.16","-1.060","0.00","0.20","0.3686","0.0483","0.4056"
"WEP","01-Feb-2025","27","78.46","77.78","0.16","-0.500","0.00","0.20","0.3686","0.0483","0.4056"
"WEP","01-Feb-2025","28","77.30","77.29","0.15","-1.160","0.00","0.20","0.3686","0.0483","0.4056"
"WEP","01-Feb-2025","29","76.54","77.49","0.15","-2.130","0.00","0.20","0.3686","0.0483","0.4056"
"WEP","01-Feb-2025","30","76.58","77.78","0.14","-2.370","0.00","0.20","0.3686","0.0483","0.4056"
"WEP","01-Feb-2025","31","85.27","86.47","0.14","-2.360","0.00","0.20","0.3686","0.0483","0.4056"
"WEP","01-Feb-2025","32","84.19","85.29","0.16","-2.280","0.00","0.20","0.3686","0.0483","0.4056"
"WEP","01-Feb-2025","33","89.31","89.82","0.14","-1.670","0.00","0.20","0.3686","0.0483","0.4056"
"WEP","01-Feb-2025","34","95.49","96.35","0.16","-2.040","0.00","0.20","0.3686","0.0483","0.4056"
"WEP","01-Feb-2025","35","97.86","98.48","1.00","-2.640","0.00","0.20","0.3686","0.0483","0.4056"
"WEP","01-Feb-2025","36","100.39","101.66","0.16","-2.460","0.00","0.20","0.3686","0.0483","0.4056"
"WEP","01-Feb-2025","37","111.29","111.63","0.21","-1.570","0.00","0.20","0.3686","0.0483","0.4056"
"WEP","01-Feb-2025","38","123.52","123.82","0.45","-1.780","0.00","0.20","0.3686","0.0483","0.4056"
"WEP","01-Feb-2025","39","124.92","124.79","0.43","-1.330","0.00","0.20","0.3686","0.0483","0.4056"
"WEP","01-Feb-2025","40","126.42","125.90","0.35","-0.860","0.00","0.20","0.3686","0.0483","0.4056"
"WEP","01-Feb-2025","41","124.13","123.83","0.26","-0.980","0.00","0.20","0.3686","0.0483","0.4056"
"WEP","01-Feb-2025","42","121.75","122.47","0.39","-2.130","0.00","0.20","0.3686","0.0483","0.4056"
"WEP","01-Feb-2025","43","105.28","105.80","0.16","-1.700","0.00","0.20","0.3686","0.0483","0.4056"
"WEP","01-Feb-2025","44","105.37","105.82","0.19","-1.660","0.00","0.20","0.3686","0.0483","0.4056"
"WEP","01-Feb-2025","45","104.65","104.67","0.16","-1.200","0.00","0.20","0.3686","0.0483","0.4056"
"WEP","01-Feb-2025","46","100.46","100.35","0.14","-1.050","0.00","0.20","0.3686","0.0483","0.4056"
"WEP","01-Feb-2025","47","101.74","101.77","0.15","-1.200","0.00","0.20","0.3686","0.0483","0.4056"
"WEP","01-Feb-2025","48","101.75","101.17","0.14","-0.580","0.00","0.20","0.3686","0.0483","0.4056"
"WEP","02-Feb-2025","1","92.14","91.63","0.14","-0.650","0.00","0.20","0.3686","0.0482","0.4054"
"WEP","02-Feb-2025","2","87.52","86.89","0.07","-0.470","0.00","0.20","0.3686","0.0482","0.4054"
"WEP","02-Feb-2025","3","87.33","86.89","0.06","-0.650","0.00","0.20","0.3686","0.0482","0.4054"
"WEP","02-Feb-2025","4","87.29","86.94","0.06","-0.730","0.00","0.20","0.3686","0.0482","0.4054"
"WEP","02-Feb-2025","5","86.42","86.53","0.06","-1.190","0.00","0.20","0.3686","0.0482","0.4054"
"WEP","02-Feb-2025","6","86.13","86.38","0.06","-1.340","0.00","0.20","0.3686","0.0482","0.4054"
"WEP","02-Feb-2025","7","86.65","86.52","0.06","-0.950","0.00","0.20","0.3686","0.0482","0.4054"
"WEP","02-Feb-2025","8","86.38","86.52","0.06","-1.220","0.00","0.20","0.3686","0.0482","0.4054"
"WEP","02-Feb-2025","9","86.99","86.52","0.06","-0.610","0.00","0.20","0.3686","0.0482","0.4054"
"WEP","02-Feb-2025","10","87.39","86.81","0.06","-0.500","0.00","0.20","0.3686","0.0482","0.4054"
"WEP","02-Feb-2025","11","87.08","86.82","0.07","-0.830","0.00","0.20","0.3686","0.0482","0.4054"
"WEP","02-Feb-2025","12","86.99","86.92","0.15","-1.100","0.00","0.20","0.3686","0.0482","0.4054"
"WEP","02-Feb-2025","13","88.38","87.80","0.18","-0.620","0.00","0.20","0.3686","0.0482","0.4054"
"WEP","02-Feb-2025","14","95.18","94.49","0.24","-0.580","0.00","0.20","0.3686","0.0482","0.4054"
"WEP","02-Feb-2025","15","98.92","98.54","0.36","-1.000","0.00","0.20","0.3686","0.0482","0.4054"
"WEP","02-Feb-2025","16","100.27","99.73","0.36","-0.840","0.00","0.20","0.3686","0.0482","0.4054"
"WEP","02-Feb-2025","17","102.50","101.71","0.45","-0.680","0.00","0.20","0.3686","0.0482","0.4054"
"WEP","02-Feb-2025","18","102.61","101.91","0.58","-0.910","0.00","0.20","0.3686","0.0482","0.4054"
"WEP","02-Feb-2025","19","100.83","99.73","0.32","-0.240","0.00","0.20","0.3686","0.0482","0.4054"
"WEP","02-Feb-2025","20","100.62","98.56","0.35","0.680","0.00","0.20","0.3686","0.0482","0.4054"
"WEP","02-Feb-2025","21","87.83","86.49","0.16","0.150","0.00","0.20","0.3686","0.0482","0.4054"
"WEP","02-Feb-2025","22","81.68","81.53","0.16","-1.030","0.00","0.20","0.3686","0.0482","0.4054"
"WEP","02-Feb-2025","23","81.75","81.54","0.15","-0.960","0.00","0.20","0.3686","0.0482","0.4054"
"WEP","02-Feb-2025","24","77.89","77.95","0.15","-1.230","0.00","0.20","0.3686","0.0482","0.4054"
"WEP","02-Feb-2025","25","77.20","77.70","0.17","-1.690","0.00","0.20","0.3686","0.0482","0.4054"
"WEP","02-Feb-2025","26","77.48","77.71","0.17","-1.420","0.00","0.20","0.3686","0.0482","0.4054"
"WEP","02-Feb-2025","27","78.31","77.71","0.16","-0.580","0.00","0.20","0.3686","0.0482","0.4054"
"WEP","02-Feb-2025","28","77.32","77.31","0.16","-1.180","0.00","0.20","0.3686","0.0482","0.4054"
"WEP","02-Feb-2025","29","76.68","77.39","0.15","-1.880","0.00","0.20","0.3686","0.0482","0.4054"
"WEP","02-Feb-2025","30","77.31","77.62","0.13","-1.460","0.00","0.20","0.3686","0.0482","0.4054"
"WEP","02-Feb-2025","31","76.87","78.01","0.14","-2.300","0.00","0.20","0.3686","0.0482","0.4054"
"WEP","02-Feb-2025","32","81.25","81.81","0.16","-1.740","0.00","0.20","0.3686","0.0482","0.4054"
"WEP","02-Feb-2025","33","82.57","83.55","0.14","-2.140","0.00","0.20","0.3686","0.0482","0.4054"
"WEP","02-Feb-2025","34","85.89","86.96","0.16","-2.250","0.00","0.20","0.3686","0.0482","0.4054"
"WEP","02-Feb-2025","35","95.99","96.68","0.97","-2.680","0.00","0.20","0.3686","0.0482","0.4054"
"WEP","02-Feb-2025","36","98.23","99.75","0.19","-2.730","0.00","0.20","0.3686","0.0482","0.4054"
"WEP","02-Feb-2025","37","107.28","108.30","0.23","-2.270","0.00","0.20","0.3686","0.0482","0.4054"
"WEP","02-Feb-2025","38","126.91","127.03","0.69","-1.830","0.00","0.20","0.3686","0.0482","0.4054"
"WEP","02-Feb-2025","39","125.85","127.06","0.63","-2.860","0.00","0.20","0.3686","0.0482","0.4054"
"WEP","02-Feb-2025","40","128.56","129.33","0.54","-2.330","0.00","0.20","0.3686","0.0482","0.4054"
"WEP","02-Feb-2025","41","134.17","135.15","0.44","-2.450","0.00","0.20","0.3686","0.0482","0.4054"
"WEP","02-Feb-2025","42","128.82","129.32","0.45","-1.980","0.00","0.20","0.3686","0.0482","0.4054"
"WEP","02-Feb-2025","43","124.73","124.91","0.45","-1.660","0.00","0.20","0.3686","0.0482","0.4054"
"WEP","02-Feb-2025","44","106.20","106.41","0.15","-1.380","0.00","0.20","0.3686","0.0482","0.4054"
"WEP","02-Feb-2025","45","101.78","101.80","0.15","-1.190","0.00","0.20","0.3686","0.0482","0.4054"
"WEP","02-Feb-2025","46","97.60","97.73","0.14","-1.290","0.00","0.20","0.3686","0.0482","0.4054"
"WEP","02-Feb-2025","47","97.24","97.70","0.15","-1.630","0.00","0.20","0.3686","0.0482","0.4054"
"WEP","02-Feb-2025","48","95.26","95.01","0.14","-0.910","0.00","0.20","0.3686","0.0482","0.4054"
"WEP","03-Feb-2025","1","91.64","91.64","0.13","-1.110","0.00","0.20","0.3686","0.0440","0.3700"
"WEP","03-Feb-2025","2","91.02","90.99","0.12","-1.070","0.00","0.20","0.3686","0.0440","0.3700"
"WEP","03-Feb-2025","3","87.18","86.90","0.06","-0.760","0.00","0.20","0.3686","0.0440","0.3700"
"WEP","03-Feb-2025","4","86.93","86.85","0.06","-0.970","0.00","0.20","0.3686","0.0440","0.3700"
"WEP","03-Feb-2025","5","86.56","86.75","0.06","-1.230","0.00","0.20","0.3686","0.0440","0.3700"
"WEP","03-Feb-2025","6","86.23","86.45","0.06","-1.270","0.00","0.20","0.3686","0.0440","0.3700"
"WEP","03-Feb-2025","7","86.85","86.44","0.06","-0.630","0.00","0.20","0.3686","0.0440","0.3700"
"WEP","03-Feb-2025","8","86.69","86.44","0.06","-0.790","0.00","0.20","0.3686","0.0440","0.3700"
"WEP","03-Feb-2025","9","86.53","86.44","0.06","-0.950","0.00","0.20","0.3686","0.0440","0.3700"
"WEP","03-Feb-2025","10","86.91","86.85","0.06","-0.980","0.00","0.20","0.3686","0.0440","0.3700"
"WEP","03-Feb-2025","11","91.04","90.20","0.07","-0.210","0.00","0.20","0.3686","0.0440","0.3700"
"WEP","03-Feb-2025","12","97.66","97.04","0.14","-0.510","0.00","0.20","0.3686","0.0440","0.3700"
"WEP","03-Feb-2025","13","94.83","94.51","0.17","-0.840","0.00","0.20","0.3686","0.0440","0.3700"
"WEP","03-Feb-2025","14","104.91","104.57","0.18","-0.820","0.00","0.20","0.3686","0.0440","0.3700"
"WEP","03-Feb-2025","15","106.87","106.82","0.20","-1.140","0.00","0.20","0.3686","0.0440","0.3700"
"WEP","03-Feb-2025","16","122.74","122.56","0.19","-1.000","0.00","0.20","0.3686","0.0440","0.3700"
"WEP","03-Feb-2025","17","124.53","123.85","0.18","-0.480","0.00","0.20","0.3686","0.0440","0.3700"
"WEP","03-Feb-2025","18","123.48","122.67","0.19","-0.360","0.00","0.20","0.3686","0.0440","0.3700"
"WEP","03-Feb-2025","19","94.71","93.64","0.19","-0.100","0.00","0.20","0.3686","0.0440","0.3700"
"WEP","03-Feb-2025","20","89.25","88.53","0.15","-0.410","0.00","0.20","0.3686","0.0440","0.3700"
"WEP","03-Feb-2025","21","92.03","91.63","0.14","-0.730","0.00","0.20","0.3686","0.0440","0.3700"
"WEP","03-Feb-2025","22","89.38","88.98","0.14","-0.720","0.00","0.20","0.3686","0.0440","0.3700"
"WEP","03-Feb-2025","23","86.89","86.43","0.13","-0.650","0.00","0.20","0.3686","0.0440","0.3700"
"WEP","03-Feb-2025","24","83.72","83.56","0.11","-0.930","0.00","0.20","0.3686","0.0440","0.3700"
"WEP","03-Feb-2025","25","77.83","78.09","0.14","-1.380","0.00","0.20","0.3686","0.0440","0.3700"
"WEP","03-Feb-2025","26","77.52","77.47","0.15","-1.080","0.00","0.20","0.3686","0.0440","0.3700"
"WEP","03-Feb-2025","27","76.88","77.47","0.14","-1.710","0.00","0.20","0.3686","0.0440","0.3700"
"WEP","03-Feb-2025","28","76.91","77.77","0.08","-1.930","0.00","0.20","0.3686","0.0440","0.3700"
"WEP","03-Feb-2025","29","80.93","81.51","0.07","-1.640","0.00","0.20","0.3686","0.0440","0.3700"
"WEP","03-Feb-2025","30","81.16","81.51","0.07","-1.400","0.00","0.20","0.3686","0.0440","0.3700"
"WEP","03-Feb-2025","31","82.82","83.56","0.07","-1.800","0.00","0.20","0.3686","0.0440","0.3700"
"WEP","03-Feb-2025","32","84.53","85.27","0.12","-1.840","0.00","0.20","0.3686","0.0440","0.3700"
"WEP","03-Feb-2025","33","85.85","86.91","0.08","-2.130","0.00","0.20","0.3686","0.0440","0.3700"
"WEP","03-Feb-2025","34","87.39","88.53","0.14","-2.260","0.00","0.20","0.3686","0.0440","0.3700"
"WEP","03-Feb-2025","35","90.12","91.08","0.26","-2.210","0.00","0.20","0.3686","0.0440","0.3700"
"WEP","03-Feb-2025","36","89.26","90.32","0.14","-2.180","0.00","0.20","0.3686","0.0440","0.3700"
"WEP","03-Feb-2025","37","94.86","95.34","0.15","-1.620","0.00","0.20","0.3686","0.0440","0.3700"
"WEP","03-Feb-2025","38","106.66","107.10","0.18","-1.600","0.00","0.20","0.3686","0.0440","0.3700"
"WEP","03-Feb-2025","39","108.99","109.36","0.16","-1.520","0.00","0.20","0.3686","0.0440","0.3700"
"WEP","03-Feb-2025","40","109.34","109.35","0.16","-1.150","0.00","0.20","0.3686","0.0440","0.3700"
"WEP","03-Feb-2025","41","104.31","104.55","0.11","-1.330","0.00","0.20","0.3686","0.0440","0.3700"
"WEP","03-Feb-2025","42","97.78","97.90","0.11","-1.220","0.00","0.20","0.3686","0.0440","0.3700"
"WEP","03-Feb-2025","43","94.58","94.51","0.10","-1.010","0.00","0.20","0.3686","0.0440","0.3700"
"WEP","03-Feb-2025","44","89.63","89.68","0.07","-1.100","0.00","0.20","0.3686","0.0440","0.3700"
"WEP","03-Feb-2025","45","88.00","87.83","0.08","-0.890","0.00","0.20","0.3686","0.0440","0.3700"
"WEP","03-Feb-2025","46","86.91","86.93","0.07","-1.070","0.00","0.20","0.3686","0.0440","0.3700"
"WEP","03-Feb-2025","47","87.16","86.54","0.08","-0.440","0.00","0.20","0.3686","0.0440","0.3700"
"WEP","03-Feb-2025","48","86.99","86.44","0.08","-0.510","0.00","0.20","0.3686","0.0440","0.3700"
"WEP","04-Feb-2025","1","87.06","86.48","0.13","-0.530","0.00","0.20","0.3686","0.0433","0.3639"
"WEP","04-Feb-2025","2","86.18","86.15","0.06","-1.000","0.00","0.20","0.3686","0.0433","0.3639"
"WEP","04-Feb-2025","3","85.27","85.22","0.06","-0.980","0.00","0.20","0.3686","0.0433","0.3639"
"WEP","04-Feb-2025","4","85.20","84.70","0.06","-0.530","0.00","0.20","0.3686","0.0433","0.3639"
"WEP","04-Feb-2025","5","84.59","84.50","0.06","-0.940","0.00","0.20","0.3686","0.0433","0.3639"
"WEP","04-Feb-2025","6","84.36","84.39","0.06","-1.060","0.00","0.20","0.3686","0.0433","0.3639"
"WEP","04-Feb-2025","7","84.58","84.19","0.06","-0.650","0.00","0.20","0.3686","0.0433","0.3639"
"WEP","04-Feb-2025","8","84.29","84.23","0.06","-0.980","0.00","0.20","0.3686","0.0433","0.3639"
"WEP","04-Feb-2025","9","84.52","84.23","0.00","-0.680","0.00","0.20","0.3686","0.0433","0.3639"
"WEP","04-Feb-2025","10","85.22","84.60","0.06","-0.420","0.00","0.20","0.3686","0.0433","0.3639"
"WEP","04-Feb-2025","11","86.95","86.25","0.06","-0.330","0.00","0.20","0.3686","0.0433","0.3639"
"WEP","04-Feb-2025","12","87.49","86.78","0.14","-0.410","0.00","0.20","0.3686","0.0433","0.3639"
"WEP","04-Feb-2025","13","88.11","87.48","0.16","-0.510","0.00","0.20","0.3686","0.0433","0.3639"
"WEP","04-Feb-2025","14","92.62","91.81","0.18","-0.350","0.00","0.20","0.3686","0.0433","0.3639"
"WEP","04-Feb-2025","15","95.47","94.49","0.21","-0.200","0.00","0.20","0.3686","0.0433","0.3639"
"WEP","04-Feb-2025","16","101.84","101.10","0.21","-0.450","0.00","0.20","0.3686","0.0433","0.3639"
"WEP","04-Feb-2025","17","103.15","102.40","0.18","-0.400","0.00","0.20","0.3686","0.0433","0.3639"
"WEP","04-Feb-2025","18","101.54","100.78","0.18","-0.400","0.00","0.20","0.3686","0.0433","0.3639"
"WEP","04-Feb-2025","19","98.38","97.65","0.16","-0.410","0.00","0.20","0.3686","0.0433","0.3639"
"WEP","04-Feb-2025","20","93.69","92.69","0.16","-0.140","0.00","0.20","0.3686","0.0433","0.3639"
"WEP","04-Feb-2025","21","89.51","88.20","0.14","0.190","0.00","0.20","0.3686","0.0433","0.3639"
"WEP","04-Feb-2025","22","85.24","84.79","0.13","-0.650","0.00","0.20","0.3686","0.0433","0.3639"
"WEP","04-Feb-2025","23","78.35","78.11","0.13","-0.870","0.00","0.20","0.3686","0.0433","0.3639"
"WEP","04-Feb-2025","24","78.17","77.90","0.13","-0.830","0.00","0.20","0.3686","0.0433","0.3639"
"WEP","04-Feb-2025","25","77.62","77.68","0.14","-1.170","0.00","0.20","0.3686","0.0433","0.3639"
"WEP","04-Feb-2025","26","77.12","77.48","0.15","-1.480","0.00","0.20","0.3686","0.0433","0.3639"
"WEP","04-Feb-2025","27","77.01","77.87","0.14","-1.970","0.00","0.20","0.3686","0.0433","0.3639"
"WEP","04-Feb-2025","28","80.94","81.50","0.13","-1.670","0.00","0.20","0.3686","0.0433","0.3639"
"WEP","04-Feb-2025","29","84.36","84.72","0.13","-1.470","0.00","0.20","0.3686","0.0433","0.3639"
"WEP","04-Feb-2025","30","84.06","84.11","0.12","-1.150","0.00","0.20","0.3686","0.0433","0.3639"
"WEP","04-Feb-2025","31","77.24","78.17","0.12","-2.030","0.00","0.20","0.3686","0.0433","0.3639"
"WEP","04-Feb-2025","32","86.39","86.79","0.14","-1.510","0.00","0.20","0.3686","0.0433","0.3639"
"WEP","04-Feb-2025","33","94.06","94.04","0.13","-1.080","0.00","0.20","0.3686","0.0433","0.3639"
"WEP","04-Feb-2025","34","90.25","90.29","0.14","-1.160","0.00","0.20","0.3686","0.0433","0.3639"
"WEP","04-Feb-2025","35","89.26","89.58","0.20","-1.490","0.00","0.20","0.3686","0.0433","0.3639"
"WEP","04-Feb-2025","36","88.30","89.23","0.14","-2.050","0.00","0.20","0.3686","0.0433","0.3639"
"WEP","04-Feb-2025","37","92.25","93.29","0.15","-2.170","0.00","0.20","0.3686","0.0433","0.3639"
"WEP","04-Feb-2025","38","100.68","101.23","0.17","-1.700","0.00","0.20","0.3686","0.0433","0.3639"
"WEP","04-Feb-2025","39","107.88","108.28","0.16","-1.540","0.00","0.20","0.3686","0.0433","0.3639"
"WEP","04-Feb-2025","40","107.92","107.82","0.16","-1.030","0.00","0.20","0.3686","0.0433","0.3639"
"WEP","04-Feb-2025","41","105.87","105.77","0.14","-1.020","0.00","0.20","0.3686","0.0433","0.3639"
"WEP","04-Feb-2025","42","108.17","108.79","0.15","-1.750","0.00","0.20","0.3686","0.0433","0.3639"
"WEP","04-Feb-2025","43","105.19","105.76","0.15","-1.690","0.00","0.20","0.3686","0.0433","0.3639"
"WEP","04-Feb-2025","44","97.48","97.67","0.13","-1.300","0.00","0.20","0.3686","0.0433","0.3639"
"WEP","04-Feb-2025","45","91.03","90.57","0.14","-0.660","0.00","0.20","0.3686","0.0433","0.3639"
"WEP","04-Feb-2025","46","89.50","89.20","0.08","-0.760","0.00","0.20","0.3686","0.0433","0.3639"
"WEP","04-Feb-2025","47","98.34","97.69","0.14","-0.460","0.00","0.20","0.3686","0.0433","0.3639"
"WEP","04-Feb-2025","48","98.27","97.70","0.14","-0.550","0.00","0.20","0.3686","0.0433","0.3639"
"WEP","05-Feb-2025","1","95.27","94.55","0.13","-0.380","0.00","0.20","0.3686","0.0436","0.3666"
"WEP","05-Feb-2025","2","93.28","92.77","0.11","-0.580","0.00","0.20","0.3686","0.0436","0.3666"
"WEP","05-Feb-2025","3","90.19","89.68","0.10","-0.570","0.00","0.20","0.3686","0.0436","0.3666"
"WEP","05-Feb-2025","4","88.52","88.04","0.10","-0.600","0.00","0.20","0.3686","0.0436","0.3666"
"WEP","05-Feb-2025","5","86.69","86.65","0.10","-1.040","0.00","0.20","0.3686","0.0436","0.3666"
"WEP","05-Feb-2025","6","86.49","86.65","0.10","-1.240","0.00","0.20","0.3686","0.0436","0.3666"
"WEP","05-Feb-2025","7","87.02","86.65","0.11","-0.710","0.00","0.20","0.3686","0.0436","0.3666"
"WEP","05-Feb-2025","8","87.09","86.64","0.11","-0.640","0.00","0.20","0.3686","0.0436","0.3666"
"WEP","05-Feb-2025","9","86.90","86.65","0.10","-0.820","0.00","0.20","0.3686","0.0436","0.3666"
"WEP","05-Feb-2025","10","87.13","86.76","0.10","-0.700","0.00","0.20","0.3686","0.0436","0.3666"
"WEP","05-Feb-2025","11","91.07","90.43","0.11","-0.450","0.00","0.20","0.3686","0.0436","0.3666"
"WEP","05-Feb-2025","12","96.02","95.47","0.14","-0.570","0.00","0.20","0.3686","0.0436","0.3666"
"WEP","05-Feb-2025","13","95.59","95.38","0.16","-0.930","0.00","0.20","0.3686","0.0436","0.3666"
"WEP","05-Feb-2025","14","101.69","101.14","0.18","-0.600","0.00","0.20","0.3686","0.0436","0.3666"
"WEP","05-Feb-2025","15","108.08","107.58","0.23","-0.710","0.00","0.20","0.3686","0.0436","0.3666"
"WEP","05-Feb-2025","16","112.69","112.82","0.23","-1.340","0.00","0.20","0.3686","0.0436","0.3666"
"WEP","05-Feb-2025","17","128.73","128.67","0.19","-1.110","0.00","0.20","0.3686","0.0436","0.3666"
"WEP","05-Feb-2025","18","130.06","129.66","0.20","-0.780","0.00","0.20","0.3686","0.0436","0.3666"
"WEP","05-Feb-2025","19","106.00","105.74","0.16","-0.880","0.00","0.20","0.3686","0.0436","0.3666"
"WEP","05-Feb-2025","20","104.97","104.56","0.16","-0.720","0.00","0.20","0.3686","0.0436","0.3666"
"WEP","05-Feb-2025","21","99.20","98.69","0.14","-0.610","0.00","0.20","0.3686","0.0436","0.3666"
"WEP","05-Feb-2025","22","98.43","97.66","0.14","-0.350","0.00","0.20","0.3686","0.0436","0.3666"
"WEP","05-Feb-2025","23","92.03","91.63","0.14","-0.720","0.00","0.20","0.3686","0.0436","0.3666"
"WEP","05-Feb-2025","24","86.91","86.76","0.13","-0.960","0.00","0.20","0.3686","0.0436","0.3666"
"WEP","05-Feb-2025","25","86.35","86.55","0.15","-1.330","0.00","0.20","0.3686","0.0436","0.3666"
"WEP","05-Feb-2025","26","95.19","94.27","0.15","-0.210","0.00","0.20","0.3686","0.0436","0.3666"
"WEP","05-Feb-2025","27","88.40","87.62","0.14","-0.340","0.00","0.20","0.3686","0.0436","0.3666"
"WEP","05-Feb-2025","28","87.17","86.79","0.14","-0.740","0.00","0.20","0.3686","0.0436","0.3666"
"WEP","05-Feb-2025","29","87.16","86.79","0.13","-0.740","0.00","0.20","0.3686","0.0436","0.3666"
"WEP","05-Feb-2025","30","84.95","84.76","0.12","-0.910","0.00","0.20","0.3686","0.0436","0.3666"
"WEP","05-Feb-2025","31","86.03","85.87","0.13","-0.950","0.00","0.20","0.3686","0.0436","0.3666"
"WEP","05-Feb-2025","32","87.02","86.58","0.14","-0.670","0.00","0.20","0.3686","0.0436","0.3666"
"WEP","05-Feb-2025","33","86.83","86.73","0.13","-1.010","0.00","0.20","0.3686","0.0436","0.3666"
"WEP","05-Feb-2025","34","86.85","86.79","0.14","-1.050","0.00","0.20","0.3686","0.0436","0.3666"
"WEP","05-Feb-2025","35","86.59","86.77","0.20","-1.360","0.00","0.20","0.3686","0.0436","0.3666"
"WEP","05-Feb-2025","36","87.05","86.98","0.14","-1.050","0.00","0.20","0.3686","0.0436","0.3666"
"WEP","05-Feb-2025","37","100.75","87.62","0.16","11.990","0.00","0.20","0.3686","0.0436","0.3666"
"WEP","05-Feb-2025","38","101.23","88.55","0.17","11.530","0.00","0.20","0.3686","0.0436","0.3666"
"WEP","05-Feb-2025","39","91.45","90.32","0.17","-0.020","0.00","0.20","0.3686","0.0436","0.3666"
"WEP","05-Feb-2025","40","91.51","90.43","0.16","-0.050","0.00","0.20","0.3686","0.0436","0.3666"
"WEP","05-Feb-2025","41","90.86","90.46","0.14","-0.720","0.00","0.20","0.3686","0.0436","0.3666"
"WEP","05-Feb-2025","42","89.93","89.47","0.15","-0.670","0.00","0.20","0.3686","0.0436","0.3666"
"WEP","05-Feb-2025","43","89.71","89.54","0.15","-0.960","0.00","0.20","0.3686","0.0436","0.3666"
"WEP","05-Feb-2025","44","94.77","93.96","0.13","-0.300","0.00","0.20","0.3686","0.0436","0.3666"
"WEP","05-Feb-2025","45","95.26","94.15","0.14","-0.010","0.00","0.20","0.3686","0.0436","0.3666"
"WEP","05-Feb-2025","46","92.05","91.00","0.14","-0.070","0.00","0.20","0.3686","0.0436","0.3666"
"WEP","05-Feb-2025","47","89.96","88.68","0.15","0.150","0.00","0.20","0.3686","0.0436","0.3666"
"WEP","05-Feb-2025","48","90.75","89.44","0.14","0.190","0.00","0.20","0.3686","0.0436","0.3666"
"WEP","06-Feb-2025","1","91.49","89.94","0.13","0.440","0.00","0.20","0.3686","0.0440","0.3701"
"WEP","06-Feb-2025","2","89.72","88.28","0.12","0.340","0.00","0.20","0.3686","0.0440","0.3701"
"WEP","06-Feb-2025","3","88.15","86.20","0.06","0.910","0.00","0.20","0.3686","0.0440","0.3701"
"WEP","06-Feb-2025","4","87.78","86.11","0.06","0.630","0.00","0.20","0.3686","0.0440","0.3701"
"WEP","06-Feb-2025","5","86.30","85.16","0.06","0.090","0.00","0.20","0.3686","0.0440","0.3701"
"WEP","06-Feb-2025","6","86.53","85.15","0.11","0.280","0.00","0.20","0.3686","0.0440","0.3701"
"WEP","06-Feb-2025","7","84.68","83.18","0.11","0.410","0.00","0.20","0.3686","0.0440","0.3701"
"WEP","06-Feb-2025","8","84.90","83.08","0.11","0.730","0.00","0.20","0.3686","0.0440","0.3701"
"WEP","06-Feb-2025","9","84.38","82.83","0.06","0.510","0.00","0.20","0.3686","0.0440","0.3701"
"WEP","06-Feb-2025","10","85.91","84.67","0.06","0.200","0.00","0.20","0.3686","0.0440","0.3701"
"WEP","06-Feb-2025","11","87.60","86.19","0.12","0.310","0.00","0.20","0.3686","0.0440","0.3701"
"WEP","06-Feb-2025","12","91.06","89.44","0.15","0.480","0.00","0.20","0.3686","0.0440","0.3701"
"WEP","06-Feb-2025","13","93.83","91.74","0.17","0.940","0.00","0.20","0.3686","0.0440","0.3701"
"WEP","06-Feb-2025","14","103.75","102.31","0.18","0.280","0.00","0.20","0.3686","0.0440","0.3701"
"WEP","06-Feb-2025","15","102.20","100.30","0.24","0.670","0.00","0.20","0.3686","0.0440","0.3701"
"WEP","06-Feb-2025","16","108.29","107.56","0.21","-0.460","0.00","0.20","0.3686","0.0440","0.3701"
"WEP","06-Feb-2025","17","110.32","109.77","0.19","-0.620","0.00","0.20","0.3686","0.0440","0.3701"
"WEP","06-Feb-2025","18","111.44","109.76","0.28","0.420","0.00","0.20","0.3686","0.0440","0.3701"
"WEP","06-Feb-2025","19","100.39","98.48","0.19","0.730","0.00","0.20","0.3686","0.0440","0.3701"
"WEP","06-Feb-2025","20","89.58","88.46","0.17","-0.040","0.00","0.20","0.3686","0.0440","0.3701"
"WEP","06-Feb-2025","21","87.68","86.92","0.14","-0.360","0.00","0.20","0.3686","0.0440","0.3701"
"WEP","06-Feb-2025","22","87.51","86.67","0.14","-0.290","0.00","0.20","0.3686","0.0440","0.3701"
"WEP","06-Feb-2025","23","84.54","83.54","0.13","-0.110","0.00","0.20","0.3686","0.0440","0.3701"
"WEP","06-Feb-2025","24","83.49","82.63","0.13","-0.250","0.00","0.20","0.3686","0.0440","0.3701"
"WEP","06-Feb-2025","25","73.81","72.83","0.14","-0.150","0.00","0.20","0.3686","0.0440","0.3701"
"WEP","06-Feb-2025","26","72.51","71.82","0.15","-0.450","0.00","0.20","0.3686","0.0440","0.3701"
"WEP","06-Feb-2025","27","71.91","71.40","0.14","-0.610","0.00","0.20","0.3686","0.0440","0.3701"
"WEP","06-Feb-2025","28","72.73","72.09","0.14","-0.480","0.00","0.20","0.3686","0.0440","0.3701"
"WEP","06-Feb-2025","29","82.73","82.33","0.13","-0.710","0.00","0.20","0.3686","0.0440","0.3701"
"WEP","06-Feb-2025","30","73.24","72.92","0.12","-0.780","0.00","0.20","0.3686","0.0440","0.3701"
"WEP","06-Feb-2025","31","83.02","82.83","0.13","-0.920","0.00","0.20","0.3686","0.0440","0.3701"
"WEP","06-Feb-2025","32","86.56","86.45","0.14","-1.020","0.00","0.20","0.3686","0.0440","0.3701"
"WEP","06-Feb-2025","33","83.65","83.58","0.13","-1.040","0.00","0.20","0.3686","0.0440","0.3701"
"WEP","06-Feb-2025","34","86.28","86.45","0.14","-1.290","0.00","0.20","0.3686","0.0440","0.3701"
"WEP","06-Feb-2025","35","84.72","84.62","0.20","-1.080","0.00","0.20","0.3686","0.0440","0.3701"
"WEP","06-Feb-2025","36","87.05","86.98","0.14","-1.050","0.00","0.20","0.3686","0.0440","0.3701"
"WEP","06-Feb-2025","37","91.00","90.41","0.16","-0.550","0.00","0.20","0.3686","0.0440","0.3701"
"WEP","06-Feb-2025","38","93.18","92.57","0.17","-0.540","0.00","0.20","0.3686","0.0440","0.3701"
"WEP","06-Feb-2025","39","95.08","94.48","0.16","-0.540","0.00","0.20","0.3686","0.0440","0.3701"
"WEP","06-Feb-2025","40","95.84","95.30","0.16","-0.600","0.00","0.20","0.3686","0.0440","0.3701"
"WEP","06-Feb-2025","41","96.19","95.70","0.14","-0.630","0.00","0.20","0.3686","0.0440","0.3701"
"WEP","06-Feb-2025","42","97.99","97.68","0.15","-0.820","0.00","0.20","0.3686","0.0440","0.3701"
"WEP","06-Feb-2025","43","98.98","98.54","0.15","-0.690","0.00","0.20","0.3686","0.0440","0.3701"
"WEP","06-Feb-2025","44","93.68","93.27","0.13","-0.700","0.00","0.20","0.3686","0.0440","0.3701"
"WEP","06-Feb-2025","45","89.34","88.62","0.14","-0.400","0.00","0.20","0.3686","0.0440","0.3701"
"WEP","06-Feb-2025","46","83.74","82.84","0.14","-0.220","0.00","0.20","0.3686","0.0440","0.3701"
"WEP","06-Feb-2025","47","87.54","86.66","0.15","-0.250","0.00","0.20","0.3686","0.0440","0.3701"
"WEP","06-Feb-2025","48","93.95","93.25","0.14","-0.430","0.00","0.20","0.3686","0.0440","0.3701"
"WEP","07-Feb-2025","1","93.97","93.71","0.13","-0.840","0.00","0.20","0.3686","0.0432","0.3635"
"WEP","07-Feb-2025","2","92.43","91.98","0.11","-0.640","0.00","0.20","0.3686","0.0432","0.3635"
"WEP","07-Feb-2025","3","90.45","89.75","0.06","-0.330","0.00","0.20","0.3686","0.0432","0.3635"
"WEP","07-Feb-2025","4","88.21","87.83","0.06","-0.660","0.00","0.20","0.3686","0.0432","0.3635"
"WEP","07-Feb-2025","5","86.72","86.07","0.06","-0.380","0.00","0.20","0.3686","0.0432","0.3635"
"WEP","07-Feb-2025","6","86.20","86.07","0.06","-0.900","0.00","0.20","0.3686","0.0432","0.3635"
"WEP","07-Feb-2025","7","86.28","85.49","0.06","-0.240","0.00","0.20","0.3686","0.0432","0.3635"
"WEP","07-Feb-2025","8","85.76","85.42","0.06","-0.700","0.00","0.20","0.3686","0.0432","0.3635"
"WEP","07-Feb-2025","9","86.09","85.43","0.06","-0.370","0.00","0.20","0.3686","0.0432","0.3635"
"WEP","07-Feb-2025","10","87.08","86.51","0.06","-0.460","0.00","0.20","0.3686","0.0432","0.3635"
"WEP","07-Feb-2025","11","89.90","89.46","0.06","-0.590","0.00","0.20","0.3686","0.0432","0.3635"
"WEP","07-Feb-2025","12","99.05","98.73","0.14","-0.790","0.00","0.20","0.3686","0.0432","0.3635"
"WEP","07-Feb-2025","13","100.52","99.70","0.16","-0.310","0.00","0.20","0.3686","0.0432","0.3635"
"WEP","07-Feb-2025","14","102.72","101.81","0.21","-0.280","0.00","0.20","0.3686","0.0432","0.3635"
"WEP","07-Feb-2025","15","113.33","111.64","0.24","0.480","0.00","0.20","0.3686","0.0432","0.3635"
"WEP","07-Feb-2025","16","126.21","124.48","0.23","0.530","0.00","0.20","0.3686","0.0432","0.3635"
"WEP","07-Feb-2025","17","120.14","118.15","0.19","0.820","0.00","0.20","0.3686","0.0432","0.3635"
"WEP","07-Feb-2025","18","106.20","104.73","0.21","0.290","0.00","0.20","0.3686","0.0432","0.3635"
"WEP","07-Feb-2025","19","94.49","93.18","0.15","0.180","0.00","0.20","0.3686","0.0432","0.3635"
"WEP","07-Feb-2025","20","90.49","89.62","0.15","-0.260","0.00","0.20","0.3686","0.0432","0.3635"
"WEP","07-Feb-2025","21","89.42","89.46","0.14","-1.160","0.00","0.20","0.3686","0.0432","0.3635"
"WEP","07-Feb-2025","22","89.77","89.63","0.13","-0.970","0.00","0.20","0.3686","0.0432","0.3635"
"WEP","07-Feb-2025","23","89.66","88.92","0.13","-0.360","0.00","0.20","0.3686","0.0432","0.3635"
"WEP","07-Feb-2025","24","85.79","85.22","0.13","-0.530","0.00","0.20","0.3686","0.0432","0.3635"
"WEP","07-Feb-2025","25","84.50","84.30","0.14","-0.910","0.00","0.20","0.3686","0.0432","0.3635"
"WEP","07-Feb-2025","26","84.42","84.46","0.15","-1.160","0.00","0.20","0.3686","0.0432","0.3635"
"WEP","07-Feb-2025","27","85.57","85.23","0.14","-0.770","0.00","0.20","0.3686","0.0432","0.3635"
"WEP","07-Feb-2025","28","86.02","85.45","0.13","-0.530","0.00","0.20","0.3686","0.0432","0.3635"
"WEP","07-Feb-2025","29","85.41","85.21","0.13","-0.900","0.00","0.20","0.3686","0.0432","0.3635"
"WEP","07-Feb-2025","30","85.07","85.06","0.12","-1.090","0.00","0.20","0.3686","0.0432","0.3635"
"WEP","07-Feb-2025","31","87.18","86.89","0.12","-0.810","0.00","0.20","0.3686","0.0432","0.3635"
"WEP","07-Feb-2025","32","88.05","87.79","0.14","-0.850","0.00","0.20","0.3686","0.0432","0.3635"
"WEP","07-Feb-2025","33","90.93","91.02","0.12","-1.190","0.00","0.20","0.3686","0.0432","0.3635"
"WEP","07-Feb-2025","34","98.50","98.68","0.14","-1.300","0.00","0.20","0.3686","0.0432","0.3635"
"WEP","07-Feb-2025","35","104.67","104.70","0.30","-1.310","0.00","0.20","0.3686","0.0432","0.3635"
"WEP","07-Feb-2025","36","126.02","126.65","0.15","-1.750","0.00","0.20","0.3686","0.0432","0.3635"
"WEP","07-Feb-2025","37","132.00","132.05","0.15","-1.170","0.00","0.20","0.3686","0.0432","0.3635"
"WEP","07-Feb-2025","38","134.90","134.08","0.20","-0.350","0.00","0.20","0.3686","0.0432","0.3635"
"WEP","07-Feb-2025","39","139.64","138.95","0.23","-0.520","0.00","0.20","0.3686","0.0432","0.3635"
"WEP","07-Feb-2025","40","134.94","134.25","0.19","-0.470","0.00","0.20","0.3686","0.0432","0.3635"
"WEP","07-Feb-2025","41","134.26","134.06","0.14","-0.920","0.00","0.20","0.3686","0.0432","0.3635"
"WEP","07-Feb-2025","42","130.69","130.00","0.15","-0.440","0.00","0.20","0.3686","0.0432","0.3635"
"WEP","07-Feb-2025","43","129.17","128.66","0.15","-0.610","0.00","0.20","0.3686","0.0432","0.3635"
"WEP","07-Feb-2025","44","118.76","118.11","0.13","-0.460","0.00","0.20","0.3686","0.0432","0.3635"
"WEP","07-Feb-2025","45","105.39","104.78","0.14","-0.500","0.00","0.20","0.3686","0.0432","0.3635"
"WEP","07-Feb-2025","46","101.72","101.29","0.14","-0.680","0.00","0.20","0.3686","0.0432","0.3635"
"WEP","07-Feb-2025","47","99.40","98.57","0.14","-0.290","0.00","0.20","0.3686","0.0432","0.3635"
"WEP","07-Feb-2025","48","98.17","98.14","0.14","-1.090","0.00","0.20","0.3686","0.0432","0.3635"
"WEP","08-Feb-2025","1","96.70","96.70","0.07","-1.060","0.00","0.20","0.3686","0.0454","0.3812"
"WEP","08-Feb-2025","2","95.97","96.31","0.06","-1.390","0.00","0.20","0.3686","0.0454","0.3812"
"WEP","08-Feb-2025","3","93.56","94.16","0.05","-1.650","0.00","0.20","0.3686","0.0454","0.3812"
"WEP","08-Feb-2025","4","91.91","92.07","0.05","-1.200","0.00","0.20","0.3686","0.0454","0.3812"
"WEP","08-Feb-2025","5","91.22","91.72","0.05","-1.550","0.00","0.20","0.3686","0.0454","0.3812"
"WEP","08-Feb-2025","6","90.84","90.97","0.06","-1.190","0.00","0.20","0.3686","0.0454","0.3812"
"WEP","08-Feb-2025","7","89.50","89.44","0.06","-1.000","0.00","0.20","0.3686","0.0454","0.3812"
"WEP","08-Feb-2025","8","90.33","90.21","0.06","-0.930","0.00","0.20","0.3686","0.0454","0.3812"
"WEP","08-Feb-2025","9","89.18","89.38","0.05","-1.240","0.00","0.20","0.3686","0.0454","0.3812"
"WEP","08-Feb-2025","10","90.30","90.21","0.05","-0.960","0.00","0.20","0.3686","0.0454","0.3812"
"WEP","08-Feb-2025","11","91.80","91.72","0.06","-0.980","0.00","0.20","0.3686","0.0454","0.3812"
"WEP","08-Feb-2025","12","93.18","93.17","0.09","-1.080","0.00","0.20","0.3686","0.0454","0.3812"
"WEP","08-Feb-2025","13","95.68","95.70","0.17","-1.190","0.00","0.20","0.3686","0.0454","0.3812"
"WEP","08-Feb-2025","14","101.67","101.71","0.18","-1.220","0.00","0.20","0.3686","0.0454","0.3812"
"WEP","08-Feb-2025","15","109.78","109.58","0.21","-1.000","0.00","0.20","0.3686","0.0454","0.3812"
"WEP","08-Feb-2025","16","126.68","126.70","0.20","-1.210","0.00","0.20","0.3686","0.0454","0.3812"
"WEP","08-Feb-2025","17","129.27","128.61","0.18","-0.520","0.00","0.20","0.3686","0.0454","0.3812"
"WEP","08-Feb-2025","18","125.96","125.16","0.19","-0.390","0.00","0.20","0.3686","0.0454","0.3812"
"WEP","08-Feb-2025","19","102.51","101.71","0.16","-0.360","0.00","0.20","0.3686","0.0454","0.3812"
"WEP","08-Feb-2025","20","94.01","93.66","0.16","-0.810","0.00","0.20","0.3686","0.0454","0.3812"
"WEP","08-Feb-2025","21","88.91","88.80","0.14","-1.020","0.00","0.20","0.3686","0.0454","0.3812"
"WEP","08-Feb-2025","22","88.54","88.12","0.14","-0.710","0.00","0.20","0.3686","0.0454","0.3812"
"WEP","08-Feb-2025","23","82.41","82.35","0.14","-1.070","0.00","0.20","0.3686","0.0454","0.3812"
"WEP","08-Feb-2025","24","75.24","75.38","0.08","-1.220","0.00","0.20","0.3686","0.0454","0.3812"
"WEP","08-Feb-2025","25","73.11","73.45","0.15","-1.490","0.00","0.20","0.3686","0.0454","0.3812"
"WEP","08-Feb-2025","26","71.54","71.74","0.15","-1.340","0.00","0.20","0.3686","0.0454","0.3812"
"WEP","08-Feb-2025","27","73.33","73.46","0.14","-1.270","0.00","0.20","0.3686","0.0454","0.3812"
"WEP","08-Feb-2025","28","72.43","73.45","0.11","-2.130","0.00","0.20","0.3686","0.0454","0.3812"
"WEP","08-Feb-2025","29","83.23","82.53","0.08","-0.380","0.00","0.20","0.3686","0.0454","0.3812"
"WEP","08-Feb-2025","30","82.27","82.54","0.07","-1.330","0.00","0.20","0.3686","0.0454","0.3812"
"WEP","08-Feb-2025","31","81.52","82.67","0.07","-2.210","0.00","0.20","0.3686","0.0454","0.3812"
"WEP","08-Feb-2025","32","84.28","84.39","0.12","-1.220","0.00","0.20","0.3686","0.0454","0.3812"
"WEP","08-Feb-2025","33","91.70","90.98","0.08","-0.350","0.00","0.20","0.3686","0.0454","0.3812"
"WEP","08-Feb-2025","34","86.15","86.12","0.12","-1.080","0.00","0.20","0.3686","0.0454","0.3812"
"WEP","08-Feb-2025","35","86.61","86.80","0.19","-1.370","0.00","0.20","0.3686","0.0454","0.3812"
"WEP","08-Feb-2025","36","91.11","91.73","0.11","-1.730","0.00","0.20","0.3686","0.0454","0.3812"
"WEP","08-Feb-2025","37","95.41","95.86","0.16","-1.610","0.00","0.20","0.3686","0.0454","0.3812"
"WEP","08-Feb-2025","38","103.87","104.71","0.17","-2.000","0.00","0.20","0.3686","0.0454","0.3812"
"WEP","08-Feb-2025","39","109.31","109.58","0.17","-1.440","0.00","0.20","0.3686","0.0454","0.3812"
"WEP","08-Feb-2025","40","109.36","109.58","0.26","-1.480","0.00","0.20","0.3686","0.0454","0.3812"
"WEP","08-Feb-2025","41","109.20","109.57","0.15","-1.520","0.00","0.20","0.3686","0.0454","0.3812"
"WEP","08-Feb-2025","42","106.37","106.72","0.15","-1.500","0.00","0.20","0.3686","0.0454","0.3812"
"WEP","08-Feb-2025","43","106.46","106.72","0.15","-1.410","0.00","0.20","0.3686","0.0454","0.3812"
"WEP","08-Feb-2025","44","101.02","101.33","0.08","-1.380","0.00","0.20","0.3686","0.0454","0.3812"
"WEP","08-Feb-2025","45","104.80","104.72","0.08","-1.000","0.00","0.20","0.3686","0.0454","0.3812"
"WEP","08-Feb-2025","46","101.41","101.43","0.08","-1.100","0.00","0.20","0.3686","0.0454","0.3812"
"WEP","08-Feb-2025","47","98.78","98.69","0.09","-0.990","0.00","0.20","0.3686","0.0454","0.3812"
"WEP","08-Feb-2025","48","98.65","98.69","0.08","-1.120","0.00","0.20","0.3686","0.0454","0.3812"
"WEP","09-Feb-2025","1","98.35","98.37","0.07","-1.090","0.00","0.20","0.3686","0.0462","0.3887"
"WEP","09-Feb-2025","2","102.38","101.75","0.11","-0.490","0.00","0.20","0.3686","0.0462","0.3887"
"WEP","09-Feb-2025","3","92.08","91.07","0.05","-0.040","0.00","0.20","0.3686","0.0462","0.3887"
"WEP","09-Feb-2025","4","89.50","88.65","0.05","-0.200","0.00","0.20","0.3686","0.0462","0.3887"
"WEP","09-Feb-2025","5","88.37","87.46","0.05","-0.140","0.00","0.20","0.3686","0.0462","0.3887"
"WEP","09-Feb-2025","6","87.65","86.87","0.05","-0.270","0.00","0.20","0.3686","0.0462","0.3887"
"WEP","09-Feb-2025","7","86.81","86.01","0.05","-0.250","0.00","0.20","0.3686","0.0462","0.3887"
"WEP","09-Feb-2025","8","87.46","86.86","0.05","-0.460","0.00","0.20","0.3686","0.0462","0.3887"
"WEP","09-Feb-2025","9","88.31","86.87","0.05","0.380","0.00","0.20","0.3686","0.0462","0.3887"
"WEP","09-Feb-2025","10","87.90","86.87","0.05","-0.030","0.00","0.20","0.3686","0.0462","0.3887"
"WEP","09-Feb-2025","11","87.91","86.87","0.06","-0.020","0.00","0.20","0.3686","0.0462","0.3887"
"WEP","09-Feb-2025","12","88.61","87.76","0.09","-0.240","0.00","0.20","0.3686","0.0462","0.3887"
"WEP","09-Feb-2025","13","90.40","89.44","0.17","-0.210","0.00","0.20","0.3686","0.0462","0.3887"
"WEP","09-Feb-2025","14","93.14","91.72","0.19","0.220","0.00","0.20","0.3686","0.0462","0.3887"
"WEP","09-Feb-2025","15","94.49","93.23","0.21","0.050","0.00","0.20","0.3686","0.0462","0.3887"
"WEP","09-Feb-2025","16","98.17","96.66","0.21","0.300","0.00","0.20","0.3686","0.0462","0.3887"
"WEP","09-Feb-2025","17","100.09","98.68","0.19","0.220","0.00","0.20","0.3686","0.0462","0.3887"
"WEP","09-Feb-2025","18","95.28","93.91","0.20","0.170","0.00","0.20","0.3686","0.0462","0.3887"
"WEP","09-Feb-2025","19","92.66","91.12","0.17","0.360","0.00","0.20","0.3686","0.0462","0.3887"
"WEP","09-Feb-2025","20","88.90","87.33","0.17","0.390","0.00","0.20","0.3686","0.0462","0.3887"
"WEP","09-Feb-2025","21","85.56","84.69","0.15","-0.280","0.00","0.20","0.3686","0.0462","0.3887"
"WEP","09-Feb-2025","22","83.67","82.92","0.15","-0.410","0.00","0.20","0.3686","0.0462","0.3887"
"WEP","09-Feb-2025","23","83.50","82.64","0.14","-0.280","0.00","0.20","0.3686","0.0462","0.3887"
"WEP","09-Feb-2025","24","82.82","82.32","0.10","-0.610","0.00","0.20","0.3686","0.0462","0.3887"
"WEP","09-Feb-2025","25","73.82","73.44","0.16","-0.780","0.00","0.20","0.3686","0.0462","0.3887"
"WEP","09-Feb-2025","26","75.09","74.88","0.16","-0.960","0.00","0.20","0.3686","0.0462","0.3887"
"WEP","09-Feb-2025","27","83.31","82.53","0.15","-0.380","0.00","0.20","0.3686","0.0462","0.3887"
"WEP","09-Feb-2025","28","84.89","84.26","0.15","-0.530","0.00","0.20","0.3686","0.0462","0.3887"
"WEP","09-Feb-2025","29","77.06","76.46","0.10","-0.500","0.00","0.20","0.3686","0.0462","0.3887"
"WEP","09-Feb-2025","30","82.97","82.72","0.08","-0.840","0.00","0.20","0.3686","0.0462","0.3887"
"WEP","09-Feb-2025","31","83.41","82.53","0.08","-0.200","0.00","0.20","0.3686","0.0462","0.3887"
"WEP","09-Feb-2025","32","82.32","82.14","0.15","-0.980","0.00","0.20","0.3686","0.0462","0.3887"
"WEP","09-Feb-2025","33","81.85","82.94","0.09","-2.190","0.00","0.20","0.3686","0.0462","0.3887"
"WEP","09-Feb-2025","34","87.56","87.35","0.15","-0.950","0.00","0.20","0.3686","0.0462","0.3887"
"WEP","09-Feb-2025","35","91.70","90.99","0.22","-0.510","0.00","0.20","0.3686","0.0462","0.3887"
"WEP","09-Feb-2025","36","99.59","98.68","0.11","-0.210","0.00","0.20","0.3686","0.0462","0.3887"
"WEP","09-Feb-2025","37","94.66","93.63","0.16","-0.130","0.00","0.20","0.3686","0.0462","0.3887"
"WEP","09-Feb-2025","38","100.17","99.68","0.18","-0.690","0.00","0.20","0.3686","0.0462","0.3887"
"WEP","09-Feb-2025","39","107.00","106.73","0.17","-0.910","0.00","0.20","0.3686","0.0462","0.3887"
"WEP","09-Feb-2025","40","115.82","115.46","0.16","-0.800","0.00","0.20","0.3686","0.0462","0.3887"
"WEP","09-Feb-2025","41","127.96","127.83","0.15","-1.020","0.00","0.20","0.3686","0.0462","0.3887"
"WEP","09-Feb-2025","42","127.11","126.68","0.17","-0.750","0.00","0.20","0.3686","0.0462","0.3887"
"WEP","09-Feb-2025","43","116.19","115.69","0.15","-0.650","0.00","0.20","0.3686","0.0462","0.3887"
"WEP","09-Feb-2025","44","105.38","104.72","0.08","-0.420","0.00","0.20","0.3686","0.0462","0.3887"
"WEP","09-Feb-2025","45","106.32","105.43","0.09","-0.200","0.00","0.20","0.3686","0.0462","0.3887"
"WEP","09-Feb-2025","46","99.39","98.69","0.08","-0.390","0.00","0.20","0.3686","0.0462","0.3887"
"WEP","09-Feb-2025","47","94.34","93.65","0.10","-0.420","0.00","0.20","0.3686","0.0462","0.3887"
"WEP","09-Feb-2025","48","95.02","94.01","0.09","-0.090","0.00","0.20","0.3686","0.0462","0.3887"
"WEP","10-Feb-2025","1","112.18","110.49","0.13","0.580","0.00","0.20","0.3686","0.0429","0.3603"
"WEP","10-Feb-2025","2","110.51","108.80","0.07","0.660","0.00","0.20","0.3686","0.0429","0.3603"
"WEP","10-Feb-2025","3","104.05","102.62","0.06","0.400","0.00","0.20","0.3686","0.0429","0.3603"
"WEP","10-Feb-2025","4","104.10","102.26","0.06","0.810","0.00","0.20","0.3686","0.0429","0.3603"
"WEP","10-Feb-2025","5","101.77","100.95","0.06","-0.220","0.00","0.20","0.3686","0.0429","0.3603"
"WEP","10-Feb-2025","6","103.27","102.28","0.06","-0.040","0.00","0.20","0.3686","0.0429","0.3603"
"WEP","10-Feb-2025","7","103.59","102.25","0.06","0.310","0.00","0.20","0.3686","0.0429","0.3603"
"WEP","10-Feb-2025","8","98.03","96.87","0.06","0.120","0.00","0.20","0.3686","0.0429","0.3603"
"WEP","10-Feb-2025","9","102.65","100.96","0.06","0.660","0.00","0.20","0.3686","0.0429","0.3603"
"WEP","10-Feb-2025","10","95.05","93.61","0.06","0.410","0.00","0.20","0.3686","0.0429","0.3603"
"WEP","10-Feb-2025","11","106.53","104.76","0.07","0.730","0.00","0.20","0.3686","0.0429","0.3603"
"WEP","10-Feb-2025","12","110.71","109.63","0.14","-0.030","0.00","0.20","0.3686","0.0429","0.3603"
"WEP","10-Feb-2025","13","104.35","102.98","0.16","0.240","0.00","0.20","0.3686","0.0429","0.3603"
"WEP","10-Feb-2025","14","106.41","104.73","0.18","0.520","0.00","0.20","0.3686","0.0429","0.3603"
"WEP","10-Feb-2025","15","98.54","96.63","0.19","0.750","0.00","0.20","0.3686","0.0429","0.3603"
"WEP","10-Feb-2025","16","100.51","98.66","0.19","0.680","0.00","0.20","0.3686","0.0429","0.3603"
"WEP","10-Feb-2025","17","106.91","106.73","0.17","-0.960","0.00","0.20","0.3686","0.0429","0.3603"
"WEP","10-Feb-2025","18","111.26","109.59","0.21","0.490","0.00","0.20","0.3686","0.0429","0.3603"
"WEP","10-Feb-2025","19","100.59","99.66","0.15","-0.190","0.00","0.20","0.3686","0.0429","0.3603"
"WEP","10-Feb-2025","20","92.88","92.30","0.15","-0.540","0.00","0.20","0.3686","0.0429","0.3603"
"WEP","10-Feb-2025","21","91.72","91.69","0.13","-1.070","0.00","0.20","0.3686","0.0429","0.3603"
"WEP","10-Feb-2025","22","90.17","90.43","0.13","-1.360","0.00","0.20","0.3686","0.0429","0.3603"
"WEP","10-Feb-2025","23","89.18","89.45","0.13","-1.370","0.00","0.20","0.3686","0.0429","0.3603"
"WEP","10-Feb-2025","24","85.63","85.85","0.12","-1.320","0.00","0.20","0.3686","0.0429","0.3603"
"WEP","10-Feb-2025","25","85.82","85.53","0.14","-0.830","0.00","0.20","0.3686","0.0429","0.3603"
"WEP","10-Feb-2025","26","84.48","84.65","0.14","-1.280","0.00","0.20","0.3686","0.0429","0.3603"
"WEP","10-Feb-2025","27","83.85","84.20","0.13","-1.450","0.00","0.20","0.3686","0.0429","0.3603"
"WEP","10-Feb-2025","28","84.66","85.22","0.13","-1.660","0.00","0.20","0.3686","0.0429","0.3603"
"WEP","10-Feb-2025","29","84.74","85.15","0.12","-1.500","0.00","0.20","0.3686","0.0429","0.3603"
"WEP","10-Feb-2025","30","87.20","87.60","0.09","-1.460","0.00","0.20","0.3686","0.0429","0.3603"
"WEP","10-Feb-2025","31","85.68","86.69","0.12","-2.100","0.00","0.20","0.3686","0.0429","0.3603"
"WEP","10-Feb-2025","32","91.73","92.82","0.13","-2.190","0.00","0.20","0.3686","0.0429","0.3603"
"WEP","10-Feb-2025","33","97.32","98.61","0.10","-2.360","0.00","0.20","0.3686","0.0429","0.3603"
"WEP","10-Feb-2025","34","107.31","108.77","0.14","-2.570","0.00","0.20","0.3686","0.0429","0.3603"
"WEP","10-Feb-2025","35","129.89","130.60","0.60","-2.280","0.00","0.20","0.3686","0.0429","0.3603"
"WEP","10-Feb-2025","36","167.13","167.91","0.42","-2.170","0.00","0.20","0.3686","0.0429","0.3603"
"WEP","10-Feb-2025","37","205.57","206.51","0.46","-2.370","0.00","0.20","0.3686","0.0429","0.3603"
"WEP","10-Feb-2025","38","186.97","186.57","0.36","-0.930","0.00","0.20","0.3686","0.0429","0.3603"
"WEP","10-Feb-2025","39","185.32","185.34","0.35","-1.340","0.00","0.20","0.3686","0.0429","0.3603"
"WEP","10-Feb-2025","40","181.75","181.63","0.26","-1.110","0.00","0.20","0.3686","0.0429","0.3603"
"WEP","10-Feb-2025","41","133.23","132.39","0.14","-0.270","0.00","0.20","0.3686","0.0429","0.3603"
"WEP","10-Feb-2025","42","139.84","140.40","0.14","-1.670","0.00","0.20","0.3686","0.0429","0.3603"
"WEP","10-Feb-2025","43","132.43","132.36","0.14","-1.040","0.00","0.20","0.3686","0.0429","0.3603"
"WEP","10-Feb-2025","44","123.42","123.21","0.10","-0.870","0.00","0.20","0.3686","0.0429","0.3603"
"WEP","10-Feb-2025","45","109.40","108.77","0.10","-0.450","0.00","0.20","0.3686","0.0429","0.3603"
"WEP","10-Feb-2025","46","102.33","101.73","0.10","-0.470","0.00","0.20","0.3686","0.0429","0.3603"
"WEP","10-Feb-2025","47","95.67","95.00","0.14","-0.450","0.00","0.20","0.3686","0.0429","0.3603"
"WEP","10-Feb-2025","48","100.19","99.71","0.13","-0.630","0.00","0.20","0.3686","0.0429","0.3603"
"WEP","11-Feb-2025","1","116.97","115.87","0.13","0.000","0.00","0.20","0.3686","0.0425","0.3570"
"WEP","11-Feb-2025","2","110.29","109.60","0.11","-0.390","0.00","0.20","0.3686","0.0425","0.3570"
"WEP","11-Feb-2025","3","104.21","103.38","0.10","-0.240","0.00","0.20","0.3686","0.0425","0.3570"
"WEP","11-Feb-2025","4","102.30","101.31","0.10","-0.080","0.00","0.20","0.3686","0.0425","0.3570"
"WEP","11-Feb-2025","5","101.23","100.65","0.10","-0.490","0.00","0.20","0.3686","0.0425","0.3570"
"WEP","11-Feb-2025","6","101.04","100.46","0.10","-0.490","0.00","0.20","0.3686","0.0425","0.3570"
"WEP","11-Feb-2025","7","100.87","100.65","0.10","-0.850","0.00","0.20","0.3686","0.0425","0.3570"
"WEP","11-Feb-2025","8","100.94","100.46","0.10","-0.590","0.00","0.20","0.3686","0.0425","0.3570"
"WEP","11-Feb-2025","9","101.71","100.86","0.10","-0.220","0.00","0.20","0.3686","0.0425","0.3570"
"WEP","11-Feb-2025","10","105.84","105.10","0.10","-0.330","0.00","0.20","0.3686","0.0425","0.3570"
"WEP","11-Feb-2025","11","116.45","115.85","0.11","-0.480","0.00","0.20","0.3686","0.0425","0.3570"
"WEP","11-Feb-2025","12","152.17","152.07","0.14","-1.000","0.00","0.20","0.3686","0.0425","0.3570"
"WEP","11-Feb-2025","13","125.36","124.73","0.16","-0.490","0.00","0.20","0.3686","0.0425","0.3570"
"WEP","11-Feb-2025","14","152.95","152.14","0.17","-0.330","0.00","0.20","0.3686","0.0425","0.3570"
"WEP","11-Feb-2025","15","130.93","129.95","0.23","-0.210","0.00","0.20","0.3686","0.0425","0.3570"
"WEP","11-Feb-2025","16","185.89","185.01","0.23","-0.320","0.00","0.20","0.3686","0.0425","0.3570"
"WEP","11-Feb-2025","17","207.78","206.59","0.27","-0.050","0.00","0.20","0.3686","0.0425","0.3570"
"WEP","11-Feb-2025","18","132.79","130.94","0.28","0.610","0.00","0.20","0.3686","0.0425","0.3570"
"WEP","11-Feb-2025","19","117.24","115.83","0.18","0.260","0.00","0.20","0.3686","0.0425","0.3570"
"WEP","11-Feb-2025","20","104.79","103.46","0.23","0.130","0.00","0.20","0.3686","0.0425","0.3570"
"WEP","11-Feb-2025","21","102.27","101.02","0.14","0.140","0.00","0.20","0.3686","0.0425","0.3570"
"WEP","11-Feb-2025","22","101.96","100.80","0.13","0.060","0.00","0.20","0.3686","0.0425","0.3570"
"WEP","11-Feb-2025","23","94.70","93.94","0.13","-0.340","0.00","0.20","0.3686","0.0425","0.3570"
"WEP","11-Feb-2025","24","86.23","86.04","0.12","-0.900","0.00","0.20","0.3686","0.0425","0.3570"
"WEP","11-Feb-2025","25","81.98","81.63","0.14","-0.760","0.00","0.20","0.3686","0.0425","0.3570"
"WEP","11-Feb-2025","26","86.20","85.48","0.14","-0.390","0.00","0.20","0.3686","0.0425","0.3570"
"WEP","11-Feb-2025","27","83.56","83.51","0.14","-1.060","0.00","0.20","0.3686","0.0425","0.3570"
"WEP","11-Feb-2025","28","83.51","83.49","0.13","-1.080","0.00","0.20","0.3686","0.0425","0.3570"
"WEP","11-Feb-2025","29","84.29","84.77","0.12","-1.570","0.00","0.20","0.3686","0.0425","0.3570"
"WEP","11-Feb-2025","30","91.00","91.05","0.12","-1.140","0.00","0.20","0.3686","0.0425","0.3570"
"WEP","11-Feb-2025","31","88.70","88.98","0.12","-1.370","0.00","0.20","0.3686","0.0425","0.3570"
"WEP","11-Feb-2025","32","98.15","98.68","0.14","-1.640","0.00","0.20","0.3686","0.0425","0.3570"
"WEP","11-Feb-2025","33","100.84","100.84","0.12","-1.090","0.00","0.20","0.3686","0.0425","0.3570"
"WEP","11-Feb-2025","34","101.56","101.05","0.14","-0.600","0.00","0.20","0.3686","0.0425","0.3570"
"WEP","11-Feb-2025","35","105.25","104.59","0.27","-0.580","0.00","0.20","0.3686","0.0425","0.3570"
"WEP","11-Feb-2025","36","101.19","101.04","0.15","-0.970","0.00","0.20","0.3686","0.0425","0.3570"
"WEP","11-Feb-2025","37","127.00","126.69","0.18","-0.840","0.00","0.20","0.3686","0.0425","0.3570"
"WEP","11-Feb-2025","38","130.92","130.09","0.19","-0.320","0.00","0.20","0.3686","0.0425","0.3570"
"WEP","11-Feb-2025","39","133.31","132.42","0.22","-0.300","0.00","0.20","0.3686","0.0425","0.3570"
"WEP","11-Feb-2025","40","131.12","130.10","0.17","-0.120","0.00","0.20","0.3686","0.0425","0.3570"
"WEP","11-Feb-2025","41","118.73","117.19","0.14","0.430","0.00","0.20","0.3686","0.0425","0.3570"
"WEP","11-Feb-2025","42","118.65","117.18","0.14","0.360","0.00","0.20","0.3686","0.0425","0.3570"
"WEP","11-Feb-2025","43","104.42","103.09","0.14","0.220","0.00","0.20","0.3686","0.0425","0.3570"
"WEP","11-Feb-2025","44","102.07","101.04","0.13","-0.070","0.00","0.20","0.3686","0.0425","0.3570"
"WEP","11-Feb-2025","45","107.90","107.15","0.14","-0.360","0.00","0.20","0.3686","0.0425","0.3570"
"WEP","11-Feb-2025","46","105.79","104.57","0.13","0.120","0.00","0.20","0.3686","0.0425","0.3570"
"WEP","11-Feb-2025","47","108.50","106.85","0.14","0.540","0.00","0.20","0.3686","0.0425","0.3570"
"WEP","11-Feb-2025","48","107.11","104.59","0.13","1.420","0.00","0.20","0.3686","0.0425","0.3570"
"WEP","12-Feb-2025","1","101.71","100.88","0.13","-0.270","0.00","0.20","0.3686","0.0422","0.3549"
"WEP","12-Feb-2025","2","100.93","100.73","0.11","-0.870","0.00","0.20","0.3686","0.0422","0.3549"
"WEP","12-Feb-2025","3","101.75","100.87","0.10","-0.180","0.00","0.20","0.3686","0.0422","0.3549"
"WEP","12-Feb-2025","4","101.74","100.76","0.10","-0.080","0.00","0.20","0.3686","0.0422","0.3549"
"WEP","12-Feb-2025","5","101.68","100.71","0.10","-0.100","0.00","0.20","0.3686","0.0422","0.3549"
"WEP","12-Feb-2025","6","101.79","100.69","0.10","0.030","0.00","0.20","0.3686","0.0422","0.3549"
"WEP","12-Feb-2025","7","101.39","100.60","0.10","-0.280","0.00","0.20","0.3686","0.0422","0.3549"
"WEP","12-Feb-2025","8","101.52","100.60","0.10","-0.150","0.00","0.20","0.3686","0.0422","0.3549"
"WEP","12-Feb-2025","9","101.63","100.60","0.10","-0.040","0.00","0.20","0.3686","0.0422","0.3549"
"WEP","12-Feb-2025","10","101.77","100.71","0.10","0.000","0.00","0.20","0.3686","0.0422","0.3549"
"WEP","12-Feb-2025","11","101.72","100.91","0.11","-0.260","0.00","0.20","0.3686","0.0422","0.3549"
"WEP","12-Feb-2025","12","107.52","106.63","0.14","-0.210","0.00","0.20","0.3686","0.0422","0.3549"
"WEP","12-Feb-2025","13","107.74","106.80","0.16","-0.180","0.00","0.20","0.3686","0.0422","0.3549"
"WEP","12-Feb-2025","14","117.01","115.91","0.17","-0.030","0.00","0.20","0.3686","0.0422","0.3549"
"WEP","12-Feb-2025","15","106.91","105.76","0.22","-0.030","0.00","0.20","0.3686","0.0422","0.3549"
"WEP","12-Feb-2025","16","115.43","114.48","0.22","-0.230","0.00","0.20","0.3686","0.0422","0.3549"
"WEP","12-Feb-2025","17","115.48","114.59","0.18","-0.250","0.00","0.20","0.3686","0.0422","0.3549"
"WEP","12-Feb-2025","18","109.35","107.60","0.19","0.590","0.00","0.20","0.3686","0.0422","0.3549"
"WEP","12-Feb-2025","19","102.65","100.94","0.15","0.600","0.00","0.20","0.3686","0.0422","0.3549"
"WEP","12-Feb-2025","20","102.02","101.04","0.15","-0.130","0.00","0.20","0.3686","0.0422","0.3549"
"WEP","12-Feb-2025","21","102.96","101.06","0.13","0.800","0.00","0.20","0.3686","0.0422","0.3549"
"WEP","12-Feb-2025","22","102.16","100.84","0.13","0.230","0.00","0.20","0.3686","0.0422","0.3549"
"WEP","12-Feb-2025","23","95.44","94.26","0.13","0.090","0.00","0.20","0.3686","0.0422","0.3549"
"WEP","12-Feb-2025","24","87.53","86.84","0.12","-0.400","0.00","0.20","0.3686","0.0422","0.3549"
"WEP","12-Feb-2025","25","85.37","84.75","0.14","-0.480","0.00","0.20","0.3686","0.0422","0.3549"
"WEP","12-Feb-2025","26","85.91","85.70","0.14","-0.890","0.00","0.20","0.3686","0.0422","0.3549"
"WEP","12-Feb-2025","27","91.83","92.12","0.14","-1.400","0.00","0.20","0.3686","0.0422","0.3549"
"WEP","12-Feb-2025","28","90.19","90.31","0.13","-1.210","0.00","0.20","0.3686","0.0422","0.3549"
"WEP","12-Feb-2025","29","90.42","90.45","0.12","-1.120","0.00","0.20","0.3686","0.0422","0.3549"
"WEP","12-Feb-2025","30","90.18","90.29","0.12","-1.200","0.00","0.20","0.3686","0.0422","0.3549"
"WEP","12-Feb-2025","31","92.10","92.60","0.12","-1.590","0.00","0.20","0.3686","0.0422","0.3549"
"WEP","12-Feb-2025","32","97.98","98.52","0.14","-1.640","0.00","0.20","0.3686","0.0422","0.3549"
"WEP","12-Feb-2025","33","100.19","100.73","0.12","-1.630","0.00","0.20","0.3686","0.0422","0.3549"
"WEP","12-Feb-2025","34","100.44","100.84","0.13","-1.490","0.00","0.20","0.3686","0.0422","0.3549"
"WEP","12-Feb-2025","35","100.69","100.85","0.21","-1.340","0.00","0.20","0.3686","0.0422","0.3549"
"WEP","12-Feb-2025","36","104.11","104.57","0.14","-1.560","0.00","0.20","0.3686","0.0422","0.3549"
"WEP","12-Feb-2025","37","110.52","110.43","0.16","-1.030","0.00","0.20","0.3686","0.0422","0.3549"
"WEP","12-Feb-2025","38","127.05","126.92","0.30","-1.130","0.00","0.20","0.3686","0.0422","0.3549"
"WEP","12-Feb-2025","39","132.81","132.46","0.35","-0.960","0.00","0.20","0.3686","0.0422","0.3549"
"WEP","12-Feb-2025","40","129.37","128.16","0.24","0.010","0.00","0.20","0.3686","0.0422","0.3549"
"WEP","12-Feb-2025","41","109.55","108.84","0.14","-0.400","0.00","0.20","0.3686","0.0422","0.3549"
"WEP","12-Feb-2025","42","101.37","100.89","0.14","-0.630","0.00","0.20","0.3686","0.0422","0.3549"
"WEP","12-Feb-2025","43","101.44","100.77","0.14","-0.440","0.00","0.20","0.3686","0.0422","0.3549"
"WEP","12-Feb-2025","44","97.29","96.69","0.07","-0.430","0.00","0.20","0.3686","0.0422","0.3549"
"WEP","12-Feb-2025","45","96.48","95.71","0.07","-0.260","0.00","0.20","0.3686","0.0422","0.3549"
"WEP","12-Feb-2025","46","101.78","100.71","0.13","-0.030","0.00","0.20","0.3686","0.0422","0.3549"
"WEP","12-Feb-2025","47","101.78","100.78","0.14","-0.100","0.00","0.20","0.3686","0.0422","0.3549"
"WEP","12-Feb-2025","48","102.19","100.76","0.13","0.330","0.00","0.20","0.3686","0.0422","0.3549"
"WEP","13-Feb-2025","1","119.59","117.64","0.12","0.870","0.00","0.20","0.3686","0.0417","0.3505"
"WEP","13-Feb-2025","2","108.87","107.87","0.11","-0.070","0.00","0.20","0.3686","0.0417","0.3505"
"WEP","13-Feb-2025","3","107.85","106.62","0.10","0.170","0.00","0.20","0.3686","0.0417","0.3505"
"WEP","13-Feb-2025","4","106.18","105.14","0.10","-0.020","0.00","0.20","0.3686","0.0417","0.3505"
"WEP","13-Feb-2025","5","101.52","100.97","0.10","-0.510","0.00","0.20","0.3686","0.0417","0.3505"
"WEP","13-Feb-2025","6","104.63","103.84","0.10","-0.270","0.00","0.20","0.3686","0.0417","0.3505"
"WEP","13-Feb-2025","7","102.04","100.97","0.10","0.010","0.00","0.20","0.3686","0.0417","0.3505"
"WEP","13-Feb-2025","8","101.59","100.97","0.10","-0.440","0.00","0.20","0.3686","0.0417","0.3505"
"WEP","13-Feb-2025","9","101.88","100.86","0.10","-0.050","0.00","0.20","0.3686","0.0417","0.3505"
"WEP","13-Feb-2025","10","106.15","105.36","0.10","-0.280","0.00","0.20","0.3686","0.0417","0.3505"
"WEP","13-Feb-2025","11","111.73","110.21","0.11","0.450","0.00","0.20","0.3686","0.0417","0.3505"
"WEP","13-Feb-2025","12","120.17","118.97","0.14","0.100","0.00","0.20","0.3686","0.0417","0.3505"
"WEP","13-Feb-2025","13","119.91","118.95","0.16","-0.160","0.00","0.20","0.3686","0.0417","0.3505"
"WEP","13-Feb-2025","14","130.05","129.01","0.17","-0.090","0.00","0.20","0.3686","0.0417","0.3505"
"WEP","13-Feb-2025","15","122.26","120.95","0.21","0.140","0.00","0.20","0.3686","0.0417","0.3505"
"WEP","13-Feb-2025","16","131.35","130.18","0.21","0.000","0.00","0.20","0.3686","0.0417","0.3505"
"WEP","13-Feb-2025","17","195.90","194.58","0.35","0.010","0.00","0.20","0.3686","0.0417","0.3505"
"WEP","13-Feb-2025","18","138.62","136.72","0.42","0.520","0.00","0.20","0.3686","0.0417","0.3505"
"WEP","13-Feb-2025","19","130.24","128.68","0.31","0.290","0.00","0.20","0.3686","0.0417","0.3505"
"WEP","13-Feb-2025","20","108.68","107.58","0.36","-0.220","0.00","0.20","0.3686","0.0417","0.3505"
"WEP","13-Feb-2025","21","101.59","101.06","0.14","-0.570","0.00","0.20","0.3686","0.0417","0.3505"
"WEP","13-Feb-2025","22","100.66","100.94","0.13","-1.370","0.00","0.20","0.3686","0.0417","0.3505"
"WEP","13-Feb-2025","23","100.87","100.94","0.13","-1.170","0.00","0.20","0.3686","0.0417","0.3505"
"WEP","13-Feb-2025","24","100.98","100.83","0.12","-0.930","0.00","0.20","0.3686","0.0417","0.3505"
"WEP","13-Feb-2025","25","99.50","98.69","0.14","-0.290","0.00","0.20","0.3686","0.0417","0.3505"
"WEP","13-Feb-2025","26","96.40","95.79","0.14","-0.490","0.00","0.20","0.3686","0.0417","0.3505"
"WEP","13-Feb-2025","27","92.48","92.81","0.14","-1.430","0.00","0.20","0.3686","0.0417","0.3505"
"WEP","13-Feb-2025","28","93.57","94.23","0.13","-1.750","0.00","0.20","0.3686","0.0417","0.3505"
"WEP","13-Feb-2025","29","99.86","100.78","0.12","-2.000","0.00","0.20","0.3686","0.0417","0.3505"
"WEP","13-Feb-2025","30","99.68","100.82","0.11","-2.210","0.00","0.20","0.3686","0.0417","0.3505"
"WEP","13-Feb-2025","31","101.39","102.14","0.12","-1.830","0.00","0.20","0.3686","0.0417","0.3505"
"WEP","13-Feb-2025","32","102.16","103.07","0.13","-2.000","0.00","0.20","0.3686","0.0417","0.3505"
"WEP","13-Feb-2025","33","107.74","108.87","0.12","-2.210","0.00","0.20","0.3686","0.0417","0.3505"
"WEP","13-Feb-2025","34","126.62","128.71","0.18","-3.240","0.00","0.20","0.3686","0.0417","0.3505"
"WEP","13-Feb-2025","35","127.19","128.69","0.62","-3.080","0.00","0.20","0.3686","0.0417","0.3505"
"WEP","13-Feb-2025","36","127.76","128.70","0.32","-2.220","0.00","0.20","0.3686","0.0417","0.3505"
"WEP","13-Feb-2025","37","129.20","130.21","0.18","-2.150","0.00","0.20","0.3686","0.0417","0.3505"
"WEP","13-Feb-2025","38","129.30","130.23","0.17","-2.060","0.00","0.20","0.3686","0.0417","0.3505"
"WEP","13-Feb-2025","39","132.09","132.46","0.16","-1.490","0.00","0.20","0.3686","0.0417","0.3505"
"WEP","13-Feb-2025","40","130.91","130.24","0.16","-0.450","0.00","0.20","0.3686","0.0417","0.3505"
"WEP","13-Feb-2025","41","131.04","128.84","0.14","1.100","0.00","0.20","0.3686","0.0417","0.3505"
"WEP","13-Feb-2025","42","131.91","128.78","0.14","2.030","0.00","0.20","0.3686","0.0417","0.3505"
"WEP","13-Feb-2025","43","121.21","118.90","0.14","1.200","0.00","0.20","0.3686","0.0417","0.3505"
"WEP","13-Feb-2025","44","105.48","104.60","0.07","-0.150","0.00","0.20","0.3686","0.0417","0.3505"
"WEP","13-Feb-2025","45","103.54","103.05","0.07","-0.540","0.00","0.20","0.3686","0.0417","0.3505"
"WEP","13-Feb-2025","46","101.54","101.05","0.07","-0.540","0.00","0.20","0.3686","0.0417","0.3505"
"WEP","13-Feb-2025","47","101.94","101.05","0.14","-0.210","0.00","0.20","0.3686","0.0417","0.3505"
"WEP","13-Feb-2025","48","102.22","101.01","0.07","0.180","0.00","0.20","0.3686","0.0417","0.3505"
"WEP","14-Feb-2025","1","103.97","101.56","0.12","1.340","0.00","0.20","0.3686","0.0414","0.3483"
"WEP","14-Feb-2025","2","101.74","101.01","0.11","-0.340","0.00","0.20","0.3686","0.0414","0.3483"
"WEP","14-Feb-2025","3","101.84","100.88","0.05","-0.050","0.00","0.20","0.3686","0.0414","0.3483"
"WEP","14-Feb-2025","4","101.76","100.87","0.05","-0.120","0.00","0.20","0.3686","0.0414","0.3483"
"WEP","14-Feb-2025","5","101.19","100.79","0.05","-0.600","0.00","0.20","0.3686","0.0414","0.3483"
"WEP","14-Feb-2025","6","101.29","100.68","0.10","-0.450","0.00","0.20","0.3686","0.0414","0.3483"
"WEP","14-Feb-2025","7","101.15","100.69","0.10","-0.590","0.00","0.20","0.3686","0.0414","0.3483"
"WEP","14-Feb-2025","8","101.34","100.68","0.10","-0.400","0.00","0.20","0.3686","0.0414","0.3483"
"WEP","14-Feb-2025","9","101.42","100.68","0.05","-0.270","0.00","0.20","0.3686","0.0414","0.3483"
"WEP","14-Feb-2025","10","101.71","100.78","0.06","-0.080","0.00","0.20","0.3686","0.0414","0.3483"
"WEP","14-Feb-2025","11","102.05","101.06","0.11","-0.080","0.00","0.20","0.3686","0.0414","0.3483"
"WEP","14-Feb-2025","12","110.65","109.63","0.14","-0.080","0.00","0.20","0.3686","0.0414","0.3483"
"WEP","14-Feb-2025","13","110.87","109.60","0.16","0.150","0.00","0.20","0.3686","0.0414","0.3483"
"WEP","14-Feb-2025","14","117.08","115.83","0.17","0.120","0.00","0.20","0.3686","0.0414","0.3483"
"WEP","14-Feb-2025","15","110.55","109.62","0.20","-0.230","0.00","0.20","0.3686","0.0414","0.3483"
"WEP","14-Feb-2025","16","118.73","117.82","0.20","-0.250","0.00","0.20","0.3686","0.0414","0.3483"
"WEP","14-Feb-2025","17","118.83","117.88","0.17","-0.180","0.00","0.20","0.3686","0.0414","0.3483"
"WEP","14-Feb-2025","18","115.40","114.47","0.19","-0.220","0.00","0.20","0.3686","0.0414","0.3483"
"WEP","14-Feb-2025","19","101.51","101.05","0.15","-0.650","0.00","0.20","0.3686","0.0414","0.3483"
"WEP","14-Feb-2025","20","101.24","100.82","0.16","-0.700","0.00","0.20","0.3686","0.0414","0.3483"
"WEP","14-Feb-2025","21","101.06","100.84","0.13","-0.870","0.00","0.20","0.3686","0.0414","0.3483"
"WEP","14-Feb-2025","22","97.49","97.62","0.13","-1.220","0.00","0.20","0.3686","0.0414","0.3483"
"WEP","14-Feb-2025","23","90.50","90.52","0.13","-1.110","0.00","0.20","0.3686","0.0414","0.3483"
"WEP","14-Feb-2025","24","86.71","86.79","0.12","-1.160","0.00","0.20","0.3686","0.0414","0.3483"
"WEP","14-Feb-2025","25","85.02","84.77","0.14","-0.840","0.00","0.20","0.3686","0.0414","0.3483"
"WEP","14-Feb-2025","26","84.51","84.69","0.14","-1.280","0.00","0.20","0.3686","0.0414","0.3483"
"WEP","14-Feb-2025","27","86.40","86.79","0.14","-1.490","0.00","0.20","0.3686","0.0414","0.3483"
"WEP","14-Feb-2025","28","84.85","85.90","0.13","-2.140","0.00","0.20","0.3686","0.0414","0.3483"
"WEP","14-Feb-2025","29","91.63","92.33","0.12","-1.780","0.00","0.20","0.3686","0.0414","0.3483"
"WEP","14-Feb-2025","30","92.50","93.22","0.11","-1.790","0.00","0.20","0.3686","0.0414","0.3483"
"WEP","14-Feb-2025","31","100.07","100.86","0.12","-1.860","0.00","0.20","0.3686","0.0414","0.3483"
"WEP","14-Feb-2025","32","106.17","107.34","0.13","-2.260","0.00","0.20","0.3686","0.0414","0.3483"
"WEP","14-Feb-2025","33","105.00","106.61","0.12","-2.690","0.00","0.20","0.3686","0.0414","0.3483"
"WEP","14-Feb-2025","34","128.04","130.12","0.13","-3.170","0.00","0.20","0.3686","0.0414","0.3483"
"WEP","14-Feb-2025","35","131.15","132.38","0.41","-2.600","0.00","0.20","0.3686","0.0414","0.3483"
"WEP","14-Feb-2025","36","129.99","130.11","0.22","-1.300","0.00","0.20","0.3686","0.0414","0.3483"
"WEP","14-Feb-2025","37","128.50","128.75","0.18","-1.390","0.00","0.20","0.3686","0.0414","0.3483"
"WEP","14-Feb-2025","38","127.83","128.75","0.19","-2.070","0.00","0.20","0.3686","0.0414","0.3483"
"WEP","14-Feb-2025","39","127.94","128.81","0.19","-2.020","0.00","0.20","0.3686","0.0414","0.3483"
"WEP","14-Feb-2025","40","129.47","130.10","0.19","-1.780","0.00","0.20","0.3686","0.0414","0.3483"
"WEP","14-Feb-2025","41","129.28","129.66","0.15","-1.480","0.00","0.20","0.3686","0.0414","0.3483"
"WEP","14-Feb-2025","42","119.94","120.34","0.14","-1.490","0.00","0.20","0.3686","0.0414","0.3483"
"WEP","14-Feb-2025","43","115.74","115.85","0.14","-1.210","0.00","0.20","0.3686","0.0414","0.3483"
"WEP","14-Feb-2025","44","101.60","101.56","0.13","-1.050","0.00","0.20","0.3686","0.0414","0.3483"
"WEP","14-Feb-2025","45","102.72","102.46","0.13","-0.830","0.00","0.20","0.3686","0.0414","0.3483"
"WEP","14-Feb-2025","46","101.14","101.53","0.13","-1.480","0.00","0.20","0.3686","0.0414","0.3483"
"WEP","14-Feb-2025","47","98.85","100.88","0.14","-3.130","0.00","0.20","0.3686","0.0414","0.3483"
"WEP","14-Feb-2025","48","104.67","106.58","0.13","-3.000","0.00","0.20","0.3686","0.0414","0.3483"
"WEP","15-Feb-2025","1","100.03","100.62","0.13","-1.700","0.00","0.20","0.3686","0.0433","0.3637"
"WEP","15-Feb-2025","2","99.06","100.62","0.12","-2.650","0.00","0.20","0.3686","0.0433","0.3637"
"WEP","15-Feb-2025","3","99.96","100.81","0.10","-1.930","0.00","0.20","0.3686","0.0433","0.3637"
"WEP","15-Feb-2025","4","99.96","100.71","0.10","-1.820","0.00","0.20","0.3686","0.0433","0.3637"
"WEP","15-Feb-2025","5","100.16","100.75","0.10","-1.660","0.00","0.20","0.3686","0.0433","0.3637"
"WEP","15-Feb-2025","6","99.86","100.77","0.10","-1.990","0.00","0.20","0.3686","0.0433","0.3637"
"WEP","15-Feb-2025","7","99.92","100.58","0.11","-1.750","0.00","0.20","0.3686","0.0433","0.3637"
"WEP","15-Feb-2025","8","100.53","100.58","0.11","-1.140","0.00","0.20","0.3686","0.0433","0.3637"
"WEP","15-Feb-2025","9","100.04","100.57","0.10","-1.600","0.00","0.20","0.3686","0.0433","0.3637"
"WEP","15-Feb-2025","10","100.08","100.57","0.11","-1.570","0.00","0.20","0.3686","0.0433","0.3637"
"WEP","15-Feb-2025","11","100.44","100.69","0.12","-1.350","0.00","0.20","0.3686","0.0433","0.3637"
"WEP","15-Feb-2025","12","101.03","100.80","0.15","-0.900","0.00","0.20","0.3686","0.0433","0.3637"
"WEP","15-Feb-2025","13","102.94","102.74","0.27","-1.050","0.00","0.20","0.3686","0.0433","0.3637"
"WEP","15-Feb-2025","14","118.91","118.85","0.42","-1.340","0.00","0.20","0.3686","0.0433","0.3637"
"WEP","15-Feb-2025","15","113.03","112.94","0.72","-1.600","0.00","0.20","0.3686","0.0433","0.3637"
"WEP","15-Feb-2025","16","127.67","128.26","0.75","-2.320","0.00","0.20","0.3686","0.0433","0.3637"
"WEP","15-Feb-2025","17","132.34","131.90","0.41","-0.940","0.00","0.20","0.3686","0.0433","0.3637"
"WEP","15-Feb-2025","18","133.05","131.92","0.69","-0.540","0.00","0.20","0.3686","0.0433","0.3637"
"WEP","15-Feb-2025","19","129.54","128.66","0.28","-0.380","0.00","0.20","0.3686","0.0433","0.3637"
"WEP","15-Feb-2025","20","119.49","118.20","0.31","0.010","0.00","0.20","0.3686","0.0433","0.3637"
"WEP","15-Feb-2025","21","101.58","100.98","0.14","-0.510","0.00","0.20","0.3686","0.0433","0.3637"
"WEP","15-Feb-2025","22","100.60","100.62","0.14","-1.130","0.00","0.20","0.3686","0.0433","0.3637"
"WEP","15-Feb-2025","23","89.99","90.23","0.14","-1.350","0.00","0.20","0.3686","0.0433","0.3637"
"WEP","15-Feb-2025","24","84.47","85.65","0.13","-2.280","0.00","0.20","0.3686","0.0433","0.3637"
"WEP","15-Feb-2025","25","86.23","87.45","0.15","-2.350","0.00","0.20","0.3686","0.0433","0.3637"
"WEP","15-Feb-2025","26","87.11","87.98","0.15","-1.990","0.00","0.20","0.3686","0.0433","0.3637"
"WEP","15-Feb-2025","27","97.80","98.50","0.14","-1.820","0.00","0.20","0.3686","0.0433","0.3637"
"WEP","15-Feb-2025","28","93.19","94.42","0.14","-2.350","0.00","0.20","0.3686","0.0433","0.3637"
"WEP","15-Feb-2025","29","99.80","100.60","0.13","-1.900","0.00","0.20","0.3686","0.0433","0.3637"
"WEP","15-Feb-2025","30","100.01","100.97","0.12","-2.060","0.00","0.20","0.3686","0.0433","0.3637"
"WEP","15-Feb-2025","31","99.55","100.81","0.13","-2.370","0.00","0.20","0.3686","0.0433","0.3637"
"WEP","15-Feb-2025","32","99.15","100.99","0.15","-2.960","0.00","0.20","0.3686","0.0433","0.3637"
"WEP","15-Feb-2025","33","123.22","125.30","0.14","-3.200","0.00","0.20","0.3686","0.0433","0.3637"
"WEP","15-Feb-2025","34","173.94","175.73","0.27","-3.030","0.00","0.20","0.3686","0.0433","0.3637"
"WEP","15-Feb-2025","35","205.59","206.86","1.38","-3.630","0.00","0.20","0.3686","0.0433","0.3637"
"WEP","15-Feb-2025","36","205.70","206.66","0.33","-2.270","0.00","0.20","0.3686","0.0433","0.3637"
"WEP","15-Feb-2025","37","174.37","175.68","0.52","-2.810","0.00","0.20","0.3686","0.0433","0.3637"
"WEP","15-Feb-2025","38","131.38","132.33","0.22","-2.150","0.00","0.20","0.3686","0.0433","0.3637"
"WEP","15-Feb-2025","39","146.01","147.38","0.62","-2.970","0.00","0.20","0.3686","0.0433","0.3637"
"WEP","15-Feb-2025","40","131.55","132.34","0.42","-2.190","0.00","0.20","0.3686","0.0433","0.3637"
"WEP","15-Feb-2025","41","128.53","130.14","0.15","-2.730","0.00","0.20","0.3686","0.0433","0.3637"
"WEP","15-Feb-2025","42","127.74","129.08","0.15","-2.470","0.00","0.20","0.3686","0.0433","0.3637"
"WEP","15-Feb-2025","43","122.98","123.93","0.15","-2.070","0.00","0.20","0.3686","0.0433","0.3637"
"WEP","15-Feb-2025","44","115.28","115.81","0.13","-1.630","0.00","0.20","0.3686","0.0433","0.3637"
"WEP","15-Feb-2025","45","104.54","104.64","0.14","-1.210","0.00","0.20","0.3686","0.0433","0.3637"
"WEP","15-Feb-2025","46","101.14","100.99","0.13","-0.950","0.00","0.20","0.3686","0.0433","0.3637"
"WEP","15-Feb-2025","47","127.19","127.62","0.17","-1.580","0.00","0.20","0.3686","0.0433","0.3637"
"WEP","15-Feb-2025","48","107.83","108.77","0.14","-2.050","0.00","0.20","0.3686","0.0433","0.3637"
"WEP","16-Feb-2025","1","114.51","114.60","0.27","-1.350","0.00","0.20","0.3686","0.0446","0.3748"
"WEP","16-Feb-2025","2","105.37","105.78","0.15","-1.550","0.00","0.20","0.3686","0.0446","0.3748"
"WEP","16-Feb-2025","3","104.23","104.78","0.11","-1.650","0.00","0.20","0.3686","0.0446","0.3748"
"WEP","16-Feb-2025","4","100.85","100.86","0.10","-1.090","0.00","0.20","0.3686","0.0446","0.3748"
"WEP","16-Feb-2025","5","101.13","100.92","0.10","-0.880","0.00","0.20","0.3686","0.0446","0.3748"
"WEP","16-Feb-2025","6","101.23","100.80","0.10","-0.650","0.00","0.20","0.3686","0.0446","0.3748"
"WEP","16-Feb-2025","7","101.14","100.70","0.10","-0.650","0.00","0.20","0.3686","0.0446","0.3748"
"WEP","16-Feb-2025","8","100.96","100.69","0.10","-0.810","0.00","0.20","0.3686","0.0446","0.3748"
"WEP","16-Feb-2025","9","100.91","100.69","0.10","-0.870","0.00","0.20","0.3686","0.0446","0.3748"
"WEP","16-Feb-2025","10","101.37","100.70","0.10","-0.420","0.00","0.20","0.3686","0.0446","0.3748"
"WEP","16-Feb-2025","11","101.61","100.79","0.11","-0.280","0.00","0.20","0.3686","0.0446","0.3748"
"WEP","16-Feb-2025","12","101.79","100.91","0.17","-0.280","0.00","0.20","0.3686","0.0446","0.3748"
"WEP","16-Feb-2025","13","103.22","102.40","0.28","-0.450","0.00","0.20","0.3686","0.0446","0.3748"
"WEP","16-Feb-2025","14","108.85","107.78","0.49","-0.410","0.00","0.20","0.3686","0.0446","0.3748"
"WEP","16-Feb-2025","15","102.13","100.81","0.55","-0.220","0.00","0.20","0.3686","0.0446","0.3748"
"WEP","16-Feb-2025","16","106.49","105.21","0.58","-0.290","0.00","0.20","0.3686","0.0446","0.3748"
"WEP","16-Feb-2025","17","110.40","108.81","0.63","-0.020","0.00","0.20","0.3686","0.0446","0.3748"
"WEP","16-Feb-2025","18","109.40","107.62","0.70","0.090","0.00","0.20","0.3686","0.0446","0.3748"
"WEP","16-Feb-2025","19","102.58","100.87","0.42","0.300","0.00","0.20","0.3686","0.0446","0.3748"
"WEP","16-Feb-2025","20","102.77","100.83","0.45","0.510","0.00","0.20","0.3686","0.0446","0.3748"
"WEP","16-Feb-2025","21","100.30","98.79","0.29","0.230","0.00","0.20","0.3686","0.0446","0.3748"
"WEP","16-Feb-2025","22","87.21","87.05","0.19","-1.020","0.00","0.20","0.3686","0.0446","0.3748"
"WEP","16-Feb-2025","23","85.23","84.75","0.17","-0.680","0.00","0.20","0.3686","0.0446","0.3748"
"WEP","16-Feb-2025","24","83.85","83.57","0.15","-0.850","0.00","0.20","0.3686","0.0446","0.3748"
"WEP","16-Feb-2025","25","81.06","80.64","0.17","-0.730","0.00","0.20","0.3686","0.0446","0.3748"
"WEP","16-Feb-2025","26","77.04","77.10","0.17","-1.220","0.00","0.20","0.3686","0.0446","0.3748"
"WEP","16-Feb-2025","27","77.87","78.13","0.16","-1.410","0.00","0.20","0.3686","0.0446","0.3748"
"WEP","16-Feb-2025","28","81.23","81.55","0.16","-1.470","0.00","0.20","0.3686","0.0446","0.3748"
"WEP","16-Feb-2025","29","84.02","84.66","0.14","-1.770","0.00","0.20","0.3686","0.0446","0.3748"
"WEP","16-Feb-2025","30","85.53","85.70","0.13","-1.280","0.00","0.20","0.3686","0.0446","0.3748"
"WEP","16-Feb-2025","31","98.77","98.81","0.25","-1.280","0.00","0.20","0.3686","0.0446","0.3748"
"WEP","16-Feb-2025","32","98.30","98.80","0.29","-1.780","0.00","0.20","0.3686","0.0446","0.3748"
"WEP","16-Feb-2025","33","99.05","100.29","0.26","-2.490","0.00","0.20","0.3686","0.0446","0.3748"
"WEP","16-Feb-2025","34","99.81","100.84","0.33","-2.340","0.00","0.20","0.3686","0.0446","0.3748"
"WEP","16-Feb-2025","35","115.71","115.97","0.81","-2.060","0.00","0.20","0.3686","0.0446","0.3748"
"WEP","16-Feb-2025","36","116.16","115.96","0.54","-1.330","0.00","0.20","0.3686","0.0446","0.3748"
"WEP","16-Feb-2025","37","115.77","115.99","0.62","-1.830","0.00","0.20","0.3686","0.0446","0.3748"
"WEP","16-Feb-2025","38","128.94","129.20","0.82","-2.070","0.00","0.20","0.3686","0.0446","0.3748"
"WEP","16-Feb-2025","39","130.48","130.15","0.82","-1.480","0.00","0.20","0.3686","0.0446","0.3748"
"WEP","16-Feb-2025","40","129.51","130.05","0.40","-1.930","0.00","0.20","0.3686","0.0446","0.3748"
"WEP","16-Feb-2025","41","132.09","132.05","0.40","-1.350","0.00","0.20","0.3686","0.0446","0.3748"
"WEP","16-Feb-2025","42","130.21","130.28","0.41","-1.470","0.00","0.20","0.3686","0.0446","0.3748"
"WEP","16-Feb-2025","43","129.82","130.14","0.41","-1.720","0.00","0.20","0.3686","0.0446","0.3748"
"WEP","16-Feb-2025","44","118.64","118.98","0.33","-1.660","0.00","0.20","0.3686","0.0446","0.3748"
"WEP","16-Feb-2025","45","119.41","118.93","0.40","-0.910","0.00","0.20","0.3686","0.0446","0.3748"
"WEP","16-Feb-2025","46","109.36","108.80","0.26","-0.680","0.00","0.20","0.3686","0.0446","0.3748"
"WEP","16-Feb-2025","47","110.82","109.63","0.41","-0.200","0.00","0.20","0.3686","0.0446","0.3748"
"WEP","16-Feb-2025","48","111.41","109.88","0.26","0.280","0.00","0.20","0.3686","0.0446","0.3748"
"WEP","17-Feb-2025","1","131.82","130.06","0.24","0.560","0.00","0.20","0.3686","0.0414","0.3480"
"WEP","17-Feb-2025","2","109.39","107.74","0.11","0.590","0.00","0.20","0.3686","0.0414","0.3480"
"WEP","17-Feb-2025","3","102.10","100.72","0.05","0.380","0.00","0.20","0.3686","0.0414","0.3480"
"WEP","17-Feb-2025","4","101.56","100.61","0.05","-0.060","0.00","0.20","0.3686","0.0414","0.3480"
"WEP","17-Feb-2025","5","101.46","100.56","0.10","-0.160","0.00","0.20","0.3686","0.0414","0.3480"
"WEP","17-Feb-2025","6","101.27","100.56","0.10","-0.350","0.00","0.20","0.3686","0.0414","0.3480"
"WEP","17-Feb-2025","7","94.90","94.49","0.10","-0.650","0.00","0.20","0.3686","0.0414","0.3480"
"WEP","17-Feb-2025","8","93.94","93.10","0.10","-0.220","0.00","0.20","0.3686","0.0414","0.3480"
"WEP","17-Feb-2025","9","91.13","90.49","0.05","-0.370","0.00","0.20","0.3686","0.0414","0.3480"
"WEP","17-Feb-2025","10","91.21","90.43","0.10","-0.270","0.00","0.20","0.3686","0.0414","0.3480"
"WEP","17-Feb-2025","11","96.16","95.23","0.11","-0.140","0.00","0.20","0.3686","0.0414","0.3480"
"WEP","17-Feb-2025","12","101.58","100.73","0.15","-0.250","0.00","0.20","0.3686","0.0414","0.3480"
"WEP","17-Feb-2025","13","102.00","100.84","0.17","0.030","0.00","0.20","0.3686","0.0414","0.3480"
"WEP","17-Feb-2025","14","130.12","129.78","0.18","-0.800","0.00","0.20","0.3686","0.0414","0.3480"
"WEP","17-Feb-2025","15","131.03","129.80","0.60","-0.330","0.00","0.20","0.3686","0.0414","0.3480"
"WEP","17-Feb-2025","16","147.73","147.34","0.59","-1.160","0.00","0.20","0.3686","0.0414","0.3480"
"WEP","17-Feb-2025","17","148.32","147.32","0.37","-0.330","0.00","0.20","0.3686","0.0414","0.3480"
"WEP","17-Feb-2025","18","143.85","142.79","0.41","-0.310","0.00","0.20","0.3686","0.0414","0.3480"
"WEP","17-Feb-2025","19","131.40","129.91","0.31","0.220","0.00","0.20","0.3686","0.0414","0.3480"
"WEP","17-Feb-2025","20","130.50","129.13","0.36","0.050","0.00","0.20","0.3686","0.0414","0.3480"
"WEP","17-Feb-2025","21","100.08","100.94","0.13","-1.950","0.00","0.20","0.3686","0.0414","0.3480"
"WEP","17-Feb-2025","22","100.19","100.98","0.14","-1.890","0.00","0.20","0.3686","0.0414","0.3480"
"WEP","17-Feb-2025","23","205.91","207.78","0.31","-3.140","0.00","0.20","0.3686","0.0414","0.3480"
"WEP","17-Feb-2025","24","146.29","147.09","0.30","-2.050","0.00","0.20","0.3686","0.0414","0.3480"
"WEP","17-Feb-2025","25","131.77","132.11","0.33","-1.620","0.00","0.20","0.3686","0.0414","0.3480"
"WEP","17-Feb-2025","26","131.22","132.41","0.31","-2.460","0.00","0.20","0.3686","0.0414","0.3480"
"WEP","17-Feb-2025","27","118.53","118.94","0.21","-1.570","0.00","0.20","0.3686","0.0414","0.3480"
"WEP","17-Feb-2025","28","128.19","129.67","0.31","-2.750","0.00","0.20","0.3686","0.0414","0.3480"
"WEP","17-Feb-2025","29","128.52","129.78","0.22","-2.440","0.00","0.20","0.3686","0.0414","0.3480"
"WEP","17-Feb-2025","30","205.83","207.25","0.20","-2.580","0.00","0.20","0.3686","0.0414","0.3480"
"WEP","17-Feb-2025","31","126.26","129.11","0.21","-4.020","0.00","0.20","0.3686","0.0414","0.3480"
"WEP","17-Feb-2025","32","685.74","697.20","2.72","-15.140","0.00","0.20","0.3686","0.0414","0.3480"
"WEP","17-Feb-2025","33","4477.20","4500.00","2.49","-26.240","0.00","0.20","0.3686","0.0414","0.3480"
"WEP","17-Feb-2025","34","824.49","838.62","2.74","-17.830","0.00","0.20","0.3686","0.0414","0.3480"
"WEP","17-Feb-2025","35","204.84","207.21","2.12","-5.450","0.00","0.20","0.3686","0.0414","0.3480"
"WEP","17-Feb-2025","36","820.75","828.81","2.93","-14.740","2.80","0.20","0.3686","0.0414","0.3480"
"WEP","17-Feb-2025","37","206.68","207.09","0.73","-2.100","0.00","0.20","0.3686","0.0414","0.3480"
"WEP","17-Feb-2025","38","206.38","207.10","0.78","-2.450","0.00","0.20","0.3686","0.0414","0.3480"
"WEP","17-Feb-2025","39","206.90","207.21","0.76","-2.030","0.00","0.20","0.3686","0.0414","0.3480"
"WEP","17-Feb-2025","40","207.37","208.00","0.56","-2.150","0.00","0.20","0.3686","0.0414","0.3480"
"WEP","17-Feb-2025","41","205.93","207.12","0.38","-2.530","0.00","0.20","0.3686","0.0414","0.3480"
"WEP","17-Feb-2025","42","229.55","230.35","0.52","-2.280","0.00","0.20","0.3686","0.0414","0.3480"
"WEP","17-Feb-2025","43","217.75","217.38","0.47","-1.060","0.00","0.20","0.3686","0.0414","0.3480"
"WEP","17-Feb-2025","44","151.66","151.43","0.21","-0.940","0.00","0.20","0.3686","0.0414","0.3480"
"WEP","17-Feb-2025","45","130.51","129.85","0.17","-0.470","0.00","0.20","0.3686","0.0414","0.3480"
"WEP","17-Feb-2025","46","109.91","109.40","0.13","-0.580","0.00","0.20","0.3686","0.0414","0.3480"
"WEP","17-Feb-2025","47","104.77","103.72","0.16","-0.070","0.00","0.20","0.3686","0.0414","0.3480"
"WEP","17-Feb-2025","48","102.17","100.95","0.15","0.110","0.00","0.20","0.3686","0.0414","0.3480"
"WEP","18-Feb-2025","1","107.95","106.29","0.14","0.560","0.00","0.20","0.3686","0.0414","0.3483"
"WEP","18-Feb-2025","2","106.46","105.61","0.11","-0.220","0.00","0.20","0.3686","0.0414","0.3483"
"WEP","18-Feb-2025","3","103.45","102.07","0.10","0.320","0.00","0.20","0.3686","0.0414","0.3483"
"WEP","18-Feb-2025","4","103.08","102.06","0.10","-0.040","0.00","0.20","0.3686","0.0414","0.3483"
"WEP","18-Feb-2025","5","100.52","100.81","0.10","-1.350","0.00","0.20","0.3686","0.0414","0.3483"
"WEP","18-Feb-2025","6","101.30","100.81","0.10","-0.570","0.00","0.20","0.3686","0.0414","0.3483"
"WEP","18-Feb-2025","7","102.38","102.26","0.10","-0.940","0.00","0.20","0.3686","0.0414","0.3483"
"WEP","18-Feb-2025","8","104.64","104.09","0.10","-0.500","0.00","0.20","0.3686","0.0414","0.3483"
"WEP","18-Feb-2025","9","105.28","105.55","0.10","-1.320","0.00","0.20","0.3686","0.0414","0.3483"
"WEP","18-Feb-2025","10","107.39","107.13","0.10","-0.800","0.00","0.20","0.3686","0.0414","0.3483"
"WEP","18-Feb-2025","11","110.96","110.74","0.11","-0.850","0.00","0.20","0.3686","0.0414","0.3483"
"WEP","18-Feb-2025","12","129.94","129.77","0.15","-0.940","0.00","0.20","0.3686","0.0414","0.3483"
"WEP","18-Feb-2025","13","129.77","129.79","0.17","-1.140","0.00","0.20","0.3686","0.0414","0.3483"
"WEP","18-Feb-2025","14","137.99","137.17","0.29","-0.430","0.00","0.20","0.3686","0.0414","0.3483"
"WEP","18-Feb-2025","15","147.84","147.18","0.20","-0.500","0.00","0.20","0.3686","0.0414","0.3483"
"WEP","18-Feb-2025","16","206.81","206.70","0.20","-1.050","0.00","0.20","0.3686","0.0414","0.3483"
"WEP","18-Feb-2025","17","207.20","206.93","0.18","-0.870","0.00","0.20","0.3686","0.0414","0.3483"
"WEP","18-Feb-2025","18","207.61","207.06","0.29","-0.700","0.00","0.20","0.3686","0.0414","0.3483"
"WEP","18-Feb-2025","19","193.81","193.34","0.25","-0.740","0.00","0.20","0.3686","0.0414","0.3483"
"WEP","18-Feb-2025","20","148.13","147.40","0.25","-0.480","0.00","0.20","0.3686","0.0414","0.3483"
"WEP","18-Feb-2025","21","137.91","137.28","0.22","-0.550","0.00","0.20","0.3686","0.0414","0.3483"
"WEP","18-Feb-2025","22","129.68","129.90","0.22","-1.400","0.00","0.20","0.3686","0.0414","0.3483"
"WEP","18-Feb-2025","23","129.30","129.90","0.15","-1.710","0.00","0.20","0.3686","0.0414","0.3483"
"WEP","18-Feb-2025","24","112.04","112.37","0.13","-1.420","0.00","0.20","0.3686","0.0414","0.3483"
"WEP","18-Feb-2025","25","105.64","105.98","0.15","-1.450","0.00","0.20","0.3686","0.0414","0.3483"
"WEP","18-Feb-2025","26","111.17","111.27","0.16","-1.220","0.00","0.20","0.3686","0.0414","0.3483"
"WEP","18-Feb-2025","27","112.56","112.85","0.15","-1.400","0.00","0.20","0.3686","0.0414","0.3483"
"WEP","18-Feb-2025","28","132.75","132.42","0.16","-0.790","0.00","0.20","0.3686","0.0414","0.3483"
"WEP","18-Feb-2025","29","129.59","129.09","0.14","-0.600","0.00","0.20","0.3686","0.0414","0.3483"
"WEP","18-Feb-2025","30","122.09","122.18","0.12","-1.170","0.00","0.20","0.3686","0.0414","0.3483"
"WEP","18-Feb-2025","31","129.98","129.08","0.14","-0.200","0.00","0.20","0.3686","0.0414","0.3483"
"WEP","18-Feb-2025","32","130.94","129.92","0.23","-0.170","0.00","0.20","0.3686","0.0414","0.3483"
"WEP","18-Feb-2025","33","131.11","129.91","0.13","0.110","0.00","0.20","0.3686","0.0414","0.3483"
"WEP","18-Feb-2025","34","130.98","129.92","0.21","-0.110","0.00","0.20","0.3686","0.0414","0.3483"
"WEP","18-Feb-2025","35","130.37","130.07","0.42","-1.080","0.00","0.20","0.3686","0.0414","0.3483"
"WEP","18-Feb-2025","36","130.09","129.95","0.15","-0.970","0.00","0.20","0.3686","0.0414","0.3483"
"WEP","18-Feb-2025","37","137.82","137.40","0.18","-0.720","0.00","0.20","0.3686","0.0414","0.3483"
"WEP","18-Feb-2025","38","137.77","137.51","0.26","-0.960","0.00","0.20","0.3686","0.0414","0.3483"
"WEP","18-Feb-2025","39","147.87","147.55","0.27","-0.910","0.00","0.20","0.3686","0.0414","0.3483"
"WEP","18-Feb-2025","40","149.01","147.55","0.19","0.310","0.00","0.20","0.3686","0.0414","0.3483"
"WEP","18-Feb-2025","41","147.94","147.22","0.16","-0.400","0.00","0.20","0.3686","0.0414","0.3483"
"WEP","18-Feb-2025","42","138.11","137.46","0.15","-0.460","0.00","0.20","0.3686","0.0414","0.3483"
"WEP","18-Feb-2025","43","138.05","137.43","0.17","-0.510","0.00","0.20","0.3686","0.0414","0.3483"
"WEP","18-Feb-2025","44","130.83","129.92","0.14","-0.190","0.00","0.20","0.3686","0.0414","0.3483"
"WEP","18-Feb-2025","45","130.37","129.07","0.15","0.190","0.00","0.20","0.3686","0.0414","0.3483"
"WEP","18-Feb-2025","46","114.17","113.10","0.14","-0.030","0.00","0.20","0.3686","0.0414","0.3483"
"WEP","18-Feb-2025","47","102.89","102.08","0.15","-0.300","0.00","0.20","0.3686","0.0414","0.3483"
"WEP","18-Feb-2025","48","101.88","100.74","0.14","0.040","0.00","0.20","0.3686","0.0414","0.3483"
"WEP","19-Feb-2025","1","116.38","115.48","0.13","-0.190","0.00","0.20","0.3686","0.0420","0.3532"
"WEP","19-Feb-2025","2","106.48","105.96","0.07","-0.510","0.00","0.20","0.3686","0.0420","0.3532"
"WEP","19-Feb-2025","3","104.63","104.39","0.05","-0.770","0.00","0.20","0.3686","0.0420","0.3532"
"WEP","19-Feb-2025","4","105.97","105.97","0.05","-1.020","0.00","0.20","0.3686","0.0420","0.3532"
"WEP","19-Feb-2025","5","101.69","102.05","0.06","-1.390","0.00","0.20","0.3686","0.0420","0.3532"
"WEP","19-Feb-2025","6","101.88","102.02","0.06","-1.160","0.00","0.20","0.3686","0.0420","0.3532"
"WEP","19-Feb-2025","7","100.71","100.80","0.06","-1.110","0.00","0.20","0.3686","0.0420","0.3532"
"WEP","19-Feb-2025","8","101.18","100.88","0.06","-0.720","0.00","0.20","0.3686","0.0420","0.3532"
"WEP","19-Feb-2025","9","101.13","100.87","0.05","-0.760","0.00","0.20","0.3686","0.0420","0.3532"
"WEP","19-Feb-2025","10","104.47","104.54","0.06","-1.090","0.00","0.20","0.3686","0.0420","0.3532"
"WEP","19-Feb-2025","11","105.85","105.94","0.06","-1.120","0.00","0.20","0.3686","0.0420","0.3532"
"WEP","19-Feb-2025","12","130.46","129.88","0.14","-0.520","0.00","0.20","0.3686","0.0420","0.3532"
"WEP","19-Feb-2025","13","129.73","128.64","0.17","-0.050","0.00","0.20","0.3686","0.0420","0.3532"
"WEP","19-Feb-2025","14","131.97","131.93","0.27","-1.190","0.00","0.20","0.3686","0.0420","0.3532"
"WEP","19-Feb-2025","15","137.99","137.22","0.73","-0.920","0.00","0.20","0.3686","0.0420","0.3532"
"WEP","19-Feb-2025","16","181.88","181.68","0.88","-1.640","0.00","0.20","0.3686","0.0420","0.3532"
"WEP","19-Feb-2025","17","206.00","205.77","0.62","-1.350","0.00","0.20","0.3686","0.0420","0.3532"
"WEP","19-Feb-2025","18","206.61","206.06","0.84","-1.250","0.00","0.20","0.3686","0.0420","0.3532"
"WEP","19-Feb-2025","19","206.30","205.78","0.55","-0.990","0.00","0.20","0.3686","0.0420","0.3532"
"WEP","19-Feb-2025","20","148.49","147.42","0.65","-0.550","0.00","0.20","0.3686","0.0420","0.3532"
"WEP","19-Feb-2025","21","134.94","134.95","0.31","-1.280","0.00","0.20","0.3686","0.0420","0.3532"
"WEP","19-Feb-2025","22","134.81","134.79","0.30","-1.240","0.00","0.20","0.3686","0.0420","0.3532"
"WEP","19-Feb-2025","23","130.65","130.03","0.25","-0.590","0.00","0.20","0.3686","0.0420","0.3532"
"WEP","19-Feb-2025","24","100.84","100.80","0.13","-1.050","0.00","0.20","0.3686","0.0420","0.3532"
"WEP","19-Feb-2025","25","93.56","94.07","0.15","-1.620","0.00","0.20","0.3686","0.0420","0.3532"
"WEP","19-Feb-2025","26","97.81","98.55","0.15","-1.850","0.00","0.20","0.3686","0.0420","0.3532"
"WEP","19-Feb-2025","27","99.91","100.82","0.15","-2.020","0.00","0.20","0.3686","0.0420","0.3532"
"WEP","19-Feb-2025","28","130.03","130.01","0.29","-1.240","0.00","0.20","0.3686","0.0420","0.3532"
"WEP","19-Feb-2025","29","100.85","101.01","0.19","-1.310","0.00","0.20","0.3686","0.0420","0.3532"
"WEP","19-Feb-2025","30","100.74","101.03","0.14","-1.390","0.00","0.20","0.3686","0.0420","0.3532"
"WEP","19-Feb-2025","31","128.51","128.73","0.24","-1.420","0.00","0.20","0.3686","0.0420","0.3532"
"WEP","19-Feb-2025","32","120.60","120.72","0.29","-1.370","0.00","0.20","0.3686","0.0420","0.3532"
"WEP","19-Feb-2025","33","121.57","121.87","0.13","-1.390","0.00","0.20","0.3686","0.0420","0.3532"
"WEP","19-Feb-2025","34","125.42","126.10","0.14","-1.790","0.00","0.20","0.3686","0.0420","0.3532"
"WEP","19-Feb-2025","35","105.12","105.59","0.19","-1.620","0.00","0.20","0.3686","0.0420","0.3532"
"WEP","19-Feb-2025","36","104.06","104.68","0.14","-1.730","0.00","0.20","0.3686","0.0420","0.3532"
"WEP","19-Feb-2025","37","128.97","130.05","0.15","-2.200","0.00","0.20","0.3686","0.0420","0.3532"
"WEP","19-Feb-2025","38","136.26","137.34","0.19","-2.230","0.00","0.20","0.3686","0.0420","0.3532"
"WEP","19-Feb-2025","39","146.85","147.47","0.17","-1.760","0.00","0.20","0.3686","0.0420","0.3532"
"WEP","19-Feb-2025","40","147.65","147.46","0.15","-0.920","0.00","0.20","0.3686","0.0420","0.3532"
"WEP","19-Feb-2025","41","137.07","137.49","0.14","-1.520","0.00","0.20","0.3686","0.0420","0.3532"
"WEP","19-Feb-2025","42","137.10","137.48","0.14","-1.490","0.00","0.20","0.3686","0.0420","0.3532"
"WEP","19-Feb-2025","43","136.88","137.23","0.14","-1.460","0.00","0.20","0.3686","0.0420","0.3532"
"WEP","19-Feb-2025","44","130.00","130.06","0.09","-1.110","0.00","0.20","0.3686","0.0420","0.3532"
"WEP","19-Feb-2025","45","125.55","125.20","0.10","-0.710","0.00","0.20","0.3686","0.0420","0.3532"
"WEP","19-Feb-2025","46","104.97","104.56","0.08","-0.640","0.00","0.20","0.3686","0.0420","0.3532"
"WEP","19-Feb-2025","47","100.94","100.33","0.14","-0.490","0.00","0.20","0.3686","0.0420","0.3532"
"WEP","19-Feb-2025","48","100.64","100.53","0.10","-0.960","0.00","0.20","0.3686","0.0420","0.3532"
"WEP","20-Feb-2025","1","101.21","100.45","0.09","-0.290","0.00","0.20","0.3686","0.0417","0.3503"
"WEP","20-Feb-2025","2","100.70","100.30","0.06","-0.620","0.00","0.20","0.3686","0.0417","0.3503"
"WEP","20-Feb-2025","3","101.00","100.49","0.05","-0.500","0.00","0.20","0.3686","0.0417","0.3503"
"WEP","20-Feb-2025","4","100.63","100.30","0.05","-0.680","0.00","0.20","0.3686","0.0417","0.3503"
"WEP","20-Feb-2025","5","100.37","100.22","0.06","-0.870","0.00","0.20","0.3686","0.0417","0.3503"
"WEP","20-Feb-2025","6","100.69","100.21","0.06","-0.540","0.00","0.20","0.3686","0.0417","0.3503"
"WEP","20-Feb-2025","7","99.03","98.60","0.06","-0.590","0.00","0.20","0.3686","0.0417","0.3503"
"WEP","20-Feb-2025","8","98.93","98.63","0.06","-0.720","0.00","0.20","0.3686","0.0417","0.3503"
"WEP","20-Feb-2025","9","98.95","98.63","0.06","-0.700","0.00","0.20","0.3686","0.0417","0.3503"
"WEP","20-Feb-2025","10","100.70","100.44","0.06","-0.760","0.00","0.20","0.3686","0.0417","0.3503"
"WEP","20-Feb-2025","11","101.05","100.63","0.06","-0.600","0.00","0.20","0.3686","0.0417","0.3503"
"WEP","20-Feb-2025","12","115.26","114.73","0.13","-0.560","0.00","0.20","0.3686","0.0417","0.3503"
"WEP","20-Feb-2025","13","112.68","112.34","0.16","-0.790","0.00","0.20","0.3686","0.0417","0.3503"
"WEP","20-Feb-2025","14","130.17","129.97","0.17","-0.930","0.00","0.20","0.3686","0.0417","0.3503"
"WEP","20-Feb-2025","15","131.05","130.36","0.20","-0.480","0.00","0.20","0.3686","0.0417","0.3503"
"WEP","20-Feb-2025","16","146.25","146.09","0.21","-1.010","0.00","0.20","0.3686","0.0417","0.3503"
"WEP","20-Feb-2025","17","147.89","147.41","0.20","-0.680","0.00","0.20","0.3686","0.0417","0.3503"
"WEP","20-Feb-2025","18","138.29","137.15","0.28","-0.100","0.00","0.20","0.3686","0.0417","0.3503"
"WEP","20-Feb-2025","19","129.67","128.73","0.23","-0.250","0.00","0.20","0.3686","0.0417","0.3503"
"WEP","20-Feb-2025","20","102.12","101.07","0.16","-0.070","0.00","0.20","0.3686","0.0417","0.3503"
"WEP","20-Feb-2025","21","101.49","101.08","0.13","-0.680","0.00","0.20","0.3686","0.0417","0.3503"
"WEP","20-Feb-2025","22","100.57","100.34","0.13","-0.860","0.00","0.20","0.3686","0.0417","0.3503"
"WEP","20-Feb-2025","23","94.10","94.21","0.13","-1.200","0.00","0.20","0.3686","0.0417","0.3503"
"WEP","20-Feb-2025","24","93.58","93.99","0.12","-1.490","0.00","0.20","0.3686","0.0417","0.3503"
"WEP","20-Feb-2025","25","94.58","94.63","0.14","-1.150","0.00","0.20","0.3686","0.0417","0.3503"
"WEP","20-Feb-2025","26","94.83","94.27","0.14","-0.540","0.00","0.20","0.3686","0.0417","0.3503"
"WEP","20-Feb-2025","27","93.47","93.59","0.14","-1.220","0.00","0.20","0.3686","0.0417","0.3503"
"WEP","20-Feb-2025","28","93.50","94.20","0.13","-1.790","0.00","0.20","0.3686","0.0417","0.3503"
"WEP","20-Feb-2025","29","93.75","94.85","0.13","-2.200","0.00","0.20","0.3686","0.0417","0.3503"
"WEP","20-Feb-2025","30","100.54","100.39","0.11","-0.920","0.00","0.20","0.3686","0.0417","0.3503"
"WEP","20-Feb-2025","31","94.41","94.38","0.12","-1.050","0.00","0.20","0.3686","0.0417","0.3503"
"WEP","20-Feb-2025","32","94.27","94.86","0.14","-1.690","0.00","0.20","0.3686","0.0417","0.3503"
"WEP","20-Feb-2025","33","93.72","94.61","0.12","-1.970","0.00","0.20","0.3686","0.0417","0.3503"
"WEP","20-Feb-2025","34","106.06","106.78","0.13","-1.810","0.00","0.20","0.3686","0.0417","0.3503"
"WEP","20-Feb-2025","35","96.55","96.90","0.22","-1.530","0.00","0.20","0.3686","0.0417","0.3503"
"WEP","20-Feb-2025","36","97.65","98.56","0.15","-2.020","0.00","0.20","0.3686","0.0417","0.3503"
"WEP","20-Feb-2025","37","96.59","97.55","0.15","-2.070","0.00","0.20","0.3686","0.0417","0.3503"
"WEP","20-Feb-2025","38","100.79","101.42","0.16","-1.750","0.00","0.20","0.3686","0.0417","0.3503"
"WEP","20-Feb-2025","39","113.28","113.12","0.17","-0.970","0.00","0.20","0.3686","0.0417","0.3503"
"WEP","20-Feb-2025","40","128.12","128.82","0.17","-1.830","0.00","0.20","0.3686","0.0417","0.3503"
"WEP","20-Feb-2025","41","122.46","123.23","0.14","-1.870","0.00","0.20","0.3686","0.0417","0.3503"
"WEP","20-Feb-2025","42","111.80","112.23","0.14","-1.530","0.00","0.20","0.3686","0.0417","0.3503"
"WEP","20-Feb-2025","43","107.21","107.60","0.14","-1.490","0.00","0.20","0.3686","0.0417","0.3503"
"WEP","20-Feb-2025","44","100.83","101.07","0.13","-1.340","0.00","0.20","0.3686","0.0417","0.3503"
"WEP","20-Feb-2025","45","100.48","100.53","0.13","-1.140","0.00","0.20","0.3686","0.0417","0.3503"
"WEP","20-Feb-2025","46","98.90","98.68","0.13","-0.870","0.00","0.20","0.3686","0.0417","0.3503"
"WEP","20-Feb-2025","47","94.52","94.51","0.14","-1.090","0.00","0.20","0.3686","0.0417","0.3503"
"WEP","20-Feb-2025","48","97.99","97.67","0.13","-0.770","0.00","0.20","0.3686","0.0417","0.3503"
"WEP","21-Feb-2025","1","94.37","93.91","0.12","-0.620","0.00","0.20","0.3686","0.0416","0.3499"
"WEP","21-Feb-2025","2","93.67","93.49","0.11","-0.890","0.00","0.20","0.3686","0.0416","0.3499"
"WEP","21-Feb-2025","3","91.73","91.65","0.09","-0.970","0.00","0.20","0.3686","0.0416","0.3499"
"WEP","21-Feb-2025","4","90.43","90.11","0.07","-0.710","0.00","0.20","0.3686","0.0416","0.3499"
"WEP","21-Feb-2025","5","86.01","86.63","0.05","-1.630","0.00","0.20","0.3686","0.0416","0.3499"
"WEP","21-Feb-2025","6","86.05","86.52","0.06","-1.490","0.00","0.20","0.3686","0.0416","0.3499"
"WEP","21-Feb-2025","7","84.47","85.17","0.06","-1.720","0.00","0.20","0.3686","0.0416","0.3499"
"WEP","21-Feb-2025","8","84.55","85.16","0.06","-1.630","0.00","0.20","0.3686","0.0416","0.3499"
"WEP","21-Feb-2025","9","84.87","85.16","0.05","-1.300","0.00","0.20","0.3686","0.0416","0.3499"
"WEP","21-Feb-2025","10","85.59","86.01","0.06","-1.440","0.00","0.20","0.3686","0.0416","0.3499"
"WEP","21-Feb-2025","11","85.12","85.38","0.11","-1.330","0.00","0.20","0.3686","0.0416","0.3499"
"WEP","21-Feb-2025","12","90.29","90.85","0.14","-1.660","0.00","0.20","0.3686","0.0416","0.3499"
"WEP","21-Feb-2025","13","92.69","93.46","0.16","-1.890","0.00","0.20","0.3686","0.0416","0.3499"
"WEP","21-Feb-2025","14","100.14","100.63","0.19","-1.640","0.00","0.20","0.3686","0.0416","0.3499"
"WEP","21-Feb-2025","15","100.90","100.98","0.20","-1.240","0.00","0.20","0.3686","0.0416","0.3499"
"WEP","21-Feb-2025","16","119.02","119.24","0.20","-1.380","0.00","0.20","0.3686","0.0416","0.3499"
"WEP","21-Feb-2025","17","129.51","128.72","0.18","-0.350","0.00","0.20","0.3686","0.0416","0.3499"
"WEP","21-Feb-2025","18","119.40","118.48","0.21","-0.250","0.00","0.20","0.3686","0.0416","0.3499"
"WEP","21-Feb-2025","19","101.89","101.06","0.18","-0.310","0.00","0.20","0.3686","0.0416","0.3499"
"WEP","21-Feb-2025","20","101.64","100.54","0.23","-0.090","0.00","0.20","0.3686","0.0416","0.3499"
"WEP","21-Feb-2025","21","100.98","100.54","0.13","-0.650","0.00","0.20","0.3686","0.0416","0.3499"
"WEP","21-Feb-2025","22","100.51","100.32","0.13","-0.900","0.00","0.20","0.3686","0.0416","0.3499"
"WEP","21-Feb-2025","23","93.53","93.54","0.13","-1.100","0.00","0.20","0.3686","0.0416","0.3499"
"WEP","21-Feb-2025","24","89.71","89.60","0.12","-0.970","0.00","0.20","0.3686","0.0416","0.3499"
"WEP","21-Feb-2025","25","85.26","85.27","0.14","-1.110","0.00","0.20","0.3686","0.0416","0.3499"
"WEP","21-Feb-2025","26","83.89","84.46","0.14","-1.670","0.00","0.20","0.3686","0.0416","0.3499"
"WEP","21-Feb-2025","27","83.40","84.46","0.14","-2.160","0.00","0.20","0.3686","0.0416","0.3499"
"WEP","21-Feb-2025","28","82.82","83.52","0.13","-1.790","0.00","0.20","0.3686","0.0416","0.3499"
"WEP","21-Feb-2025","29","84.58","85.27","0.12","-1.770","0.00","0.20","0.3686","0.0416","0.3499"
"WEP","21-Feb-2025","30","87.01","87.93","0.11","-1.990","0.00","0.20","0.3686","0.0416","0.3499"
"WEP","21-Feb-2025","31","83.87","84.44","0.12","-1.650","0.00","0.20","0.3686","0.0416","0.3499"
"WEP","21-Feb-2025","32","87.82","88.72","0.14","-2.000","0.00","0.20","0.3686","0.0416","0.3499"
"WEP","21-Feb-2025","33","84.92","86.11","0.12","-2.270","0.00","0.20","0.3686","0.0416","0.3499"
"WEP","21-Feb-2025","34","92.63","93.56","0.14","-2.030","0.00","0.20","0.3686","0.0416","0.3499"
"WEP","21-Feb-2025","35","91.94","93.12","0.19","-2.330","0.00","0.20","0.3686","0.0416","0.3499"
"WEP","21-Feb-2025","36","92.00","93.27","0.14","-2.370","0.00","0.20","0.3686","0.0416","0.3499"
"WEP","21-Feb-2025","37","92.89","93.97","0.15","-2.190","0.00","0.20","0.3686","0.0416","0.3499"
"WEP","21-Feb-2025","38","97.49","98.63","0.16","-2.260","0.00","0.20","0.3686","0.0416","0.3499"
"WEP","21-Feb-2025","39","99.79","100.58","0.16","-1.910","0.00","0.20","0.3686","0.0416","0.3499"
"WEP","21-Feb-2025","40","98.05","98.66","0.15","-1.720","0.00","0.20","0.3686","0.0416","0.3499"
"WEP","21-Feb-2025","41","97.11","97.63","0.14","-1.620","0.00","0.20","0.3686","0.0416","0.3499"
"WEP","21-Feb-2025","42","93.15","93.99","0.14","-1.940","0.00","0.20","0.3686","0.0416","0.3499"
"WEP","21-Feb-2025","43","100.18","100.39","0.14","-1.320","0.00","0.20","0.3686","0.0416","0.3499"
"WEP","21-Feb-2025","44","97.69","98.73","0.10","-2.100","0.00","0.20","0.3686","0.0416","0.3499"
"WEP","21-Feb-2025","45","97.44","97.71","0.13","-1.360","0.00","0.20","0.3686","0.0416","0.3499"
"WEP","21-Feb-2025","46","93.52","93.96","0.13","-1.530","0.00","0.20","0.3686","0.0416","0.3499"
"WEP","21-Feb-2025","47","92.40","93.07","0.14","-1.770","0.00","0.20","0.3686","0.0416","0.3499"
"WEP","21-Feb-2025","48","89.45","90.11","0.13","-1.750","0.00","0.20","0.3686","0.0416","0.3499"
"WEP","22-Feb-2025","1","83.80","84.15","0.12","-1.450","0.00","0.20","0.3686","0.0438","0.3685"
"WEP","22-Feb-2025","2","80.53","81.54","0.06","-2.060","0.00","0.20","0.3686","0.0438","0.3685"
"WEP","22-Feb-2025","3","84.94","84.41","0.05","-0.500","0.00","0.20","0.3686","0.0438","0.3685"
"WEP","22-Feb-2025","4","84.62","84.19","0.05","-0.600","0.00","0.20","0.3686","0.0438","0.3685"
"WEP","22-Feb-2025","5","81.64","81.52","0.05","-0.920","0.00","0.20","0.3686","0.0438","0.3685"
"WEP","22-Feb-2025","6","81.76","81.53","0.06","-0.810","0.00","0.20","0.3686","0.0438","0.3685"
"WEP","22-Feb-2025","7","81.78","81.37","0.06","-0.630","0.00","0.20","0.3686","0.0438","0.3685"
"WEP","22-Feb-2025","8","79.79","79.52","0.06","-0.770","0.00","0.20","0.3686","0.0438","0.3685"
"WEP","22-Feb-2025","9","78.81","79.52","0.05","-1.740","0.00","0.20","0.3686","0.0438","0.3685"
"WEP","22-Feb-2025","10","81.90","81.53","0.05","-0.660","0.00","0.20","0.3686","0.0438","0.3685"
"WEP","22-Feb-2025","11","89.32","89.33","0.06","-1.050","0.00","0.20","0.3686","0.0438","0.3685"
"WEP","22-Feb-2025","12","93.41","93.99","0.14","-1.700","0.00","0.20","0.3686","0.0438","0.3685"
"WEP","22-Feb-2025","13","99.53","100.45","0.16","-2.060","0.00","0.20","0.3686","0.0438","0.3685"
"WEP","22-Feb-2025","14","116.27","115.88","0.18","-0.770","0.00","0.20","0.3686","0.0438","0.3685"
"WEP","22-Feb-2025","15","124.94","124.71","0.22","-0.970","0.00","0.20","0.3686","0.0438","0.3685"
"WEP","22-Feb-2025","16","173.53","173.27","0.21","-0.930","0.00","0.20","0.3686","0.0438","0.3685"
"WEP","22-Feb-2025","17","174.19","173.62","0.18","-0.590","0.00","0.20","0.3686","0.0438","0.3685"
"WEP","22-Feb-2025","18","133.11","132.11","0.18","-0.160","0.00","0.20","0.3686","0.0438","0.3685"
"WEP","22-Feb-2025","19","119.42","118.83","0.16","-0.550","0.00","0.20","0.3686","0.0438","0.3685"
"WEP","22-Feb-2025","20","102.46","101.65","0.16","-0.330","0.00","0.20","0.3686","0.0438","0.3685"
"WEP","22-Feb-2025","21","101.30","100.73","0.14","-0.550","0.00","0.20","0.3686","0.0438","0.3685"
"WEP","22-Feb-2025","22","100.22","100.27","0.14","-1.170","0.00","0.20","0.3686","0.0438","0.3685"
"WEP","22-Feb-2025","23","93.62","93.97","0.14","-1.470","0.00","0.20","0.3686","0.0438","0.3685"
"WEP","22-Feb-2025","24","92.81","93.92","0.13","-2.220","0.00","0.20","0.3686","0.0438","0.3685"
"WEP","22-Feb-2025","25","99.35","100.53","0.15","-2.310","0.00","0.20","0.3686","0.0438","0.3685"
"WEP","22-Feb-2025","26","100.71","100.33","0.15","-0.750","0.00","0.20","0.3686","0.0438","0.3685"
"WEP","22-Feb-2025","27","98.18","98.71","0.15","-1.660","0.00","0.20","0.3686","0.0438","0.3685"
"WEP","22-Feb-2025","28","99.29","100.32","0.14","-2.160","0.00","0.20","0.3686","0.0438","0.3685"
"WEP","22-Feb-2025","29","99.45","100.73","0.13","-2.390","0.00","0.20","0.3686","0.0438","0.3685"
"WEP","22-Feb-2025","30","100.07","100.52","0.12","-1.550","0.00","0.20","0.3686","0.0438","0.3685"
"WEP","22-Feb-2025","31","100.98","100.71","0.13","-0.850","0.00","0.20","0.3686","0.0438","0.3685"
"WEP","22-Feb-2025","32","99.69","100.96","0.15","-2.400","0.00","0.20","0.3686","0.0438","0.3685"
"WEP","22-Feb-2025","33","112.95","113.95","0.13","-2.110","0.00","0.20","0.3686","0.0438","0.3685"
"WEP","22-Feb-2025","34","174.26","174.54","0.15","-1.410","0.00","0.20","0.3686","0.0438","0.3685"
"WEP","22-Feb-2025","35","204.06","205.03","0.31","-2.260","0.00","0.20","0.3686","0.0438","0.3685"
"WEP","22-Feb-2025","36","204.94","205.68","0.15","-1.870","0.00","0.20","0.3686","0.0438","0.3685"
"WEP","22-Feb-2025","37","147.91","147.47","0.18","-0.720","0.00","0.20","0.3686","0.0438","0.3685"
"WEP","22-Feb-2025","38","147.96","147.62","0.25","-0.890","0.00","0.20","0.3686","0.0438","0.3685"
"WEP","22-Feb-2025","39","147.59","147.43","0.20","-1.030","0.00","0.20","0.3686","0.0438","0.3685"
"WEP","22-Feb-2025","40","147.56","147.62","0.23","-1.270","0.00","0.20","0.3686","0.0438","0.3685"
"WEP","22-Feb-2025","41","147.39","147.64","0.16","-1.400","0.00","0.20","0.3686","0.0438","0.3685"
"WEP","22-Feb-2025","42","147.09","147.41","0.16","-1.460","0.00","0.20","0.3686","0.0438","0.3685"
"WEP","22-Feb-2025","43","129.88","130.14","0.15","-1.390","0.00","0.20","0.3686","0.0438","0.3685"
"WEP","22-Feb-2025","44","125.24","125.31","0.12","-1.170","0.00","0.20","0.3686","0.0438","0.3685"
"WEP","22-Feb-2025","45","128.79","128.63","0.12","-0.940","0.00","0.20","0.3686","0.0438","0.3685"
"WEP","22-Feb-2025","46","113.64","112.92","0.14","-0.400","0.00","0.20","0.3686","0.0438","0.3685"
"WEP","22-Feb-2025","47","119.72","118.86","0.16","-0.280","0.00","0.20","0.3686","0.0438","0.3685"
"WEP","22-Feb-2025","48","113.78","112.92","0.21","-0.330","0.00","0.20","0.3686","0.0438","0.3685"
"WEP","23-Feb-2025","1","115.12","113.70","0.22","0.210","0.00","0.20","0.3686","0.0449","0.3777"
"WEP","23-Feb-2025","2","106.51","105.10","0.11","0.310","0.00","0.20","0.3686","0.0449","0.3777"
"WEP","23-Feb-2025","3","106.18","104.57","0.05","0.570","0.00","0.20","0.3686","0.0449","0.3777"
"WEP","23-Feb-2025","4","102.05","100.72","0.06","0.280","0.00","0.20","0.3686","0.0449","0.3777"
"WEP","23-Feb-2025","5","101.56","100.52","0.06","-0.010","0.00","0.20","0.3686","0.0449","0.3777"
"WEP","23-Feb-2025","6","101.25","100.31","0.06","-0.110","0.00","0.20","0.3686","0.0449","0.3777"
"WEP","23-Feb-2025","7","101.43","100.20","0.06","0.180","0.00","0.20","0.3686","0.0449","0.3777"
"WEP","23-Feb-2025","8","101.36","99.81","0.06","0.500","0.00","0.20","0.3686","0.0449","0.3777"
"WEP","23-Feb-2025","9","96.00","95.04","0.01","-0.040","0.00","0.20","0.3686","0.0449","0.3777"
"WEP","23-Feb-2025","10","100.75","99.62","0.06","0.070","0.00","0.20","0.3686","0.0449","0.3777"
"WEP","23-Feb-2025","11","101.28","100.51","0.07","-0.290","0.00","0.20","0.3686","0.0449","0.3777"
"WEP","23-Feb-2025","12","104.97","103.47","0.14","0.360","0.00","0.20","0.3686","0.0449","0.3777"
"WEP","23-Feb-2025","13","106.21","104.59","0.18","0.450","0.00","0.20","0.3686","0.0449","0.3777"
"WEP","23-Feb-2025","14","109.87","108.25","0.31","0.320","0.00","0.20","0.3686","0.0449","0.3777"
"WEP","23-Feb-2025","15","107.19","105.41","0.61","0.180","0.00","0.20","0.3686","0.0449","0.3777"
"WEP","23-Feb-2025","16","111.25","109.48","0.74","0.040","0.00","0.20","0.3686","0.0449","0.3777"
"WEP","23-Feb-2025","17","112.44","110.68","0.53","0.240","0.00","0.20","0.3686","0.0449","0.3777"
"WEP","23-Feb-2025","18","116.13","113.90","0.70","0.540","0.00","0.20","0.3686","0.0449","0.3777"
"WEP","23-Feb-2025","19","115.29","112.98","0.50","0.820","0.00","0.20","0.3686","0.0449","0.3777"
"WEP","23-Feb-2025","20","106.90","104.90","0.40","0.600","0.00","0.20","0.3686","0.0449","0.3777"
"WEP","23-Feb-2025","21","101.72","100.53","0.26","-0.060","0.00","0.20","0.3686","0.0449","0.3777"
"WEP","23-Feb-2025","22","101.24","100.42","0.25","-0.420","0.00","0.20","0.3686","0.0449","0.3777"
"WEP","23-Feb-2025","23","98.95","98.77","0.15","-0.970","0.00","0.20","0.3686","0.0449","0.3777"
"WEP","23-Feb-2025","24","94.05","93.85","0.14","-0.930","0.00","0.20","0.3686","0.0449","0.3777"
"WEP","23-Feb-2025","25","92.80","93.90","0.19","-2.280","0.00","0.20","0.3686","0.0449","0.3777"
"WEP","23-Feb-2025","26","92.62","93.93","0.20","-2.500","0.00","0.20","0.3686","0.0449","0.3777"
"WEP","23-Feb-2025","27","101.27","100.73","0.27","-0.720","0.00","0.20","0.3686","0.0449","0.3777"
"WEP","23-Feb-2025","28","100.78","101.16","0.25","-1.620","0.00","0.20","0.3686","0.0449","0.3777"
"WEP","23-Feb-2025","29","101.69","101.04","0.17","-0.520","0.00","0.20","0.3686","0.0449","0.3777"
"WEP","23-Feb-2025","30","100.89","100.73","0.15","-0.980","0.00","0.20","0.3686","0.0449","0.3777"
"WEP","23-Feb-2025","31","109.29","109.29","0.24","-1.230","0.00","0.20","0.3686","0.0449","0.3777"
"WEP","23-Feb-2025","32","206.36","205.23","0.64","-0.500","0.00","0.20","0.3686","0.0449","0.3777"
"WEP","23-Feb-2025","33","110.66","110.11","0.24","-0.680","0.00","0.20","0.3686","0.0449","0.3777"
"WEP","23-Feb-2025","34","133.40","132.11","0.44","-0.140","0.00","0.20","0.3686","0.0449","0.3777"
"WEP","23-Feb-2025","35","130.19","128.78","0.92","-0.500","0.00","0.20","0.3686","0.0449","0.3777"
"WEP","23-Feb-2025","36","133.09","132.28","0.38","-0.560","0.00","0.20","0.3686","0.0449","0.3777"
"WEP","23-Feb-2025","37","116.13","114.76","0.41","-0.030","0.00","0.20","0.3686","0.0449","0.3777"
"WEP","23-Feb-2025","38","149.02","147.50","0.68","-0.150","0.00","0.20","0.3686","0.0449","0.3777"
"WEP","23-Feb-2025","39","127.74","126.33","0.58","-0.170","0.00","0.20","0.3686","0.0449","0.3777"
"WEP","23-Feb-2025","40","129.70","128.89","0.51","-0.690","0.00","0.20","0.3686","0.0449","0.3777"
"WEP","23-Feb-2025","41","130.75","130.20","0.36","-0.800","0.00","0.20","0.3686","0.0449","0.3777"
"WEP","23-Feb-2025","42","147.87","147.44","0.50","-1.060","0.00","0.20","0.3686","0.0449","0.3777"
"WEP","23-Feb-2025","43","148.01","147.45","0.50","-0.930","0.00","0.20","0.3686","0.0449","0.3777"
"WEP","23-Feb-2025","44","126.23","125.51","0.26","-0.530","0.00","0.20","0.3686","0.0449","0.3777"
"WEP","23-Feb-2025","45","112.88","111.61","0.24","0.040","0.00","0.20","0.3686","0.0449","0.3777"
"WEP","23-Feb-2025","46","107.80","106.54","0.15","0.120","0.00","0.20","0.3686","0.0449","0.3777"
"WEP","23-Feb-2025","47","106.49","105.50","0.17","-0.170","0.00","0.20","0.3686","0.0449","0.3777"
"WEP","23-Feb-2025","48","107.28","105.86","0.17","0.260","0.00","0.20","0.3686","0.0449","0.3777"
"WEP","24-Feb-2025","1","129.15","126.81","0.14","1.240","0.00","0.20","0.3686","0.0412","0.3467"
"WEP","24-Feb-2025","2","116.56","114.94","0.06","0.610","0.00","0.20","0.3686","0.0412","0.3467"
"WEP","24-Feb-2025","3","107.84","106.56","0.00","0.320","0.00","0.20","0.3686","0.0412","0.3467"
"WEP","24-Feb-2025","4","107.67","106.53","0.00","0.180","0.00","0.20","0.3686","0.0412","0.3467"
"WEP","24-Feb-2025","5","106.93","105.85","0.01","0.120","0.00","0.20","0.3686","0.0412","0.3467"
"WEP","24-Feb-2025","6","105.86","104.90","0.06","-0.060","0.00","0.20","0.3686","0.0412","0.3467"
"WEP","24-Feb-2025","7","106.82","104.89","0.02","0.950","0.00","0.20","0.3686","0.0412","0.3467"
"WEP","24-Feb-2025","8","106.65","104.88","0.02","0.800","0.00","0.20","0.3686","0.0412","0.3467"
"WEP","24-Feb-2025","9","105.97","104.38","0.02","0.610","0.00","0.20","0.3686","0.0412","0.3467"
"WEP","24-Feb-2025","10","107.98","106.63","0.00","0.400","0.00","0.20","0.3686","0.0412","0.3467"
"WEP","24-Feb-2025","11","111.37","109.66","0.06","0.700","0.00","0.20","0.3686","0.0412","0.3467"
"WEP","24-Feb-2025","12","125.86","123.49","0.14","1.270","0.00","0.20","0.3686","0.0412","0.3467"
"WEP","24-Feb-2025","13","128.25","126.66","0.16","0.470","0.00","0.20","0.3686","0.0412","0.3467"
"WEP","24-Feb-2025","14","114.53","112.98","0.17","0.420","0.00","0.20","0.3686","0.0412","0.3467"
"WEP","24-Feb-2025","15","105.11","103.69","0.21","0.250","0.00","0.20","0.3686","0.0412","0.3467"
"WEP","24-Feb-2025","16","101.83","101.01","0.20","-0.340","0.00","0.20","0.3686","0.0412","0.3467"
"WEP","24-Feb-2025","17","101.00","100.61","0.17","-0.740","0.00","0.20","0.3686","0.0412","0.3467"
"WEP","24-Feb-2025","18","100.97","100.42","0.20","-0.610","0.00","0.20","0.3686","0.0412","0.3467"
"WEP","24-Feb-2025","19","93.64","93.55","0.15","-1.010","0.00","0.20","0.3686","0.0412","0.3467"
"WEP","24-Feb-2025","20","88.79","89.23","0.18","-1.580","0.00","0.20","0.3686","0.0412","0.3467"
"WEP","24-Feb-2025","21","91.02","91.40","0.13","-1.470","0.00","0.20","0.3686","0.0412","0.3467"
"WEP","24-Feb-2025","22","84.76","85.01","0.13","-1.340","0.00","0.20","0.3686","0.0412","0.3467"
"WEP","24-Feb-2025","23","82.70","83.54","0.13","-1.930","0.00","0.20","0.3686","0.0412","0.3467"
"WEP","24-Feb-2025","24","78.14","79.41","0.12","-2.350","0.00","0.20","0.3686","0.0412","0.3467"
"WEP","24-Feb-2025","25","78.60","79.33","0.14","-1.830","0.00","0.20","0.3686","0.0412","0.3467"
"WEP","24-Feb-2025","26","83.28","83.54","0.14","-1.350","0.00","0.20","0.3686","0.0412","0.3467"
"WEP","24-Feb-2025","27","84.01","84.68","0.13","-1.760","0.00","0.20","0.3686","0.0412","0.3467"
"WEP","24-Feb-2025","28","83.40","84.71","0.13","-2.400","0.00","0.20","0.3686","0.0412","0.3467"
"WEP","24-Feb-2025","29","86.07","86.33","0.12","-1.340","0.00","0.20","0.3686","0.0412","0.3467"
"WEP","24-Feb-2025","30","83.88","84.37","0.11","-1.550","0.00","0.20","0.3686","0.0412","0.3467"
"WEP","24-Feb-2025","31","82.62","83.53","0.12","-1.990","0.00","0.20","0.3686","0.0412","0.3467"
"WEP","24-Feb-2025","32","84.23","85.01","0.13","-1.870","0.00","0.20","0.3686","0.0412","0.3467"
"WEP","24-Feb-2025","33","86.79","87.72","0.12","-2.000","0.00","0.20","0.3686","0.0412","0.3467"
"WEP","24-Feb-2025","34","87.24","88.49","0.13","-2.340","0.00","0.20","0.3686","0.0412","0.3467"
"WEP","24-Feb-2025","35","88.17","89.09","0.21","-2.090","0.00","0.20","0.3686","0.0412","0.3467"
"WEP","24-Feb-2025","36","85.62","86.66","0.13","-2.120","0.00","0.20","0.3686","0.0412","0.3467"
"WEP","24-Feb-2025","37","93.33","94.05","0.15","-1.820","0.00","0.20","0.3686","0.0412","0.3467"
"WEP","24-Feb-2025","38","98.13","98.72","0.16","-1.700","0.00","0.20","0.3686","0.0412","0.3467"
"WEP","24-Feb-2025","39","99.49","100.49","0.16","-2.110","0.00","0.20","0.3686","0.0412","0.3467"
"WEP","24-Feb-2025","40","100.29","100.56","0.15","-1.380","0.00","0.20","0.3686","0.0412","0.3467"
"WEP","24-Feb-2025","41","100.19","100.50","0.13","-1.400","0.00","0.20","0.3686","0.0412","0.3467"
"WEP","24-Feb-2025","42","100.08","100.50","0.14","-1.520","0.00","0.20","0.3686","0.0412","0.3467"
"WEP","24-Feb-2025","43","98.27","98.77","0.14","-1.590","0.00","0.20","0.3686","0.0412","0.3467"
"WEP","24-Feb-2025","44","93.43","93.92","0.13","-1.570","0.00","0.20","0.3686","0.0412","0.3467"
"WEP","24-Feb-2025","45","93.75","93.92","0.13","-1.260","0.00","0.20","0.3686","0.0412","0.3467"
"WEP","24-Feb-2025","46","91.33","91.56","0.13","-1.310","0.00","0.20","0.3686","0.0412","0.3467"
"WEP","24-Feb-2025","47","99.39","100.34","0.14","-2.050","0.00","0.20","0.3686","0.0412","0.3467"
"WEP","24-Feb-2025","48","99.99","100.34","0.13","-1.440","0.00","0.20","0.3686","0.0412","0.3467"
"WEP","25-Feb-2025","1","102.40","102.17","0.12","-0.850","0.00","0.20","0.3686","0.0411","0.3451"
"WEP","25-Feb-2025","2","108.11","107.75","0.11","-0.710","0.00","0.20","0.3686","0.0411","0.3451"
"WEP","25-Feb-2025","3","109.29","108.76","0.05","-0.470","0.00","0.20","0.3686","0.0411","0.3451"
"WEP","25-Feb-2025","4","107.03","105.78","0.05","0.240","0.00","0.20","0.3686","0.0411","0.3451"
"WEP","25-Feb-2025","5","105.35","104.69","0.06","-0.360","0.00","0.20","0.3686","0.0411","0.3451"
"WEP","25-Feb-2025","6","102.11","101.51","0.06","-0.420","0.00","0.20","0.3686","0.0411","0.3451"
"WEP","25-Feb-2025","7","101.73","100.79","0.06","-0.080","0.00","0.20","0.3686","0.0411","0.3451"
"WEP","25-Feb-2025","8","101.55","100.79","0.06","-0.260","0.00","0.20","0.3686","0.0411","0.3451"
"WEP","25-Feb-2025","9","101.19","100.70","0.06","-0.520","0.00","0.20","0.3686","0.0411","0.3451"
"WEP","25-Feb-2025","10","101.25","100.92","0.06","-0.690","0.00","0.20","0.3686","0.0411","0.3451"
"WEP","25-Feb-2025","11","105.48","104.74","0.11","-0.330","0.00","0.20","0.3686","0.0411","0.3451"
"WEP","25-Feb-2025","12","124.74","123.49","0.14","0.160","0.00","0.20","0.3686","0.0411","0.3451"
"WEP","25-Feb-2025","13","130.23","128.67","0.16","0.450","0.00","0.20","0.3686","0.0411","0.3451"
"WEP","25-Feb-2025","14","129.63","128.73","0.17","-0.230","0.00","0.20","0.3686","0.0411","0.3451"
"WEP","25-Feb-2025","15","111.39","110.43","0.22","-0.210","0.00","0.20","0.3686","0.0411","0.3451"
"WEP","25-Feb-2025","16","119.71","118.83","0.21","-0.280","0.00","0.20","0.3686","0.0411","0.3451"
"WEP","25-Feb-2025","17","116.88","115.83","0.17","-0.070","0.00","0.20","0.3686","0.0411","0.3451"
"WEP","25-Feb-2025","18","102.31","101.36","0.19","-0.190","0.00","0.20","0.3686","0.0411","0.3451"
"WEP","25-Feb-2025","19","101.87","100.83","0.15","-0.070","0.00","0.20","0.3686","0.0411","0.3451"
"WEP","25-Feb-2025","20","101.74","100.67","0.18","-0.060","0.00","0.20","0.3686","0.0411","0.3451"
"WEP","25-Feb-2025","21","100.65","100.44","0.13","-0.870","0.00","0.20","0.3686","0.0411","0.3451"
"WEP","25-Feb-2025","22","98.64","98.67","0.13","-1.120","0.00","0.20","0.3686","0.0411","0.3451"
"WEP","25-Feb-2025","23","90.58","90.74","0.13","-1.250","0.00","0.20","0.3686","0.0411","0.3451"
"WEP","25-Feb-2025","24","90.73","91.57","0.12","-1.920","0.00","0.20","0.3686","0.0411","0.3451"
"WEP","25-Feb-2025","25","89.10","90.16","0.14","-2.160","0.00","0.20","0.3686","0.0411","0.3451"
"WEP","25-Feb-2025","26","90.35","90.74","0.14","-1.480","0.00","0.20","0.3686","0.0411","0.3451"
"WEP","25-Feb-2025","27","91.33","91.63","0.13","-1.380","0.00","0.20","0.3686","0.0411","0.3451"
"WEP","25-Feb-2025","28","92.86","93.53","0.13","-1.750","0.00","0.20","0.3686","0.0411","0.3451"
"WEP","25-Feb-2025","29","84.25","84.80","0.12","-1.630","0.00","0.20","0.3686","0.0411","0.3451"
"WEP","25-Feb-2025","30","89.75","90.49","0.11","-1.800","0.00","0.20","0.3686","0.0411","0.3451"
"WEP","25-Feb-2025","31","91.83","92.32","0.12","-1.570","0.00","0.20","0.3686","0.0411","0.3451"
"WEP","25-Feb-2025","32","90.01","90.73","0.13","-1.800","0.00","0.20","0.3686","0.0411","0.3451"
"WEP","25-Feb-2025","33","89.74","90.78","0.12","-2.120","0.00","0.20","0.3686","0.0411","0.3451"
"WEP","25-Feb-2025","34","89.30","90.76","0.13","-2.540","0.00","0.20","0.3686","0.0411","0.3451"
"WEP","25-Feb-2025","35","90.35","91.74","0.19","-2.530","0.00","0.20","0.3686","0.0411","0.3451"
"WEP","25-Feb-2025","36","90.49","92.15","0.13","-2.750","0.00","0.20","0.3686","0.0411","0.3451"
"WEP","25-Feb-2025","37","100.14","100.90","0.14","-1.860","0.00","0.20","0.3686","0.0411","0.3451"
"WEP","25-Feb-2025","38","101.13","101.10","0.16","-1.090","0.00","0.20","0.3686","0.0411","0.3451"
"WEP","25-Feb-2025","39","101.19","101.21","0.15","-1.120","0.00","0.20","0.3686","0.0411","0.3451"
"WEP","25-Feb-2025","40","107.81","107.64","0.15","-0.930","0.00","0.20","0.3686","0.0411","0.3451"
"WEP","25-Feb-2025","41","107.45","107.65","0.13","-1.280","0.00","0.20","0.3686","0.0411","0.3451"
"WEP","25-Feb-2025","42","106.17","105.77","0.14","-0.700","0.00","0.20","0.3686","0.0411","0.3451"
"WEP","25-Feb-2025","43","118.76","119.07","0.14","-1.410","0.00","0.20","0.3686","0.0411","0.3451"
"WEP","25-Feb-2025","44","108.95","108.78","0.12","-0.910","0.00","0.20","0.3686","0.0411","0.3451"
"WEP","25-Feb-2025","45","129.54","128.81","0.13","-0.360","0.00","0.20","0.3686","0.0411","0.3451"
"WEP","25-Feb-2025","46","116.86","115.84","0.07","0.000","0.00","0.20","0.3686","0.0411","0.3451"
"WEP","25-Feb-2025","47","108.65","107.58","0.14","-0.030","0.00","0.20","0.3686","0.0411","0.3451"
"WEP","25-Feb-2025","48","110.20","108.76","0.13","0.360","0.00","0.20","0.3686","0.0411","0.3451"
"WEP","26-Feb-2025","1","115.54","114.40","0.12","0.060","0.00","0.20","0.3686","0.0408","0.3432"
"WEP","26-Feb-2025","2","113.59","112.10","0.11","0.430","0.00","0.20","0.3686","0.0408","0.3432"
"WEP","26-Feb-2025","3","109.69","108.76","0.05","-0.070","0.00","0.20","0.3686","0.0408","0.3432"
"WEP","26-Feb-2025","4","106.61","105.71","0.05","-0.100","0.00","0.20","0.3686","0.0408","0.3432"
"WEP","26-Feb-2025","5","106.17","105.71","0.05","-0.540","0.00","0.20","0.3686","0.0408","0.3432"
"WEP","26-Feb-2025","6","105.20","104.71","0.06","-0.520","0.00","0.20","0.3686","0.0408","0.3432"
"WEP","26-Feb-2025","7","103.81","103.66","0.06","-0.860","0.00","0.20","0.3686","0.0408","0.3432"
"WEP","26-Feb-2025","8","105.46","104.71","0.06","-0.270","0.00","0.20","0.3686","0.0408","0.3432"
"WEP","26-Feb-2025","9","105.81","104.71","0.05","0.100","0.00","0.20","0.3686","0.0408","0.3432"
"WEP","26-Feb-2025","10","109.60","107.74","0.06","0.850","0.00","0.20","0.3686","0.0408","0.3432"
"WEP","26-Feb-2025","11","110.50","108.73","0.06","0.760","0.00","0.20","0.3686","0.0408","0.3432"
"WEP","26-Feb-2025","12","120.53","118.82","0.08","0.680","0.00","0.20","0.3686","0.0408","0.3432"
"WEP","26-Feb-2025","13","120.52","118.84","0.16","0.570","0.00","0.20","0.3686","0.0408","0.3432"
"WEP","26-Feb-2025","14","130.16","128.91","0.17","0.130","0.00","0.20","0.3686","0.0408","0.3432"
"WEP","26-Feb-2025","15","125.99","125.46","0.19","-0.610","0.00","0.20","0.3686","0.0408","0.3432"
"WEP","26-Feb-2025","16","130.70","130.00","0.18","-0.430","0.00","0.20","0.3686","0.0408","0.3432"
"WEP","26-Feb-2025","17","147.62","147.28","0.18","-0.790","0.00","0.20","0.3686","0.0408","0.3432"
"WEP","26-Feb-2025","18","130.61","130.04","0.19","-0.570","0.00","0.20","0.3686","0.0408","0.3432"
"WEP","26-Feb-2025","19","130.10","128.73","0.16","0.260","0.00","0.20","0.3686","0.0408","0.3432"
"WEP","26-Feb-2025","20","101.80","100.45","0.15","0.240","0.00","0.20","0.3686","0.0408","0.3432"
"WEP","26-Feb-2025","21","101.20","100.45","0.13","-0.340","0.00","0.20","0.3686","0.0408","0.3432"
"WEP","26-Feb-2025","22","93.20","93.58","0.13","-1.460","0.00","0.20","0.3686","0.0408","0.3432"
"WEP","26-Feb-2025","23","85.28","86.07","0.13","-1.870","0.00","0.20","0.3686","0.0408","0.3432"
"WEP","26-Feb-2025","24","84.28","85.73","0.12","-2.530","0.00","0.20","0.3686","0.0408","0.3432"
"WEP","26-Feb-2025","25","83.25","84.33","0.14","-2.170","0.00","0.20","0.3686","0.0408","0.3432"
"WEP","26-Feb-2025","26","83.49","84.71","0.14","-2.310","0.00","0.20","0.3686","0.0408","0.3432"
"WEP","26-Feb-2025","27","84.10","85.22","0.13","-2.200","0.00","0.20","0.3686","0.0408","0.3432"
"WEP","26-Feb-2025","28","90.46","90.93","0.13","-1.560","0.00","0.20","0.3686","0.0408","0.3432"
"WEP","26-Feb-2025","29","90.21","91.15","0.12","-2.010","0.00","0.20","0.3686","0.0408","0.3432"
"WEP","26-Feb-2025","30","89.09","89.76","0.11","-1.730","0.00","0.20","0.3686","0.0408","0.3432"
"WEP","26-Feb-2025","31","88.83","90.21","0.12","-2.450","0.00","0.20","0.3686","0.0408","0.3432"
"WEP","26-Feb-2025","32","99.38","100.42","0.13","-2.120","0.00","0.20","0.3686","0.0408","0.3432"
"WEP","26-Feb-2025","33","100.63","100.64","0.12","-1.090","0.00","0.20","0.3686","0.0408","0.3432"
"WEP","26-Feb-2025","34","101.70","100.44","0.13","0.180","0.00","0.20","0.3686","0.0408","0.3432"
"WEP","26-Feb-2025","35","96.90","93.54","0.27","2.130","0.00","0.20","0.3686","0.0408","0.3432"
"WEP","26-Feb-2025","36","89.36","90.24","0.15","-1.980","0.00","0.20","0.3686","0.0408","0.3432"
"WEP","26-Feb-2025","37","93.21","93.99","0.15","-1.880","0.00","0.20","0.3686","0.0408","0.3432"
"WEP","26-Feb-2025","38","99.92","100.66","0.16","-1.860","0.00","0.20","0.3686","0.0408","0.3432"
"WEP","26-Feb-2025","39","99.99","100.88","0.15","-1.990","0.00","0.20","0.3686","0.0408","0.3432"
"WEP","26-Feb-2025","40","100.36","100.88","0.15","-1.620","0.00","0.20","0.3686","0.0408","0.3432"
"WEP","26-Feb-2025","41","100.72","101.10","0.14","-1.470","0.00","0.20","0.3686","0.0408","0.3432"
"WEP","26-Feb-2025","42","100.52","100.89","0.14","-1.460","0.00","0.20","0.3686","0.0408","0.3432"
"WEP","26-Feb-2025","43","100.43","100.68","0.14","-1.340","0.00","0.20","0.3686","0.0408","0.3432"
"WEP","26-Feb-2025","44","100.07","100.44","0.12","-1.440","0.00","0.20","0.3686","0.0408","0.3432"
"WEP","26-Feb-2025","45","94.51","94.18","0.13","-0.750","0.00","0.20","0.3686","0.0408","0.3432"
"WEP","26-Feb-2025","46","94.10","93.81","0.13","-0.790","0.00","0.20","0.3686","0.0408","0.3432"
"WEP","26-Feb-2025","47","100.76","100.76","0.14","-1.090","0.00","0.20","0.3686","0.0408","0.3432"
"WEP","26-Feb-2025","48","100.58","100.95","0.13","-1.450","0.00","0.20","0.3686","0.0408","0.3432"
"WEP","27-Feb-2025","1","114.50","113.86","0.12","-0.440","0.00","0.20","0.3686","0.0409","0.3437"
"WEP","27-Feb-2025","2","112.20","111.48","0.06","-0.290","0.00","0.20","0.3686","0.0409","0.3437"
"WEP","27-Feb-2025","3","111.18","109.78","0.05","0.390","0.00","0.20","0.3686","0.0409","0.3437"
"WEP","27-Feb-2025","4","109.32","108.40","0.05","-0.080","0.00","0.20","0.3686","0.0409","0.3437"
"WEP","27-Feb-2025","5","108.47","107.78","0.05","-0.320","0.00","0.20","0.3686","0.0409","0.3437"
"WEP","27-Feb-2025","6","108.66","107.78","0.05","-0.120","0.00","0.20","0.3686","0.0409","0.3437"
"WEP","27-Feb-2025","7","108.13","107.78","0.05","-0.650","0.00","0.20","0.3686","0.0409","0.3437"
"WEP","27-Feb-2025","8","108.61","107.73","0.06","-0.130","0.00","0.20","0.3686","0.0409","0.3437"
"WEP","27-Feb-2025","9","111.34","109.75","0.05","0.580","0.00","0.20","0.3686","0.0409","0.3437"
"WEP","27-Feb-2025","10","112.77","111.44","0.05","0.330","0.00","0.20","0.3686","0.0409","0.3437"
"WEP","27-Feb-2025","11","117.33","115.82","0.06","0.490","0.00","0.20","0.3686","0.0409","0.3437"
"WEP","27-Feb-2025","12","128.41","125.94","0.13","1.390","0.00","0.20","0.3686","0.0409","0.3437"
"WEP","27-Feb-2025","13","128.42","126.74","0.16","0.570","0.00","0.20","0.3686","0.0409","0.3437"
"WEP","27-Feb-2025","14","131.18","129.40","0.22","0.610","0.00","0.20","0.3686","0.0409","0.3437"
"WEP","27-Feb-2025","15","128.98","128.70","0.20","-0.870","0.00","0.20","0.3686","0.0409","0.3437"
"WEP","27-Feb-2025","16","132.61","131.77","0.20","-0.310","0.00","0.20","0.3686","0.0409","0.3437"
"WEP","27-Feb-2025","17","149.86","148.37","0.26","0.280","0.00","0.20","0.3686","0.0409","0.3437"
"WEP","27-Feb-2025","18","142.29","140.66","0.41","0.260","0.00","0.20","0.3686","0.0409","0.3437"
"WEP","27-Feb-2025","19","100.45","100.23","0.16","-0.890","0.00","0.20","0.3686","0.0409","0.3437"
"WEP","27-Feb-2025","20","94.68","94.18","0.22","-0.680","0.00","0.20","0.3686","0.0409","0.3437"
"WEP","27-Feb-2025","21","100.68","100.63","0.15","-1.050","0.00","0.20","0.3686","0.0409","0.3437"
"WEP","27-Feb-2025","22","94.15","93.96","0.13","-0.890","0.00","0.20","0.3686","0.0409","0.3437"
"WEP","27-Feb-2025","23","87.92","88.21","0.12","-1.370","0.00","0.20","0.3686","0.0409","0.3437"
"WEP","27-Feb-2025","24","85.87","86.35","0.11","-1.550","0.00","0.20","0.3686","0.0409","0.3437"
"WEP","27-Feb-2025","25","84.63","85.30","0.14","-1.760","0.00","0.20","0.3686","0.0409","0.3437"
"WEP","27-Feb-2025","26","89.52","89.49","0.14","-1.060","0.00","0.20","0.3686","0.0409","0.3437"
"WEP","27-Feb-2025","27","88.96","89.58","0.14","-1.720","0.00","0.20","0.3686","0.0409","0.3437"
"WEP","27-Feb-2025","28","83.19","83.83","0.13","-1.720","0.00","0.20","0.3686","0.0409","0.3437"
"WEP","27-Feb-2025","29","83.34","83.66","0.12","-1.400","0.00","0.20","0.3686","0.0409","0.3437"
"WEP","27-Feb-2025","30","89.11","89.98","0.11","-1.930","0.00","0.20","0.3686","0.0409","0.3437"
"WEP","27-Feb-2025","31","81.62","82.15","0.12","-1.600","0.00","0.20","0.3686","0.0409","0.3437"
"WEP","27-Feb-2025","32","85.41","86.39","0.14","-2.070","0.00","0.20","0.3686","0.0409","0.3437"
"WEP","27-Feb-2025","33","88.53","89.57","0.12","-2.110","0.00","0.20","0.3686","0.0409","0.3437"
"WEP","27-Feb-2025","34","92.48","93.57","0.13","-2.170","0.00","0.20","0.3686","0.0409","0.3437"
"WEP","27-Feb-2025","35","85.20","85.36","0.29","-1.400","0.00","0.20","0.3686","0.0409","0.3437"
"WEP","27-Feb-2025","36","92.64","93.47","0.14","-1.920","0.00","0.20","0.3686","0.0409","0.3437"
"WEP","27-Feb-2025","37","90.06","90.50","0.16","-1.550","0.00","0.20","0.3686","0.0409","0.3437"
"WEP","27-Feb-2025","38","100.04","100.27","0.24","-1.430","0.00","0.20","0.3686","0.0409","0.3437"
"WEP","27-Feb-2025","39","98.00","98.01","0.17","-1.130","0.00","0.20","0.3686","0.0409","0.3437"
"WEP","27-Feb-2025","40","94.80","95.70","0.15","-2.010","0.00","0.20","0.3686","0.0409","0.3437"
"WEP","27-Feb-2025","41","94.77","95.15","0.14","-1.470","0.00","0.20","0.3686","0.0409","0.3437"
"WEP","27-Feb-2025","42","96.99","97.98","0.14","-2.090","0.00","0.20","0.3686","0.0409","0.3437"
"WEP","27-Feb-2025","43","95.98","96.25","0.14","-1.360","0.00","0.20","0.3686","0.0409","0.3437"
"WEP","27-Feb-2025","44","100.08","100.36","0.13","-1.360","0.00","0.20","0.3686","0.0409","0.3437"
"WEP","27-Feb-2025","45","96.13","95.72","0.13","-0.680","0.00","0.20","0.3686","0.0409","0.3437"
"WEP","27-Feb-2025","46","90.51","90.04","0.13","-0.620","0.00","0.20","0.3686","0.0409","0.3437"
"WEP","27-Feb-2025","47","86.46","86.42","0.14","-1.060","0.00","0.20","0.3686","0.0409","0.3437"
"WEP","27-Feb-2025","48","85.03","84.57","0.13","-0.630","0.00","0.20","0.3686","0.0409","0.3437"
"WEP","28-Feb-2025","1","82.23","81.70","0.12","-0.550","0.00","0.20","0.3686","0.0414","0.3480"
"WEP","28-Feb-2025","2","81.86","81.50","0.06","-0.660","0.00","0.20","0.3686","0.0414","0.3480"
"WEP","28-Feb-2025","3","80.00","80.11","0.00","-1.060","0.00","0.20","0.3686","0.0414","0.3480"
"WEP","28-Feb-2025","4","65.83","65.47","0.00","-0.600","0.00","0.20","0.3686","0.0414","0.3480"
"WEP","28-Feb-2025","5","62.70","62.56","0.00","-0.820","0.00","0.20","0.3686","0.0414","0.3480"
"WEP","28-Feb-2025","6","52.18","51.87","0.00","-0.650","0.00","0.20","0.3686","0.0414","0.3480"
"WEP","28-Feb-2025","7","51.99","51.62","0.00","-0.590","0.00","0.20","0.3686","0.0414","0.3480"
"WEP","28-Feb-2025","8","51.31","51.36","0.01","-1.020","0.00","0.20","0.3686","0.0414","0.3480"
"WEP","28-Feb-2025","9","51.20","51.36","0.00","-1.120","0.00","0.20","0.3686","0.0414","0.3480"
"WEP","28-Feb-2025","10","51.72","51.48","0.00","-0.710","0.00","0.20","0.3686","0.0414","0.3480"
"WEP","28-Feb-2025","11","52.30","51.58","0.06","-0.300","0.00","0.20","0.3686","0.0414","0.3480"
"WEP","28-Feb-2025","12","86.95","87.16","0.13","-1.290","0.00","0.20","0.3686","0.0414","0.3480"
"WEP","28-Feb-2025","13","84.25","85.03","0.16","-1.900","0.00","0.20","0.3686","0.0414","0.3480"
"WEP","28-Feb-2025","14","97.01","97.28","0.17","-1.390","0.00","0.20","0.3686","0.0414","0.3480"
"WEP","28-Feb-2025","15","102.09","101.55","0.19","-0.610","0.00","0.20","0.3686","0.0414","0.3480"
"WEP","28-Feb-2025","16","105.31","104.73","0.18","-0.560","0.00","0.20","0.3686","0.0414","0.3480"
"WEP","28-Feb-2025","17","113.10","112.24","0.17","-0.270","0.00","0.20","0.3686","0.0414","0.3480"
"WEP","28-Feb-2025","18","113.32","112.67","0.18","-0.490","0.00","0.20","0.3686","0.0414","0.3480"
"WEP","28-Feb-2025","19","85.02","84.42","0.15","-0.500","0.00","0.20","0.3686","0.0414","0.3480"
"WEP","28-Feb-2025","20","81.73","81.53","0.15","-0.910","0.00","0.20","0.3686","0.0414","0.3480"
"WEP","28-Feb-2025","21","83.08","82.59","0.13","-0.600","0.00","0.20","0.3686","0.0414","0.3480"
"WEP","28-Feb-2025","22","82.03","81.77","0.13","-0.830","0.00","0.20","0.3686","0.0414","0.3480"
"WEP","28-Feb-2025","23","80.78","81.50","0.13","-1.810","0.00","0.20","0.3686","0.0414","0.3480"
"WEP","28-Feb-2025","24","78.12","79.16","0.12","-2.110","0.00","0.20","0.3686","0.0414","0.3480"
"WEP","28-Feb-2025","25","73.63","74.35","0.14","-1.810","0.00","0.20","0.3686","0.0414","0.3480"
"WEP","28-Feb-2025","26","79.53","80.47","0.14","-2.040","0.00","0.20","0.3686","0.0414","0.3480"
"WEP","28-Feb-2025","27","80.29","81.50","0.14","-2.310","0.00","0.20","0.3686","0.0414","0.3480"
"WEP","28-Feb-2025","28","84.03","84.69","0.13","-1.750","0.00","0.20","0.3686","0.0414","0.3480"
"WEP","28-Feb-2025","29","85.14","86.27","0.12","-2.200","0.00","0.20","0.3686","0.0414","0.3480"
"WEP","28-Feb-2025","30","82.81","83.28","0.11","-1.540","0.00","0.20","0.3686","0.0414","0.3480"
"WEP","28-Feb-2025","31","85.85","87.22","0.12","-2.450","0.00","0.20","0.3686","0.0414","0.3480"
"WEP","28-Feb-2025","32","84.03","85.47","0.13","-2.520","0.00","0.20","0.3686","0.0414","0.3480"
"WEP","28-Feb-2025","33","95.28","96.65","0.12","-2.440","0.00","0.20","0.3686","0.0414","0.3480"
"WEP","28-Feb-2025","34","95.10","96.63","0.13","-2.620","0.00","0.20","0.3686","0.0414","0.3480"
"WEP","28-Feb-2025","35","95.23","96.61","0.32","-2.660","0.00","0.20","0.3686","0.0414","0.3480"
"WEP","28-Feb-2025","36","95.83","96.62","0.14","-1.890","0.00","0.20","0.3686","0.0414","0.3480"
"WEP","28-Feb-2025","37","96.62","97.49","0.15","-1.980","0.00","0.20","0.3686","0.0414","0.3480"
"WEP","28-Feb-2025","38","97.98","98.82","0.16","-1.950","0.00","0.20","0.3686","0.0414","0.3480"
"WEP","28-Feb-2025","39","99.83","101.13","0.16","-2.420","0.00","0.20","0.3686","0.0414","0.3480"
"WEP","28-Feb-2025","40","99.90","100.31","0.15","-1.520","0.00","0.20","0.3686","0.0414","0.3480"
"WEP","28-Feb-2025","41","103.68","104.79","0.14","-2.210","0.00","0.20","0.3686","0.0414","0.3480"
"WEP","28-Feb-2025","42","100.30","101.01","0.14","-1.810","0.00","0.20","0.3686","0.0414","0.3480"
"WEP","28-Feb-2025","43","100.62","101.13","0.14","-1.610","0.00","0.20","0.3686","0.0414","0.3480"
"WEP","28-Feb-2025","44","100.53","100.81","0.09","-1.330","0.00","0.20","0.3686","0.0414","0.3480"
"WEP","28-Feb-2025","45","100.22","100.33","0.13","-1.200","0.00","0.20","0.3686","0.0414","0.3480"
"WEP","28-Feb-2025","46","99.39","99.45","0.13","-1.140","0.00","0.20","0.3686","0.0414","0.3480"
"WEP","28-Feb-2025","47","99.82","99.39","0.14","-0.670","0.00","0.20","0.3686","0.0414","0.3480"
"WEP","28-Feb-2025","48","100.65","100.41","0.13","-0.850","0.00","0.20","0.3686","0.0414","0.3480"
