"INFORMATION TYPE","DATE","PERIOD","WEP ($/MWh)","USEP ($/MWh)","AFP ($/MWh)","HEUR ($/MWh)","HLCU ($/MWh)","MEUC ($/MWh)","EMC Price Cap Fees ($/MWh)","EMC Price Adj Fees ($/MWh)","PSO Fees ($/MWh)"
"WEP","01-Jun-2025","1","126.99","125.17","0.15","-1.050","0.00","1.92","0.3686","0.0313","0.4039"
"WEP","01-Jun-2025","2","119.87","117.62","0.10","-0.580","0.00","1.92","0.3686","0.0313","0.4039"
"WEP","01-Jun-2025","3","118.58","116.58","0.09","-0.820","0.00","1.92","0.3686","0.0313","0.4039"
"WEP","01-Jun-2025","4","103.56","101.81","0.06","-1.040","0.00","1.92","0.3686","0.0313","0.4039"
"WEP","01-Jun-2025","5","103.73","101.81","0.06","-0.870","0.00","1.92","0.3686","0.0313","0.4039"
"WEP","01-Jun-2025","6","102.56","101.12","0.06","-1.340","0.00","1.92","0.3686","0.0313","0.4039"
"WEP","01-Jun-2025","7","102.43","100.83","0.06","-1.190","0.00","1.92","0.3686","0.0313","0.4039"
"WEP","01-Jun-2025","8","102.41","100.81","0.06","-1.180","0.00","1.92","0.3686","0.0313","0.4039"
"WEP","01-Jun-2025","9","102.15","100.78","0.05","-1.410","0.00","1.92","0.3686","0.0313","0.4039"
"WEP","01-Jun-2025","10","102.56","100.81","0.06","-1.040","0.00","1.92","0.3686","0.0313","0.4039"
"WEP","01-Jun-2025","11","103.06","101.16","0.07","-0.890","0.00","1.92","0.3686","0.0313","0.4039"
"WEP","01-Jun-2025","12","110.58","109.14","0.13","-1.420","0.00","1.92","0.3686","0.0313","0.4039"
"WEP","01-Jun-2025","13","116.42","114.86","0.22","-1.390","0.00","1.92","0.3686","0.0313","0.4039"
"WEP","01-Jun-2025","14","118.92","116.90","0.38","-1.090","0.00","1.92","0.3686","0.0313","0.4039"
"WEP","01-Jun-2025","15","120.25","117.84","0.49","-0.800","0.00","1.92","0.3686","0.0313","0.4039"
"WEP","01-Jun-2025","16","128.41","125.95","0.51","-0.770","0.00","1.92","0.3686","0.0313","0.4039"
"WEP","01-Jun-2025","17","118.54","116.51","0.30","-0.990","0.00","1.92","0.3686","0.0313","0.4039"
"WEP","01-Jun-2025","18","116.50","115.01","0.28","-1.520","0.00","1.92","0.3686","0.0313","0.4039"
"WEP","01-Jun-2025","19","116.93","114.95","0.23","-0.970","0.00","1.92","0.3686","0.0313","0.4039"
"WEP","01-Jun-2025","20","98.33","96.20","0.16","-0.760","0.00","1.92","0.3686","0.0313","0.4039"
"WEP","01-Jun-2025","21","98.67","96.20","0.14","-0.390","0.00","1.92","0.3686","0.0313","0.4039"
"WEP","01-Jun-2025","22","98.57","96.21","0.14","-0.500","0.00","1.92","0.3686","0.0313","0.4039"
"WEP","01-Jun-2025","23","94.61","91.81","0.13","-0.050","0.00","1.92","0.3686","0.0313","0.4039"
"WEP","01-Jun-2025","24","87.48","85.46","0.13","-0.830","0.00","1.92","0.3686","0.0313","0.4039"
"WEP","01-Jun-2025","25","80.63","79.24","0.14","-1.470","0.00","1.92","0.3686","0.0313","0.4039"
"WEP","01-Jun-2025","26","80.20","78.85","0.14","-1.510","0.00","1.92","0.3686","0.0313","0.4039"
"WEP","01-Jun-2025","27","80.06","78.85","0.14","-1.660","0.00","1.92","0.3686","0.0313","0.4039"
"WEP","01-Jun-2025","28","78.86","77.41","0.13","-1.410","0.00","1.92","0.3686","0.0313","0.4039"
"WEP","01-Jun-2025","29","80.77","79.17","0.13","-1.250","0.00","1.92","0.3686","0.0313","0.4039"
"WEP","01-Jun-2025","30","79.74","78.85","0.08","-1.910","0.00","1.92","0.3686","0.0313","0.4039"
"WEP","01-Jun-2025","31","79.97","79.25","0.09","-2.090","0.00","1.92","0.3686","0.0313","0.4039"
"WEP","01-Jun-2025","32","83.59","83.29","0.14","-2.560","0.00","1.92","0.3686","0.0313","0.4039"
"WEP","01-Jun-2025","33","92.63","91.56","0.10","-1.760","0.00","1.92","0.3686","0.0313","0.4039"
"WEP","01-Jun-2025","34","97.60","96.27","0.14","-1.530","0.00","1.92","0.3686","0.0313","0.4039"
"WEP","01-Jun-2025","35","97.32","96.31","0.28","-1.990","0.00","1.92","0.3686","0.0313","0.4039"
"WEP","01-Jun-2025","36","101.38","101.00","0.14","-2.480","0.00","1.92","0.3686","0.0313","0.4039"
"WEP","01-Jun-2025","37","115.86","114.99","0.26","-2.120","0.00","1.92","0.3686","0.0313","0.4039"
"WEP","01-Jun-2025","38","118.41","117.23","0.24","-1.780","0.00","1.92","0.3686","0.0313","0.4039"
"WEP","01-Jun-2025","39","125.62","124.16","0.16","-1.420","0.00","1.92","0.3686","0.0313","0.4039"
"WEP","01-Jun-2025","40","126.56","125.34","0.15","-1.660","0.00","1.92","0.3686","0.0313","0.4039"
"WEP","01-Jun-2025","41","146.49","145.58","0.14","-1.960","0.00","1.92","0.3686","0.0313","0.4039"
"WEP","01-Jun-2025","42","162.07","161.70","0.14","-2.490","0.00","1.92","0.3686","0.0313","0.4039"
"WEP","01-Jun-2025","43","145.18","144.75","0.14","-2.430","0.00","1.92","0.3686","0.0313","0.4039"
"WEP","01-Jun-2025","44","118.03","116.77","0.12","-1.580","0.00","1.92","0.3686","0.0313","0.4039"
"WEP","01-Jun-2025","45","118.04","116.71","0.13","-1.520","0.00","1.92","0.3686","0.0313","0.4039"
"WEP","01-Jun-2025","46","116.93","115.07","0.12","-0.990","0.00","1.92","0.3686","0.0313","0.4039"
"WEP","01-Jun-2025","47","117.76","116.21","0.13","-1.300","0.00","1.92","0.3686","0.0313","0.4039"
"WEP","01-Jun-2025","48","119.84","117.11","0.12","-0.110","0.00","1.92","0.3686","0.0313","0.4039"
"WEP","02-Jun-2025","1","143.05","139.86","0.12","0.380","0.00","1.92","0.3686","0.0288","0.3725"
"WEP","02-Jun-2025","2","120.02","116.59","0.10","0.640","0.00","1.92","0.3686","0.0288","0.3725"
"WEP","02-Jun-2025","3","103.93","100.91","0.07","0.260","0.00","1.92","0.3686","0.0288","0.3725"
"WEP","02-Jun-2025","4","98.81","96.26","0.06","-0.200","0.00","1.92","0.3686","0.0288","0.3725"
"WEP","02-Jun-2025","5","97.92","96.13","0.07","-0.970","0.00","1.92","0.3686","0.0288","0.3725"
"WEP","02-Jun-2025","6","98.54","96.03","0.07","-0.250","0.00","1.92","0.3686","0.0288","0.3725"
"WEP","02-Jun-2025","7","98.75","95.99","0.07","0.000","0.00","1.92","0.3686","0.0288","0.3725"
"WEP","02-Jun-2025","8","109.14","106.55","0.07","-0.170","0.00","1.92","0.3686","0.0288","0.3725"
"WEP","02-Jun-2025","9","119.62","117.07","0.07","-0.210","0.00","1.92","0.3686","0.0288","0.3725"
"WEP","02-Jun-2025","10","128.00","125.18","0.07","0.060","0.00","1.92","0.3686","0.0288","0.3725"
"WEP","02-Jun-2025","11","123.32","120.22","0.10","0.310","0.00","1.92","0.3686","0.0288","0.3725"
"WEP","02-Jun-2025","12","132.68","129.64","0.13","0.220","0.00","1.92","0.3686","0.0288","0.3725"
"WEP","02-Jun-2025","13","170.29","167.42","0.33","-0.150","0.00","1.92","0.3686","0.0288","0.3725"
"WEP","02-Jun-2025","14","186.78","184.11","0.37","-0.390","0.00","1.92","0.3686","0.0288","0.3725"
"WEP","02-Jun-2025","15","126.77","124.83","0.45","-1.200","0.00","1.92","0.3686","0.0288","0.3725"
"WEP","02-Jun-2025","16","151.57","150.46","0.37","-1.950","0.00","1.92","0.3686","0.0288","0.3725"
"WEP","02-Jun-2025","17","201.51","200.92","1.00","-3.100","0.00","1.92","0.3686","0.0288","0.3725"
"WEP","02-Jun-2025","18","335.08","334.50","3.32","-5.430","0.00","1.92","0.3686","0.0288","0.3725"
"WEP","02-Jun-2025","19","318.91","315.59","2.75","-2.120","0.00","1.92","0.3686","0.0288","0.3725"
"WEP","02-Jun-2025","20","126.72","125.41","0.50","-1.880","0.00","1.92","0.3686","0.0288","0.3725"
"WEP","02-Jun-2025","21","119.62","117.17","0.21","-0.450","0.00","1.92","0.3686","0.0288","0.3725"
"WEP","02-Jun-2025","22","116.45","115.01","0.18","-1.430","0.00","1.92","0.3686","0.0288","0.3725"
"WEP","02-Jun-2025","23","102.51","101.60","0.12","-1.900","0.00","1.92","0.3686","0.0288","0.3725"
"WEP","02-Jun-2025","24","97.63","96.33","0.09","-1.480","0.00","1.92","0.3686","0.0288","0.3725"
"WEP","02-Jun-2025","25","97.83","96.23","0.13","-1.220","0.00","1.92","0.3686","0.0288","0.3725"
"WEP","02-Jun-2025","26","93.12","91.51","0.13","-1.210","0.00","1.92","0.3686","0.0288","0.3725"
"WEP","02-Jun-2025","27","92.79","91.09","0.12","-1.110","0.00","1.92","0.3686","0.0288","0.3725"
"WEP","02-Jun-2025","28","92.43","91.12","0.12","-1.500","0.00","1.92","0.3686","0.0288","0.3725"
"WEP","02-Jun-2025","29","93.21","91.13","0.08","-0.690","0.00","1.92","0.3686","0.0288","0.3725"
"WEP","02-Jun-2025","30","92.52","90.85","0.07","-1.090","0.00","1.92","0.3686","0.0288","0.3725"
"WEP","02-Jun-2025","31","92.50","91.10","0.08","-1.370","0.00","1.92","0.3686","0.0288","0.3725"
"WEP","02-Jun-2025","32","92.63","91.52","0.12","-1.700","0.00","1.92","0.3686","0.0288","0.3725"
"WEP","02-Jun-2025","33","98.48","97.57","0.11","-1.890","0.00","1.92","0.3686","0.0288","0.3725"
"WEP","02-Jun-2025","34","102.27","101.29","0.13","-1.840","0.00","1.92","0.3686","0.0288","0.3725"
"WEP","02-Jun-2025","35","117.39","116.66","0.44","-2.400","0.00","1.92","0.3686","0.0288","0.3725"
"WEP","02-Jun-2025","36","118.14","117.20","0.35","-2.100","0.00","1.92","0.3686","0.0288","0.3725"
"WEP","02-Jun-2025","37","123.40","122.20","0.40","-1.890","0.00","1.92","0.3686","0.0288","0.3725"
"WEP","02-Jun-2025","38","143.86","142.18","0.83","-1.840","0.00","1.92","0.3686","0.0288","0.3725"
"WEP","02-Jun-2025","39","170.04","168.01","0.96","-1.620","0.00","1.92","0.3686","0.0288","0.3725"
"WEP","02-Jun-2025","40","142.07","139.91","0.56","-1.090","0.00","1.92","0.3686","0.0288","0.3725"
"WEP","02-Jun-2025","41","137.47","135.46","0.35","-1.030","0.00","1.92","0.3686","0.0288","0.3725"
"WEP","02-Jun-2025","42","132.60","130.75","0.32","-1.160","0.00","1.92","0.3686","0.0288","0.3725"
"WEP","02-Jun-2025","43","127.29","125.49","0.29","-1.180","0.00","1.92","0.3686","0.0288","0.3725"
"WEP","02-Jun-2025","44","121.06","119.47","0.12","-1.220","0.00","1.92","0.3686","0.0288","0.3725"
"WEP","02-Jun-2025","45","121.10","118.88","0.12","-0.590","0.00","1.92","0.3686","0.0288","0.3725"
"WEP","02-Jun-2025","46","119.15","116.75","0.12","-0.410","0.00","1.92","0.3686","0.0288","0.3725"
"WEP","02-Jun-2025","47","125.62","123.70","0.13","-0.900","0.00","1.92","0.3686","0.0288","0.3725"
"WEP","02-Jun-2025","48","198.32","196.82","0.12","-1.310","0.00","1.92","0.3686","0.0288","0.3725"
"WEP","03-Jun-2025","1","204.37","200.67","0.12","0.900","0.00","1.92","0.3686","0.0287","0.3709"
"WEP","03-Jun-2025","2","195.87","192.16","0.10","0.930","0.00","1.92","0.3686","0.0287","0.3709"
"WEP","03-Jun-2025","3","194.80","191.38","0.06","0.670","0.00","1.92","0.3686","0.0287","0.3709"
"WEP","03-Jun-2025","4","156.11","151.94","0.06","1.420","0.00","1.92","0.3686","0.0287","0.3709"
"WEP","03-Jun-2025","5","194.62","191.06","0.06","0.820","0.00","1.92","0.3686","0.0287","0.3709"
"WEP","03-Jun-2025","6","175.03","171.70","0.07","0.570","0.00","1.92","0.3686","0.0287","0.3709"
"WEP","03-Jun-2025","7","155.66","151.92","0.06","0.990","0.00","1.92","0.3686","0.0287","0.3709"
"WEP","03-Jun-2025","8","144.34","140.81","0.06","0.780","0.00","1.92","0.3686","0.0287","0.3709"
"WEP","03-Jun-2025","9","134.02","130.69","0.06","0.590","0.00","1.92","0.3686","0.0287","0.3709"
"WEP","03-Jun-2025","10","155.71","151.93","0.06","1.030","0.00","1.92","0.3686","0.0287","0.3709"
"WEP","03-Jun-2025","11","195.09","191.39","0.10","0.910","0.00","1.92","0.3686","0.0287","0.3709"
"WEP","03-Jun-2025","12","156.14","151.92","0.13","1.410","0.00","1.92","0.3686","0.0287","0.3709"
"WEP","03-Jun-2025","13","158.17","154.23","0.32","0.930","0.00","1.92","0.3686","0.0287","0.3709"
"WEP","03-Jun-2025","14","196.76","193.61","0.52","-0.050","0.00","1.92","0.3686","0.0287","0.3709"
"WEP","03-Jun-2025","15","188.05","185.26","0.44","-0.340","0.00","1.92","0.3686","0.0287","0.3709"
"WEP","03-Jun-2025","16","260.96","257.25","0.93","0.090","0.00","1.92","0.3686","0.0287","0.3709"
"WEP","03-Jun-2025","17","337.98","334.26","2.76","-1.730","0.00","1.92","0.3686","0.0287","0.3709"
"WEP","03-Jun-2025","18","340.98","334.76","3.41","0.130","0.00","1.92","0.3686","0.0287","0.3709"
"WEP","03-Jun-2025","19","173.28","169.49","1.12","-0.020","0.00","1.92","0.3686","0.0287","0.3709"
"WEP","03-Jun-2025","20","130.79","126.43","0.74","0.940","0.00","1.92","0.3686","0.0287","0.3709"
"WEP","03-Jun-2025","21","128.92","125.36","0.32","0.550","0.00","1.92","0.3686","0.0287","0.3709"
"WEP","03-Jun-2025","22","116.69","115.04","0.25","-1.290","0.00","1.92","0.3686","0.0287","0.3709"
"WEP","03-Jun-2025","23","113.01","111.71","0.20","-1.590","0.00","1.92","0.3686","0.0287","0.3709"
"WEP","03-Jun-2025","24","126.87","124.83","0.18","-0.830","0.00","1.92","0.3686","0.0287","0.3709"
"WEP","03-Jun-2025","25","128.10","126.27","0.22","-1.080","0.00","1.92","0.3686","0.0287","0.3709"
"WEP","03-Jun-2025","26","663.95","666.91","2.65","-8.290","0.00","1.92","0.3686","0.0287","0.3709"
"WEP","03-Jun-2025","27","201.47","200.94","0.35","-2.510","0.00","1.92","0.3686","0.0287","0.3709"
"WEP","03-Jun-2025","28","334.92","334.77","1.63","-4.170","0.00","1.92","0.3686","0.0287","0.3709"
"WEP","03-Jun-2025","29","426.74","419.58","2.33","-1.390","3.53","1.92","0.3686","0.0287","0.3709"
"WEP","03-Jun-2025","30","307.68","301.67","1.27","1.060","1.00","1.92","0.3686","0.0287","0.3709"
"WEP","03-Jun-2025","31","156.82","153.00","0.30","0.830","0.00","1.92","0.3686","0.0287","0.3709"
"WEP","03-Jun-2025","32","129.02","124.68","0.37","1.280","0.00","1.92","0.3686","0.0287","0.3709"
"WEP","03-Jun-2025","33","112.91","109.31","0.17","0.740","0.00","1.92","0.3686","0.0287","0.3709"
"WEP","03-Jun-2025","34","99.90","96.37","0.13","0.710","0.00","1.92","0.3686","0.0287","0.3709"
"WEP","03-Jun-2025","35","99.42","96.37","0.19","0.170","0.00","1.92","0.3686","0.0287","0.3709"
"WEP","03-Jun-2025","36","99.00","96.37","0.15","-0.210","0.00","1.92","0.3686","0.0287","0.3709"
"WEP","03-Jun-2025","37","119.47","117.04","0.47","-0.720","0.00","1.92","0.3686","0.0287","0.3709"
"WEP","03-Jun-2025","38","126.03","123.30","0.60","-0.550","0.00","1.92","0.3686","0.0287","0.3709"
"WEP","03-Jun-2025","39","118.64","115.30","0.40","0.250","0.00","1.92","0.3686","0.0287","0.3709"
"WEP","03-Jun-2025","40","127.60","125.25","0.42","-0.750","0.00","1.92","0.3686","0.0287","0.3709"
"WEP","03-Jun-2025","41","203.22","200.98","0.87","-1.320","0.00","1.92","0.3686","0.0287","0.3709"
"WEP","03-Jun-2025","42","203.54","201.01","0.50","-0.650","0.00","1.92","0.3686","0.0287","0.3709"
"WEP","03-Jun-2025","43","128.52","125.34","0.33","0.170","0.00","1.92","0.3686","0.0287","0.3709"
"WEP","03-Jun-2025","44","119.99","117.24","0.16","-0.090","0.00","1.92","0.3686","0.0287","0.3709"
"WEP","03-Jun-2025","45","128.28","125.49","0.13","-0.030","0.00","1.92","0.3686","0.0287","0.3709"
"WEP","03-Jun-2025","46","121.48","118.46","0.12","0.220","0.00","1.92","0.3686","0.0287","0.3709"
"WEP","03-Jun-2025","47","114.74","110.88","0.14","1.030","0.00","1.92","0.3686","0.0287","0.3709"
"WEP","03-Jun-2025","48","111.89","108.53","0.12","0.550","0.00","1.92","0.3686","0.0287","0.3709"
"WEP","04-Jun-2025","1","118.43","117.07","0.09","-1.420","0.00","1.92","0.3686","0.0287","0.3712"
"WEP","04-Jun-2025","2","119.06","116.67","0.06","-0.360","0.00","1.92","0.3686","0.0287","0.3712"
"WEP","04-Jun-2025","3","114.27","111.34","0.05","0.190","0.00","1.92","0.3686","0.0287","0.3712"
"WEP","04-Jun-2025","4","102.80","100.55","0.05","-0.490","0.00","1.92","0.3686","0.0287","0.3712"
"WEP","04-Jun-2025","5","106.33","104.65","0.05","-1.060","0.00","1.92","0.3686","0.0287","0.3712"
"WEP","04-Jun-2025","6","102.88","100.66","0.05","-0.520","0.00","1.92","0.3686","0.0287","0.3712"
"WEP","04-Jun-2025","7","98.27","96.26","0.05","-0.730","0.00","1.92","0.3686","0.0287","0.3712"
"WEP","04-Jun-2025","8","97.73","96.23","0.05","-1.240","0.00","1.92","0.3686","0.0287","0.3712"
"WEP","04-Jun-2025","9","98.64","95.79","0.05","0.120","0.00","1.92","0.3686","0.0287","0.3712"
"WEP","04-Jun-2025","10","106.34","104.03","0.05","-0.430","0.00","1.92","0.3686","0.0287","0.3712"
"WEP","04-Jun-2025","11","98.95","95.79","0.06","0.410","0.00","1.92","0.3686","0.0287","0.3712"
"WEP","04-Jun-2025","12","104.13","100.96","0.13","0.350","0.00","1.92","0.3686","0.0287","0.3712"
"WEP","04-Jun-2025","13","127.77","124.78","0.16","0.150","0.00","1.92","0.3686","0.0287","0.3712"
"WEP","04-Jun-2025","14","147.83","144.89","0.35","-0.100","0.00","1.92","0.3686","0.0287","0.3712"
"WEP","04-Jun-2025","15","128.04","126.74","0.40","-1.790","0.00","1.92","0.3686","0.0287","0.3712"
"WEP","04-Jun-2025","16","186.64","186.34","0.43","-2.820","0.00","1.92","0.3686","0.0287","0.3712"
"WEP","04-Jun-2025","17","152.76","149.99","0.59","-0.510","0.00","1.92","0.3686","0.0287","0.3712"
"WEP","04-Jun-2025","18","203.33","200.93","1.46","-1.750","0.00","1.92","0.3686","0.0287","0.3712"
"WEP","04-Jun-2025","19","116.31","114.05","0.34","-0.770","0.00","1.92","0.3686","0.0287","0.3712"
"WEP","04-Jun-2025","20","98.71","96.38","0.21","-0.570","0.00","1.92","0.3686","0.0287","0.3712"
"WEP","04-Jun-2025","21","98.45","96.37","0.09","-0.700","0.00","1.92","0.3686","0.0287","0.3712"
"WEP","04-Jun-2025","22","99.05","97.18","0.09","-0.910","0.00","1.92","0.3686","0.0287","0.3712"
"WEP","04-Jun-2025","23","97.46","96.21","0.12","-1.560","0.00","1.92","0.3686","0.0287","0.3712"
"WEP","04-Jun-2025","24","97.80","96.34","0.09","-1.320","0.00","1.92","0.3686","0.0287","0.3712"
"WEP","04-Jun-2025","25","98.77","96.35","0.13","-0.400","0.00","1.92","0.3686","0.0287","0.3712"
"WEP","04-Jun-2025","26","98.13","95.86","0.13","-0.550","0.00","1.92","0.3686","0.0287","0.3712"
"WEP","04-Jun-2025","27","92.13","90.16","0.12","-0.830","0.00","1.92","0.3686","0.0287","0.3712"
"WEP","04-Jun-2025","28","92.53","90.71","0.09","-0.960","0.00","1.92","0.3686","0.0287","0.3712"
"WEP","04-Jun-2025","29","86.64","86.48","0.07","-2.600","0.00","1.92","0.3686","0.0287","0.3712"
"WEP","04-Jun-2025","30","92.46","91.19","0.07","-1.490","0.00","1.92","0.3686","0.0287","0.3712"
"WEP","04-Jun-2025","31","119.54","118.64","0.11","-1.900","0.00","1.92","0.3686","0.0287","0.3712"
"WEP","04-Jun-2025","32","116.45","116.66","0.19","-3.090","0.00","1.92","0.3686","0.0287","0.3712"
"WEP","04-Jun-2025","33","136.58","136.32","0.35","-2.780","0.00","1.92","0.3686","0.0287","0.3712"
"WEP","04-Jun-2025","34","310.03","309.24","2.55","-4.450","0.00","1.92","0.3686","0.0287","0.3712"
"WEP","04-Jun-2025","35","509.48","511.29","3.73","-8.230","0.00","1.92","0.3686","0.0287","0.3712"
"WEP","04-Jun-2025","36","338.18","338.30","2.51","-5.310","0.00","1.92","0.3686","0.0287","0.3712"
"WEP","04-Jun-2025","37","128.97","126.49","0.45","-0.660","0.00","1.92","0.3686","0.0287","0.3712"
"WEP","04-Jun-2025","38","128.79","126.50","0.53","-0.930","0.00","1.92","0.3686","0.0287","0.3712"
"WEP","04-Jun-2025","39","127.84","125.41","0.38","-0.640","0.00","1.92","0.3686","0.0287","0.3712"
"WEP","04-Jun-2025","40","128.17","126.48","0.23","-1.230","0.00","1.92","0.3686","0.0287","0.3712"
"WEP","04-Jun-2025","41","127.35","125.38","0.28","-1.000","0.00","1.92","0.3686","0.0287","0.3712"
"WEP","04-Jun-2025","42","127.02","125.45","0.30","-1.420","0.00","1.92","0.3686","0.0287","0.3712"
"WEP","04-Jun-2025","43","126.89","125.49","0.15","-1.440","0.00","1.92","0.3686","0.0287","0.3712"
"WEP","04-Jun-2025","44","99.07","96.44","0.12","-0.180","0.00","1.92","0.3686","0.0287","0.3712"
"WEP","04-Jun-2025","45","117.03","115.18","0.13","-0.970","0.00","1.92","0.3686","0.0287","0.3712"
"WEP","04-Jun-2025","46","119.02","117.27","0.12","-1.060","0.00","1.92","0.3686","0.0287","0.3712"
"WEP","04-Jun-2025","47","117.52","115.10","0.13","-0.390","0.00","1.92","0.3686","0.0287","0.3712"
"WEP","04-Jun-2025","48","99.74","96.08","0.09","0.880","0.00","1.92","0.3686","0.0287","0.3712"
"WEP","05-Jun-2025","1","112.03","109.31","0.12","-0.090","0.00","1.92","0.3686","0.0289","0.3738"
"WEP","05-Jun-2025","2","122.67","121.30","0.10","-1.420","0.00","1.92","0.3686","0.0289","0.3738"
"WEP","05-Jun-2025","3","124.65","122.92","0.09","-1.060","0.00","1.92","0.3686","0.0289","0.3738"
"WEP","05-Jun-2025","4","124.42","122.67","0.09","-1.040","0.00","1.92","0.3686","0.0289","0.3738"
"WEP","05-Jun-2025","5","118.74","117.57","0.06","-1.580","0.00","1.92","0.3686","0.0289","0.3738"
"WEP","05-Jun-2025","6","121.56","120.18","0.09","-1.400","0.00","1.92","0.3686","0.0289","0.3738"
"WEP","05-Jun-2025","7","109.09","108.35","0.06","-2.010","0.00","1.92","0.3686","0.0289","0.3738"
"WEP","05-Jun-2025","8","104.98","104.29","0.06","-2.060","0.00","1.92","0.3686","0.0289","0.3738"
"WEP","05-Jun-2025","9","105.00","104.32","0.06","-2.070","0.00","1.92","0.3686","0.0289","0.3738"
"WEP","05-Jun-2025","10","111.92","110.88","0.06","-1.720","0.00","1.92","0.3686","0.0289","0.3738"
"WEP","05-Jun-2025","11","124.40","122.91","0.10","-1.300","0.00","1.92","0.3686","0.0289","0.3738"
"WEP","05-Jun-2025","12","191.75","191.78","0.16","-2.880","0.00","1.92","0.3686","0.0289","0.3738"
"WEP","05-Jun-2025","13","193.28","191.44","0.49","-1.340","0.00","1.92","0.3686","0.0289","0.3738"
"WEP","05-Jun-2025","14","209.48","208.29","0.53","-2.030","0.00","1.92","0.3686","0.0289","0.3738"
"WEP","05-Jun-2025","15","221.90","221.52","0.57","-2.880","0.00","1.92","0.3686","0.0289","0.3738"
"WEP","05-Jun-2025","16","413.08","409.69","0.96","-3.330","3.07","1.92","0.3686","0.0289","0.3738"
"WEP","05-Jun-2025","17","471.51","455.11","2.10","-2.720","14.33","1.92","0.3686","0.0289","0.3738"
"WEP","05-Jun-2025","18","541.21","524.23","3.13","-2.320","13.48","1.92","0.3686","0.0289","0.3738"
"WEP","05-Jun-2025","19","127.00","124.91","0.51","-1.120","0.00","1.92","0.3686","0.0289","0.3738"
"WEP","05-Jun-2025","20","125.02","123.08","0.39","-1.140","0.00","1.92","0.3686","0.0289","0.3738"
"WEP","05-Jun-2025","21","126.70","125.35","0.30","-1.640","0.00","1.92","0.3686","0.0289","0.3738"
"WEP","05-Jun-2025","22","124.91","124.10","0.30","-2.190","0.00","1.92","0.3686","0.0289","0.3738"
"WEP","05-Jun-2025","23","127.94","126.36","0.28","-1.400","0.00","1.92","0.3686","0.0289","0.3738"
"WEP","05-Jun-2025","24","99.63","97.69","0.12","-0.880","0.00","1.92","0.3686","0.0289","0.3738"
"WEP","05-Jun-2025","25","97.63","96.45","0.13","-1.640","0.00","1.92","0.3686","0.0289","0.3738"
"WEP","05-Jun-2025","26","124.36","123.25","0.19","-1.770","0.00","1.92","0.3686","0.0289","0.3738"
"WEP","05-Jun-2025","27","127.20","125.35","0.21","-1.050","0.00","1.92","0.3686","0.0289","0.3738"
"WEP","05-Jun-2025","28","127.36","125.26","0.18","-0.770","0.00","1.92","0.3686","0.0289","0.3738"
"WEP","05-Jun-2025","29","194.26","191.98","0.20","-0.610","0.00","1.92","0.3686","0.0289","0.3738"
"WEP","05-Jun-2025","30","112.53","111.16","0.19","-1.520","0.00","1.92","0.3686","0.0289","0.3738"
"WEP","05-Jun-2025","31","101.05","100.00","0.12","-1.760","0.00","1.92","0.3686","0.0289","0.3738"
"WEP","05-Jun-2025","32","101.45","99.75","0.15","-1.140","0.00","1.92","0.3686","0.0289","0.3738"
"WEP","05-Jun-2025","33","114.31","113.03","0.21","-1.620","0.00","1.92","0.3686","0.0289","0.3738"
"WEP","05-Jun-2025","34","123.98","122.85","0.24","-1.800","0.00","1.92","0.3686","0.0289","0.3738"
"WEP","05-Jun-2025","35","124.55","123.87","0.44","-2.450","0.00","1.92","0.3686","0.0289","0.3738"
"WEP","05-Jun-2025","36","101.89","100.47","0.32","-1.590","0.00","1.92","0.3686","0.0289","0.3738"
"WEP","05-Jun-2025","37","119.38","118.53","0.35","-2.190","0.00","1.92","0.3686","0.0289","0.3738"
"WEP","05-Jun-2025","38","124.87","125.27","0.41","-3.500","0.00","1.92","0.3686","0.0289","0.3738"
"WEP","05-Jun-2025","39","126.52","126.41","0.40","-2.980","0.00","1.92","0.3686","0.0289","0.3738"
"WEP","05-Jun-2025","40","124.24","123.07","0.37","-1.890","0.00","1.92","0.3686","0.0289","0.3738"
"WEP","05-Jun-2025","41","125.21","125.43","0.32","-3.240","0.00","1.92","0.3686","0.0289","0.3738"
"WEP","05-Jun-2025","42","278.49","280.23","0.36","-4.790","0.00","1.92","0.3686","0.0289","0.3738"
"WEP","05-Jun-2025","43","208.62","208.70","0.35","-3.120","0.00","1.92","0.3686","0.0289","0.3738"
"WEP","05-Jun-2025","44","193.50","194.29","0.29","-3.770","0.00","1.92","0.3686","0.0289","0.3738"
"WEP","05-Jun-2025","45","201.96","200.91","0.28","-1.920","0.00","1.92","0.3686","0.0289","0.3738"
"WEP","05-Jun-2025","46","191.95","191.76","0.27","-2.770","0.00","1.92","0.3686","0.0289","0.3738"
"WEP","05-Jun-2025","47","183.19","182.52","0.29","-2.310","0.00","1.92","0.3686","0.0289","0.3738"
"WEP","05-Jun-2025","48","192.92","192.03","0.12","-1.920","0.00","1.92","0.3686","0.0289","0.3738"
"WEP","06-Jun-2025","1","203.22","200.64","0.13","-0.260","0.00","1.92","0.3686","0.0298","0.3853"
"WEP","06-Jun-2025","2","193.48","191.21","0.10","-0.530","0.00","1.92","0.3686","0.0298","0.3853"
"WEP","06-Jun-2025","3","132.55","129.98","0.09","-0.230","0.00","1.92","0.3686","0.0298","0.3853"
"WEP","06-Jun-2025","4","125.84","124.02","0.09","-0.970","0.00","1.92","0.3686","0.0298","0.3853"
"WEP","06-Jun-2025","5","124.99","123.92","0.09","-1.730","0.00","1.92","0.3686","0.0298","0.3853"
"WEP","06-Jun-2025","6","124.35","122.86","0.06","-1.270","0.00","1.92","0.3686","0.0298","0.3853"
"WEP","06-Jun-2025","7","124.14","122.86","0.06","-1.480","0.00","1.92","0.3686","0.0298","0.3853"
"WEP","06-Jun-2025","8","124.82","122.86","0.06","-0.800","0.00","1.92","0.3686","0.0298","0.3853"
"WEP","06-Jun-2025","9","124.76","122.86","0.06","-0.860","0.00","1.92","0.3686","0.0298","0.3853"
"WEP","06-Jun-2025","10","124.28","122.86","0.06","-1.350","0.00","1.92","0.3686","0.0298","0.3853"
"WEP","06-Jun-2025","11","126.15","123.92","0.10","-0.570","0.00","1.92","0.3686","0.0298","0.3853"
"WEP","06-Jun-2025","12","129.66","126.98","0.14","-0.160","0.00","1.92","0.3686","0.0298","0.3853"
"WEP","06-Jun-2025","13","127.61","124.12","0.37","0.420","0.00","1.92","0.3686","0.0298","0.3853"
"WEP","06-Jun-2025","14","185.67","182.86","0.55","-0.440","0.00","1.92","0.3686","0.0298","0.3853"
"WEP","06-Jun-2025","15","126.04","123.98","0.60","-1.240","0.00","1.92","0.3686","0.0298","0.3853"
"WEP","06-Jun-2025","16","133.97","131.93","0.58","-1.240","0.00","1.92","0.3686","0.0298","0.3853"
"WEP","06-Jun-2025","17","128.64","126.32","0.44","-0.820","0.00","1.92","0.3686","0.0298","0.3853"
"WEP","06-Jun-2025","18","203.80","200.94","1.01","-0.860","0.00","1.92","0.3686","0.0298","0.3853"
"WEP","06-Jun-2025","19","125.77","123.00","0.48","-0.410","0.00","1.92","0.3686","0.0298","0.3853"
"WEP","06-Jun-2025","20","120.16","116.98","0.39","0.090","0.00","1.92","0.3686","0.0298","0.3853"
"WEP","06-Jun-2025","21","99.04","96.38","0.13","-0.170","0.00","1.92","0.3686","0.0298","0.3853"
"WEP","06-Jun-2025","22","98.42","96.26","0.13","-0.670","0.00","1.92","0.3686","0.0298","0.3853"
"WEP","06-Jun-2025","23","98.78","100.12","0.13","-4.170","0.00","1.92","0.3686","0.0298","0.3853"
"WEP","06-Jun-2025","24","124.65","123.03","0.15","-1.240","0.00","1.92","0.3686","0.0298","0.3853"
"WEP","06-Jun-2025","25","98.99","95.96","0.15","0.180","0.00","1.92","0.3686","0.0298","0.3853"
"WEP","06-Jun-2025","26","94.17","91.22","0.14","0.110","0.00","1.92","0.3686","0.0298","0.3853"
"WEP","06-Jun-2025","27","92.16","90.63","0.13","-1.300","0.00","1.92","0.3686","0.0298","0.3853"
"WEP","06-Jun-2025","28","82.90","81.07","0.13","-1.000","0.00","1.92","0.3686","0.0298","0.3853"
"WEP","06-Jun-2025","29","82.02","79.75","0.08","-0.510","0.00","1.92","0.3686","0.0298","0.3853"
"WEP","06-Jun-2025","30","83.39","81.14","0.06","-0.520","0.00","1.92","0.3686","0.0298","0.3853"
"WEP","06-Jun-2025","31","82.76","80.81","0.08","-0.830","0.00","1.92","0.3686","0.0298","0.3853"
"WEP","06-Jun-2025","32","92.45","90.94","0.13","-1.320","0.00","1.92","0.3686","0.0298","0.3853"
"WEP","06-Jun-2025","33","96.58","95.78","0.09","-1.990","0.00","1.92","0.3686","0.0298","0.3853"
"WEP","06-Jun-2025","34","105.88","104.55","0.20","-1.570","0.00","1.92","0.3686","0.0298","0.3853"
"WEP","06-Jun-2025","35","123.95","122.85","0.72","-2.320","0.00","1.92","0.3686","0.0298","0.3853"
"WEP","06-Jun-2025","36","124.08","122.85","0.37","-1.840","0.00","1.92","0.3686","0.0298","0.3853"
"WEP","06-Jun-2025","37","125.56","124.21","0.40","-1.750","0.00","1.92","0.3686","0.0298","0.3853"
"WEP","06-Jun-2025","38","127.27","125.23","0.43","-1.090","0.00","1.92","0.3686","0.0298","0.3853"
"WEP","06-Jun-2025","39","129.05","126.36","0.42","-0.430","0.00","1.92","0.3686","0.0298","0.3853"
"WEP","06-Jun-2025","40","139.64","136.91","0.49","-0.460","0.00","1.92","0.3686","0.0298","0.3853"
"WEP","06-Jun-2025","41","144.98","142.15","0.34","-0.210","0.00","1.92","0.3686","0.0298","0.3853"
"WEP","06-Jun-2025","42","138.83","136.32","0.33","-0.530","0.00","1.92","0.3686","0.0298","0.3853"
"WEP","06-Jun-2025","43","128.44","126.35","0.34","-0.950","0.00","1.92","0.3686","0.0298","0.3853"
"WEP","06-Jun-2025","44","126.20","124.20","0.27","-0.970","0.00","1.92","0.3686","0.0298","0.3853"
"WEP","06-Jun-2025","45","126.76","124.22","0.13","-0.300","0.00","1.92","0.3686","0.0298","0.3853"
"WEP","06-Jun-2025","46","125.79","123.30","0.13","-0.350","0.00","1.92","0.3686","0.0298","0.3853"
"WEP","06-Jun-2025","47","121.92","119.66","0.13","-0.580","0.00","1.92","0.3686","0.0298","0.3853"
"WEP","06-Jun-2025","48","124.93","123.16","0.12","-1.050","0.00","1.92","0.3686","0.0298","0.3853"
"WEP","07-Jun-2025","1","116.10","114.73","0.12","-1.480","0.00","1.92","0.3686","0.0317","0.4095"
"WEP","07-Jun-2025","2","107.00","105.49","0.10","-1.320","0.00","1.92","0.3686","0.0317","0.4095"
"WEP","07-Jun-2025","3","124.46","122.88","0.09","-1.240","0.00","1.92","0.3686","0.0317","0.4095"
"WEP","07-Jun-2025","4","117.07","115.71","0.09","-1.460","0.00","1.92","0.3686","0.0317","0.4095"
"WEP","07-Jun-2025","5","108.78","106.85","0.09","-0.890","0.00","1.92","0.3686","0.0317","0.4095"
"WEP","07-Jun-2025","6","108.55","106.85","0.09","-1.120","0.00","1.92","0.3686","0.0317","0.4095"
"WEP","07-Jun-2025","7","104.34","101.98","0.10","-0.470","0.00","1.92","0.3686","0.0317","0.4095"
"WEP","07-Jun-2025","8","101.81","99.44","0.10","-0.460","0.00","1.92","0.3686","0.0317","0.4095"
"WEP","07-Jun-2025","9","98.02","96.19","0.09","-0.990","0.00","1.92","0.3686","0.0317","0.4095"
"WEP","07-Jun-2025","10","98.59","96.21","0.09","-0.440","0.00","1.92","0.3686","0.0317","0.4095"
"WEP","07-Jun-2025","11","98.83","96.79","0.11","-0.800","0.00","1.92","0.3686","0.0317","0.4095"
"WEP","07-Jun-2025","12","106.24","103.72","0.13","-0.340","0.00","1.92","0.3686","0.0317","0.4095"
"WEP","07-Jun-2025","13","106.04","103.75","0.16","-0.600","0.00","1.92","0.3686","0.0317","0.4095"
"WEP","07-Jun-2025","14","109.35","107.41","0.28","-1.070","0.00","1.92","0.3686","0.0317","0.4095"
"WEP","07-Jun-2025","15","98.77","96.79","0.32","-1.070","0.00","1.92","0.3686","0.0317","0.4095"
"WEP","07-Jun-2025","16","110.22","107.39","0.43","-0.330","0.00","1.92","0.3686","0.0317","0.4095"
"WEP","07-Jun-2025","17","109.34","106.85","0.20","-0.440","0.00","1.92","0.3686","0.0317","0.4095"
"WEP","07-Jun-2025","18","106.24","103.44","0.26","-0.190","0.00","1.92","0.3686","0.0317","0.4095"
"WEP","07-Jun-2025","19","98.85","96.04","0.16","-0.080","0.00","1.92","0.3686","0.0317","0.4095"
"WEP","07-Jun-2025","20","98.45","95.77","0.16","-0.210","0.00","1.92","0.3686","0.0317","0.4095"
"WEP","07-Jun-2025","21","93.42","90.73","0.14","-0.180","0.00","1.92","0.3686","0.0317","0.4095"
"WEP","07-Jun-2025","22","93.20","90.55","0.14","-0.220","0.00","1.92","0.3686","0.0317","0.4095"
"WEP","07-Jun-2025","23","92.47","90.55","0.14","-0.950","0.00","1.92","0.3686","0.0317","0.4095"
"WEP","07-Jun-2025","24","82.44","80.57","0.13","-0.990","0.00","1.92","0.3686","0.0317","0.4095"
"WEP","07-Jun-2025","25","81.10","79.05","0.14","-0.820","0.00","1.92","0.3686","0.0317","0.4095"
"WEP","07-Jun-2025","26","75.69","73.99","0.15","-1.180","0.00","1.92","0.3686","0.0317","0.4095"
"WEP","07-Jun-2025","27","73.02","71.45","0.14","-1.300","0.00","1.92","0.3686","0.0317","0.4095"
"WEP","07-Jun-2025","28","70.36","69.00","0.14","-1.510","0.00","1.92","0.3686","0.0317","0.4095"
"WEP","07-Jun-2025","29","74.37","73.23","0.13","-1.720","0.00","1.92","0.3686","0.0317","0.4095"
"WEP","07-Jun-2025","30","80.38","79.01","0.12","-1.480","0.00","1.92","0.3686","0.0317","0.4095"
"WEP","07-Jun-2025","31","79.96","78.71","0.13","-1.610","0.00","1.92","0.3686","0.0317","0.4095"
"WEP","07-Jun-2025","32","80.76","79.13","0.14","-1.240","0.00","1.92","0.3686","0.0317","0.4095"
"WEP","07-Jun-2025","33","89.45","88.44","0.13","-1.850","0.00","1.92","0.3686","0.0317","0.4095"
"WEP","07-Jun-2025","34","91.52","90.45","0.14","-1.800","0.00","1.92","0.3686","0.0317","0.4095"
"WEP","07-Jun-2025","35","96.80","95.80","0.26","-1.990","0.00","1.92","0.3686","0.0317","0.4095"
"WEP","07-Jun-2025","36","96.78","95.96","0.14","-2.050","0.00","1.92","0.3686","0.0317","0.4095"
"WEP","07-Jun-2025","37","123.74","122.90","0.16","-2.050","0.00","1.92","0.3686","0.0317","0.4095"
"WEP","07-Jun-2025","38","127.35","126.20","0.24","-1.810","0.00","1.92","0.3686","0.0317","0.4095"
"WEP","07-Jun-2025","39","195.64","194.94","0.18","-2.210","0.00","1.92","0.3686","0.0317","0.4095"
"WEP","07-Jun-2025","40","202.42","200.87","0.17","-1.350","0.00","1.92","0.3686","0.0317","0.4095"
"WEP","07-Jun-2025","41","209.22","207.36","0.14","-1.010","0.00","1.92","0.3686","0.0317","0.4095"
"WEP","07-Jun-2025","42","206.57","205.39","0.14","-1.690","0.00","1.92","0.3686","0.0317","0.4095"
"WEP","07-Jun-2025","43","200.03","199.47","0.14","-2.310","0.00","1.92","0.3686","0.0317","0.4095"
"WEP","07-Jun-2025","44","126.90","125.45","0.12","-1.400","0.00","1.92","0.3686","0.0317","0.4095"
"WEP","07-Jun-2025","45","126.97","125.34","0.13","-1.230","0.00","1.92","0.3686","0.0317","0.4095"
"WEP","07-Jun-2025","46","125.81","124.22","0.13","-1.270","0.00","1.92","0.3686","0.0317","0.4095"
"WEP","07-Jun-2025","47","124.65","123.20","0.14","-1.420","0.00","1.92","0.3686","0.0317","0.4095"
"WEP","07-Jun-2025","48","125.78","125.37","0.30","-2.620","0.00","1.92","0.3686","0.0317","0.4095"
"WEP","08-Jun-2025","1","201.98","200.97","0.29","-2.010","0.00","1.92","0.3686","0.0320","0.4132"
"WEP","08-Jun-2025","2","194.13","191.87","0.17","-0.650","0.00","1.92","0.3686","0.0320","0.4132"
"WEP","08-Jun-2025","3","127.42","125.18","0.09","-0.580","0.00","1.92","0.3686","0.0320","0.4132"
"WEP","08-Jun-2025","4","118.61","116.67","0.09","-0.890","0.00","1.92","0.3686","0.0320","0.4132"
"WEP","08-Jun-2025","5","118.15","116.65","0.09","-1.330","0.00","1.92","0.3686","0.0320","0.4132"
"WEP","08-Jun-2025","6","109.84","108.37","0.07","-1.330","0.00","1.92","0.3686","0.0320","0.4132"
"WEP","08-Jun-2025","7","109.46","107.98","0.07","-1.330","0.00","1.92","0.3686","0.0320","0.4132"
"WEP","08-Jun-2025","8","112.37","109.83","0.07","-0.260","0.00","1.92","0.3686","0.0320","0.4132"
"WEP","08-Jun-2025","9","102.00","99.22","0.06","-0.020","0.00","1.92","0.3686","0.0320","0.4132"
"WEP","08-Jun-2025","10","98.89","96.13","0.06","-0.030","0.00","1.92","0.3686","0.0320","0.4132"
"WEP","08-Jun-2025","11","99.12","95.99","0.11","0.280","0.00","1.92","0.3686","0.0320","0.4132"
"WEP","08-Jun-2025","12","99.00","95.97","0.14","0.150","0.00","1.92","0.3686","0.0320","0.4132"
"WEP","08-Jun-2025","13","98.99","96.09","0.21","-0.050","0.00","1.92","0.3686","0.0320","0.4132"
"WEP","08-Jun-2025","14","99.11","96.26","0.29","-0.180","0.00","1.92","0.3686","0.0320","0.4132"
"WEP","08-Jun-2025","15","97.98","96.21","0.38","-1.340","0.00","1.92","0.3686","0.0320","0.4132"
"WEP","08-Jun-2025","16","98.84","96.28","0.39","-0.560","0.00","1.92","0.3686","0.0320","0.4132"
"WEP","08-Jun-2025","17","103.89","101.42","0.39","-0.650","0.00","1.92","0.3686","0.0320","0.4132"
"WEP","08-Jun-2025","18","114.55","111.31","0.48","0.020","0.00","1.92","0.3686","0.0320","0.4132"
"WEP","08-Jun-2025","19","99.73","96.22","0.25","0.530","0.00","1.92","0.3686","0.0320","0.4132"
"WEP","08-Jun-2025","20","99.49","96.00","0.27","0.490","0.00","1.92","0.3686","0.0320","0.4132"
"WEP","08-Jun-2025","21","92.27","89.09","0.14","0.310","0.00","1.92","0.3686","0.0320","0.4132"
"WEP","08-Jun-2025","22","82.32","79.24","0.14","0.210","0.00","1.92","0.3686","0.0320","0.4132"
"WEP","08-Jun-2025","23","78.89","76.49","0.14","-0.480","0.00","1.92","0.3686","0.0320","0.4132"
"WEP","08-Jun-2025","24","75.40","73.78","0.13","-1.240","0.00","1.92","0.3686","0.0320","0.4132"
"WEP","08-Jun-2025","25","75.92","74.53","0.15","-1.490","0.00","1.92","0.3686","0.0320","0.4132"
"WEP","08-Jun-2025","26","78.94","77.08","0.15","-1.020","0.00","1.92","0.3686","0.0320","0.4132"
"WEP","08-Jun-2025","27","77.27","75.36","0.14","-0.970","0.00","1.92","0.3686","0.0320","0.4132"
"WEP","08-Jun-2025","28","77.93","76.27","0.14","-1.210","0.00","1.92","0.3686","0.0320","0.4132"
"WEP","08-Jun-2025","29","77.58","75.97","0.13","-1.260","0.00","1.92","0.3686","0.0320","0.4132"
"WEP","08-Jun-2025","30","77.75","76.49","0.12","-1.590","0.00","1.92","0.3686","0.0320","0.4132"
"WEP","08-Jun-2025","31","79.59","78.80","0.13","-2.080","0.00","1.92","0.3686","0.0320","0.4132"
"WEP","08-Jun-2025","32","81.20","80.73","0.15","-2.410","0.00","1.92","0.3686","0.0320","0.4132"
"WEP","08-Jun-2025","33","91.54","91.12","0.13","-2.440","0.00","1.92","0.3686","0.0320","0.4132"
"WEP","08-Jun-2025","34","97.67","96.20","0.15","-1.420","0.00","1.92","0.3686","0.0320","0.4132"
"WEP","08-Jun-2025","35","100.24","98.53","0.30","-1.320","0.00","1.92","0.3686","0.0320","0.4132"
"WEP","08-Jun-2025","36","100.31","98.66","0.15","-1.230","0.00","1.92","0.3686","0.0320","0.4132"
"WEP","08-Jun-2025","37","110.36","108.94","0.17","-1.490","0.00","1.92","0.3686","0.0320","0.4132"
"WEP","08-Jun-2025","38","117.96","117.15","0.24","-2.160","0.00","1.92","0.3686","0.0320","0.4132"
"WEP","08-Jun-2025","39","144.84","143.91","0.23","-2.030","0.00","1.92","0.3686","0.0320","0.4132"
"WEP","08-Jun-2025","40","201.86","200.88","0.34","-2.100","0.00","1.92","0.3686","0.0320","0.4132"
"WEP","08-Jun-2025","41","236.19","235.09","0.20","-1.830","0.00","1.92","0.3686","0.0320","0.4132"
"WEP","08-Jun-2025","42","222.48","221.22","0.27","-1.740","0.00","1.92","0.3686","0.0320","0.4132"
"WEP","08-Jun-2025","43","209.72","208.49","0.25","-1.760","0.00","1.92","0.3686","0.0320","0.4132"
"WEP","08-Jun-2025","44","127.03","125.66","0.14","-1.500","0.00","1.92","0.3686","0.0320","0.4132"
"WEP","08-Jun-2025","45","128.01","125.99","0.13","-0.850","0.00","1.92","0.3686","0.0320","0.4132"
"WEP","08-Jun-2025","46","118.68","117.21","0.13","-1.400","0.00","1.92","0.3686","0.0320","0.4132"
"WEP","08-Jun-2025","47","120.25","118.50","0.13","-1.110","0.00","1.92","0.3686","0.0320","0.4132"
"WEP","08-Jun-2025","48","143.68","142.38","0.13","-1.560","0.00","1.92","0.3686","0.0320","0.4132"
"WEP","09-Jun-2025","1","278.91","275.92","0.12","0.160","0.00","1.92","0.3686","0.0296","0.3830"
"WEP","09-Jun-2025","2","212.37","208.21","0.10","1.360","0.00","1.92","0.3686","0.0296","0.3830"
"WEP","09-Jun-2025","3","120.99","118.08","0.08","0.130","0.00","1.92","0.3686","0.0296","0.3830"
"WEP","09-Jun-2025","4","117.86","116.22","0.09","-1.150","0.00","1.92","0.3686","0.0296","0.3830"
"WEP","09-Jun-2025","5","255.77","256.38","0.09","-3.400","0.00","1.92","0.3686","0.0296","0.3830"
"WEP","09-Jun-2025","6","237.97","235.22","0.10","-0.050","0.00","1.92","0.3686","0.0296","0.3830"
"WEP","09-Jun-2025","7","181.49","178.58","0.24","-0.030","0.00","1.92","0.3686","0.0296","0.3830"
"WEP","09-Jun-2025","8","175.07","171.88","0.24","0.250","0.00","1.92","0.3686","0.0296","0.3830"
"WEP","09-Jun-2025","9","174.84","171.86","0.23","0.050","0.00","1.92","0.3686","0.0296","0.3830"
"WEP","09-Jun-2025","10","193.83","191.12","0.23","-0.220","0.00","1.92","0.3686","0.0296","0.3830"
"WEP","09-Jun-2025","11","195.67","193.37","0.35","-0.760","0.00","1.92","0.3686","0.0296","0.3830"
"WEP","09-Jun-2025","12","211.18","207.87","0.48","0.130","0.00","1.92","0.3686","0.0296","0.3830"
"WEP","09-Jun-2025","13","249.50","246.43","0.76","-0.390","0.00","1.92","0.3686","0.0296","0.3830"
"WEP","09-Jun-2025","14","330.39","323.52","1.27","-0.110","3.01","1.92","0.3686","0.0296","0.3830"
"WEP","09-Jun-2025","15","342.23","335.69","1.50","1.240","1.09","1.92","0.3686","0.0296","0.3830"
"WEP","09-Jun-2025","16","469.64","454.89","3.65","5.480","2.92","1.92","0.3686","0.0296","0.3830"
"WEP","09-Jun-2025","17","349.03","334.32","2.51","1.920","7.58","1.92","0.3686","0.0296","0.3830"
"WEP","09-Jun-2025","18","350.92","334.29","2.89","2.480","8.55","1.92","0.3686","0.0296","0.3830"
"WEP","09-Jun-2025","19","254.46","248.34","2.18","1.240","0.00","1.92","0.3686","0.0296","0.3830"
"WEP","09-Jun-2025","20","211.72","204.98","1.66","2.380","0.00","1.92","0.3686","0.0296","0.3830"
"WEP","09-Jun-2025","21","120.96","118.29","0.34","-0.370","0.00","1.92","0.3686","0.0296","0.3830"
"WEP","09-Jun-2025","22","101.90","98.64","0.29","0.270","0.00","1.92","0.3686","0.0296","0.3830"
"WEP","09-Jun-2025","23","118.20","115.09","0.44","-0.040","0.00","1.92","0.3686","0.0296","0.3830"
"WEP","09-Jun-2025","24","104.53","102.39","0.29","-0.860","0.00","1.92","0.3686","0.0296","0.3830"
"WEP","09-Jun-2025","25","97.79","96.28","0.32","-1.510","0.00","1.92","0.3686","0.0296","0.3830"
"WEP","09-Jun-2025","26","113.43","111.91","0.48","-1.660","0.00","1.92","0.3686","0.0296","0.3830"
"WEP","09-Jun-2025","27","122.10","120.27","0.51","-1.390","0.00","1.92","0.3686","0.0296","0.3830"
"WEP","09-Jun-2025","28","202.49","200.93","1.33","-2.470","0.00","1.92","0.3686","0.0296","0.3830"
"WEP","09-Jun-2025","29","121.80","118.15","0.40","0.550","0.00","1.92","0.3686","0.0296","0.3830"
"WEP","09-Jun-2025","30","118.06","115.01","0.30","0.050","0.00","1.92","0.3686","0.0296","0.3830"
"WEP","09-Jun-2025","31","114.72","111.92","0.32","-0.230","0.00","1.92","0.3686","0.0296","0.3830"
"WEP","09-Jun-2025","32","117.75","115.06","0.48","-0.500","0.00","1.92","0.3686","0.0296","0.3830"
"WEP","09-Jun-2025","33","117.67","115.06","0.34","-0.430","0.00","1.92","0.3686","0.0296","0.3830"
"WEP","09-Jun-2025","34","118.76","115.07","0.47","0.520","0.00","1.92","0.3686","0.0296","0.3830"
"WEP","09-Jun-2025","35","122.74","119.34","0.69","0.010","0.00","1.92","0.3686","0.0296","0.3830"
"WEP","09-Jun-2025","36","120.92","118.14","0.48","-0.400","0.00","1.92","0.3686","0.0296","0.3830"
"WEP","09-Jun-2025","37","119.68","115.12","0.52","1.340","0.00","1.92","0.3686","0.0296","0.3830"
"WEP","09-Jun-2025","38","122.25","118.28","0.61","0.660","0.00","1.92","0.3686","0.0296","0.3830"
"WEP","09-Jun-2025","39","125.20","120.42","0.63","1.450","0.00","1.92","0.3686","0.0296","0.3830"
"WEP","09-Jun-2025","40","139.94","134.66","0.79","1.790","0.00","1.92","0.3686","0.0296","0.3830"
"WEP","09-Jun-2025","41","145.32","140.32","0.64","1.660","0.00","1.92","0.3686","0.0296","0.3830"
"WEP","09-Jun-2025","42","145.87","140.42","0.65","2.100","0.00","1.92","0.3686","0.0296","0.3830"
"WEP","09-Jun-2025","43","125.33","120.44","0.44","1.750","0.00","1.92","0.3686","0.0296","0.3830"
"WEP","09-Jun-2025","44","129.01","124.89","0.38","1.040","0.00","1.92","0.3686","0.0296","0.3830"
"WEP","09-Jun-2025","45","125.56","121.58","0.32","0.960","0.00","1.92","0.3686","0.0296","0.3830"
"WEP","09-Jun-2025","46","120.83","117.14","0.30","0.690","0.00","1.92","0.3686","0.0296","0.3830"
"WEP","09-Jun-2025","47","116.36","112.48","0.33","0.840","0.00","1.92","0.3686","0.0296","0.3830"
"WEP","09-Jun-2025","48","100.90","96.70","0.16","1.340","0.00","1.92","0.3686","0.0296","0.3830"
"WEP","10-Jun-2025","1","98.07","96.18","0.21","-1.020","0.00","1.92","0.3686","0.0297","0.3833"
"WEP","10-Jun-2025","2","98.18","96.17","0.18","-0.870","0.00","1.92","0.3686","0.0297","0.3833"
"WEP","10-Jun-2025","3","97.29","95.95","0.10","-1.460","0.00","1.92","0.3686","0.0297","0.3833"
"WEP","10-Jun-2025","4","97.32","95.75","0.10","-1.230","0.00","1.92","0.3686","0.0297","0.3833"
"WEP","10-Jun-2025","5","96.93","95.62","0.10","-1.490","0.00","1.92","0.3686","0.0297","0.3833"
"WEP","10-Jun-2025","6","92.67","90.92","0.10","-1.050","0.00","1.92","0.3686","0.0297","0.3833"
"WEP","10-Jun-2025","7","92.38","90.74","0.10","-1.160","0.00","1.92","0.3686","0.0297","0.3833"
"WEP","10-Jun-2025","8","92.56","90.82","0.10","-1.060","0.00","1.92","0.3686","0.0297","0.3833"
"WEP","10-Jun-2025","9","92.99","90.67","0.10","-0.480","0.00","1.92","0.3686","0.0297","0.3833"
"WEP","10-Jun-2025","10","92.90","90.75","0.10","-0.650","0.00","1.92","0.3686","0.0297","0.3833"
"WEP","10-Jun-2025","11","92.60","90.75","0.13","-0.980","0.00","1.92","0.3686","0.0297","0.3833"
"WEP","10-Jun-2025","12","118.43","116.93","0.35","-1.560","0.00","1.92","0.3686","0.0297","0.3833"
"WEP","10-Jun-2025","13","118.84","116.55","0.56","-0.970","0.00","1.92","0.3686","0.0297","0.3833"
"WEP","10-Jun-2025","14","127.30","125.12","0.75","-1.280","0.00","1.92","0.3686","0.0297","0.3833"
"WEP","10-Jun-2025","15","147.90","146.58","0.71","-2.090","0.00","1.92","0.3686","0.0297","0.3833"
"WEP","10-Jun-2025","16","210.51","208.30","1.60","-2.090","0.00","1.92","0.3686","0.0297","0.3833"
"WEP","10-Jun-2025","17","313.75","309.20","3.21","-1.360","0.00","1.92","0.3686","0.0297","0.3833"
"WEP","10-Jun-2025","18","315.20","309.07","3.33","0.100","0.00","1.92","0.3686","0.0297","0.3833"
"WEP","10-Jun-2025","19","119.78","116.92","0.70","-0.540","0.00","1.92","0.3686","0.0297","0.3833"
"WEP","10-Jun-2025","20","105.57","103.51","0.51","-1.150","0.00","1.92","0.3686","0.0297","0.3833"
"WEP","10-Jun-2025","21","99.27","98.06","0.32","-1.810","0.00","1.92","0.3686","0.0297","0.3833"
"WEP","10-Jun-2025","22","118.08","116.88","0.47","-1.970","0.00","1.92","0.3686","0.0297","0.3833"
"WEP","10-Jun-2025","23","118.58","116.64","0.46","-1.220","0.00","1.92","0.3686","0.0297","0.3833"
"WEP","10-Jun-2025","24","98.40","96.20","0.27","-0.770","0.00","1.92","0.3686","0.0297","0.3833"
"WEP","10-Jun-2025","25","94.90","92.88","0.32","-1.000","0.00","1.92","0.3686","0.0297","0.3833"
"WEP","10-Jun-2025","26","92.28","90.94","0.31","-1.680","0.00","1.92","0.3686","0.0297","0.3833"
"WEP","10-Jun-2025","27","96.97","95.78","0.32","-1.830","0.00","1.92","0.3686","0.0297","0.3833"
"WEP","10-Jun-2025","28","97.59","95.98","0.31","-1.400","0.00","1.92","0.3686","0.0297","0.3833"
"WEP","10-Jun-2025","29","97.69","95.97","0.28","-1.260","0.00","1.92","0.3686","0.0297","0.3833"
"WEP","10-Jun-2025","30","96.41","95.08","0.21","-1.580","0.00","1.92","0.3686","0.0297","0.3833"
"WEP","10-Jun-2025","31","97.21","96.31","0.27","-2.070","0.00","1.92","0.3686","0.0297","0.3833"
"WEP","10-Jun-2025","32","115.35","114.94","0.49","-2.780","0.00","1.92","0.3686","0.0297","0.3833"
"WEP","10-Jun-2025","33","117.92","117.16","0.40","-2.340","0.00","1.92","0.3686","0.0297","0.3833"
"WEP","10-Jun-2025","34","118.58","116.99","0.49","-1.600","0.00","1.92","0.3686","0.0297","0.3833"
"WEP","10-Jun-2025","35","126.13","125.29","0.82","-2.680","0.00","1.92","0.3686","0.0297","0.3833"
"WEP","10-Jun-2025","36","115.86","114.89","0.39","-2.120","0.00","1.92","0.3686","0.0297","0.3833"
"WEP","10-Jun-2025","37","125.51","124.77","0.54","-2.510","0.00","1.92","0.3686","0.0297","0.3833"
"WEP","10-Jun-2025","38","127.67","126.44","0.58","-2.050","0.00","1.92","0.3686","0.0297","0.3833"
"WEP","10-Jun-2025","39","118.98","117.14","0.37","-1.230","0.00","1.92","0.3686","0.0297","0.3833"
"WEP","10-Jun-2025","40","118.65","117.24","0.36","-1.650","0.00","1.92","0.3686","0.0297","0.3833"
"WEP","10-Jun-2025","41","118.18","116.82","0.29","-1.630","0.00","1.92","0.3686","0.0297","0.3833"
"WEP","10-Jun-2025","42","117.61","116.40","0.30","-1.790","0.00","1.92","0.3686","0.0297","0.3833"
"WEP","10-Jun-2025","43","118.54","117.16","0.33","-1.650","0.00","1.92","0.3686","0.0297","0.3833"
"WEP","10-Jun-2025","44","116.13","115.10","0.19","-1.860","0.00","1.92","0.3686","0.0297","0.3833"
"WEP","10-Jun-2025","45","128.03","126.42","0.28","-1.370","0.00","1.92","0.3686","0.0297","0.3833"
"WEP","10-Jun-2025","46","126.10","124.77","0.28","-1.660","0.00","1.92","0.3686","0.0297","0.3833"
"WEP","10-Jun-2025","47","117.67","115.07","0.29","-0.390","0.00","1.92","0.3686","0.0297","0.3833"
"WEP","10-Jun-2025","48","113.60","111.15","0.13","-0.380","0.00","1.92","0.3686","0.0297","0.3833"
"WEP","11-Jun-2025","1","116.53","115.00","0.12","-1.290","0.00","1.92","0.3686","0.0294","0.3803"
"WEP","11-Jun-2025","2","108.95","107.50","0.08","-1.330","0.00","1.92","0.3686","0.0294","0.3803"
"WEP","11-Jun-2025","3","103.63","102.10","0.06","-1.220","0.00","1.92","0.3686","0.0294","0.3803"
"WEP","11-Jun-2025","4","97.20","96.16","0.06","-1.720","0.00","1.92","0.3686","0.0294","0.3803"
"WEP","11-Jun-2025","5","97.41","95.67","0.06","-1.020","0.00","1.92","0.3686","0.0294","0.3803"
"WEP","11-Jun-2025","6","92.86","91.28","0.06","-1.170","0.00","1.92","0.3686","0.0294","0.3803"
"WEP","11-Jun-2025","7","92.91","91.46","0.06","-1.310","0.00","1.92","0.3686","0.0294","0.3803"
"WEP","11-Jun-2025","8","91.99","90.88","0.06","-1.650","0.00","1.92","0.3686","0.0294","0.3803"
"WEP","11-Jun-2025","9","92.11","90.88","0.06","-1.530","0.00","1.92","0.3686","0.0294","0.3803"
"WEP","11-Jun-2025","10","91.73","90.90","0.06","-1.920","0.00","1.92","0.3686","0.0294","0.3803"
"WEP","11-Jun-2025","11","92.87","91.46","0.07","-1.360","0.00","1.92","0.3686","0.0294","0.3803"
"WEP","11-Jun-2025","12","97.21","95.71","0.13","-1.330","0.00","1.92","0.3686","0.0294","0.3803"
"WEP","11-Jun-2025","13","97.20","96.03","0.20","-1.730","0.00","1.92","0.3686","0.0294","0.3803"
"WEP","11-Jun-2025","14","102.30","101.59","0.36","-2.350","0.00","1.92","0.3686","0.0294","0.3803"
"WEP","11-Jun-2025","15","97.64","96.17","0.39","-1.620","0.00","1.92","0.3686","0.0294","0.3803"
"WEP","11-Jun-2025","16","114.76","113.81","0.38","-2.130","0.00","1.92","0.3686","0.0294","0.3803"
"WEP","11-Jun-2025","17","96.90","96.31","0.27","-2.380","0.00","1.92","0.3686","0.0294","0.3803"
"WEP","11-Jun-2025","18","106.34","105.28","0.41","-2.050","0.00","1.92","0.3686","0.0294","0.3803"
"WEP","11-Jun-2025","19","116.02","114.95","0.38","-2.010","0.00","1.92","0.3686","0.0294","0.3803"
"WEP","11-Jun-2025","20","97.97","95.99","0.32","-1.030","0.00","1.92","0.3686","0.0294","0.3803"
"WEP","11-Jun-2025","21","97.92","96.33","0.13","-1.240","0.00","1.92","0.3686","0.0294","0.3803"
"WEP","11-Jun-2025","22","92.56","91.23","0.12","-1.490","0.00","1.92","0.3686","0.0294","0.3803"
"WEP","11-Jun-2025","23","90.83","90.70","0.12","-2.690","0.00","1.92","0.3686","0.0294","0.3803"
"WEP","11-Jun-2025","24","92.42","91.23","0.12","-1.630","0.00","1.92","0.3686","0.0294","0.3803"
"WEP","11-Jun-2025","25","87.48","85.85","0.13","-1.200","0.00","1.92","0.3686","0.0294","0.3803"
"WEP","11-Jun-2025","26","89.16","88.42","0.13","-2.090","0.00","1.92","0.3686","0.0294","0.3803"
"WEP","11-Jun-2025","27","80.26","79.18","0.13","-1.750","0.00","1.92","0.3686","0.0294","0.3803"
"WEP","11-Jun-2025","28","83.11","82.56","0.12","-2.270","0.00","1.92","0.3686","0.0294","0.3803"
"WEP","11-Jun-2025","29","86.47","86.32","0.09","-2.640","0.00","1.92","0.3686","0.0294","0.3803"
"WEP","11-Jun-2025","30","95.38","95.79","0.07","-3.180","0.00","1.92","0.3686","0.0294","0.3803"
"WEP","11-Jun-2025","31","96.23","95.82","0.08","-2.370","0.00","1.92","0.3686","0.0294","0.3803"
"WEP","11-Jun-2025","32","82.58","81.45","0.13","-1.700","0.00","1.92","0.3686","0.0294","0.3803"
"WEP","11-Jun-2025","33","81.43","81.32","0.09","-2.680","0.00","1.92","0.3686","0.0294","0.3803"
"WEP","11-Jun-2025","34","90.39","90.74","0.13","-3.180","0.00","1.92","0.3686","0.0294","0.3803"
"WEP","11-Jun-2025","35","96.01","96.03","0.38","-3.100","0.00","1.92","0.3686","0.0294","0.3803"
"WEP","11-Jun-2025","36","95.88","96.00","0.20","-3.020","0.00","1.92","0.3686","0.0294","0.3803"
"WEP","11-Jun-2025","37","89.89","89.67","0.17","-2.650","0.00","1.92","0.3686","0.0294","0.3803"
"WEP","11-Jun-2025","38","91.62","91.22","0.27","-2.570","0.00","1.92","0.3686","0.0294","0.3803"
"WEP","11-Jun-2025","39","95.40","94.66","0.28","-2.240","0.00","1.92","0.3686","0.0294","0.3803"
"WEP","11-Jun-2025","40","96.77","95.78","0.21","-1.920","0.00","1.92","0.3686","0.0294","0.3803"
"WEP","11-Jun-2025","41","117.59","117.07","0.29","-2.470","0.00","1.92","0.3686","0.0294","0.3803"
"WEP","11-Jun-2025","42","117.21","116.70","0.29","-2.470","0.00","1.92","0.3686","0.0294","0.3803"
"WEP","11-Jun-2025","43","92.16","91.16","0.15","-1.850","0.00","1.92","0.3686","0.0294","0.3803"
"WEP","11-Jun-2025","44","91.54","91.18","0.12","-2.450","0.00","1.92","0.3686","0.0294","0.3803"
"WEP","11-Jun-2025","45","114.85","115.09","0.14","-3.070","0.00","1.92","0.3686","0.0294","0.3803"
"WEP","11-Jun-2025","46","96.99","96.09","0.12","-1.920","0.00","1.92","0.3686","0.0294","0.3803"
"WEP","11-Jun-2025","47","97.03","96.35","0.14","-2.150","0.00","1.92","0.3686","0.0294","0.3803"
"WEP","11-Jun-2025","48","97.69","96.25","0.09","-1.350","0.00","1.92","0.3686","0.0294","0.3803"
"WEP","12-Jun-2025","1","105.84","105.59","0.12","-2.560","0.00","1.92","0.3686","0.0289","0.3728"
"WEP","12-Jun-2025","2","95.98","96.19","0.10","-3.000","0.00","1.92","0.3686","0.0289","0.3728"
"WEP","12-Jun-2025","3","112.38","112.68","0.06","-3.050","0.00","1.92","0.3686","0.0289","0.3728"
"WEP","12-Jun-2025","4","96.22","96.17","0.06","-2.700","0.00","1.92","0.3686","0.0289","0.3728"
"WEP","12-Jun-2025","5","96.32","96.12","0.06","-2.550","0.00","1.92","0.3686","0.0289","0.3728"
"WEP","12-Jun-2025","6","96.02","96.19","0.06","-2.920","0.00","1.92","0.3686","0.0289","0.3728"
"WEP","12-Jun-2025","7","96.39","96.17","0.06","-2.530","0.00","1.92","0.3686","0.0289","0.3728"
"WEP","12-Jun-2025","8","96.37","95.98","0.06","-2.360","0.00","1.92","0.3686","0.0289","0.3728"
"WEP","12-Jun-2025","9","95.96","95.68","0.06","-2.470","0.00","1.92","0.3686","0.0289","0.3728"
"WEP","12-Jun-2025","10","95.61","95.58","0.06","-2.720","0.00","1.92","0.3686","0.0289","0.3728"
"WEP","12-Jun-2025","11","96.38","96.08","0.10","-2.490","0.00","1.92","0.3686","0.0289","0.3728"
"WEP","12-Jun-2025","12","96.74","96.10","0.14","-2.190","0.00","1.92","0.3686","0.0289","0.3728"
"WEP","12-Jun-2025","13","96.75","96.15","0.34","-2.430","0.00","1.92","0.3686","0.0289","0.3728"
"WEP","12-Jun-2025","14","108.02","108.04","0.44","-3.150","0.00","1.92","0.3686","0.0289","0.3728"
"WEP","12-Jun-2025","15","108.12","108.42","0.43","-3.420","0.00","1.92","0.3686","0.0289","0.3728"
"WEP","12-Jun-2025","16","124.66","124.66","0.41","-3.100","0.00","1.92","0.3686","0.0289","0.3728"
"WEP","12-Jun-2025","17","96.77","96.35","0.35","-2.620","0.00","1.92","0.3686","0.0289","0.3728"
"WEP","12-Jun-2025","18","97.21","96.35","0.39","-2.220","0.00","1.92","0.3686","0.0289","0.3728"
"WEP","12-Jun-2025","19","97.05","96.20","0.31","-2.150","0.00","1.92","0.3686","0.0289","0.3728"
"WEP","12-Jun-2025","20","96.99","96.02","0.30","-2.020","0.00","1.92","0.3686","0.0289","0.3728"
"WEP","12-Jun-2025","21","97.24","96.23","0.12","-1.800","0.00","1.92","0.3686","0.0289","0.3728"
"WEP","12-Jun-2025","22","97.00","96.01","0.12","-1.820","0.00","1.92","0.3686","0.0289","0.3728"
"WEP","12-Jun-2025","23","91.48","91.22","0.12","-2.550","0.00","1.92","0.3686","0.0289","0.3728"
"WEP","12-Jun-2025","24","91.51","91.19","0.12","-2.490","0.00","1.92","0.3686","0.0289","0.3728"
"WEP","12-Jun-2025","25","79.43","78.71","0.13","-2.100","0.00","1.92","0.3686","0.0289","0.3728"
"WEP","12-Jun-2025","26","91.55","91.23","0.13","-2.500","0.00","1.92","0.3686","0.0289","0.3728"
"WEP","12-Jun-2025","27","79.73","79.15","0.13","-2.240","0.00","1.92","0.3686","0.0289","0.3728"
"WEP","12-Jun-2025","28","79.05","79.17","0.12","-2.930","0.00","1.92","0.3686","0.0289","0.3728"
"WEP","12-Jun-2025","29","94.90","95.97","0.11","-3.870","0.00","1.92","0.3686","0.0289","0.3728"
"WEP","12-Jun-2025","30","95.64","95.98","0.11","-3.140","0.00","1.92","0.3686","0.0289","0.3728"
"WEP","12-Jun-2025","31","91.04","91.22","0.11","-2.980","0.00","1.92","0.3686","0.0289","0.3728"
"WEP","12-Jun-2025","32","95.02","95.89","0.13","-3.690","0.00","1.92","0.3686","0.0289","0.3728"
"WEP","12-Jun-2025","33","94.55","95.82","0.11","-4.070","0.00","1.92","0.3686","0.0289","0.3728"
"WEP","12-Jun-2025","34","95.36","96.39","0.14","-3.860","0.00","1.92","0.3686","0.0289","0.3728"
"WEP","12-Jun-2025","35","116.02","117.30","0.62","-4.590","0.00","1.92","0.3686","0.0289","0.3728"
"WEP","12-Jun-2025","36","115.86","117.18","0.35","-4.360","0.00","1.92","0.3686","0.0289","0.3728"
"WEP","12-Jun-2025","37","123.54","125.32","0.44","-4.910","0.00","1.92","0.3686","0.0289","0.3728"
"WEP","12-Jun-2025","38","574.24","582.37","2.98","-13.860","0.06","1.92","0.3686","0.0289","0.3728"
"WEP","12-Jun-2025","39","727.83","735.58","2.90","-13.400","0.06","1.92","0.3686","0.0289","0.3728"
"WEP","12-Jun-2025","40","389.06","393.04","0.81","-7.480","0.00","1.92","0.3686","0.0289","0.3728"
"WEP","12-Jun-2025","41","454.51","459.21","0.72","-8.110","0.00","1.92","0.3686","0.0289","0.3728"
"WEP","12-Jun-2025","42","465.66","465.64","1.78","-7.290","2.84","1.92","0.3686","0.0289","0.3728"
"WEP","12-Jun-2025","43","315.27","317.15","0.49","-6.900","1.84","1.92","0.3686","0.0289","0.3728"
"WEP","12-Jun-2025","44","308.71","312.64","0.30","-6.920","0.00","1.92","0.3686","0.0289","0.3728"
"WEP","12-Jun-2025","45","331.42","334.55","0.31","-6.130","0.00","1.92","0.3686","0.0289","0.3728"
"WEP","12-Jun-2025","46","232.91","234.90","0.27","-4.950","0.00","1.92","0.3686","0.0289","0.3728"
"WEP","12-Jun-2025","47","199.67","200.82","0.28","-4.120","0.00","1.92","0.3686","0.0289","0.3728"
"WEP","12-Jun-2025","48","184.44","185.11","0.12","-3.480","0.00","1.92","0.3686","0.0289","0.3728"
"WEP","13-Jun-2025","1","256.27","256.83","0.14","-3.390","0.00","1.92","0.3686","0.0286","0.3693"
"WEP","13-Jun-2025","2","207.38","207.88","0.11","-3.300","0.00","1.92","0.3686","0.0286","0.3693"
"WEP","13-Jun-2025","3","208.06","207.84","0.09","-2.550","0.00","1.92","0.3686","0.0286","0.3693"
"WEP","13-Jun-2025","4","197.55","197.22","0.09","-2.450","0.00","1.92","0.3686","0.0286","0.3693"
"WEP","13-Jun-2025","5","192.55","192.97","0.09","-3.200","0.00","1.92","0.3686","0.0286","0.3693"
"WEP","13-Jun-2025","6","191.77","192.26","0.09","-3.260","0.00","1.92","0.3686","0.0286","0.3693"
"WEP","13-Jun-2025","7","191.61","191.70","0.09","-2.860","0.00","1.92","0.3686","0.0286","0.3693"
"WEP","13-Jun-2025","8","190.49","190.99","0.09","-3.280","0.00","1.92","0.3686","0.0286","0.3693"
"WEP","13-Jun-2025","9","146.55","146.46","0.09","-2.680","0.00","1.92","0.3686","0.0286","0.3693"
"WEP","13-Jun-2025","10","151.33","151.66","0.09","-3.110","0.00","1.92","0.3686","0.0286","0.3693"
"WEP","13-Jun-2025","11","190.81","191.09","0.10","-3.070","0.00","1.92","0.3686","0.0286","0.3693"
"WEP","13-Jun-2025","12","200.84","200.65","0.21","-2.700","0.00","1.92","0.3686","0.0286","0.3693"
"WEP","13-Jun-2025","13","113.40","112.19","0.33","-1.800","0.00","1.92","0.3686","0.0286","0.3693"
"WEP","13-Jun-2025","14","120.91","120.37","0.52","-2.670","0.00","1.92","0.3686","0.0286","0.3693"
"WEP","13-Jun-2025","15","125.12","124.63","0.49","-2.690","0.00","1.92","0.3686","0.0286","0.3693"
"WEP","13-Jun-2025","16","141.67","140.83","0.55","-2.400","0.00","1.92","0.3686","0.0286","0.3693"
"WEP","13-Jun-2025","17","128.99","128.05","0.45","-2.200","0.00","1.92","0.3686","0.0286","0.3693"
"WEP","13-Jun-2025","18","141.58","139.77","0.81","-1.690","0.00","1.92","0.3686","0.0286","0.3693"
"WEP","13-Jun-2025","19","126.72","125.13","0.48","-1.570","0.00","1.92","0.3686","0.0286","0.3693"
"WEP","13-Jun-2025","20","126.29","124.80","0.51","-1.710","0.00","1.92","0.3686","0.0286","0.3693"
"WEP","13-Jun-2025","21","117.01","115.64","0.24","-1.550","0.00","1.92","0.3686","0.0286","0.3693"
"WEP","13-Jun-2025","22","96.80","96.34","0.13","-2.360","0.00","1.92","0.3686","0.0286","0.3693"
"WEP","13-Jun-2025","23","96.77","96.32","0.14","-2.380","0.00","1.92","0.3686","0.0286","0.3693"
"WEP","13-Jun-2025","24","96.66","96.17","0.11","-2.310","0.00","1.92","0.3686","0.0286","0.3693"
"WEP","13-Jun-2025","25","96.31","95.76","0.13","-2.270","0.00","1.92","0.3686","0.0286","0.3693"
"WEP","13-Jun-2025","26","93.77","93.61","0.14","-2.660","0.00","1.92","0.3686","0.0286","0.3693"
"WEP","13-Jun-2025","27","99.22","99.39","0.13","-2.990","0.00","1.92","0.3686","0.0286","0.3693"
"WEP","13-Jun-2025","28","117.95","117.05","0.27","-2.050","0.00","1.92","0.3686","0.0286","0.3693"
"WEP","13-Jun-2025","29","96.53","95.97","0.11","-2.240","0.00","1.92","0.3686","0.0286","0.3693"
"WEP","13-Jun-2025","30","95.79","95.93","0.11","-2.940","0.00","1.92","0.3686","0.0286","0.3693"
"WEP","13-Jun-2025","31","95.89","96.16","0.11","-3.070","0.00","1.92","0.3686","0.0286","0.3693"
"WEP","13-Jun-2025","32","95.82","96.34","0.19","-3.400","0.00","1.92","0.3686","0.0286","0.3693"
"WEP","13-Jun-2025","33","116.05","117.00","0.26","-3.900","0.00","1.92","0.3686","0.0286","0.3693"
"WEP","13-Jun-2025","34","119.36","120.32","0.32","-3.960","0.00","1.92","0.3686","0.0286","0.3693"
"WEP","13-Jun-2025","35","124.99","125.15","0.67","-3.520","0.00","1.92","0.3686","0.0286","0.3693"
"WEP","13-Jun-2025","36","136.20","137.27","0.56","-4.320","0.00","1.92","0.3686","0.0286","0.3693"
"WEP","13-Jun-2025","37","126.53","126.28","0.52","-2.960","0.00","1.92","0.3686","0.0286","0.3693"
"WEP","13-Jun-2025","38","377.35","379.64","3.06","-8.040","0.00","1.92","0.3686","0.0286","0.3693"
"WEP","13-Jun-2025","39","335.87","334.79","2.88","-4.490","0.00","1.92","0.3686","0.0286","0.3693"
"WEP","13-Jun-2025","40","309.81","307.02","2.73","-4.010","1.39","1.92","0.3686","0.0286","0.3693"
"WEP","13-Jun-2025","41","367.68","370.81","2.48","-8.790","0.49","1.92","0.3686","0.0286","0.3693"
"WEP","13-Jun-2025","42","334.26","334.44","2.06","-4.990","0.06","1.92","0.3686","0.0286","0.3693"
"WEP","13-Jun-2025","43","145.68","145.52","0.56","-3.080","0.00","1.92","0.3686","0.0286","0.3693"
"WEP","13-Jun-2025","44","125.31","125.44","0.26","-3.080","0.00","1.92","0.3686","0.0286","0.3693"
"WEP","13-Jun-2025","45","125.69","124.86","0.27","-2.130","0.00","1.92","0.3686","0.0286","0.3693"
"WEP","13-Jun-2025","46","120.11","119.44","0.20","-2.220","0.00","1.92","0.3686","0.0286","0.3693"
"WEP","13-Jun-2025","47","125.26","124.82","0.28","-2.530","0.00","1.92","0.3686","0.0286","0.3693"
"WEP","13-Jun-2025","48","125.76","125.79","0.12","-2.840","0.00","1.92","0.3686","0.0286","0.3693"
"WEP","14-Jun-2025","1","121.57","120.02","0.12","-1.280","0.00","1.92","0.3686","0.0300","0.3872"
"WEP","14-Jun-2025","2","120.34","118.86","0.11","-1.330","0.00","1.92","0.3686","0.0300","0.3872"
"WEP","14-Jun-2025","3","119.24","117.84","0.09","-1.390","0.00","1.92","0.3686","0.0300","0.3872"
"WEP","14-Jun-2025","4","118.89","118.29","0.09","-2.190","0.00","1.92","0.3686","0.0300","0.3872"
"WEP","14-Jun-2025","5","118.57","117.68","0.09","-1.910","0.00","1.92","0.3686","0.0300","0.3872"
"WEP","14-Jun-2025","6","116.30","115.80","0.09","-2.290","0.00","1.92","0.3686","0.0300","0.3872"
"WEP","14-Jun-2025","7","116.84","115.79","0.09","-1.740","0.00","1.92","0.3686","0.0300","0.3872"
"WEP","14-Jun-2025","8","116.43","115.61","0.09","-1.980","0.00","1.92","0.3686","0.0300","0.3872"
"WEP","14-Jun-2025","9","112.55","111.72","0.09","-1.970","0.00","1.92","0.3686","0.0300","0.3872"
"WEP","14-Jun-2025","10","97.86","96.24","0.09","-1.170","0.00","1.92","0.3686","0.0300","0.3872"
"WEP","14-Jun-2025","11","97.80","96.26","0.10","-1.260","0.00","1.92","0.3686","0.0300","0.3872"
"WEP","14-Jun-2025","12","97.86","96.26","0.14","-1.250","0.00","1.92","0.3686","0.0300","0.3872"
"WEP","14-Jun-2025","13","105.09","103.67","0.25","-1.530","0.00","1.92","0.3686","0.0300","0.3872"
"WEP","14-Jun-2025","14","115.26","113.56","0.40","-1.410","0.00","1.92","0.3686","0.0300","0.3872"
"WEP","14-Jun-2025","15","117.52","115.65","0.44","-1.280","0.00","1.92","0.3686","0.0300","0.3872"
"WEP","14-Jun-2025","16","120.23","117.70","0.44","-0.610","0.00","1.92","0.3686","0.0300","0.3872"
"WEP","14-Jun-2025","17","105.12","103.02","0.20","-0.800","0.00","1.92","0.3686","0.0300","0.3872"
"WEP","14-Jun-2025","18","101.02","98.62","0.24","-0.550","0.00","1.92","0.3686","0.0300","0.3872"
"WEP","14-Jun-2025","19","98.38","96.29","0.15","-0.760","0.00","1.92","0.3686","0.0300","0.3872"
"WEP","14-Jun-2025","20","98.60","96.26","0.15","-0.520","0.00","1.92","0.3686","0.0300","0.3872"
"WEP","14-Jun-2025","21","95.87","93.75","0.13","-0.720","0.00","1.92","0.3686","0.0300","0.3872"
"WEP","14-Jun-2025","22","92.55","90.80","0.13","-1.090","0.00","1.92","0.3686","0.0300","0.3872"
"WEP","14-Jun-2025","23","90.53","89.23","0.13","-1.530","0.00","1.92","0.3686","0.0300","0.3872"
"WEP","14-Jun-2025","24","92.20","90.78","0.12","-1.400","0.00","1.92","0.3686","0.0300","0.3872"
"WEP","14-Jun-2025","25","84.59","83.25","0.14","-1.500","0.00","1.92","0.3686","0.0300","0.3872"
"WEP","14-Jun-2025","26","89.14","88.07","0.14","-1.770","0.00","1.92","0.3686","0.0300","0.3872"
"WEP","14-Jun-2025","27","91.47","90.79","0.14","-2.160","0.00","1.92","0.3686","0.0300","0.3872"
"WEP","14-Jun-2025","28","91.54","90.73","0.13","-2.020","0.00","1.92","0.3686","0.0300","0.3872"
"WEP","14-Jun-2025","29","91.75","90.74","0.12","-1.820","0.00","1.92","0.3686","0.0300","0.3872"
"WEP","14-Jun-2025","30","83.91","83.21","0.11","-2.120","0.00","1.92","0.3686","0.0300","0.3872"
"WEP","14-Jun-2025","31","91.37","90.80","0.12","-2.250","0.00","1.92","0.3686","0.0300","0.3872"
"WEP","14-Jun-2025","32","94.76","93.48","0.14","-1.560","0.00","1.92","0.3686","0.0300","0.3872"
"WEP","14-Jun-2025","33","96.64","95.88","0.12","-2.070","0.00","1.92","0.3686","0.0300","0.3872"
"WEP","14-Jun-2025","34","97.36","96.27","0.14","-1.760","0.00","1.92","0.3686","0.0300","0.3872"
"WEP","14-Jun-2025","35","97.41","96.41","0.27","-1.980","0.00","1.92","0.3686","0.0300","0.3872"
"WEP","14-Jun-2025","36","115.43","114.87","0.15","-2.300","0.00","1.92","0.3686","0.0300","0.3872"
"WEP","14-Jun-2025","37","117.61","116.94","0.19","-2.220","0.00","1.92","0.3686","0.0300","0.3872"
"WEP","14-Jun-2025","38","125.72","125.25","0.29","-2.530","0.00","1.92","0.3686","0.0300","0.3872"
"WEP","14-Jun-2025","39","129.19","127.95","0.34","-1.810","0.00","1.92","0.3686","0.0300","0.3872"
"WEP","14-Jun-2025","40","133.14","131.39","0.36","-1.310","0.00","1.92","0.3686","0.0300","0.3872"
"WEP","14-Jun-2025","41","141.30","139.80","0.33","-1.540","0.00","1.92","0.3686","0.0300","0.3872"
"WEP","14-Jun-2025","42","141.46","139.81","0.33","-1.390","0.00","1.92","0.3686","0.0300","0.3872"
"WEP","14-Jun-2025","43","145.10","143.89","0.32","-1.820","0.00","1.92","0.3686","0.0300","0.3872"
"WEP","14-Jun-2025","44","127.68","126.42","0.13","-1.570","0.00","1.92","0.3686","0.0300","0.3872"
"WEP","14-Jun-2025","45","127.81","126.44","0.14","-1.470","0.00","1.92","0.3686","0.0300","0.3872"
"WEP","14-Jun-2025","46","126.61","125.29","0.12","-1.510","0.00","1.92","0.3686","0.0300","0.3872"
"WEP","14-Jun-2025","47","126.41","124.84","0.13","-1.270","0.00","1.92","0.3686","0.0300","0.3872"
"WEP","14-Jun-2025","48","126.12","125.15","0.12","-1.860","0.00","1.92","0.3686","0.0300","0.3872"
"WEP","15-Jun-2025","1","123.66","122.43","0.12","-1.610","0.00","1.92","0.3686","0.0309","0.3991"
"WEP","15-Jun-2025","2","119.48","117.90","0.10","-1.240","0.00","1.92","0.3686","0.0309","0.3991"
"WEP","15-Jun-2025","3","98.96","96.22","0.06","-0.040","0.00","1.92","0.3686","0.0309","0.3991"
"WEP","15-Jun-2025","4","97.98","96.21","0.06","-1.010","0.00","1.92","0.3686","0.0309","0.3991"
"WEP","15-Jun-2025","5","97.61","95.98","0.06","-1.150","0.00","1.92","0.3686","0.0309","0.3991"
"WEP","15-Jun-2025","6","97.39","95.77","0.06","-1.160","0.00","1.92","0.3686","0.0309","0.3991"
"WEP","15-Jun-2025","7","97.24","95.67","0.06","-1.210","0.00","1.92","0.3686","0.0309","0.3991"
"WEP","15-Jun-2025","8","93.31","91.71","0.06","-1.180","0.00","1.92","0.3686","0.0309","0.3991"
"WEP","15-Jun-2025","9","92.84","91.16","0.06","-1.100","0.00","1.92","0.3686","0.0309","0.3991"
"WEP","15-Jun-2025","10","92.91","91.28","0.06","-1.150","0.00","1.92","0.3686","0.0309","0.3991"
"WEP","15-Jun-2025","11","93.47","91.78","0.10","-1.130","0.00","1.92","0.3686","0.0309","0.3991"
"WEP","15-Jun-2025","12","97.48","95.58","0.14","-0.960","0.00","1.92","0.3686","0.0309","0.3991"
"WEP","15-Jun-2025","13","97.54","96.02","0.17","-1.370","0.00","1.92","0.3686","0.0309","0.3991"
"WEP","15-Jun-2025","14","97.90","96.12","0.21","-1.150","0.00","1.92","0.3686","0.0309","0.3991"
"WEP","15-Jun-2025","15","97.44","95.75","0.27","-1.300","0.00","1.92","0.3686","0.0309","0.3991"
"WEP","15-Jun-2025","16","98.62","96.16","0.29","-0.540","0.00","1.92","0.3686","0.0309","0.3991"
"WEP","15-Jun-2025","17","98.29","96.07","0.18","-0.680","0.00","1.92","0.3686","0.0309","0.3991"
"WEP","15-Jun-2025","18","96.39","94.46","0.22","-1.010","0.00","1.92","0.3686","0.0309","0.3991"
"WEP","15-Jun-2025","19","96.41","94.33","0.16","-0.800","0.00","1.92","0.3686","0.0309","0.3991"
"WEP","15-Jun-2025","20","93.25","90.78","0.16","-0.410","0.00","1.92","0.3686","0.0309","0.3991"
"WEP","15-Jun-2025","21","87.54","85.20","0.14","-0.510","0.00","1.92","0.3686","0.0309","0.3991"
"WEP","15-Jun-2025","22","83.45","81.34","0.13","-0.740","0.00","1.92","0.3686","0.0309","0.3991"
"WEP","15-Jun-2025","23","82.88","81.06","0.13","-1.020","0.00","1.92","0.3686","0.0309","0.3991"
"WEP","15-Jun-2025","24","80.78","78.97","0.13","-1.040","0.00","1.92","0.3686","0.0309","0.3991"
"WEP","15-Jun-2025","25","80.58","78.68","0.14","-0.960","0.00","1.92","0.3686","0.0309","0.3991"
"WEP","15-Jun-2025","26","80.02","78.13","0.15","-0.970","0.00","1.92","0.3686","0.0309","0.3991"
"WEP","15-Jun-2025","27","79.65","78.13","0.14","-1.330","0.00","1.92","0.3686","0.0309","0.3991"
"WEP","15-Jun-2025","28","78.17","77.23","0.14","-1.920","0.00","1.92","0.3686","0.0309","0.3991"
"WEP","15-Jun-2025","29","80.06","78.97","0.13","-1.760","0.00","1.92","0.3686","0.0309","0.3991"
"WEP","15-Jun-2025","30","80.18","78.99","0.12","-1.650","0.00","1.92","0.3686","0.0309","0.3991"
"WEP","15-Jun-2025","31","82.51","81.08","0.12","-1.410","0.00","1.92","0.3686","0.0309","0.3991"
"WEP","15-Jun-2025","32","90.40","89.27","0.14","-1.730","0.00","1.92","0.3686","0.0309","0.3991"
"WEP","15-Jun-2025","33","97.53","96.21","0.13","-1.530","0.00","1.92","0.3686","0.0309","0.3991"
"WEP","15-Jun-2025","34","98.62","97.37","0.14","-1.610","0.00","1.92","0.3686","0.0309","0.3991"
"WEP","15-Jun-2025","35","118.08","116.71","0.41","-1.760","0.00","1.92","0.3686","0.0309","0.3991"
"WEP","15-Jun-2025","36","124.65","123.90","0.15","-2.120","0.00","1.92","0.3686","0.0309","0.3991"
"WEP","15-Jun-2025","37","126.25","125.40","0.37","-2.240","0.00","1.92","0.3686","0.0309","0.3991"
"WEP","15-Jun-2025","38","227.75","227.16","0.60","-2.730","0.00","1.92","0.3686","0.0309","0.3991"
"WEP","15-Jun-2025","39","197.57","195.93","0.57","-1.650","0.00","1.92","0.3686","0.0309","0.3991"
"WEP","15-Jun-2025","40","193.92","192.01","0.55","-1.360","0.00","1.92","0.3686","0.0309","0.3991"
"WEP","15-Jun-2025","41","193.58","191.54","0.45","-1.130","0.00","1.92","0.3686","0.0309","0.3991"
"WEP","15-Jun-2025","42","192.87","191.42","0.36","-1.630","0.00","1.92","0.3686","0.0309","0.3991"
"WEP","15-Jun-2025","43","192.32","191.56","0.36","-2.320","0.00","1.92","0.3686","0.0309","0.3991"
"WEP","15-Jun-2025","44","191.34","191.34","0.30","-3.020","0.00","1.92","0.3686","0.0309","0.3991"
"WEP","15-Jun-2025","45","127.04","125.33","0.28","-1.290","0.00","1.92","0.3686","0.0309","0.3991"
"WEP","15-Jun-2025","46","121.20","119.60","0.12","-1.240","0.00","1.92","0.3686","0.0309","0.3991"
"WEP","15-Jun-2025","47","125.62","123.90","0.14","-1.140","0.00","1.92","0.3686","0.0309","0.3991"
"WEP","15-Jun-2025","48","121.22","119.56","0.12","-1.180","0.00","1.92","0.3686","0.0309","0.3991"
"WEP","16-Jun-2025","1","253.19","251.89","0.14","-1.540","0.00","1.92","0.3686","0.0292","0.3775"
"WEP","16-Jun-2025","2","201.20","200.53","0.11","-2.130","0.00","1.92","0.3686","0.0292","0.3775"
"WEP","16-Jun-2025","3","172.14","170.91","0.09","-1.550","0.00","1.92","0.3686","0.0292","0.3775"
"WEP","16-Jun-2025","4","133.40","132.58","0.09","-1.970","0.00","1.92","0.3686","0.0292","0.3775"
"WEP","16-Jun-2025","5","125.76","124.76","0.09","-1.790","0.00","1.92","0.3686","0.0292","0.3775"
"WEP","16-Jun-2025","6","117.60","116.95","0.06","-2.100","0.00","1.92","0.3686","0.0292","0.3775"
"WEP","16-Jun-2025","7","114.96","114.48","0.06","-2.280","0.00","1.92","0.3686","0.0292","0.3775"
"WEP","16-Jun-2025","8","112.42","111.64","0.06","-1.980","0.00","1.92","0.3686","0.0292","0.3775"
"WEP","16-Jun-2025","9","97.20","95.70","0.09","-1.290","0.00","1.92","0.3686","0.0292","0.3775"
"WEP","16-Jun-2025","10","98.40","96.65","0.09","-1.040","0.00","1.92","0.3686","0.0292","0.3775"
"WEP","16-Jun-2025","11","97.93","96.18","0.10","-1.040","0.00","1.92","0.3686","0.0292","0.3775"
"WEP","16-Jun-2025","12","98.27","96.49","0.14","-1.050","0.00","1.92","0.3686","0.0292","0.3775"
"WEP","16-Jun-2025","13","97.82","96.24","0.37","-1.490","0.00","1.92","0.3686","0.0292","0.3775"
"WEP","16-Jun-2025","14","110.41","109.16","0.54","-1.980","0.00","1.92","0.3686","0.0292","0.3775"
"WEP","16-Jun-2025","15","97.25","96.43","0.43","-2.310","0.00","1.92","0.3686","0.0292","0.3775"
"WEP","16-Jun-2025","16","116.12","115.02","0.56","-2.160","0.00","1.92","0.3686","0.0292","0.3775"
"WEP","16-Jun-2025","17","119.56","118.59","0.42","-2.150","0.00","1.92","0.3686","0.0292","0.3775"
"WEP","16-Jun-2025","18","126.38","124.82","0.58","-1.720","0.00","1.92","0.3686","0.0292","0.3775"
"WEP","16-Jun-2025","19","126.96","124.82","0.46","-1.020","0.00","1.92","0.3686","0.0292","0.3775"
"WEP","16-Jun-2025","20","119.01","116.60","0.46","-0.750","0.00","1.92","0.3686","0.0292","0.3775"
"WEP","16-Jun-2025","21","97.40","96.26","0.12","-1.670","0.00","1.92","0.3686","0.0292","0.3775"
"WEP","16-Jun-2025","22","96.92","96.27","0.12","-2.170","0.00","1.92","0.3686","0.0292","0.3775"
"WEP","16-Jun-2025","23","97.64","96.27","0.12","-1.450","0.00","1.92","0.3686","0.0292","0.3775"
"WEP","16-Jun-2025","24","97.53","96.27","0.12","-1.560","0.00","1.92","0.3686","0.0292","0.3775"
"WEP","16-Jun-2025","25","89.96","88.10","0.13","-0.970","0.00","1.92","0.3686","0.0292","0.3775"
"WEP","16-Jun-2025","26","92.23","90.85","0.13","-1.440","0.00","1.92","0.3686","0.0292","0.3775"
"WEP","16-Jun-2025","27","84.02","83.05","0.13","-1.860","0.00","1.92","0.3686","0.0292","0.3775"
"WEP","16-Jun-2025","28","90.43","91.01","0.12","-3.400","0.00","1.92","0.3686","0.0292","0.3775"
"WEP","16-Jun-2025","29","92.45","93.47","0.12","-3.830","0.00","1.92","0.3686","0.0292","0.3775"
"WEP","16-Jun-2025","30","120.64","120.32","0.15","-2.520","0.00","1.92","0.3686","0.0292","0.3775"
"WEP","16-Jun-2025","31","120.52","120.31","0.12","-2.610","0.00","1.92","0.3686","0.0292","0.3775"
"WEP","16-Jun-2025","32","119.23","119.02","0.13","-2.620","0.00","1.92","0.3686","0.0292","0.3775"
"WEP","16-Jun-2025","33","124.94","125.23","0.17","-3.160","0.00","1.92","0.3686","0.0292","0.3775"
"WEP","16-Jun-2025","34","122.77","122.25","0.35","-2.520","0.00","1.92","0.3686","0.0292","0.3775"
"WEP","16-Jun-2025","35","472.43","471.11","3.49","-4.870","0.00","1.92","0.3686","0.0292","0.3775"
"WEP","16-Jun-2025","36","126.43","125.34","0.33","-1.930","0.00","1.92","0.3686","0.0292","0.3775"
"WEP","16-Jun-2025","37","126.09","125.34","0.35","-2.290","0.00","1.92","0.3686","0.0292","0.3775"
"WEP","16-Jun-2025","38","126.51","125.34","0.34","-1.860","0.00","1.92","0.3686","0.0292","0.3775"
"WEP","16-Jun-2025","39","132.03","130.94","0.25","-1.860","0.00","1.92","0.3686","0.0292","0.3775"
"WEP","16-Jun-2025","40","192.16","192.05","0.23","-2.820","0.00","1.92","0.3686","0.0292","0.3775"
"WEP","16-Jun-2025","41","191.32","191.28","0.15","-2.810","0.00","1.92","0.3686","0.0292","0.3775"
"WEP","16-Jun-2025","42","195.91","196.21","0.15","-3.150","0.00","1.92","0.3686","0.0292","0.3775"
"WEP","16-Jun-2025","43","189.12","188.71","0.15","-2.440","0.00","1.92","0.3686","0.0292","0.3775"
"WEP","16-Jun-2025","44","125.79","125.38","0.14","-2.430","0.00","1.92","0.3686","0.0292","0.3775"
"WEP","16-Jun-2025","45","125.57","124.72","0.14","-1.990","0.00","1.92","0.3686","0.0292","0.3775"
"WEP","16-Jun-2025","46","119.40","118.84","0.13","-2.270","0.00","1.92","0.3686","0.0292","0.3775"
"WEP","16-Jun-2025","47","99.74","98.72","0.15","-1.820","0.00","1.92","0.3686","0.0292","0.3775"
"WEP","16-Jun-2025","48","99.85","98.70","0.12","-1.660","0.00","1.92","0.3686","0.0292","0.3775"
"WEP","17-Jun-2025","1","146.02","145.04","0.12","-1.840","0.00","1.92","0.3686","0.0295","0.3817"
"WEP","17-Jun-2025","2","126.00","124.67","0.10","-1.470","0.00","1.92","0.3686","0.0295","0.3817"
"WEP","17-Jun-2025","3","123.24","121.89","0.07","-1.420","0.00","1.92","0.3686","0.0295","0.3817"
"WEP","17-Jun-2025","4","119.48","118.75","0.07","-2.040","0.00","1.92","0.3686","0.0295","0.3817"
"WEP","17-Jun-2025","5","114.21","112.68","0.07","-1.240","0.00","1.92","0.3686","0.0295","0.3817"
"WEP","17-Jun-2025","6","103.70","102.50","0.07","-1.570","0.00","1.92","0.3686","0.0295","0.3817"
"WEP","17-Jun-2025","7","102.17","100.94","0.07","-1.540","0.00","1.92","0.3686","0.0295","0.3817"
"WEP","17-Jun-2025","8","102.53","100.93","0.07","-1.170","0.00","1.92","0.3686","0.0295","0.3817"
"WEP","17-Jun-2025","9","98.29","96.87","0.07","-1.350","0.00","1.92","0.3686","0.0295","0.3817"
"WEP","17-Jun-2025","10","98.14","96.86","0.07","-1.490","0.00","1.92","0.3686","0.0295","0.3817"
"WEP","17-Jun-2025","11","99.94","98.66","0.10","-1.520","0.00","1.92","0.3686","0.0295","0.3817"
"WEP","17-Jun-2025","12","120.17","118.73","0.13","-1.390","0.00","1.92","0.3686","0.0295","0.3817"
"WEP","17-Jun-2025","13","120.32","117.93","0.33","-0.640","0.00","1.92","0.3686","0.0295","0.3817"
"WEP","17-Jun-2025","14","125.93","124.59","0.40","-1.760","0.00","1.92","0.3686","0.0295","0.3817"
"WEP","17-Jun-2025","15","126.03","125.00","0.43","-2.100","0.00","1.92","0.3686","0.0295","0.3817"
"WEP","17-Jun-2025","16","162.34","161.10","0.42","-1.880","0.00","1.92","0.3686","0.0295","0.3817"
"WEP","17-Jun-2025","17","161.89","161.11","0.36","-2.280","0.00","1.92","0.3686","0.0295","0.3817"
"WEP","17-Jun-2025","18","164.66","162.69","0.37","-1.100","0.00","1.92","0.3686","0.0295","0.3817"
"WEP","17-Jun-2025","19","124.16","122.10","0.31","-0.950","0.00","1.92","0.3686","0.0295","0.3817"
"WEP","17-Jun-2025","20","117.70","115.44","0.31","-0.750","0.00","1.92","0.3686","0.0295","0.3817"
"WEP","17-Jun-2025","21","98.15","96.22","0.13","-0.900","0.00","1.92","0.3686","0.0295","0.3817"
"WEP","17-Jun-2025","22","97.24","95.99","0.13","-1.580","0.00","1.92","0.3686","0.0295","0.3817"
"WEP","17-Jun-2025","23","96.73","96.01","0.12","-2.100","0.00","1.92","0.3686","0.0295","0.3817"
"WEP","17-Jun-2025","24","91.83","91.20","0.12","-2.190","0.00","1.92","0.3686","0.0295","0.3817"
"WEP","17-Jun-2025","25","93.20","93.19","0.13","-2.820","0.00","1.92","0.3686","0.0295","0.3817"
"WEP","17-Jun-2025","26","95.83","96.03","0.14","-3.040","0.00","1.92","0.3686","0.0295","0.3817"
"WEP","17-Jun-2025","27","93.38","93.00","0.13","-2.450","0.00","1.92","0.3686","0.0295","0.3817"
"WEP","17-Jun-2025","28","93.24","93.23","0.13","-2.820","0.00","1.92","0.3686","0.0295","0.3817"
"WEP","17-Jun-2025","29","96.86","96.04","0.12","-2.000","0.00","1.92","0.3686","0.0295","0.3817"
"WEP","17-Jun-2025","30","98.24","96.26","0.11","-0.830","0.00","1.92","0.3686","0.0295","0.3817"
"WEP","17-Jun-2025","31","93.65","92.97","0.12","-2.140","0.00","1.92","0.3686","0.0295","0.3817"
"WEP","17-Jun-2025","32","96.65","96.19","0.13","-2.370","0.00","1.92","0.3686","0.0295","0.3817"
"WEP","17-Jun-2025","33","103.46","101.88","0.12","-1.240","0.00","1.92","0.3686","0.0295","0.3817"
"WEP","17-Jun-2025","34","120.69","119.02","0.18","-1.210","0.00","1.92","0.3686","0.0295","0.3817"
"WEP","17-Jun-2025","35","97.38","96.34","0.24","-1.900","0.00","1.92","0.3686","0.0295","0.3817"
"WEP","17-Jun-2025","36","97.50","96.81","0.16","-2.170","0.00","1.92","0.3686","0.0295","0.3817"
"WEP","17-Jun-2025","37","113.61","112.30","0.32","-1.710","0.00","1.92","0.3686","0.0295","0.3817"
"WEP","17-Jun-2025","38","123.13","122.04","0.39","-2.000","0.00","1.92","0.3686","0.0295","0.3817"
"WEP","17-Jun-2025","39","127.19","124.78","0.37","-0.660","0.00","1.92","0.3686","0.0295","0.3817"
"WEP","17-Jun-2025","40","128.06","125.15","0.36","-0.150","0.00","1.92","0.3686","0.0295","0.3817"
"WEP","17-Jun-2025","41","199.87","196.87","0.60","-0.300","0.00","1.92","0.3686","0.0295","0.3817"
"WEP","17-Jun-2025","42","156.20","153.08","0.37","0.050","0.00","1.92","0.3686","0.0295","0.3817"
"WEP","17-Jun-2025","43","128.14","125.49","0.30","-0.350","0.00","1.92","0.3686","0.0295","0.3817"
"WEP","17-Jun-2025","44","127.37","124.84","0.27","-0.440","0.00","1.92","0.3686","0.0295","0.3817"
"WEP","17-Jun-2025","45","123.19","120.43","0.19","-0.120","0.00","1.92","0.3686","0.0295","0.3817"
"WEP","17-Jun-2025","46","117.82","114.29","0.14","0.690","0.00","1.92","0.3686","0.0295","0.3817"
"WEP","17-Jun-2025","47","103.92","101.02","0.15","0.050","0.00","1.92","0.3686","0.0295","0.3817"
"WEP","17-Jun-2025","48","98.72","96.14","0.13","-0.250","0.00","1.92","0.3686","0.0295","0.3817"
"WEP","18-Jun-2025","1","91.81","91.20","0.12","-2.220","0.00","1.92","0.3686","0.0300","0.3871"
"WEP","18-Jun-2025","2","91.34","90.27","0.11","-1.740","0.00","1.92","0.3686","0.0300","0.3871"
"WEP","18-Jun-2025","3","86.35","84.90","0.07","-1.330","0.00","1.92","0.3686","0.0300","0.3871"
"WEP","18-Jun-2025","4","81.58","80.72","0.07","-1.920","0.00","1.92","0.3686","0.0300","0.3871"
"WEP","18-Jun-2025","5","80.87","79.98","0.07","-1.890","0.00","1.92","0.3686","0.0300","0.3871"
"WEP","18-Jun-2025","6","85.54","84.05","0.07","-1.290","0.00","1.92","0.3686","0.0300","0.3871"
"WEP","18-Jun-2025","7","80.03","78.89","0.07","-1.630","0.00","1.92","0.3686","0.0300","0.3871"
"WEP","18-Jun-2025","8","75.66","74.34","0.07","-1.460","0.00","1.92","0.3686","0.0300","0.3871"
"WEP","18-Jun-2025","9","75.96","74.60","0.07","-1.410","0.00","1.92","0.3686","0.0300","0.3871"
"WEP","18-Jun-2025","10","81.70","80.75","0.07","-1.820","0.00","1.92","0.3686","0.0300","0.3871"
"WEP","18-Jun-2025","11","91.86","90.95","0.11","-1.910","0.00","1.92","0.3686","0.0300","0.3871"
"WEP","18-Jun-2025","12","96.57","94.71","0.13","-0.970","0.00","1.92","0.3686","0.0300","0.3871"
"WEP","18-Jun-2025","13","92.57","90.82","0.38","-1.340","0.00","1.92","0.3686","0.0300","0.3871"
"WEP","18-Jun-2025","14","92.59","91.28","0.55","-1.950","0.00","1.92","0.3686","0.0300","0.3871"
"WEP","18-Jun-2025","15","92.50","91.31","0.59","-2.100","0.00","1.92","0.3686","0.0300","0.3871"
"WEP","18-Jun-2025","16","97.47","96.15","0.57","-1.960","0.00","1.92","0.3686","0.0300","0.3871"
"WEP","18-Jun-2025","17","97.44","96.27","0.41","-1.940","0.00","1.92","0.3686","0.0300","0.3871"
"WEP","18-Jun-2025","18","98.15","96.25","0.54","-1.350","0.00","1.92","0.3686","0.0300","0.3871"
"WEP","18-Jun-2025","19","91.54","89.60","0.34","-1.100","0.00","1.92","0.3686","0.0300","0.3871"
"WEP","18-Jun-2025","20","82.41","81.05","0.35","-1.690","0.00","1.92","0.3686","0.0300","0.3871"
"WEP","18-Jun-2025","21","82.46","80.98","0.13","-1.360","0.00","1.92","0.3686","0.0300","0.3871"
"WEP","18-Jun-2025","22","81.32","79.34","0.13","-0.850","0.00","1.92","0.3686","0.0300","0.3871"
"WEP","18-Jun-2025","23","80.09","78.19","0.12","-0.930","0.00","1.92","0.3686","0.0300","0.3871"
"WEP","18-Jun-2025","24","73.49","72.18","0.12","-1.520","0.00","1.92","0.3686","0.0300","0.3871"
"WEP","18-Jun-2025","25","66.72","65.76","0.13","-1.870","0.00","1.92","0.3686","0.0300","0.3871"
"WEP","18-Jun-2025","26","70.14","70.51","0.14","-3.220","0.00","1.92","0.3686","0.0300","0.3871"
"WEP","18-Jun-2025","27","81.62","81.20","0.13","-2.410","0.00","1.92","0.3686","0.0300","0.3871"
"WEP","18-Jun-2025","28","92.37","90.98","0.13","-1.450","0.00","1.92","0.3686","0.0300","0.3871"
"WEP","18-Jun-2025","29","89.60","88.01","0.12","-1.240","0.00","1.92","0.3686","0.0300","0.3871"
"WEP","18-Jun-2025","30","79.87","79.12","0.11","-2.070","0.00","1.92","0.3686","0.0300","0.3871"
"WEP","18-Jun-2025","31","84.22","83.64","0.12","-2.250","0.00","1.92","0.3686","0.0300","0.3871"
"WEP","18-Jun-2025","32","92.66","91.32","0.13","-1.500","0.00","1.92","0.3686","0.0300","0.3871"
"WEP","18-Jun-2025","33","95.91","94.78","0.12","-1.690","0.00","1.92","0.3686","0.0300","0.3871"
"WEP","18-Jun-2025","34","97.31","96.18","0.13","-1.710","0.00","1.92","0.3686","0.0300","0.3871"
"WEP","18-Jun-2025","35","96.82","96.38","0.41","-2.670","0.00","1.92","0.3686","0.0300","0.3871"
"WEP","18-Jun-2025","36","106.78","106.95","0.32","-3.200","0.00","1.92","0.3686","0.0300","0.3871"
"WEP","18-Jun-2025","37","122.44","122.14","0.36","-2.770","0.00","1.92","0.3686","0.0300","0.3871"
"WEP","18-Jun-2025","38","125.30","124.55","0.51","-2.460","0.00","1.92","0.3686","0.0300","0.3871"
"WEP","18-Jun-2025","39","126.86","125.46","0.50","-1.810","0.00","1.92","0.3686","0.0300","0.3871"
"WEP","18-Jun-2025","40","126.81","125.49","0.49","-1.880","0.00","1.92","0.3686","0.0300","0.3871"
"WEP","18-Jun-2025","41","126.39","125.37","0.44","-2.120","0.00","1.92","0.3686","0.0300","0.3871"
"WEP","18-Jun-2025","42","126.03","125.21","0.45","-2.330","0.00","1.92","0.3686","0.0300","0.3871"
"WEP","18-Jun-2025","43","125.66","125.36","0.45","-2.860","0.00","1.92","0.3686","0.0300","0.3871"
"WEP","18-Jun-2025","44","111.31","119.04","0.28","-10.720","0.00","1.92","0.3686","0.0300","0.3871"
"WEP","18-Jun-2025","45","109.43","108.78","0.19","-2.240","0.00","1.92","0.3686","0.0300","0.3871"
"WEP","18-Jun-2025","46","97.87","96.49","0.13","-1.450","0.00","1.92","0.3686","0.0300","0.3871"
"WEP","18-Jun-2025","47","97.14","96.18","0.15","-1.890","0.00","1.92","0.3686","0.0300","0.3871"
"WEP","18-Jun-2025","48","94.33","93.71","0.13","-2.220","0.00","1.92","0.3686","0.0300","0.3871"
"WEP","19-Jun-2025","1","91.06","89.67","0.12","-1.440","0.00","1.92","0.3686","0.0300","0.3882"
"WEP","19-Jun-2025","2","86.54","85.20","0.10","-1.460","0.00","1.92","0.3686","0.0300","0.3882"
"WEP","19-Jun-2025","3","92.81","91.01","0.07","-0.970","0.00","1.92","0.3686","0.0300","0.3882"
"WEP","19-Jun-2025","4","92.60","90.81","0.07","-0.990","0.00","1.92","0.3686","0.0300","0.3882"
"WEP","19-Jun-2025","5","92.72","90.80","0.07","-0.850","0.00","1.92","0.3686","0.0300","0.3882"
"WEP","19-Jun-2025","6","92.47","90.22","0.07","-0.530","0.00","1.92","0.3686","0.0300","0.3882"
"WEP","19-Jun-2025","7","90.67","88.71","0.10","-0.840","0.00","1.92","0.3686","0.0300","0.3882"
"WEP","19-Jun-2025","8","87.07","84.85","0.10","-0.590","0.00","1.92","0.3686","0.0300","0.3882"
"WEP","19-Jun-2025","9","81.43","79.01","0.09","-0.380","0.00","1.92","0.3686","0.0300","0.3882"
"WEP","19-Jun-2025","10","81.17","79.01","0.09","-0.630","0.00","1.92","0.3686","0.0300","0.3882"
"WEP","19-Jun-2025","11","83.02","80.74","0.11","-0.540","0.00","1.92","0.3686","0.0300","0.3882"
"WEP","19-Jun-2025","12","85.16","83.03","0.13","-0.700","0.00","1.92","0.3686","0.0300","0.3882"
"WEP","19-Jun-2025","13","83.48","80.96","0.38","-0.560","0.00","1.92","0.3686","0.0300","0.3882"
"WEP","19-Jun-2025","14","92.52","90.24","0.55","-0.980","0.00","1.92","0.3686","0.0300","0.3882"
"WEP","19-Jun-2025","15","93.75","91.45","0.59","-1.000","0.00","1.92","0.3686","0.0300","0.3882"
"WEP","19-Jun-2025","16","98.77","96.10","0.58","-0.620","0.00","1.92","0.3686","0.0300","0.3882"
"WEP","19-Jun-2025","17","98.66","96.32","0.54","-0.910","0.00","1.92","0.3686","0.0300","0.3882"
"WEP","19-Jun-2025","18","121.22","119.08","0.55","-1.120","0.00","1.92","0.3686","0.0300","0.3882"
"WEP","19-Jun-2025","19","104.60","102.30","0.42","-0.830","0.00","1.92","0.3686","0.0300","0.3882"
"WEP","19-Jun-2025","20","98.34","96.26","0.40","-1.030","0.00","1.92","0.3686","0.0300","0.3882"
"WEP","19-Jun-2025","21","98.57","96.22","0.14","-0.500","0.00","1.92","0.3686","0.0300","0.3882"
"WEP","19-Jun-2025","22","98.18","96.28","0.14","-0.950","0.00","1.92","0.3686","0.0300","0.3882"
"WEP","19-Jun-2025","23","93.78","91.24","0.13","-0.300","0.00","1.92","0.3686","0.0300","0.3882"
"WEP","19-Jun-2025","24","92.09","89.60","0.12","-0.340","0.00","1.92","0.3686","0.0300","0.3882"
"WEP","19-Jun-2025","25","83.61","81.13","0.14","-0.370","0.00","1.92","0.3686","0.0300","0.3882"
"WEP","19-Jun-2025","26","82.63","80.42","0.15","-0.650","0.00","1.92","0.3686","0.0300","0.3882"
"WEP","19-Jun-2025","27","82.58","80.41","0.13","-0.670","0.00","1.92","0.3686","0.0300","0.3882"
"WEP","19-Jun-2025","28","81.02","79.07","0.13","-0.880","0.00","1.92","0.3686","0.0300","0.3882"
"WEP","19-Jun-2025","29","80.46","79.00","0.12","-1.370","0.00","1.92","0.3686","0.0300","0.3882"
"WEP","19-Jun-2025","30","80.42","79.25","0.11","-1.650","0.00","1.92","0.3686","0.0300","0.3882"
"WEP","19-Jun-2025","31","84.63","83.52","0.12","-1.720","0.00","1.92","0.3686","0.0300","0.3882"
"WEP","19-Jun-2025","32","98.44","96.14","0.19","-0.600","0.00","1.92","0.3686","0.0300","0.3882"
"WEP","19-Jun-2025","33","96.95","96.11","0.12","-1.980","0.00","1.92","0.3686","0.0300","0.3882"
"WEP","19-Jun-2025","34","97.02","96.29","0.14","-2.110","0.00","1.92","0.3686","0.0300","0.3882"
"WEP","19-Jun-2025","35","120.29","119.15","0.83","-2.400","0.00","1.92","0.3686","0.0300","0.3882"
"WEP","19-Jun-2025","36","99.54","98.40","0.34","-1.910","0.00","1.92","0.3686","0.0300","0.3882"
"WEP","19-Jun-2025","37","115.23","113.37","0.37","-1.220","0.00","1.92","0.3686","0.0300","0.3882"
"WEP","19-Jun-2025","38","119.01","117.77","0.51","-1.980","0.00","1.92","0.3686","0.0300","0.3882"
"WEP","19-Jun-2025","39","123.63","122.21","0.50","-1.790","0.00","1.92","0.3686","0.0300","0.3882"
"WEP","19-Jun-2025","40","113.27","111.44","0.38","-1.260","0.00","1.92","0.3686","0.0300","0.3882"
"WEP","19-Jun-2025","41","109.73","108.35","0.30","-1.620","0.00","1.92","0.3686","0.0300","0.3882"
"WEP","19-Jun-2025","42","109.68","108.38","0.30","-1.710","0.00","1.92","0.3686","0.0300","0.3882"
"WEP","19-Jun-2025","43","100.05","98.77","0.18","-1.610","0.00","1.92","0.3686","0.0300","0.3882"
"WEP","19-Jun-2025","44","97.58","96.40","0.13","-1.660","0.00","1.92","0.3686","0.0300","0.3882"
"WEP","19-Jun-2025","45","97.95","96.11","0.13","-1.000","0.00","1.92","0.3686","0.0300","0.3882"
"WEP","19-Jun-2025","46","97.42","96.22","0.14","-1.650","0.00","1.92","0.3686","0.0300","0.3882"
"WEP","19-Jun-2025","47","97.88","96.09","0.20","-1.120","0.00","1.92","0.3686","0.0300","0.3882"
"WEP","19-Jun-2025","48","91.70","89.17","0.12","-0.300","0.00","1.92","0.3686","0.0300","0.3882"
"WEP","20-Jun-2025","1","96.99","95.79","0.12","-1.620","0.00","1.92","0.3686","0.0299","0.3861"
"WEP","20-Jun-2025","2","90.28","89.68","0.10","-2.200","0.00","1.92","0.3686","0.0299","0.3861"
"WEP","20-Jun-2025","3","96.75","95.97","0.07","-1.990","0.00","1.92","0.3686","0.0299","0.3861"
"WEP","20-Jun-2025","4","96.85","95.99","0.07","-1.910","0.00","1.92","0.3686","0.0299","0.3861"
"WEP","20-Jun-2025","5","99.51","98.89","0.07","-2.160","0.00","1.92","0.3686","0.0299","0.3861"
"WEP","20-Jun-2025","6","100.19","98.88","0.09","-1.480","0.00","1.92","0.3686","0.0299","0.3861"
"WEP","20-Jun-2025","7","100.07","98.89","0.09","-1.620","0.00","1.92","0.3686","0.0299","0.3861"
"WEP","20-Jun-2025","8","97.82","96.32","0.09","-1.300","0.00","1.92","0.3686","0.0299","0.3861"
"WEP","20-Jun-2025","9","97.66","95.98","0.07","-1.090","0.00","1.92","0.3686","0.0299","0.3861"
"WEP","20-Jun-2025","10","97.85","95.95","0.07","-0.870","0.00","1.92","0.3686","0.0299","0.3861"
"WEP","20-Jun-2025","11","97.72","96.14","0.10","-1.220","0.00","1.92","0.3686","0.0299","0.3861"
"WEP","20-Jun-2025","12","98.30","96.28","0.13","-0.820","0.00","1.92","0.3686","0.0299","0.3861"
"WEP","20-Jun-2025","13","98.27","96.37","0.35","-1.160","0.00","1.92","0.3686","0.0299","0.3861"
"WEP","20-Jun-2025","14","100.42","99.37","0.54","-2.190","0.00","1.92","0.3686","0.0299","0.3861"
"WEP","20-Jun-2025","15","92.40","99.38","0.45","-10.140","0.00","1.92","0.3686","0.0299","0.3861"
"WEP","20-Jun-2025","16","108.80","114.45","0.56","-8.920","0.00","1.92","0.3686","0.0299","0.3861"
"WEP","20-Jun-2025","17","115.10","120.48","0.42","-8.510","0.00","1.92","0.3686","0.0299","0.3861"
"WEP","20-Jun-2025","18","119.31","119.10","0.59","-3.080","0.00","1.92","0.3686","0.0299","0.3861"
"WEP","20-Jun-2025","19","119.40","119.11","0.36","-2.770","0.00","1.92","0.3686","0.0299","0.3861"
"WEP","20-Jun-2025","20","112.67","111.99","0.41","-2.430","0.00","1.92","0.3686","0.0299","0.3861"
"WEP","20-Jun-2025","21","99.36","98.81","0.13","-2.280","0.00","1.92","0.3686","0.0299","0.3861"
"WEP","20-Jun-2025","22","107.83","108.26","0.13","-3.270","0.00","1.92","0.3686","0.0299","0.3861"
"WEP","20-Jun-2025","23","121.65","122.13","0.17","-3.360","0.00","1.92","0.3686","0.0299","0.3861"
"WEP","20-Jun-2025","24","125.85","125.32","0.20","-2.380","0.00","1.92","0.3686","0.0299","0.3861"
"WEP","20-Jun-2025","25","127.08","125.41","0.20","-1.240","0.00","1.92","0.3686","0.0299","0.3861"
"WEP","20-Jun-2025","26","120.65","119.10","0.21","-1.370","0.00","1.92","0.3686","0.0299","0.3861"
"WEP","20-Jun-2025","27","123.84","122.12","0.20","-1.190","0.00","1.92","0.3686","0.0299","0.3861"
"WEP","20-Jun-2025","28","113.16","112.13","0.14","-1.810","0.00","1.92","0.3686","0.0299","0.3861"
"WEP","20-Jun-2025","29","99.45","98.16","0.12","-1.540","0.00","1.92","0.3686","0.0299","0.3861"
"WEP","20-Jun-2025","30","99.94","98.65","0.12","-1.530","0.00","1.92","0.3686","0.0299","0.3861"
"WEP","20-Jun-2025","31","104.44","103.09","0.12","-1.470","0.00","1.92","0.3686","0.0299","0.3861"
"WEP","20-Jun-2025","32","97.38","96.34","0.14","-1.810","0.00","1.92","0.3686","0.0299","0.3861"
"WEP","20-Jun-2025","33","97.45","96.44","0.12","-1.820","0.00","1.92","0.3686","0.0299","0.3861"
"WEP","20-Jun-2025","34","98.01","97.64","0.14","-2.480","0.00","1.92","0.3686","0.0299","0.3861"
"WEP","20-Jun-2025","35","99.64","103.29","0.25","-6.610","0.00","1.92","0.3686","0.0299","0.3861"
"WEP","20-Jun-2025","36","99.87","99.39","0.30","-2.520","0.00","1.92","0.3686","0.0299","0.3861"
"WEP","20-Jun-2025","37","120.84","120.36","0.53","-2.750","0.00","1.92","0.3686","0.0299","0.3861"
"WEP","20-Jun-2025","38","113.77","113.78","0.40","-3.120","0.00","1.92","0.3686","0.0299","0.3861"
"WEP","20-Jun-2025","39","120.54","120.47","0.41","-3.050","0.00","1.92","0.3686","0.0299","0.3861"
"WEP","20-Jun-2025","40","120.53","120.47","0.39","-3.030","0.00","1.92","0.3686","0.0299","0.3861"
"WEP","20-Jun-2025","41","111.46","111.42","0.31","-2.980","0.00","1.92","0.3686","0.0299","0.3861"
"WEP","20-Jun-2025","42","99.77","99.30","0.26","-2.490","0.00","1.92","0.3686","0.0299","0.3861"
"WEP","20-Jun-2025","43","98.95","98.79","0.23","-2.780","0.00","1.92","0.3686","0.0299","0.3861"
"WEP","20-Jun-2025","44","97.27","96.65","0.18","-2.270","0.00","1.92","0.3686","0.0299","0.3861"
"WEP","20-Jun-2025","45","97.25","96.34","0.14","-1.930","0.00","1.92","0.3686","0.0299","0.3861"
"WEP","20-Jun-2025","46","97.08","96.17","0.14","-1.930","0.00","1.92","0.3686","0.0299","0.3861"
"WEP","20-Jun-2025","47","96.97","96.00","0.19","-1.930","0.00","1.92","0.3686","0.0299","0.3861"
"WEP","20-Jun-2025","48","97.68","96.42","0.15","-1.590","0.00","1.92","0.3686","0.0299","0.3861"
"WEP","21-Jun-2025","1","101.01","98.78","0.27","-0.760","0.00","1.92","0.3686","0.0315","0.4065"
"WEP","21-Jun-2025","2","113.24","110.49","0.14","-0.120","0.00","1.92","0.3686","0.0315","0.4065"
"WEP","21-Jun-2025","3","100.59","98.42","0.09","-0.650","0.00","1.92","0.3686","0.0315","0.4065"
"WEP","21-Jun-2025","4","98.74","96.33","0.09","-0.410","0.00","1.92","0.3686","0.0315","0.4065"
"WEP","21-Jun-2025","5","98.31","96.18","0.10","-0.700","0.00","1.92","0.3686","0.0315","0.4065"
"WEP","21-Jun-2025","6","98.20","96.16","0.10","-0.790","0.00","1.92","0.3686","0.0315","0.4065"
"WEP","21-Jun-2025","7","97.89","96.14","0.10","-1.080","0.00","1.92","0.3686","0.0315","0.4065"
"WEP","21-Jun-2025","8","98.48","95.97","0.10","-0.310","0.00","1.92","0.3686","0.0315","0.4065"
"WEP","21-Jun-2025","9","86.07","83.58","0.09","-0.320","0.00","1.92","0.3686","0.0315","0.4065"
"WEP","21-Jun-2025","10","85.64","83.58","0.09","-0.760","0.00","1.92","0.3686","0.0315","0.4065"
"WEP","21-Jun-2025","11","92.85","90.77","0.12","-0.770","0.00","1.92","0.3686","0.0315","0.4065"
"WEP","21-Jun-2025","12","93.48","91.04","0.31","-0.600","0.00","1.92","0.3686","0.0315","0.4065"
"WEP","21-Jun-2025","13","93.93","91.64","0.42","-0.860","0.00","1.92","0.3686","0.0315","0.4065"
"WEP","21-Jun-2025","14","98.32","95.86","0.57","-0.840","0.00","1.92","0.3686","0.0315","0.4065"
"WEP","21-Jun-2025","15","94.87","92.75","0.63","-1.240","0.00","1.92","0.3686","0.0315","0.4065"
"WEP","21-Jun-2025","16","98.06","95.90","0.62","-1.190","0.00","1.92","0.3686","0.0315","0.4065"
"WEP","21-Jun-2025","17","98.03","95.94","0.51","-1.140","0.00","1.92","0.3686","0.0315","0.4065"
"WEP","21-Jun-2025","18","98.22","96.04","0.53","-1.070","0.00","1.92","0.3686","0.0315","0.4065"
"WEP","21-Jun-2025","19","98.43","95.94","0.41","-0.640","0.00","1.92","0.3686","0.0315","0.4065"
"WEP","21-Jun-2025","20","98.84","96.06","0.41","-0.350","0.00","1.92","0.3686","0.0315","0.4065"
"WEP","21-Jun-2025","21","98.29","95.90","0.33","-0.670","0.00","1.92","0.3686","0.0315","0.4065"
"WEP","21-Jun-2025","22","92.77","90.81","0.28","-1.050","0.00","1.92","0.3686","0.0315","0.4065"
"WEP","21-Jun-2025","23","91.34","89.58","0.25","-1.210","0.00","1.92","0.3686","0.0315","0.4065"
"WEP","21-Jun-2025","24","82.93","81.44","0.15","-1.380","0.00","1.92","0.3686","0.0315","0.4065"
"WEP","21-Jun-2025","25","82.97","81.43","0.31","-1.490","0.00","1.92","0.3686","0.0315","0.4065"
"WEP","21-Jun-2025","26","83.33","81.42","0.31","-1.120","0.00","1.92","0.3686","0.0315","0.4065"
"WEP","21-Jun-2025","27","85.53","83.52","0.31","-1.030","0.00","1.92","0.3686","0.0315","0.4065"
"WEP","21-Jun-2025","28","80.83","79.16","0.25","-1.310","0.00","1.92","0.3686","0.0315","0.4065"
"WEP","21-Jun-2025","29","81.93","81.14","0.16","-2.090","0.00","1.92","0.3686","0.0315","0.4065"
"WEP","21-Jun-2025","30","84.01","83.92","0.15","-2.790","0.00","1.92","0.3686","0.0315","0.4065"
"WEP","21-Jun-2025","31","97.32","95.93","0.29","-1.630","0.00","1.92","0.3686","0.0315","0.4065"
"WEP","21-Jun-2025","32","106.46","104.81","0.37","-1.440","0.00","1.92","0.3686","0.0315","0.4065"
"WEP","21-Jun-2025","33","98.55","96.12","0.30","-0.590","0.00","1.92","0.3686","0.0315","0.4065"
"WEP","21-Jun-2025","34","123.08","120.25","0.48","-0.370","0.00","1.92","0.3686","0.0315","0.4065"
"WEP","21-Jun-2025","35","114.91","111.64","0.88","-0.330","0.00","1.92","0.3686","0.0315","0.4065"
"WEP","21-Jun-2025","36","99.54","96.55","0.33","-0.060","0.00","1.92","0.3686","0.0315","0.4065"
"WEP","21-Jun-2025","37","104.74","103.00","0.46","-1.440","0.00","1.92","0.3686","0.0315","0.4065"
"WEP","21-Jun-2025","38","121.80","120.26","0.70","-1.880","0.00","1.92","0.3686","0.0315","0.4065"
"WEP","21-Jun-2025","39","122.83","120.25","0.68","-0.830","0.00","1.92","0.3686","0.0315","0.4065"
"WEP","21-Jun-2025","40","126.57","124.63","0.73","-1.510","0.00","1.92","0.3686","0.0315","0.4065"
"WEP","21-Jun-2025","41","126.33","124.74","0.52","-1.660","0.00","1.92","0.3686","0.0315","0.4065"
"WEP","21-Jun-2025","42","129.21","127.07","0.56","-1.150","0.00","1.92","0.3686","0.0315","0.4065"
"WEP","21-Jun-2025","43","208.60","207.63","1.71","-3.470","0.00","1.92","0.3686","0.0315","0.4065"
"WEP","21-Jun-2025","44","143.36","141.98","0.56","-1.900","0.00","1.92","0.3686","0.0315","0.4065"
"WEP","21-Jun-2025","45","126.99","124.67","0.42","-0.830","0.00","1.92","0.3686","0.0315","0.4065"
"WEP","21-Jun-2025","46","123.64","121.64","0.36","-1.090","0.00","1.92","0.3686","0.0315","0.4065"
"WEP","21-Jun-2025","47","122.42","120.34","0.44","-1.090","0.00","1.92","0.3686","0.0315","0.4065"
"WEP","21-Jun-2025","48","117.13","114.91","0.21","-0.710","0.00","1.92","0.3686","0.0315","0.4065"
"WEP","22-Jun-2025","1","111.61","109.34","0.29","-0.750","0.00","1.92","0.3686","0.0319","0.4119"
"WEP","22-Jun-2025","2","104.05","101.63","0.26","-0.570","0.00","1.92","0.3686","0.0319","0.4119"
"WEP","22-Jun-2025","3","98.59","96.32","0.10","-0.570","0.00","1.92","0.3686","0.0319","0.4119"
"WEP","22-Jun-2025","4","98.81","96.22","0.10","-0.240","0.00","1.92","0.3686","0.0319","0.4119"
"WEP","22-Jun-2025","5","98.47","96.22","0.10","-0.580","0.00","1.92","0.3686","0.0319","0.4119"
"WEP","22-Jun-2025","6","98.73","96.05","0.11","-0.160","0.00","1.92","0.3686","0.0319","0.4119"
"WEP","22-Jun-2025","7","98.37","96.02","0.11","-0.490","0.00","1.92","0.3686","0.0319","0.4119"
"WEP","22-Jun-2025","8","98.64","95.91","0.12","-0.120","0.00","1.92","0.3686","0.0319","0.4119"
"WEP","22-Jun-2025","9","93.74","90.87","0.10","0.040","0.00","1.92","0.3686","0.0319","0.4119"
"WEP","22-Jun-2025","10","93.44","90.86","0.11","-0.270","0.00","1.92","0.3686","0.0319","0.4119"
"WEP","22-Jun-2025","11","92.98","90.87","0.13","-0.760","0.00","1.92","0.3686","0.0319","0.4119"
"WEP","22-Jun-2025","12","93.39","91.23","0.32","-0.900","0.00","1.92","0.3686","0.0319","0.4119"
"WEP","22-Jun-2025","13","97.90","95.80","0.43","-1.060","0.00","1.92","0.3686","0.0319","0.4119"
"WEP","22-Jun-2025","14","98.34","95.90","0.63","-0.920","0.00","1.92","0.3686","0.0319","0.4119"
"WEP","22-Jun-2025","15","98.06","95.90","0.52","-1.090","0.00","1.92","0.3686","0.0319","0.4119"
"WEP","22-Jun-2025","16","98.52","95.89","0.51","-0.620","0.00","1.92","0.3686","0.0319","0.4119"
"WEP","22-Jun-2025","17","98.88","95.57","0.46","0.120","0.00","1.92","0.3686","0.0319","0.4119"
"WEP","22-Jun-2025","18","97.85","94.71","0.47","-0.060","0.00","1.92","0.3686","0.0319","0.4119"
"WEP","22-Jun-2025","19","93.63","91.20","0.36","-0.670","0.00","1.92","0.3686","0.0319","0.4119"
"WEP","22-Jun-2025","20","93.37","90.80","0.37","-0.530","0.00","1.92","0.3686","0.0319","0.4119"
"WEP","22-Jun-2025","21","89.05","86.47","0.22","-0.370","0.00","1.92","0.3686","0.0319","0.4119"
"WEP","22-Jun-2025","22","83.11","80.94","0.21","-0.770","0.00","1.92","0.3686","0.0319","0.4119"
"WEP","22-Jun-2025","23","80.64","78.85","0.20","-1.140","0.00","1.92","0.3686","0.0319","0.4119"
"WEP","22-Jun-2025","24","80.33","78.84","0.16","-1.400","0.00","1.92","0.3686","0.0319","0.4119"
"WEP","22-Jun-2025","25","80.77","78.85","0.32","-1.140","0.00","1.92","0.3686","0.0319","0.4119"
"WEP","22-Jun-2025","26","80.27","77.79","0.34","-0.590","0.00","1.92","0.3686","0.0319","0.4119"
"WEP","22-Jun-2025","27","78.73","76.45","0.31","-0.760","0.00","1.92","0.3686","0.0319","0.4119"
"WEP","22-Jun-2025","28","71.53","69.37","0.30","-0.870","0.00","1.92","0.3686","0.0319","0.4119"
"WEP","22-Jun-2025","29","68.10","66.42","0.14","-1.200","0.00","1.92","0.3686","0.0319","0.4119"
"WEP","22-Jun-2025","30","80.47","78.76","0.13","-1.150","0.00","1.92","0.3686","0.0319","0.4119"
"WEP","22-Jun-2025","31","81.00","79.44","0.18","-1.350","0.00","1.92","0.3686","0.0319","0.4119"
"WEP","22-Jun-2025","32","78.48","76.49","0.31","-1.050","0.00","1.92","0.3686","0.0319","0.4119"
"WEP","22-Jun-2025","33","81.72","79.43","0.15","-0.590","0.00","1.92","0.3686","0.0319","0.4119"
"WEP","22-Jun-2025","34","83.04","81.11","0.22","-1.020","0.00","1.92","0.3686","0.0319","0.4119"
"WEP","22-Jun-2025","35","89.34","87.73","0.49","-1.610","0.00","1.92","0.3686","0.0319","0.4119"
"WEP","22-Jun-2025","36","92.37","91.22","0.28","-1.860","0.00","1.92","0.3686","0.0319","0.4119"
"WEP","22-Jun-2025","37","93.39","91.60","0.34","-1.290","0.00","1.92","0.3686","0.0319","0.4119"
"WEP","22-Jun-2025","38","98.11","96.09","0.40","-1.110","0.00","1.92","0.3686","0.0319","0.4119"
"WEP","22-Jun-2025","39","98.32","96.28","0.37","-1.060","0.00","1.92","0.3686","0.0319","0.4119"
"WEP","22-Jun-2025","40","105.64","103.44","0.40","-0.930","0.00","1.92","0.3686","0.0319","0.4119"
"WEP","22-Jun-2025","41","105.36","103.47","0.34","-1.180","0.00","1.92","0.3686","0.0319","0.4119"
"WEP","22-Jun-2025","42","110.95","109.29","0.35","-1.420","0.00","1.92","0.3686","0.0319","0.4119"
"WEP","22-Jun-2025","43","111.28","109.72","0.35","-1.520","0.00","1.92","0.3686","0.0319","0.4119"
"WEP","22-Jun-2025","44","104.95","103.49","0.20","-1.480","0.00","1.92","0.3686","0.0319","0.4119"
"WEP","22-Jun-2025","45","101.65","99.64","0.29","-1.020","0.00","1.92","0.3686","0.0319","0.4119"
"WEP","22-Jun-2025","46","105.00","102.56","0.19","-0.480","0.00","1.92","0.3686","0.0319","0.4119"
"WEP","22-Jun-2025","47","105.19","102.94","0.32","-0.800","0.00","1.92","0.3686","0.0319","0.4119"
"WEP","22-Jun-2025","48","98.76","96.29","0.20","-0.460","0.00","1.92","0.3686","0.0319","0.4119"
"WEP","23-Jun-2025","1","98.02","96.31","0.29","-1.280","0.00","1.92","0.3686","0.0299","0.3863"
"WEP","23-Jun-2025","2","97.92","95.97","0.24","-1.000","0.00","1.92","0.3686","0.0299","0.3863"
"WEP","23-Jun-2025","3","102.71","100.98","0.10","-1.070","0.00","1.92","0.3686","0.0299","0.3863"
"WEP","23-Jun-2025","4","110.03","108.03","0.22","-0.930","0.00","1.92","0.3686","0.0299","0.3863"
"WEP","23-Jun-2025","5","113.27","111.57","0.23","-1.230","0.00","1.92","0.3686","0.0299","0.3863"
"WEP","23-Jun-2025","6","102.49","100.04","0.23","-0.490","0.00","1.92","0.3686","0.0299","0.3863"
"WEP","23-Jun-2025","7","111.86","109.45","0.31","-0.610","0.00","1.92","0.3686","0.0299","0.3863"
"WEP","23-Jun-2025","8","98.57","96.21","0.24","-0.580","0.00","1.92","0.3686","0.0299","0.3863"
"WEP","23-Jun-2025","9","81.16","79.00","0.10","-0.650","0.00","1.92","0.3686","0.0299","0.3863"
"WEP","23-Jun-2025","10","80.90","79.00","0.10","-0.900","0.00","1.92","0.3686","0.0299","0.3863"
"WEP","23-Jun-2025","11","93.00","91.08","0.24","-1.020","0.00","1.92","0.3686","0.0299","0.3863"
"WEP","23-Jun-2025","12","98.09","96.22","0.30","-1.130","0.00","1.92","0.3686","0.0299","0.3863"
"WEP","23-Jun-2025","13","98.01","96.08","0.35","-1.130","0.00","1.92","0.3686","0.0299","0.3863"
"WEP","23-Jun-2025","14","97.61","96.15","0.53","-1.770","0.00","1.92","0.3686","0.0299","0.3863"
"WEP","23-Jun-2025","15","96.67","96.25","0.43","-2.720","0.00","1.92","0.3686","0.0299","0.3863"
"WEP","23-Jun-2025","16","111.90","111.56","0.50","-2.860","0.00","1.92","0.3686","0.0299","0.3863"
"WEP","23-Jun-2025","17","110.78","109.46","0.46","-1.850","0.00","1.92","0.3686","0.0299","0.3863"
"WEP","23-Jun-2025","18","110.83","109.48","0.47","-1.830","0.00","1.92","0.3686","0.0299","0.3863"
"WEP","23-Jun-2025","19","110.94","109.45","0.51","-1.730","0.00","1.92","0.3686","0.0299","0.3863"
"WEP","23-Jun-2025","20","111.23","109.43","0.50","-1.400","0.00","1.92","0.3686","0.0299","0.3863"
"WEP","23-Jun-2025","21","105.97","103.41","0.33","-0.470","0.00","1.92","0.3686","0.0299","0.3863"
"WEP","23-Jun-2025","22","94.31","92.97","0.29","-1.650","0.00","1.92","0.3686","0.0299","0.3863"
"WEP","23-Jun-2025","23","96.20","94.64","0.29","-1.430","0.00","1.92","0.3686","0.0299","0.3863"
"WEP","23-Jun-2025","24","93.72","91.17","0.19","-0.340","0.00","1.92","0.3686","0.0299","0.3863"
"WEP","23-Jun-2025","25","91.98","89.58","0.30","-0.610","0.00","1.92","0.3686","0.0299","0.3863"
"WEP","23-Jun-2025","26","82.06","81.05","0.31","-2.000","0.00","1.92","0.3686","0.0299","0.3863"
"WEP","23-Jun-2025","27","85.12","84.09","0.31","-1.980","0.00","1.92","0.3686","0.0299","0.3863"
"WEP","23-Jun-2025","28","97.97","96.24","0.26","-1.240","0.00","1.92","0.3686","0.0299","0.3863"
"WEP","23-Jun-2025","29","91.86","90.71","0.16","-1.720","0.00","1.92","0.3686","0.0299","0.3863"
"WEP","23-Jun-2025","30","91.70","90.72","0.13","-1.850","0.00","1.92","0.3686","0.0299","0.3863"
"WEP","23-Jun-2025","31","96.93","96.18","0.16","-2.110","0.00","1.92","0.3686","0.0299","0.3863"
"WEP","23-Jun-2025","32","98.28","96.15","0.21","-0.780","0.00","1.92","0.3686","0.0299","0.3863"
"WEP","23-Jun-2025","33","98.12","96.16","0.30","-1.040","0.00","1.92","0.3686","0.0299","0.3863"
"WEP","23-Jun-2025","34","97.88","96.18","0.30","-1.310","0.00","1.92","0.3686","0.0299","0.3863"
"WEP","23-Jun-2025","35","96.91","96.36","0.54","-2.700","0.00","1.92","0.3686","0.0299","0.3863"
"WEP","23-Jun-2025","36","95.86","96.28","0.25","-3.370","0.00","1.92","0.3686","0.0299","0.3863"
"WEP","23-Jun-2025","37","110.18","109.53","0.43","-2.480","0.00","1.92","0.3686","0.0299","0.3863"
"WEP","23-Jun-2025","38","117.81","117.13","0.59","-2.620","0.00","1.92","0.3686","0.0299","0.3863"
"WEP","23-Jun-2025","39","111.98","111.66","0.49","-2.870","0.00","1.92","0.3686","0.0299","0.3863"
"WEP","23-Jun-2025","40","104.14","103.55","0.36","-2.470","0.00","1.92","0.3686","0.0299","0.3863"
"WEP","23-Jun-2025","41","96.70","96.38","0.23","-2.620","0.00","1.92","0.3686","0.0299","0.3863"
"WEP","23-Jun-2025","42","95.81","96.32","0.24","-3.450","0.00","1.92","0.3686","0.0299","0.3863"
"WEP","23-Jun-2025","43","126.46","126.59","0.52","-3.360","0.00","1.92","0.3686","0.0299","0.3863"
"WEP","23-Jun-2025","44","109.63","109.53","0.28","-2.890","0.00","1.92","0.3686","0.0299","0.3863"
"WEP","23-Jun-2025","45","104.62","103.57","0.30","-1.950","0.00","1.92","0.3686","0.0299","0.3863"
"WEP","23-Jun-2025","46","101.84","100.83","0.18","-1.870","0.00","1.92","0.3686","0.0299","0.3863"
"WEP","23-Jun-2025","47","97.90","96.39","0.28","-1.480","0.00","1.92","0.3686","0.0299","0.3863"
"WEP","23-Jun-2025","48","94.23","91.63","0.18","-0.280","0.00","1.92","0.3686","0.0299","0.3863"
"WEP","24-Jun-2025","1","92.90","90.70","0.19","-0.690","0.00","1.92","0.3686","0.0295","0.3807"
"WEP","24-Jun-2025","2","88.38","86.66","0.11","-1.090","0.00","1.92","0.3686","0.0295","0.3807"
"WEP","24-Jun-2025","3","88.32","86.64","0.09","-1.100","0.00","1.92","0.3686","0.0295","0.3807"
"WEP","24-Jun-2025","4","85.34","83.59","0.09","-1.040","0.00","1.92","0.3686","0.0295","0.3807"
"WEP","24-Jun-2025","5","92.58","91.07","0.10","-1.290","0.00","1.92","0.3686","0.0295","0.3807"
"WEP","24-Jun-2025","6","91.42","90.20","0.10","-1.580","0.00","1.92","0.3686","0.0295","0.3807"
"WEP","24-Jun-2025","7","91.00","89.75","0.10","-1.550","0.00","1.92","0.3686","0.0295","0.3807"
"WEP","24-Jun-2025","8","89.70","88.18","0.11","-1.290","0.00","1.92","0.3686","0.0295","0.3807"
"WEP","24-Jun-2025","9","83.29","81.70","0.09","-1.200","0.00","1.92","0.3686","0.0295","0.3807"
"WEP","24-Jun-2025","10","85.09","83.72","0.10","-1.430","0.00","1.92","0.3686","0.0295","0.3807"
"WEP","24-Jun-2025","11","89.50","87.71","0.11","-1.020","0.00","1.92","0.3686","0.0295","0.3807"
"WEP","24-Jun-2025","12","93.10","91.17","0.32","-1.090","0.00","1.92","0.3686","0.0295","0.3807"
"WEP","24-Jun-2025","13","99.59","97.81","0.41","-1.330","0.00","1.92","0.3686","0.0295","0.3807"
"WEP","24-Jun-2025","14","110.82","109.49","0.53","-1.900","0.00","1.92","0.3686","0.0295","0.3807"
"WEP","24-Jun-2025","15","110.94","109.50","0.58","-1.830","0.00","1.92","0.3686","0.0295","0.3807"
"WEP","24-Jun-2025","16","111.25","110.14","0.56","-2.150","0.00","1.92","0.3686","0.0295","0.3807"
"WEP","24-Jun-2025","17","110.84","109.56","0.59","-2.010","0.00","1.92","0.3686","0.0295","0.3807"
"WEP","24-Jun-2025","18","112.92","111.69","0.61","-2.080","0.00","1.92","0.3686","0.0295","0.3807"
"WEP","24-Jun-2025","19","112.46","111.69","0.46","-2.390","0.00","1.92","0.3686","0.0295","0.3807"
"WEP","24-Jun-2025","20","115.04","113.29","0.49","-1.440","0.00","1.92","0.3686","0.0295","0.3807"
"WEP","24-Jun-2025","21","102.50","100.37","0.32","-0.890","0.00","1.92","0.3686","0.0295","0.3807"
"WEP","24-Jun-2025","22","87.78","91.48","0.28","-6.680","0.00","1.92","0.3686","0.0295","0.3807"
"WEP","24-Jun-2025","23","88.04","89.62","0.28","-4.560","0.00","1.92","0.3686","0.0295","0.3807"
"WEP","24-Jun-2025","24","82.93","81.38","0.22","-1.370","0.00","1.92","0.3686","0.0295","0.3807"
"WEP","24-Jun-2025","25","82.63","81.21","0.32","-1.600","0.00","1.92","0.3686","0.0295","0.3807"
"WEP","24-Jun-2025","26","80.52","79.16","0.32","-1.660","0.00","1.92","0.3686","0.0295","0.3807"
"WEP","24-Jun-2025","27","81.13","79.64","0.31","-1.520","0.00","1.92","0.3686","0.0295","0.3807"
"WEP","24-Jun-2025","28","80.41","79.16","0.28","-1.730","0.00","1.92","0.3686","0.0295","0.3807"
"WEP","24-Jun-2025","29","80.25","79.16","0.20","-1.810","0.00","1.92","0.3686","0.0295","0.3807"
"WEP","24-Jun-2025","30","79.79","79.05","0.14","-2.100","0.00","1.92","0.3686","0.0295","0.3807"
"WEP","24-Jun-2025","31","81.26","80.74","0.17","-2.350","0.00","1.92","0.3686","0.0295","0.3807"
"WEP","24-Jun-2025","32","89.50","89.62","0.31","-3.130","0.00","1.92","0.3686","0.0295","0.3807"
"WEP","24-Jun-2025","33","103.82","103.51","0.28","-2.670","0.00","1.92","0.3686","0.0295","0.3807"
"WEP","24-Jun-2025","34","132.44","132.81","0.51","-3.580","0.00","1.92","0.3686","0.0295","0.3807"
"WEP","24-Jun-2025","35","131.60","132.58","0.92","-4.600","0.00","1.92","0.3686","0.0295","0.3807"
"WEP","24-Jun-2025","36","129.35","130.37","0.61","-4.330","0.00","1.92","0.3686","0.0295","0.3807"
"WEP","24-Jun-2025","37","143.25","143.71","0.77","-3.930","0.00","1.92","0.3686","0.0295","0.3807"
"WEP","24-Jun-2025","38","185.42","185.75","1.17","-4.200","0.00","1.92","0.3686","0.0295","0.3807"
"WEP","24-Jun-2025","39","133.55","132.90","0.79","-2.840","0.00","1.92","0.3686","0.0295","0.3807"
"WEP","24-Jun-2025","40","129.62","128.88","0.64","-2.600","0.00","1.92","0.3686","0.0295","0.3807"
"WEP","24-Jun-2025","41","110.09","109.59","0.30","-2.490","0.00","1.92","0.3686","0.0295","0.3807"
"WEP","24-Jun-2025","42","110.48","109.54","0.29","-2.050","0.00","1.92","0.3686","0.0295","0.3807"
"WEP","24-Jun-2025","43","104.40","103.52","0.26","-2.070","0.00","1.92","0.3686","0.0295","0.3807"
"WEP","24-Jun-2025","44","121.89","121.84","0.13","-2.780","0.00","1.92","0.3686","0.0295","0.3807"
"WEP","24-Jun-2025","45","131.84","131.50","0.18","-2.540","0.00","1.92","0.3686","0.0295","0.3807"
"WEP","24-Jun-2025","46","132.49","131.94","0.13","-2.280","0.00","1.92","0.3686","0.0295","0.3807"
"WEP","24-Jun-2025","47","126.00","125.03","0.29","-2.020","0.00","1.92","0.3686","0.0295","0.3807"
"WEP","24-Jun-2025","48","126.43","125.01","0.16","-1.440","0.00","1.92","0.3686","0.0295","0.3807"
"WEP","25-Jun-2025","1","133.62","132.61","0.38","-2.060","0.00","1.92","0.3686","0.0290","0.3749"
"WEP","25-Jun-2025","2","133.37","132.10","0.28","-1.700","0.00","1.92","0.3686","0.0290","0.3749"
"WEP","25-Jun-2025","3","125.95","124.75","0.20","-1.690","0.00","1.92","0.3686","0.0290","0.3749"
"WEP","25-Jun-2025","4","97.35","95.93","0.10","-1.370","0.00","1.92","0.3686","0.0290","0.3749"
"WEP","25-Jun-2025","5","121.42","120.35","0.16","-1.780","0.00","1.92","0.3686","0.0290","0.3749"
"WEP","25-Jun-2025","6","91.98","90.84","0.10","-1.650","0.00","1.92","0.3686","0.0290","0.3749"
"WEP","25-Jun-2025","7","107.37","106.38","0.10","-1.800","0.00","1.92","0.3686","0.0290","0.3749"
"WEP","25-Jun-2025","8","89.83","88.33","0.10","-1.290","0.00","1.92","0.3686","0.0290","0.3749"
"WEP","25-Jun-2025","9","82.71","80.96","0.10","-1.040","0.00","1.92","0.3686","0.0290","0.3749"
"WEP","25-Jun-2025","10","77.52","76.08","0.10","-1.350","0.00","1.92","0.3686","0.0290","0.3749"
"WEP","25-Jun-2025","11","96.60","95.98","0.23","-2.310","0.00","1.92","0.3686","0.0290","0.3749"
"WEP","25-Jun-2025","12","99.96","98.67","0.35","-1.750","0.00","1.92","0.3686","0.0290","0.3749"
"WEP","25-Jun-2025","13","100.97","99.49","0.40","-1.610","0.00","1.92","0.3686","0.0290","0.3749"
"WEP","25-Jun-2025","14","122.46","121.32","0.63","-2.180","0.00","1.92","0.3686","0.0290","0.3749"
"WEP","25-Jun-2025","15","119.38","118.86","0.57","-2.740","0.00","1.92","0.3686","0.0290","0.3749"
"WEP","25-Jun-2025","16","119.90","118.95","0.67","-2.410","0.00","1.92","0.3686","0.0290","0.3749"
"WEP","25-Jun-2025","17","104.64","104.23","0.40","-2.680","0.00","1.92","0.3686","0.0290","0.3749"
"WEP","25-Jun-2025","18","119.59","118.93","0.63","-2.660","0.00","1.92","0.3686","0.0290","0.3749"
"WEP","25-Jun-2025","19","117.68","116.65","0.46","-2.120","0.00","1.92","0.3686","0.0290","0.3749"
"WEP","25-Jun-2025","20","97.54","96.23","0.34","-1.730","0.00","1.92","0.3686","0.0290","0.3749"
"WEP","25-Jun-2025","21","97.37","96.02","0.27","-1.610","0.00","1.92","0.3686","0.0290","0.3749"
"WEP","25-Jun-2025","22","96.76","96.24","0.30","-2.480","0.00","1.92","0.3686","0.0290","0.3749"
"WEP","25-Jun-2025","23","90.61","89.65","0.28","-2.020","0.00","1.92","0.3686","0.0290","0.3749"
"WEP","25-Jun-2025","24","86.10","84.40","0.26","-1.250","0.00","1.92","0.3686","0.0290","0.3749"
"WEP","25-Jun-2025","25","76.48","74.51","0.32","-1.050","0.00","1.92","0.3686","0.0290","0.3749"
"WEP","25-Jun-2025","26","79.47","78.55","0.32","-2.090","0.00","1.92","0.3686","0.0290","0.3749"
"WEP","25-Jun-2025","27","76.91","76.08","0.31","-2.170","0.00","1.92","0.3686","0.0290","0.3749"
"WEP","25-Jun-2025","28","76.50","76.08","0.28","-2.550","0.00","1.92","0.3686","0.0290","0.3749"
"WEP","25-Jun-2025","29","79.78","78.87","0.17","-1.950","0.00","1.92","0.3686","0.0290","0.3749"
"WEP","25-Jun-2025","30","76.84","76.08","0.12","-2.050","0.00","1.92","0.3686","0.0290","0.3749"
"WEP","25-Jun-2025","31","77.91","78.02","0.13","-2.930","0.00","1.92","0.3686","0.0290","0.3749"
"WEP","25-Jun-2025","32","77.15","77.27","0.28","-3.090","0.00","1.92","0.3686","0.0290","0.3749"
"WEP","25-Jun-2025","33","79.40","79.20","0.13","-2.620","0.00","1.92","0.3686","0.0290","0.3749"
"WEP","25-Jun-2025","34","86.51","86.19","0.28","-2.660","0.00","1.92","0.3686","0.0290","0.3749"
"WEP","25-Jun-2025","35","89.98","89.66","0.54","-2.910","0.00","1.92","0.3686","0.0290","0.3749"
"WEP","25-Jun-2025","36","91.25","91.49","0.30","-3.230","0.00","1.92","0.3686","0.0290","0.3749"
"WEP","25-Jun-2025","37","100.08","100.18","0.33","-3.130","0.00","1.92","0.3686","0.0290","0.3749"
"WEP","25-Jun-2025","38","118.39","118.86","0.37","-3.530","0.00","1.92","0.3686","0.0290","0.3749"
"WEP","25-Jun-2025","39","132.79","132.58","0.49","-2.970","0.00","1.92","0.3686","0.0290","0.3749"
"WEP","25-Jun-2025","40","132.06","132.57","0.45","-3.650","0.00","1.92","0.3686","0.0290","0.3749"
"WEP","25-Jun-2025","41","131.27","131.99","0.42","-3.830","0.00","1.92","0.3686","0.0290","0.3749"
"WEP","25-Jun-2025","42","131.47","132.07","0.43","-3.720","0.00","1.92","0.3686","0.0290","0.3749"
"WEP","25-Jun-2025","43","131.51","132.03","0.46","-3.670","0.00","1.92","0.3686","0.0290","0.3749"
"WEP","25-Jun-2025","44","123.64","124.91","0.29","-4.250","0.00","1.92","0.3686","0.0290","0.3749"
"WEP","25-Jun-2025","45","124.40","124.96","0.30","-3.550","0.00","1.92","0.3686","0.0290","0.3749"
"WEP","25-Jun-2025","46","123.23","123.65","0.29","-3.400","0.00","1.92","0.3686","0.0290","0.3749"
"WEP","25-Jun-2025","47","122.00","122.01","0.32","-3.020","0.00","1.92","0.3686","0.0290","0.3749"
"WEP","25-Jun-2025","48","120.76","120.25","0.30","-2.480","0.00","1.92","0.3686","0.0290","0.3749"
"WEP","26-Jun-2025","1","133.92","132.21","0.38","-1.360","0.00","1.92","0.3686","0.0286","0.3692"
"WEP","26-Jun-2025","2","133.65","131.90","0.25","-1.190","0.00","1.92","0.3686","0.0286","0.3692"
"WEP","26-Jun-2025","3","122.74","120.87","0.20","-1.020","0.00","1.92","0.3686","0.0286","0.3692"
"WEP","26-Jun-2025","4","113.05","111.19","0.11","-0.940","0.00","1.92","0.3686","0.0286","0.3692"
"WEP","26-Jun-2025","5","103.08","101.32","0.14","-1.070","0.00","1.92","0.3686","0.0286","0.3692"
"WEP","26-Jun-2025","6","97.78","96.18","0.10","-1.180","0.00","1.92","0.3686","0.0286","0.3692"
"WEP","26-Jun-2025","7","97.96","96.18","0.10","-1.010","0.00","1.92","0.3686","0.0286","0.3692"
"WEP","26-Jun-2025","8","97.56","95.97","0.10","-1.200","0.00","1.92","0.3686","0.0286","0.3692"
"WEP","26-Jun-2025","9","75.92","73.56","0.09","-0.410","0.00","1.92","0.3686","0.0286","0.3692"
"WEP","26-Jun-2025","10","76.41","74.27","0.10","-0.650","0.00","1.92","0.3686","0.0286","0.3692"
"WEP","26-Jun-2025","11","85.35","83.64","0.11","-1.090","0.00","1.92","0.3686","0.0286","0.3692"
"WEP","26-Jun-2025","12","97.86","95.78","0.29","-0.900","0.00","1.92","0.3686","0.0286","0.3692"
"WEP","26-Jun-2025","13","103.28","101.54","0.39","-1.340","0.00","1.92","0.3686","0.0286","0.3692"
"WEP","26-Jun-2025","14","123.51","121.85","0.66","-1.690","0.00","1.92","0.3686","0.0286","0.3692"
"WEP","26-Jun-2025","15","126.41","125.14","0.72","-2.140","0.00","1.92","0.3686","0.0286","0.3692"
"WEP","26-Jun-2025","16","126.58","124.88","0.78","-1.760","0.00","1.92","0.3686","0.0286","0.3692"
"WEP","26-Jun-2025","17","123.09","121.91","0.69","-2.190","0.00","1.92","0.3686","0.0286","0.3692"
"WEP","26-Jun-2025","18","123.72","121.98","0.75","-1.690","0.00","1.92","0.3686","0.0286","0.3692"
"WEP","26-Jun-2025","19","110.78","109.10","0.51","-1.520","0.00","1.92","0.3686","0.0286","0.3692"
"WEP","26-Jun-2025","20","97.98","96.30","0.41","-1.420","0.00","1.92","0.3686","0.0286","0.3692"
"WEP","26-Jun-2025","21","96.94","96.11","0.31","-2.160","0.00","1.92","0.3686","0.0286","0.3692"
"WEP","26-Jun-2025","22","96.77","95.30","0.31","-1.520","0.00","1.92","0.3686","0.0286","0.3692"
"WEP","26-Jun-2025","23","92.39","91.24","0.27","-1.810","0.00","1.92","0.3686","0.0286","0.3692"
"WEP","26-Jun-2025","24","80.50","79.18","0.17","-1.540","0.00","1.92","0.3686","0.0286","0.3692"
"WEP","26-Jun-2025","25","80.74","78.87","0.28","-1.090","0.00","1.92","0.3686","0.0286","0.3692"
"WEP","26-Jun-2025","26","74.93","73.57","0.29","-1.610","0.00","1.92","0.3686","0.0286","0.3692"
"WEP","26-Jun-2025","27","76.54","75.08","0.28","-1.500","0.00","1.92","0.3686","0.0286","0.3692"
"WEP","26-Jun-2025","28","74.93","73.55","0.18","-1.490","0.00","1.92","0.3686","0.0286","0.3692"
"WEP","26-Jun-2025","29","75.47","74.52","0.13","-1.870","0.00","1.92","0.3686","0.0286","0.3692"
"WEP","26-Jun-2025","30","75.51","74.52","0.12","-1.820","0.00","1.92","0.3686","0.0286","0.3692"
"WEP","26-Jun-2025","31","79.12","78.58","0.13","-2.280","0.00","1.92","0.3686","0.0286","0.3692"
"WEP","26-Jun-2025","32","79.83","79.19","0.28","-2.330","0.00","1.92","0.3686","0.0286","0.3692"
"WEP","26-Jun-2025","33","81.13","81.14","0.19","-2.890","0.00","1.92","0.3686","0.0286","0.3692"
"WEP","26-Jun-2025","34","90.77","90.77","0.28","-2.970","0.00","1.92","0.3686","0.0286","0.3692"
"WEP","26-Jun-2025","35","95.32","95.12","0.53","-3.020","0.00","1.92","0.3686","0.0286","0.3692"
"WEP","26-Jun-2025","36","96.14","96.31","0.28","-3.140","0.00","1.92","0.3686","0.0286","0.3692"
"WEP","26-Jun-2025","37","109.33","109.11","0.41","-2.870","0.00","1.92","0.3686","0.0286","0.3692"
"WEP","26-Jun-2025","38","121.72","122.00","0.57","-3.540","0.00","1.92","0.3686","0.0286","0.3692"
"WEP","26-Jun-2025","39","125.30","125.22","0.50","-3.110","0.00","1.92","0.3686","0.0286","0.3692"
"WEP","26-Jun-2025","40","683.67","693.50","3.19","-15.710","0.00","1.92","0.3686","0.0286","0.3692"
"WEP","26-Jun-2025","41","254.85","257.32","0.63","-5.780","0.00","1.92","0.3686","0.0286","0.3692"
"WEP","26-Jun-2025","42","246.89","249.09","0.51","-5.400","0.00","1.92","0.3686","0.0286","0.3692"
"WEP","26-Jun-2025","43","132.87","132.53","0.47","-2.810","0.00","1.92","0.3686","0.0286","0.3692"
"WEP","26-Jun-2025","44","125.37","125.14","0.32","-2.770","0.00","1.92","0.3686","0.0286","0.3692"
"WEP","26-Jun-2025","45","97.29","96.09","0.28","-1.770","0.00","1.92","0.3686","0.0286","0.3692"
"WEP","26-Jun-2025","46","96.72","95.88","0.20","-2.050","0.00","1.92","0.3686","0.0286","0.3692"
"WEP","26-Jun-2025","47","122.34","122.03","0.41","-2.790","0.00","1.92","0.3686","0.0286","0.3692"
"WEP","26-Jun-2025","48","126.00","124.92","0.31","-1.920","0.00","1.92","0.3686","0.0286","0.3692"
"WEP","27-Jun-2025","1","193.29","192.39","0.46","-2.250","0.00","1.92","0.3686","0.0285","0.3681"
"WEP","27-Jun-2025","2","284.83","284.06","0.39","-2.300","0.00","1.92","0.3686","0.0285","0.3681"
"WEP","27-Jun-2025","3","192.39","190.77","0.29","-1.350","0.00","1.92","0.3686","0.0285","0.3681"
"WEP","27-Jun-2025","4","134.33","132.41","0.22","-0.990","0.00","1.92","0.3686","0.0285","0.3681"
"WEP","27-Jun-2025","5","133.28","132.08","0.21","-1.700","0.00","1.92","0.3686","0.0285","0.3681"
"WEP","27-Jun-2025","6","128.13","126.71","0.22","-1.490","0.00","1.92","0.3686","0.0285","0.3681"
"WEP","27-Jun-2025","7","122.70","120.90","0.23","-1.120","0.00","1.92","0.3686","0.0285","0.3681"
"WEP","27-Jun-2025","8","121.40","119.71","0.21","-1.200","0.00","1.92","0.3686","0.0285","0.3681"
"WEP","27-Jun-2025","9","115.08","113.71","0.17","-1.480","0.00","1.92","0.3686","0.0285","0.3681"
"WEP","27-Jun-2025","10","124.33","123.12","0.21","-1.680","0.00","1.92","0.3686","0.0285","0.3681"
"WEP","27-Jun-2025","11","132.19","131.12","0.25","-1.870","0.00","1.92","0.3686","0.0285","0.3681"
"WEP","27-Jun-2025","12","134.34","132.47","0.42","-1.230","0.00","1.92","0.3686","0.0285","0.3681"
"WEP","27-Jun-2025","13","194.43","191.64","0.80","-0.700","0.00","1.92","0.3686","0.0285","0.3681"
"WEP","27-Jun-2025","14","295.82","291.77","2.70","-1.330","0.00","1.92","0.3686","0.0285","0.3681"
"WEP","27-Jun-2025","15","282.22","280.95","1.38","-2.800","0.00","1.92","0.3686","0.0285","0.3681"
"WEP","27-Jun-2025","16","437.20","435.51","3.62","-4.610","0.00","1.92","0.3686","0.0285","0.3681"
"WEP","27-Jun-2025","17","502.78","498.29","3.63","-5.490","3.66","1.92","0.3686","0.0285","0.3681"
"WEP","27-Jun-2025","18","572.08","567.77","4.96","-7.000","3.67","1.92","0.3686","0.0285","0.3681"
"WEP","27-Jun-2025","19","304.11","302.83","2.26","-3.660","0.00","1.92","0.3686","0.0285","0.3681"
"WEP","27-Jun-2025","20","397.13","396.35","3.02","-4.930","0.00","1.92","0.3686","0.0285","0.3681"
"WEP","27-Jun-2025","21","201.22","200.91","1.17","-3.540","0.00","1.92","0.3686","0.0285","0.3681"
"WEP","27-Jun-2025","22","133.98","132.84","0.55","-2.100","0.00","1.92","0.3686","0.0285","0.3681"
"WEP","27-Jun-2025","23","133.21","132.29","0.53","-2.300","0.00","1.92","0.3686","0.0285","0.3681"
"WEP","27-Jun-2025","24","100.05","98.81","0.27","-1.710","0.00","1.92","0.3686","0.0285","0.3681"
"WEP","27-Jun-2025","25","94.84","93.68","0.31","-1.830","0.00","1.92","0.3686","0.0285","0.3681"
"WEP","27-Jun-2025","26","94.41","93.60","0.31","-2.190","0.00","1.92","0.3686","0.0285","0.3681"
"WEP","27-Jun-2025","27","96.31","96.31","0.31","-3.000","0.00","1.92","0.3686","0.0285","0.3681"
"WEP","27-Jun-2025","28","99.70","99.22","0.30","-2.500","0.00","1.92","0.3686","0.0285","0.3681"
"WEP","27-Jun-2025","29","96.21","96.30","0.26","-3.040","0.00","1.92","0.3686","0.0285","0.3681"
"WEP","27-Jun-2025","30","104.32","103.56","0.26","-2.180","0.00","1.92","0.3686","0.0285","0.3681"
"WEP","27-Jun-2025","31","120.13","119.36","0.36","-2.270","0.00","1.92","0.3686","0.0285","0.3681"
"WEP","27-Jun-2025","32","117.60","117.01","0.46","-2.560","0.00","1.92","0.3686","0.0285","0.3681"
"WEP","27-Jun-2025","33","123.36","123.54","0.42","-3.280","0.00","1.92","0.3686","0.0285","0.3681"
"WEP","27-Jun-2025","34","132.44","132.83","0.61","-3.680","0.00","1.92","0.3686","0.0285","0.3681"
"WEP","27-Jun-2025","35","296.79","297.91","3.60","-7.410","0.00","1.92","0.3686","0.0285","0.3681"
"WEP","27-Jun-2025","36","399.23","404.59","2.89","-10.940","0.00","1.92","0.3686","0.0285","0.3681"
"WEP","27-Jun-2025","37","473.54","475.09","2.92","-11.100","3.94","1.92","0.3686","0.0285","0.3681"
"WEP","27-Jun-2025","38","471.72","471.39","3.31","-9.360","3.70","1.92","0.3686","0.0285","0.3681"
"WEP","27-Jun-2025","39","691.91","688.20","2.93","-6.110","4.21","1.92","0.3686","0.0285","0.3681"
"WEP","27-Jun-2025","40","613.61","611.85","2.76","-7.830","4.15","1.92","0.3686","0.0285","0.3681"
"WEP","27-Jun-2025","41","636.55","640.18","2.64","-10.400","1.44","1.92","0.3686","0.0285","0.3681"
"WEP","27-Jun-2025","42","529.17","525.74","2.53","-7.870","6.08","1.92","0.3686","0.0285","0.3681"
"WEP","27-Jun-2025","43","506.49","510.15","2.54","-8.880","0.00","1.92","0.3686","0.0285","0.3681"
"WEP","27-Jun-2025","44","306.82","309.16","0.84","-5.860","0.00","1.92","0.3686","0.0285","0.3681"
"WEP","27-Jun-2025","45","297.71","298.10","0.83","-3.910","0.00","1.92","0.3686","0.0285","0.3681"
"WEP","27-Jun-2025","46","286.56","286.31","0.92","-3.350","0.00","1.92","0.3686","0.0285","0.3681"
"WEP","27-Jun-2025","47","205.29","204.21","0.97","-2.570","0.00","1.92","0.3686","0.0285","0.3681"
"WEP","27-Jun-2025","48","194.63","194.79","0.78","-3.630","0.00","1.92","0.3686","0.0285","0.3681"
"WEP","28-Jun-2025","1","203.14","200.90","0.55","-1.020","0.00","1.92","0.3686","0.0304","0.3926"
"WEP","28-Jun-2025","2","232.94","231.49","0.40","-1.670","0.00","1.92","0.3686","0.0304","0.3926"
"WEP","28-Jun-2025","3","202.92","200.66","0.36","-0.820","0.00","1.92","0.3686","0.0304","0.3926"
"WEP","28-Jun-2025","4","168.75","166.49","0.22","-0.670","0.00","1.92","0.3686","0.0304","0.3926"
"WEP","28-Jun-2025","5","198.62","196.85","0.29","-1.230","0.00","1.92","0.3686","0.0304","0.3926"
"WEP","28-Jun-2025","6","192.31","190.45","0.30","-1.150","0.00","1.92","0.3686","0.0304","0.3926"
"WEP","28-Jun-2025","7","200.75","199.52","0.30","-1.780","0.00","1.92","0.3686","0.0304","0.3926"
"WEP","28-Jun-2025","8","200.90","198.11","0.23","-0.150","0.00","1.92","0.3686","0.0304","0.3926"
"WEP","28-Jun-2025","9","200.55","197.88","0.22","-0.260","0.00","1.92","0.3686","0.0304","0.3926"
"WEP","28-Jun-2025","10","135.24","132.47","0.19","-0.130","0.00","1.92","0.3686","0.0304","0.3926"
"WEP","28-Jun-2025","11","135.01","132.38","0.14","-0.220","0.00","1.92","0.3686","0.0304","0.3926"
"WEP","28-Jun-2025","12","135.76","132.35","0.31","0.390","0.00","1.92","0.3686","0.0304","0.3926"
"WEP","28-Jun-2025","13","135.88","132.44","0.52","0.210","0.00","1.92","0.3686","0.0304","0.3926"
"WEP","28-Jun-2025","14","144.01","140.70","0.71","-0.110","0.00","1.92","0.3686","0.0304","0.3926"
"WEP","28-Jun-2025","15","134.95","132.05","0.60","-0.410","0.00","1.92","0.3686","0.0304","0.3926"
"WEP","28-Jun-2025","16","145.39","143.40","0.61","-1.330","0.00","1.92","0.3686","0.0304","0.3926"
"WEP","28-Jun-2025","17","137.65","135.07","0.62","-0.750","0.00","1.92","0.3686","0.0304","0.3926"
"WEP","28-Jun-2025","18","156.43","152.75","1.12","-0.160","0.00","1.92","0.3686","0.0304","0.3926"
"WEP","28-Jun-2025","19","135.46","132.48","0.69","-0.430","0.00","1.92","0.3686","0.0304","0.3926"
"WEP","28-Jun-2025","20","135.07","132.39","0.72","-0.750","0.00","1.92","0.3686","0.0304","0.3926"
"WEP","28-Jun-2025","21","121.76","119.59","0.49","-1.030","0.00","1.92","0.3686","0.0304","0.3926"
"WEP","28-Jun-2025","22","121.16","119.47","0.48","-1.500","0.00","1.92","0.3686","0.0304","0.3926"
"WEP","28-Jun-2025","23","111.07","109.46","0.38","-1.480","0.00","1.92","0.3686","0.0304","0.3926"
"WEP","28-Jun-2025","24","104.53","103.99","0.30","-2.470","0.00","1.92","0.3686","0.0304","0.3926"
"WEP","28-Jun-2025","25","95.61","95.82","0.33","-3.250","0.00","1.92","0.3686","0.0304","0.3926"
"WEP","28-Jun-2025","26","115.30","115.67","0.52","-3.600","0.00","1.92","0.3686","0.0304","0.3926"
"WEP","28-Jun-2025","27","151.88","152.08","0.77","-3.680","0.00","1.92","0.3686","0.0304","0.3926"
"WEP","28-Jun-2025","28","387.44","385.23","2.64","-3.140","0.00","1.92","0.3686","0.0304","0.3926"
"WEP","28-Jun-2025","29","339.74","334.08","2.06","0.890","0.00","1.92","0.3686","0.0304","0.3926"
"WEP","28-Jun-2025","30","297.55","291.22","1.69","1.930","0.00","1.92","0.3686","0.0304","0.3926"
"WEP","28-Jun-2025","31","298.25","291.24","1.82","2.480","0.00","1.92","0.3686","0.0304","0.3926"
"WEP","28-Jun-2025","32","137.64","132.44","0.72","1.770","0.00","1.92","0.3686","0.0304","0.3926"
"WEP","28-Jun-2025","33","119.91","115.19","0.36","1.640","0.00","1.92","0.3686","0.0304","0.3926"
"WEP","28-Jun-2025","34","98.61","95.75","0.34","-0.200","0.00","1.92","0.3686","0.0304","0.3926"
"WEP","28-Jun-2025","35","119.03","116.56","0.74","-0.980","0.00","1.92","0.3686","0.0304","0.3926"
"WEP","28-Jun-2025","36","114.73","112.70","0.48","-1.160","0.00","1.92","0.3686","0.0304","0.3926"
"WEP","28-Jun-2025","37","135.83","132.41","0.76","-0.060","0.00","1.92","0.3686","0.0304","0.3926"
"WEP","28-Jun-2025","38","139.12","135.07","0.95","0.390","0.00","1.92","0.3686","0.0304","0.3926"
"WEP","28-Jun-2025","39","136.46","132.57","0.71","0.460","0.00","1.92","0.3686","0.0304","0.3926"
"WEP","28-Jun-2025","40","136.51","132.88","0.58","0.330","0.00","1.92","0.3686","0.0304","0.3926"
"WEP","28-Jun-2025","41","138.69","135.27","0.51","0.200","0.00","1.92","0.3686","0.0304","0.3926"
"WEP","28-Jun-2025","42","139.69","136.23","0.52","0.230","0.00","1.92","0.3686","0.0304","0.3926"
"WEP","28-Jun-2025","43","136.35","132.89","0.52","0.230","0.00","1.92","0.3686","0.0304","0.3926"
"WEP","28-Jun-2025","44","204.80","200.84","1.25","0.000","0.00","1.92","0.3686","0.0304","0.3926"
"WEP","28-Jun-2025","45","138.85","135.11","0.51","0.520","0.00","1.92","0.3686","0.0304","0.3926"
"WEP","28-Jun-2025","46","136.62","132.51","0.47","0.930","0.00","1.92","0.3686","0.0304","0.3926"
"WEP","28-Jun-2025","47","136.23","132.18","0.45","0.890","0.00","1.92","0.3686","0.0304","0.3926"
"WEP","28-Jun-2025","48","128.57","125.07","0.33","0.460","0.00","1.92","0.3686","0.0304","0.3926"
"WEP","29-Jun-2025","1","180.82","176.16","0.58","1.340","0.00","1.92","0.3686","0.0324","0.4183"
"WEP","29-Jun-2025","2","141.96","138.21","0.28","0.730","0.00","1.92","0.3686","0.0324","0.4183"
"WEP","29-Jun-2025","3","136.07","132.57","0.19","0.570","0.00","1.92","0.3686","0.0324","0.4183"
"WEP","29-Jun-2025","4","135.71","132.38","0.19","0.400","0.00","1.92","0.3686","0.0324","0.4183"
"WEP","29-Jun-2025","5","135.78","132.07","0.18","0.790","0.00","1.92","0.3686","0.0324","0.4183"
"WEP","29-Jun-2025","6","135.55","131.75","0.18","0.880","0.00","1.92","0.3686","0.0324","0.4183"
"WEP","29-Jun-2025","7","125.05","121.39","0.14","0.780","0.00","1.92","0.3686","0.0324","0.4183"
"WEP","29-Jun-2025","8","120.11","116.54","0.12","0.710","0.00","1.92","0.3686","0.0324","0.4183"
"WEP","29-Jun-2025","9","115.99","112.51","0.10","0.650","0.00","1.92","0.3686","0.0324","0.4183"
"WEP","29-Jun-2025","10","116.24","112.63","0.10","0.770","0.00","1.92","0.3686","0.0324","0.4183"
"WEP","29-Jun-2025","11","120.67","116.53","0.14","1.260","0.00","1.92","0.3686","0.0324","0.4183"
"WEP","29-Jun-2025","12","123.96","119.57","0.34","1.310","0.00","1.92","0.3686","0.0324","0.4183"
"WEP","29-Jun-2025","13","126.78","122.63","0.44","0.970","0.00","1.92","0.3686","0.0324","0.4183"
"WEP","29-Jun-2025","14","127.42","123.61","0.70","0.370","0.00","1.92","0.3686","0.0324","0.4183"
"WEP","29-Jun-2025","15","120.43","116.56","0.66","0.470","0.00","1.92","0.3686","0.0324","0.4183"
"WEP","29-Jun-2025","16","123.51","119.60","0.72","0.450","0.00","1.92","0.3686","0.0324","0.4183"
"WEP","29-Jun-2025","17","123.57","119.60","0.68","0.550","0.00","1.92","0.3686","0.0324","0.4183"
"WEP","29-Jun-2025","18","122.72","118.82","0.74","0.420","0.00","1.92","0.3686","0.0324","0.4183"
"WEP","29-Jun-2025","19","135.71","131.82","0.80","0.350","0.00","1.92","0.3686","0.0324","0.4183"
"WEP","29-Jun-2025","20","128.79","124.72","0.73","0.600","0.00","1.92","0.3686","0.0324","0.4183"
"WEP","29-Jun-2025","21","109.13","105.57","0.36","0.460","0.00","1.92","0.3686","0.0324","0.4183"
"WEP","29-Jun-2025","22","98.74","95.84","0.35","-0.190","0.00","1.92","0.3686","0.0324","0.4183"
"WEP","29-Jun-2025","23","95.50","92.75","0.27","-0.260","0.00","1.92","0.3686","0.0324","0.4183"
"WEP","29-Jun-2025","24","96.10","92.75","0.25","0.360","0.00","1.92","0.3686","0.0324","0.4183"
"WEP","29-Jun-2025","25","83.38","81.04","0.23","-0.630","0.00","1.92","0.3686","0.0324","0.4183"
"WEP","29-Jun-2025","26","80.65","78.99","0.17","-1.240","0.00","1.92","0.3686","0.0324","0.4183"
"WEP","29-Jun-2025","27","86.56","84.33","0.18","-0.690","0.00","1.92","0.3686","0.0324","0.4183"
"WEP","29-Jun-2025","28","83.71","81.03","0.15","-0.210","0.00","1.92","0.3686","0.0324","0.4183"
"WEP","29-Jun-2025","29","81.53","79.03","0.13","-0.360","0.00","1.92","0.3686","0.0324","0.4183"
"WEP","29-Jun-2025","30","83.05","81.02","0.12","-0.820","0.00","1.92","0.3686","0.0324","0.4183"
"WEP","29-Jun-2025","31","83.80","81.47","0.17","-0.580","0.00","1.92","0.3686","0.0324","0.4183"
"WEP","29-Jun-2025","32","86.37","84.26","0.24","-0.870","0.00","1.92","0.3686","0.0324","0.4183"
"WEP","29-Jun-2025","33","93.19","91.02","0.19","-0.760","0.00","1.92","0.3686","0.0324","0.4183"
"WEP","29-Jun-2025","34","97.40","95.83","0.35","-1.520","0.00","1.92","0.3686","0.0324","0.4183"
"WEP","29-Jun-2025","35","100.88","98.78","0.50","-1.140","0.00","1.92","0.3686","0.0324","0.4183"
"WEP","29-Jun-2025","36","133.61","132.19","0.41","-1.730","0.00","1.92","0.3686","0.0324","0.4183"
"WEP","29-Jun-2025","37","135.20","132.55","0.47","-0.560","0.00","1.92","0.3686","0.0324","0.4183"
"WEP","29-Jun-2025","38","253.11","251.01","0.86","-1.500","0.00","1.92","0.3686","0.0324","0.4183"
"WEP","29-Jun-2025","39","339.42","334.88","0.80","-4.220","5.21","1.92","0.3686","0.0324","0.4183"
"WEP","29-Jun-2025","40","452.76","455.39","0.77","-6.140","0.00","1.92","0.3686","0.0324","0.4183"
"WEP","29-Jun-2025","41","467.41","458.32","0.63","-3.630","9.35","1.92","0.3686","0.0324","0.4183"
"WEP","29-Jun-2025","42","568.10","566.84","1.07","-3.950","1.41","1.92","0.3686","0.0324","0.4183"
"WEP","29-Jun-2025","43","569.47","567.61","0.97","-3.060","1.21","1.92","0.3686","0.0324","0.4183"
"WEP","29-Jun-2025","44","458.14","458.09","0.47","-3.240","0.09","1.92","0.3686","0.0324","0.4183"
"WEP","29-Jun-2025","45","455.10","454.89","0.51","-3.200","0.16","1.92","0.3686","0.0324","0.4183"
"WEP","29-Jun-2025","46","410.62","407.27","0.42","-3.490","3.68","1.92","0.3686","0.0324","0.4183"
"WEP","29-Jun-2025","47","306.96","305.12","0.50","-1.400","0.00","1.92","0.3686","0.0324","0.4183"
"WEP","29-Jun-2025","48","257.28","254.24","0.42","-0.120","0.00","1.92","0.3686","0.0324","0.4183"
"WEP","30-Jun-2025","1","289.98","285.67","0.70","0.920","0.00","1.92","0.3686","0.0293","0.3791"
"WEP","30-Jun-2025","2","260.85","256.91","0.52","0.720","0.00","1.92","0.3686","0.0293","0.3791"
"WEP","30-Jun-2025","3","198.94","195.70","0.31","0.230","0.00","1.92","0.3686","0.0293","0.3791"
"WEP","30-Jun-2025","4","154.81","152.40","0.31","-0.590","0.00","1.92","0.3686","0.0293","0.3791"
"WEP","30-Jun-2025","5","134.15","132.50","0.28","-1.330","0.00","1.92","0.3686","0.0293","0.3791"
"WEP","30-Jun-2025","6","134.52","132.38","0.32","-0.880","0.00","1.92","0.3686","0.0293","0.3791"
"WEP","30-Jun-2025","7","134.60","132.06","0.36","-0.520","0.00","1.92","0.3686","0.0293","0.3791"
"WEP","30-Jun-2025","8","134.50","132.06","0.36","-0.620","0.00","1.92","0.3686","0.0293","0.3791"
"WEP","30-Jun-2025","9","134.05","132.06","0.31","-1.010","0.00","1.92","0.3686","0.0293","0.3791"
"WEP","30-Jun-2025","10","133.90","132.06","0.26","-1.120","0.00","1.92","0.3686","0.0293","0.3791"
"WEP","30-Jun-2025","11","134.06","132.37","0.35","-1.350","0.00","1.92","0.3686","0.0293","0.3791"
"WEP","30-Jun-2025","12","159.35","157.08","0.64","-1.070","0.00","1.92","0.3686","0.0293","0.3791"
"WEP","30-Jun-2025","13","203.01","201.14","0.91","-1.740","0.00","1.92","0.3686","0.0293","0.3791"
"WEP","30-Jun-2025","14","274.45","273.10","1.25","-2.600","0.00","1.92","0.3686","0.0293","0.3791"
"WEP","30-Jun-2025","15","357.67","356.48","1.28","-2.790","0.00","1.92","0.3686","0.0293","0.3791"
"WEP","30-Jun-2025","16","636.51","625.47","3.24","-3.580","8.68","1.92","0.3686","0.0293","0.3791"
"WEP","30-Jun-2025","17","429.70","414.40","2.99","-1.980","11.59","1.92","0.3686","0.0293","0.3791"
"WEP","30-Jun-2025","18","447.03","435.44","3.20","-1.670","7.36","1.92","0.3686","0.0293","0.3791"
"WEP","30-Jun-2025","19","345.08","343.12","2.31","-3.360","0.31","1.92","0.3686","0.0293","0.3791"
"WEP","30-Jun-2025","20","336.51","334.94","2.59","-3.720","0.01","1.92","0.3686","0.0293","0.3791"
"WEP","30-Jun-2025","21","320.75","316.25","1.93","-3.790","3.66","1.92","0.3686","0.0293","0.3791"
"WEP","30-Jun-2025","22","308.46","302.21","2.30","-2.330","3.58","1.92","0.3686","0.0293","0.3791"
"WEP","30-Jun-2025","23","209.06","208.53","0.69","-2.850","0.00","1.92","0.3686","0.0293","0.3791"
"WEP","30-Jun-2025","24","131.88","131.93","0.39","-3.130","0.00","1.92","0.3686","0.0293","0.3791"
"WEP","30-Jun-2025","25","135.62","132.52","0.49","-0.090","0.00","1.92","0.3686","0.0293","0.3791"
"WEP","30-Jun-2025","26","124.17","121.58","0.44","-0.550","0.00","1.92","0.3686","0.0293","0.3791"
"WEP","30-Jun-2025","27","120.77","119.10","0.39","-1.410","0.00","1.92","0.3686","0.0293","0.3791"
"WEP","30-Jun-2025","28","92.41","90.96","0.13","-1.380","0.00","1.92","0.3686","0.0293","0.3791"
"WEP","30-Jun-2025","29","89.14","88.07","0.12","-1.740","0.00","1.92","0.3686","0.0293","0.3791"
"WEP","30-Jun-2025","30","90.71","90.62","0.11","-2.710","0.00","1.92","0.3686","0.0293","0.3791"
"WEP","30-Jun-2025","31","95.41","96.02","0.14","-3.450","0.00","1.92","0.3686","0.0293","0.3791"
"WEP","30-Jun-2025","32","104.55","104.97","0.28","-3.400","0.00","1.92","0.3686","0.0293","0.3791"
"WEP","30-Jun-2025","33","133.78","132.54","0.30","-1.750","0.00","1.92","0.3686","0.0293","0.3791"
"WEP","30-Jun-2025","34","126.97","125.43","0.35","-1.510","0.00","1.92","0.3686","0.0293","0.3791"
"WEP","30-Jun-2025","35","133.25","132.36","0.64","-2.450","0.00","1.92","0.3686","0.0293","0.3791"
"WEP","30-Jun-2025","36","126.26","125.49","0.35","-2.270","0.00","1.92","0.3686","0.0293","0.3791"
"WEP","30-Jun-2025","37","133.80","132.77","0.39","-2.060","0.00","1.92","0.3686","0.0293","0.3791"
"WEP","30-Jun-2025","38","164.04","163.38","0.51","-2.540","0.00","1.92","0.3686","0.0293","0.3791"
"WEP","30-Jun-2025","39","210.11","209.50","0.56","-2.650","0.00","1.92","0.3686","0.0293","0.3791"
"WEP","30-Jun-2025","40","258.03","257.39","0.48","-2.530","0.00","1.92","0.3686","0.0293","0.3791"
"WEP","30-Jun-2025","41","237.48","236.54","0.36","-2.120","0.00","1.92","0.3686","0.0293","0.3791"
"WEP","30-Jun-2025","42","224.04","223.19","0.16","-2.010","0.00","1.92","0.3686","0.0293","0.3791"
"WEP","30-Jun-2025","43","228.67","228.12","0.23","-2.380","0.00","1.92","0.3686","0.0293","0.3791"
"WEP","30-Jun-2025","44","206.55","206.77","0.13","-3.050","0.00","1.92","0.3686","0.0293","0.3791"
"WEP","30-Jun-2025","45","204.11","203.34","0.14","-2.070","0.00","1.92","0.3686","0.0293","0.3791"
"WEP","30-Jun-2025","46","133.76","132.48","0.13","-1.550","0.00","1.92","0.3686","0.0293","0.3791"
"WEP","30-Jun-2025","47","133.75","131.82","0.14","-0.910","0.00","1.92","0.3686","0.0293","0.3791"
"WEP","30-Jun-2025","48","108.63","106.21","0.08","-0.350","0.00","1.92","0.3686","0.0293","0.3791"
