"INFORMATION TYPE","DATE","PERIOD","WEP ($/MWh)","USEP ($/MWh)","AFP ($/MWh)","HEUR ($/MWh)","HLCU ($/MWh)","MEUC ($/MWh)","EMC Price Cap Fees ($/MWh)","EMC Price Adj Fees ($/MWh)","PSO Fees ($/MWh)"
"WEP","01-Jul-2025","1","98.46","96.13","0.12","-0.650","0.00","2.10","0.3711","0.0281","0.3631"
"WEP","01-Jul-2025","2","100.60","98.71","0.07","-1.040","0.00","2.10","0.3711","0.0281","0.3631"
"WEP","01-Jul-2025","3","97.58","96.08","0.05","-1.410","0.00","2.10","0.3711","0.0281","0.3631"
"WEP","01-Jul-2025","4","97.64","96.07","0.05","-1.340","0.00","2.10","0.3711","0.0281","0.3631"
"WEP","01-Jul-2025","5","97.28","95.96","0.05","-1.590","0.00","2.10","0.3711","0.0281","0.3631"
"WEP","01-Jul-2025","6","96.89","95.61","0.06","-1.640","0.00","2.10","0.3711","0.0281","0.3631"
"WEP","01-Jul-2025","7","97.27","95.61","0.05","-1.250","0.00","2.10","0.3711","0.0281","0.3631"
"WEP","01-Jul-2025","8","95.66","94.09","0.06","-1.350","0.00","2.10","0.3711","0.0281","0.3631"
"WEP","01-Jul-2025","9","94.35","92.34","0.05","-0.910","0.00","2.10","0.3711","0.0281","0.3631"
"WEP","01-Jul-2025","10","97.60","95.60","0.05","-0.910","0.00","2.10","0.3711","0.0281","0.3631"
"WEP","01-Jul-2025","11","98.88","97.07","0.06","-1.110","0.00","2.10","0.3711","0.0281","0.3631"
"WEP","01-Jul-2025","12","102.61","100.71","0.13","-1.090","0.00","2.10","0.3711","0.0281","0.3631"
"WEP","01-Jul-2025","13","102.57","100.88","0.16","-1.330","0.00","2.10","0.3711","0.0281","0.3631"
"WEP","01-Jul-2025","14","111.94","110.11","0.37","-1.400","0.00","2.10","0.3711","0.0281","0.3631"
"WEP","01-Jul-2025","15","116.67","115.54","0.39","-2.130","0.00","2.10","0.3711","0.0281","0.3631"
"WEP","01-Jul-2025","16","120.46","118.82","0.42","-1.640","0.00","2.10","0.3711","0.0281","0.3631"
"WEP","01-Jul-2025","17","120.63","118.91","0.35","-1.490","0.00","2.10","0.3711","0.0281","0.3631"
"WEP","01-Jul-2025","18","120.41","118.78","0.41","-1.640","0.00","2.10","0.3711","0.0281","0.3631"
"WEP","01-Jul-2025","19","120.36","118.30","0.34","-1.140","0.00","2.10","0.3711","0.0281","0.3631"
"WEP","01-Jul-2025","20","118.00","115.73","0.32","-0.910","0.00","2.10","0.3711","0.0281","0.3631"
"WEP","01-Jul-2025","21","105.02","103.16","0.12","-1.120","0.00","2.10","0.3711","0.0281","0.3631"
"WEP","01-Jul-2025","22","102.40","100.73","0.12","-1.310","0.00","2.10","0.3711","0.0281","0.3631"
"WEP","01-Jul-2025","23","98.49","97.48","0.12","-1.970","0.00","2.10","0.3711","0.0281","0.3631"
"WEP","01-Jul-2025","24","97.33","96.26","0.12","-1.910","0.00","2.10","0.3711","0.0281","0.3631"
"WEP","01-Jul-2025","25","94.22","93.11","0.13","-1.880","0.00","2.10","0.3711","0.0281","0.3631"
"WEP","01-Jul-2025","26","97.21","95.85","0.13","-1.630","0.00","2.10","0.3711","0.0281","0.3631"
"WEP","01-Jul-2025","27","89.85","88.60","0.13","-1.740","0.00","2.10","0.3711","0.0281","0.3631"
"WEP","01-Jul-2025","28","91.35","90.52","0.12","-2.150","0.00","2.10","0.3711","0.0281","0.3631"
"WEP","01-Jul-2025","29","89.21","88.59","0.11","-2.350","0.00","2.10","0.3711","0.0281","0.3631"
"WEP","01-Jul-2025","30","96.12","95.85","0.11","-2.700","0.00","2.10","0.3711","0.0281","0.3631"
"WEP","01-Jul-2025","31","96.74","96.25","0.11","-2.480","0.00","2.10","0.3711","0.0281","0.3631"
"WEP","01-Jul-2025","32","96.56","96.40","0.14","-2.840","0.00","2.10","0.3711","0.0281","0.3631"
"WEP","01-Jul-2025","33","100.41","100.71","0.12","-3.280","0.00","2.10","0.3711","0.0281","0.3631"
"WEP","01-Jul-2025","34","105.34","105.72","0.18","-3.420","0.00","2.10","0.3711","0.0281","0.3631"
"WEP","01-Jul-2025","35","119.63","118.97","0.34","-2.550","0.00","2.10","0.3711","0.0281","0.3631"
"WEP","01-Jul-2025","36","119.93","118.82","0.20","-1.960","0.00","2.10","0.3711","0.0281","0.3631"
"WEP","01-Jul-2025","37","119.45","118.79","0.15","-2.350","0.00","2.10","0.3711","0.0281","0.3631"
"WEP","01-Jul-2025","38","130.46","130.06","0.33","-2.790","0.00","2.10","0.3711","0.0281","0.3631"
"WEP","01-Jul-2025","39","133.45","132.46","0.35","-2.230","0.00","2.10","0.3711","0.0281","0.3631"
"WEP","01-Jul-2025","40","133.74","132.74","0.33","-2.190","0.00","2.10","0.3711","0.0281","0.3631"
"WEP","01-Jul-2025","41","160.31","159.66","0.28","-2.490","0.00","2.10","0.3711","0.0281","0.3631"
"WEP","01-Jul-2025","42","188.51","188.82","0.25","-3.420","0.00","2.10","0.3711","0.0281","0.3631"
"WEP","01-Jul-2025","43","200.84","200.75","0.23","-3.000","0.00","2.10","0.3711","0.0281","0.3631"
"WEP","01-Jul-2025","44","200.98","200.75","0.13","-2.770","0.00","2.10","0.3711","0.0281","0.3631"
"WEP","01-Jul-2025","45","148.34","147.21","0.14","-1.870","0.00","2.10","0.3711","0.0281","0.3631"
"WEP","01-Jul-2025","46","133.00","131.88","0.13","-1.870","0.00","2.10","0.3711","0.0281","0.3631"
"WEP","01-Jul-2025","47","113.83","113.08","0.14","-2.250","0.00","2.10","0.3711","0.0281","0.3631"
"WEP","01-Jul-2025","48","113.98","113.24","0.12","-2.250","0.00","2.10","0.3711","0.0281","0.3631"
"WEP","02-Jul-2025","1","116.13","115.55","0.11","-2.390","0.00","2.10","0.3711","0.0284","0.3668"
"WEP","02-Jul-2025","2","116.52","115.46","0.10","-1.910","0.00","2.10","0.3711","0.0284","0.3668"
"WEP","02-Jul-2025","3","111.42","110.10","0.06","-1.600","0.00","2.10","0.3711","0.0284","0.3668"
"WEP","02-Jul-2025","4","104.59","104.55","0.05","-2.880","0.00","2.10","0.3711","0.0284","0.3668"
"WEP","02-Jul-2025","5","101.09","100.73","0.06","-2.560","0.00","2.10","0.3711","0.0284","0.3668"
"WEP","02-Jul-2025","6","103.40","103.52","0.05","-3.040","0.00","2.10","0.3711","0.0284","0.3668"
"WEP","02-Jul-2025","7","101.58","100.69","0.05","-2.020","0.00","2.10","0.3711","0.0284","0.3668"
"WEP","02-Jul-2025","8","100.83","100.54","0.05","-2.630","0.00","2.10","0.3711","0.0284","0.3668"
"WEP","02-Jul-2025","9","99.01","98.70","0.05","-2.600","0.00","2.10","0.3711","0.0284","0.3668"
"WEP","02-Jul-2025","10","101.32","100.69","0.05","-2.290","0.00","2.10","0.3711","0.0284","0.3668"
"WEP","02-Jul-2025","11","104.50","103.50","0.06","-1.930","0.00","2.10","0.3711","0.0284","0.3668"
"WEP","02-Jul-2025","12","110.98","110.09","0.13","-2.100","0.00","2.10","0.3711","0.0284","0.3668"
"WEP","02-Jul-2025","13","116.19","115.41","0.24","-2.320","0.00","2.10","0.3711","0.0284","0.3668"
"WEP","02-Jul-2025","14","119.27","118.07","0.35","-2.010","0.00","2.10","0.3711","0.0284","0.3668"
"WEP","02-Jul-2025","15","124.93","123.62","0.39","-1.950","0.00","2.10","0.3711","0.0284","0.3668"
"WEP","02-Jul-2025","16","133.97","132.52","0.38","-1.800","0.00","2.10","0.3711","0.0284","0.3668"
"WEP","02-Jul-2025","17","133.26","132.52","0.34","-2.470","0.00","2.10","0.3711","0.0284","0.3668"
"WEP","02-Jul-2025","18","133.61","132.68","0.43","-2.370","0.00","2.10","0.3711","0.0284","0.3668"
"WEP","02-Jul-2025","19","133.23","132.68","0.36","-2.680","0.00","2.10","0.3711","0.0284","0.3668"
"WEP","02-Jul-2025","20","154.67","153.96","0.51","-2.670","0.00","2.10","0.3711","0.0284","0.3668"
"WEP","02-Jul-2025","21","133.43","132.68","0.31","-2.420","0.00","2.10","0.3711","0.0284","0.3668"
"WEP","02-Jul-2025","22","143.80","143.12","0.29","-2.470","0.00","2.10","0.3711","0.0284","0.3668"
"WEP","02-Jul-2025","23","134.96","132.70","0.29","-0.900","0.00","2.10","0.3711","0.0284","0.3668"
"WEP","02-Jul-2025","24","135.42","132.42","0.29","-0.160","0.00","2.10","0.3711","0.0284","0.3668"
"WEP","02-Jul-2025","25","115.43","112.54","0.14","-0.120","0.00","2.10","0.3711","0.0284","0.3668"
"WEP","02-Jul-2025","26","112.13","109.73","0.14","-0.600","0.00","2.10","0.3711","0.0284","0.3668"
"WEP","02-Jul-2025","27","92.93","92.13","0.13","-2.190","0.00","2.10","0.3711","0.0284","0.3668"
"WEP","02-Jul-2025","28","101.58","101.23","0.13","-2.650","0.00","2.10","0.3711","0.0284","0.3668"
"WEP","02-Jul-2025","29","116.42","115.69","0.14","-2.270","0.00","2.10","0.3711","0.0284","0.3668"
"WEP","02-Jul-2025","30","118.35","116.29","0.13","-0.930","0.00","2.10","0.3711","0.0284","0.3668"
"WEP","02-Jul-2025","31","114.22","112.48","0.12","-1.250","0.00","2.10","0.3711","0.0284","0.3668"
"WEP","02-Jul-2025","32","101.43","100.76","0.13","-2.320","0.00","2.10","0.3711","0.0284","0.3668"
"WEP","02-Jul-2025","33","101.85","101.24","0.13","-2.380","0.00","2.10","0.3711","0.0284","0.3668"
"WEP","02-Jul-2025","34","109.61","108.74","0.18","-2.180","0.00","2.10","0.3711","0.0284","0.3668"
"WEP","02-Jul-2025","35","105.71","105.71","0.44","-3.300","0.00","2.10","0.3711","0.0284","0.3668"
"WEP","02-Jul-2025","36","118.43","118.77","0.25","-3.450","0.00","2.10","0.3711","0.0284","0.3668"
"WEP","02-Jul-2025","37","196.65","196.88","0.64","-3.740","0.00","2.10","0.3711","0.0284","0.3668"
"WEP","02-Jul-2025","38","185.97","185.79","0.88","-3.570","0.00","2.10","0.3711","0.0284","0.3668"
"WEP","02-Jul-2025","39","202.01","200.81","0.86","-2.530","0.00","2.10","0.3711","0.0284","0.3668"
"WEP","02-Jul-2025","40","208.00","206.92","0.89","-2.670","0.00","2.10","0.3711","0.0284","0.3668"
"WEP","02-Jul-2025","41","209.22","208.35","0.67","-2.660","0.00","2.10","0.3711","0.0284","0.3668"
"WEP","02-Jul-2025","42","206.16","205.40","0.61","-2.710","0.00","2.10","0.3711","0.0284","0.3668"
"WEP","02-Jul-2025","43","206.32","205.20","0.59","-2.330","0.00","2.10","0.3711","0.0284","0.3668"
"WEP","02-Jul-2025","44","120.30","118.83","0.28","-1.680","0.00","2.10","0.3711","0.0284","0.3668"
"WEP","02-Jul-2025","45","114.74","112.51","0.14","-0.770","0.00","2.10","0.3711","0.0284","0.3668"
"WEP","02-Jul-2025","46","110.84","108.74","0.14","-0.910","0.00","2.10","0.3711","0.0284","0.3668"
"WEP","02-Jul-2025","47","102.85","101.02","0.15","-1.180","0.00","2.10","0.3711","0.0284","0.3668"
"WEP","02-Jul-2025","48","99.52","96.93","0.13","-0.400","0.00","2.10","0.3711","0.0284","0.3668"
"WEP","03-Jul-2025","1","94.69","92.54","0.12","-0.850","0.00","2.10","0.3711","0.0289","0.3736"
"WEP","03-Jul-2025","2","91.47","90.22","0.07","-1.700","0.00","2.10","0.3711","0.0289","0.3736"
"WEP","03-Jul-2025","3","92.19","90.17","0.05","-0.900","0.00","2.10","0.3711","0.0289","0.3736"
"WEP","03-Jul-2025","4","89.08","87.30","0.06","-1.150","0.00","2.10","0.3711","0.0289","0.3736"
"WEP","03-Jul-2025","5","85.52","84.07","0.06","-1.490","0.00","2.10","0.3711","0.0289","0.3736"
"WEP","03-Jul-2025","6","84.32","82.43","0.06","-1.040","0.00","2.10","0.3711","0.0289","0.3736"
"WEP","03-Jul-2025","7","84.13","82.43","0.06","-1.240","0.00","2.10","0.3711","0.0289","0.3736"
"WEP","03-Jul-2025","8","83.56","81.55","0.06","-0.920","0.00","2.10","0.3711","0.0289","0.3736"
"WEP","03-Jul-2025","9","83.99","81.55","0.06","-0.490","0.00","2.10","0.3711","0.0289","0.3736"
"WEP","03-Jul-2025","10","85.02","82.65","0.06","-0.560","0.00","2.10","0.3711","0.0289","0.3736"
"WEP","03-Jul-2025","11","86.23","84.14","0.08","-0.870","0.00","2.10","0.3711","0.0289","0.3736"
"WEP","03-Jul-2025","12","92.52","90.32","0.08","-0.750","0.00","2.10","0.3711","0.0289","0.3736"
"WEP","03-Jul-2025","13","92.82","90.83","0.15","-1.030","0.00","2.10","0.3711","0.0289","0.3736"
"WEP","03-Jul-2025","14","102.84","100.89","0.17","-1.090","0.00","2.10","0.3711","0.0289","0.3736"
"WEP","03-Jul-2025","15","103.96","102.03","0.24","-1.180","0.00","2.10","0.3711","0.0289","0.3736"
"WEP","03-Jul-2025","16","117.10","114.82","0.29","-0.890","0.00","2.10","0.3711","0.0289","0.3736"
"WEP","03-Jul-2025","17","114.50","112.51","0.18","-1.070","0.00","2.10","0.3711","0.0289","0.3736"
"WEP","03-Jul-2025","18","114.28","111.82","0.25","-0.660","0.00","2.10","0.3711","0.0289","0.3736"
"WEP","03-Jul-2025","19","113.36","111.29","0.18","-0.980","0.00","2.10","0.3711","0.0289","0.3736"
"WEP","03-Jul-2025","20","113.99","111.29","0.21","-0.380","0.00","2.10","0.3711","0.0289","0.3736"
"WEP","03-Jul-2025","21","103.57","100.74","0.13","-0.170","0.00","2.10","0.3711","0.0289","0.3736"
"WEP","03-Jul-2025","22","92.97","90.68","0.12","-0.710","0.00","2.10","0.3711","0.0289","0.3736"
"WEP","03-Jul-2025","23","86.54","85.23","0.12","-1.680","0.00","2.10","0.3711","0.0289","0.3736"
"WEP","03-Jul-2025","24","82.67","81.71","0.11","-2.020","0.00","2.10","0.3711","0.0289","0.3736"
"WEP","03-Jul-2025","25","83.40","82.37","0.13","-1.970","0.00","2.10","0.3711","0.0289","0.3736"
"WEP","03-Jul-2025","26","85.91","84.27","0.13","-1.360","0.00","2.10","0.3711","0.0289","0.3736"
"WEP","03-Jul-2025","27","87.87","86.36","0.13","-1.500","0.00","2.10","0.3711","0.0289","0.3736"
"WEP","03-Jul-2025","28","86.79","85.56","0.12","-1.760","0.00","2.10","0.3711","0.0289","0.3736"
"WEP","03-Jul-2025","29","89.67","88.59","0.12","-1.910","0.00","2.10","0.3711","0.0289","0.3736"
"WEP","03-Jul-2025","30","91.30","90.38","0.11","-2.060","0.00","2.10","0.3711","0.0289","0.3736"
"WEP","03-Jul-2025","31","91.98","90.83","0.11","-1.830","0.00","2.10","0.3711","0.0289","0.3736"
"WEP","03-Jul-2025","32","92.87","92.20","0.13","-2.330","0.00","2.10","0.3711","0.0289","0.3736"
"WEP","03-Jul-2025","33","91.23","90.82","0.11","-2.570","0.00","2.10","0.3711","0.0289","0.3736"
"WEP","03-Jul-2025","34","95.95","96.01","0.13","-3.060","0.00","2.10","0.3711","0.0289","0.3736"
"WEP","03-Jul-2025","35","101.29","101.19","0.36","-3.130","0.00","2.10","0.3711","0.0289","0.3736"
"WEP","03-Jul-2025","36","111.58","111.93","0.13","-3.360","0.00","2.10","0.3711","0.0289","0.3736"
"WEP","03-Jul-2025","37","114.49","114.98","0.16","-3.520","0.00","2.10","0.3711","0.0289","0.3736"
"WEP","03-Jul-2025","38","132.09","132.24","0.45","-3.470","0.00","2.10","0.3711","0.0289","0.3736"
"WEP","03-Jul-2025","39","133.43","132.55","0.38","-2.380","0.00","2.10","0.3711","0.0289","0.3736"
"WEP","03-Jul-2025","40","133.49","132.57","0.37","-2.320","0.00","2.10","0.3711","0.0289","0.3736"
"WEP","03-Jul-2025","41","133.72","132.57","0.17","-1.890","0.00","2.10","0.3711","0.0289","0.3736"
"WEP","03-Jul-2025","42","133.92","132.46","0.29","-1.710","0.00","2.10","0.3711","0.0289","0.3736"
"WEP","03-Jul-2025","43","133.77","132.26","0.33","-1.690","0.00","2.10","0.3711","0.0289","0.3736"
"WEP","03-Jul-2025","44","125.85","124.32","0.20","-1.540","0.00","2.10","0.3711","0.0289","0.3736"
"WEP","03-Jul-2025","45","116.69","114.86","0.14","-1.190","0.00","2.10","0.3711","0.0289","0.3736"
"WEP","03-Jul-2025","46","115.59","113.00","0.13","-0.420","0.00","2.10","0.3711","0.0289","0.3736"
"WEP","03-Jul-2025","47","105.73","103.17","0.14","-0.450","0.00","2.10","0.3711","0.0289","0.3736"
"WEP","03-Jul-2025","48","94.01","90.83","0.08","0.230","0.00","2.10","0.3711","0.0289","0.3736"
"WEP","04-Jul-2025","1","93.03","90.62","0.12","-0.580","0.00","2.10","0.3711","0.0289","0.3736"
"WEP","04-Jul-2025","2","92.07","90.39","0.06","-1.250","0.00","2.10","0.3711","0.0289","0.3736"
"WEP","04-Jul-2025","3","92.44","90.63","0.05","-1.120","0.00","2.10","0.3711","0.0289","0.3736"
"WEP","04-Jul-2025","4","92.22","90.33","0.05","-1.030","0.00","2.10","0.3711","0.0289","0.3736"
"WEP","04-Jul-2025","5","90.44","89.19","0.05","-1.670","0.00","2.10","0.3711","0.0289","0.3736"
"WEP","04-Jul-2025","6","89.78","88.36","0.05","-1.510","0.00","2.10","0.3711","0.0289","0.3736"
"WEP","04-Jul-2025","7","88.39","86.59","0.05","-1.130","0.00","2.10","0.3711","0.0289","0.3736"
"WEP","04-Jul-2025","8","89.47","88.24","0.05","-1.690","0.00","2.10","0.3711","0.0289","0.3736"
"WEP","04-Jul-2025","9","89.78","87.73","0.05","-0.880","0.00","2.10","0.3711","0.0289","0.3736"
"WEP","04-Jul-2025","10","92.05","90.14","0.05","-1.010","0.00","2.10","0.3711","0.0289","0.3736"
"WEP","04-Jul-2025","11","92.48","90.67","0.06","-1.130","0.00","2.10","0.3711","0.0289","0.3736"
"WEP","04-Jul-2025","12","102.74","100.56","0.13","-0.820","0.00","2.10","0.3711","0.0289","0.3736"
"WEP","04-Jul-2025","13","102.65","100.70","0.16","-1.080","0.00","2.10","0.3711","0.0289","0.3736"
"WEP","04-Jul-2025","14","108.68","107.40","0.19","-1.780","0.00","2.10","0.3711","0.0289","0.3736"
"WEP","04-Jul-2025","15","116.11","114.74","0.44","-1.950","0.00","2.10","0.3711","0.0289","0.3736"
"WEP","04-Jul-2025","16","127.51","126.19","0.47","-2.020","0.00","2.10","0.3711","0.0289","0.3736"
"WEP","04-Jul-2025","17","128.91","127.12","0.37","-1.460","0.00","2.10","0.3711","0.0289","0.3736"
"WEP","04-Jul-2025","18","122.94","121.19","0.40","-1.530","0.00","2.10","0.3711","0.0289","0.3736"
"WEP","04-Jul-2025","19","114.87","113.01","0.18","-1.190","0.00","2.10","0.3711","0.0289","0.3736"
"WEP","04-Jul-2025","20","114.14","111.78","0.27","-0.780","0.00","2.10","0.3711","0.0289","0.3736"
"WEP","04-Jul-2025","21","102.78","100.92","0.13","-1.140","0.00","2.10","0.3711","0.0289","0.3736"
"WEP","04-Jul-2025","22","92.93","90.89","0.12","-0.960","0.00","2.10","0.3711","0.0289","0.3736"
"WEP","04-Jul-2025","23","87.83","86.67","0.12","-1.830","0.00","2.10","0.3711","0.0289","0.3736"
"WEP","04-Jul-2025","24","83.09","82.24","0.12","-2.140","0.00","2.10","0.3711","0.0289","0.3736"
"WEP","04-Jul-2025","25","87.20","86.68","0.13","-2.480","0.00","2.10","0.3711","0.0289","0.3736"
"WEP","04-Jul-2025","26","86.87","86.68","0.13","-2.810","0.00","2.10","0.3711","0.0289","0.3736"
"WEP","04-Jul-2025","27","91.99","91.55","0.13","-2.570","0.00","2.10","0.3711","0.0289","0.3736"
"WEP","04-Jul-2025","28","102.02","100.91","0.14","-1.910","0.00","2.10","0.3711","0.0289","0.3736"
"WEP","04-Jul-2025","29","94.40","92.58","0.12","-1.180","0.00","2.10","0.3711","0.0289","0.3736"
"WEP","04-Jul-2025","30","87.61","86.68","0.10","-2.040","0.00","2.10","0.3711","0.0289","0.3736"
"WEP","04-Jul-2025","31","90.91","90.69","0.11","-2.770","0.00","2.10","0.3711","0.0289","0.3736"
"WEP","04-Jul-2025","32","90.47","90.72","0.13","-3.260","0.00","2.10","0.3711","0.0289","0.3736"
"WEP","04-Jul-2025","33","100.26","100.63","0.13","-3.380","0.00","2.10","0.3711","0.0289","0.3736"
"WEP","04-Jul-2025","34","109.92","110.36","0.16","-3.470","0.00","2.10","0.3711","0.0289","0.3736"
"WEP","04-Jul-2025","35","115.49","115.11","0.45","-2.940","0.00","2.10","0.3711","0.0289","0.3736"
"WEP","04-Jul-2025","36","127.93","127.26","0.15","-2.350","0.00","2.10","0.3711","0.0289","0.3736"
"WEP","04-Jul-2025","37","129.39","127.18","0.32","-0.980","0.00","2.10","0.3711","0.0289","0.3736"
"WEP","04-Jul-2025","38","118.36","116.08","0.37","-0.960","0.00","2.10","0.3711","0.0289","0.3736"
"WEP","04-Jul-2025","39","116.96","114.89","0.30","-1.110","0.00","2.10","0.3711","0.0289","0.3736"
"WEP","04-Jul-2025","40","114.99","113.03","0.22","-1.130","0.00","2.10","0.3711","0.0289","0.3736"
"WEP","04-Jul-2025","41","114.80","113.03","0.14","-1.250","0.00","2.10","0.3711","0.0289","0.3736"
"WEP","04-Jul-2025","42","114.38","113.03","0.14","-1.660","0.00","2.10","0.3711","0.0289","0.3736"
"WEP","04-Jul-2025","43","113.65","111.84","0.14","-1.210","0.00","2.10","0.3711","0.0289","0.3736"
"WEP","04-Jul-2025","44","102.91","101.09","0.12","-1.180","0.00","2.10","0.3711","0.0289","0.3736"
"WEP","04-Jul-2025","45","102.80","100.81","0.12","-1.000","0.00","2.10","0.3711","0.0289","0.3736"
"WEP","04-Jul-2025","46","93.39","91.52","0.07","-1.080","0.00","2.10","0.3711","0.0289","0.3736"
"WEP","04-Jul-2025","47","92.46","90.69","0.08","-1.190","0.00","2.10","0.3711","0.0289","0.3736"
"WEP","04-Jul-2025","48","92.69","90.66","0.07","-0.910","0.00","2.10","0.3711","0.0289","0.3736"
"WEP","05-Jul-2025","1","92.83","90.76","0.12","-0.940","0.00","2.10","0.3711","0.0306","0.3952"
"WEP","05-Jul-2025","2","93.44","90.91","0.06","-0.420","0.00","2.10","0.3711","0.0306","0.3952"
"WEP","05-Jul-2025","3","92.99","90.62","0.05","-0.580","0.00","2.10","0.3711","0.0306","0.3952"
"WEP","05-Jul-2025","4","92.77","90.52","0.05","-0.700","0.00","2.10","0.3711","0.0306","0.3952"
"WEP","05-Jul-2025","5","92.42","90.22","0.05","-0.750","0.00","2.10","0.3711","0.0306","0.3952"
"WEP","05-Jul-2025","6","92.50","90.12","0.05","-0.560","0.00","2.10","0.3711","0.0306","0.3952"
"WEP","05-Jul-2025","7","92.24","90.11","0.05","-0.820","0.00","2.10","0.3711","0.0306","0.3952"
"WEP","05-Jul-2025","8","92.55","90.11","0.05","-0.510","0.00","2.10","0.3711","0.0306","0.3952"
"WEP","05-Jul-2025","9","90.48","88.38","0.00","-0.790","0.00","2.10","0.3711","0.0306","0.3952"
"WEP","05-Jul-2025","10","92.71","90.11","0.05","-0.350","0.00","2.10","0.3711","0.0306","0.3952"
"WEP","05-Jul-2025","11","92.51","90.41","0.06","-0.850","0.00","2.10","0.3711","0.0306","0.3952"
"WEP","05-Jul-2025","12","92.73","90.54","0.13","-0.840","0.00","2.10","0.3711","0.0306","0.3952"
"WEP","05-Jul-2025","13","92.75","90.70","0.16","-1.000","0.00","2.10","0.3711","0.0306","0.3952"
"WEP","05-Jul-2025","14","95.93","93.85","0.19","-1.010","0.00","2.10","0.3711","0.0306","0.3952"
"WEP","05-Jul-2025","15","92.77","90.69","0.21","-1.030","0.00","2.10","0.3711","0.0306","0.3952"
"WEP","05-Jul-2025","16","97.21","95.38","0.21","-1.280","0.00","2.10","0.3711","0.0306","0.3952"
"WEP","05-Jul-2025","17","102.93","100.85","0.18","-1.000","0.00","2.10","0.3711","0.0306","0.3952"
"WEP","05-Jul-2025","18","110.89","108.48","0.33","-0.820","0.00","2.10","0.3711","0.0306","0.3952"
"WEP","05-Jul-2025","19","103.57","101.17","0.16","-0.650","0.00","2.10","0.3711","0.0306","0.3952"
"WEP","05-Jul-2025","20","92.63","90.67","0.15","-1.080","0.00","2.10","0.3711","0.0306","0.3952"
"WEP","05-Jul-2025","21","93.01","90.81","0.13","-0.830","0.00","2.10","0.3711","0.0306","0.3952"
"WEP","05-Jul-2025","22","91.63","90.33","0.13","-1.730","0.00","2.10","0.3711","0.0306","0.3952"
"WEP","05-Jul-2025","23","91.37","90.32","0.13","-1.980","0.00","2.10","0.3711","0.0306","0.3952"
"WEP","05-Jul-2025","24","91.71","90.78","0.13","-2.100","0.00","2.10","0.3711","0.0306","0.3952"
"WEP","05-Jul-2025","25","93.93","90.68","0.14","0.210","0.00","2.10","0.3711","0.0306","0.3952"
"WEP","05-Jul-2025","26","82.71","79.90","0.14","-0.230","0.00","2.10","0.3711","0.0306","0.3952"
"WEP","05-Jul-2025","27","79.29","78.26","0.14","-2.000","0.00","2.10","0.3711","0.0306","0.3952"
"WEP","05-Jul-2025","28","80.97","80.27","0.14","-2.340","0.00","2.10","0.3711","0.0306","0.3952"
"WEP","05-Jul-2025","29","82.20","79.88","0.13","-0.700","0.00","2.10","0.3711","0.0306","0.3952"
"WEP","05-Jul-2025","30","81.19","78.69","0.11","-0.510","0.00","2.10","0.3711","0.0306","0.3952"
"WEP","05-Jul-2025","31","77.06","75.88","0.12","-1.840","0.00","2.10","0.3711","0.0306","0.3952"
"WEP","05-Jul-2025","32","79.19","77.87","0.14","-1.710","0.00","2.10","0.3711","0.0306","0.3952"
"WEP","05-Jul-2025","33","79.70","78.79","0.13","-2.110","0.00","2.10","0.3711","0.0306","0.3952"
"WEP","05-Jul-2025","34","80.30","79.13","0.14","-1.860","0.00","2.10","0.3711","0.0306","0.3952"
"WEP","05-Jul-2025","35","83.09","82.02","0.20","-2.020","0.00","2.10","0.3711","0.0306","0.3952"
"WEP","05-Jul-2025","36","87.74","86.72","0.14","-2.010","0.00","2.10","0.3711","0.0306","0.3952"
"WEP","05-Jul-2025","37","91.80","90.75","0.15","-2.000","0.00","2.10","0.3711","0.0306","0.3952"
"WEP","05-Jul-2025","38","112.67","111.84","0.36","-2.430","0.00","2.10","0.3711","0.0306","0.3952"
"WEP","05-Jul-2025","39","116.25","115.01","0.25","-1.910","0.00","2.10","0.3711","0.0306","0.3952"
"WEP","05-Jul-2025","40","120.80","119.15","0.31","-1.560","0.00","2.10","0.3711","0.0306","0.3952"
"WEP","05-Jul-2025","41","120.84","119.45","0.29","-1.800","0.00","2.10","0.3711","0.0306","0.3952"
"WEP","05-Jul-2025","42","121.21","119.47","0.29","-1.450","0.00","2.10","0.3711","0.0306","0.3952"
"WEP","05-Jul-2025","43","116.79","115.08","0.22","-1.400","0.00","2.10","0.3711","0.0306","0.3952"
"WEP","05-Jul-2025","44","113.35","112.04","0.16","-1.740","0.00","2.10","0.3711","0.0306","0.3952"
"WEP","05-Jul-2025","45","113.44","111.75","0.16","-1.370","0.00","2.10","0.3711","0.0306","0.3952"
"WEP","05-Jul-2025","46","109.76","108.11","0.13","-1.370","0.00","2.10","0.3711","0.0306","0.3952"
"WEP","05-Jul-2025","47","93.86","91.70","0.13","-0.870","0.00","2.10","0.3711","0.0306","0.3952"
"WEP","05-Jul-2025","48","93.24","90.90","0.09","-0.650","0.00","2.10","0.3711","0.0306","0.3952"
"WEP","06-Jul-2025","1","102.93","100.77","0.12","-0.860","0.00","2.10","0.3711","0.0311","0.4017"
"WEP","06-Jul-2025","2","102.47","100.69","0.08","-1.200","0.00","2.10","0.3711","0.0311","0.4017"
"WEP","06-Jul-2025","3","99.18","97.28","0.05","-1.050","0.00","2.10","0.3711","0.0311","0.4017"
"WEP","06-Jul-2025","4","93.05","90.96","0.05","-0.870","0.00","2.10","0.3711","0.0311","0.4017"
"WEP","06-Jul-2025","5","102.69","101.08","0.06","-1.350","0.00","2.10","0.3711","0.0311","0.4017"
"WEP","06-Jul-2025","6","102.38","100.81","0.06","-1.390","0.00","2.10","0.3711","0.0311","0.4017"
"WEP","06-Jul-2025","7","102.76","100.71","0.06","-0.910","0.00","2.10","0.3711","0.0311","0.4017"
"WEP","06-Jul-2025","8","101.07","98.76","0.06","-0.650","0.00","2.10","0.3711","0.0311","0.4017"
"WEP","06-Jul-2025","9","99.23","97.06","0.06","-0.790","0.00","2.10","0.3711","0.0311","0.4017"
"WEP","06-Jul-2025","10","102.26","100.71","0.06","-1.420","0.00","2.10","0.3711","0.0311","0.4017"
"WEP","06-Jul-2025","11","102.17","100.71","0.10","-1.540","0.00","2.10","0.3711","0.0311","0.4017"
"WEP","06-Jul-2025","12","102.71","100.80","0.13","-1.120","0.00","2.10","0.3711","0.0311","0.4017"
"WEP","06-Jul-2025","13","102.79","100.81","0.17","-1.090","0.00","2.10","0.3711","0.0311","0.4017"
"WEP","06-Jul-2025","14","102.97","101.08","0.29","-1.300","0.00","2.10","0.3711","0.0311","0.4017"
"WEP","06-Jul-2025","15","98.93","97.10","0.29","-1.360","0.00","2.10","0.3711","0.0311","0.4017"
"WEP","06-Jul-2025","16","103.26","101.01","0.31","-0.970","0.00","2.10","0.3711","0.0311","0.4017"
"WEP","06-Jul-2025","17","103.54","100.94","0.20","-0.500","0.00","2.10","0.3711","0.0311","0.4017"
"WEP","06-Jul-2025","18","102.86","100.78","0.20","-1.030","0.00","2.10","0.3711","0.0311","0.4017"
"WEP","06-Jul-2025","19","92.92","90.61","0.17","-0.760","0.00","2.10","0.3711","0.0311","0.4017"
"WEP","06-Jul-2025","20","93.32","90.53","0.17","-0.290","0.00","2.10","0.3711","0.0311","0.4017"
"WEP","06-Jul-2025","21","86.07","83.09","0.14","-0.070","0.00","2.10","0.3711","0.0311","0.4017"
"WEP","06-Jul-2025","22","82.72","79.71","0.14","-0.030","0.00","2.10","0.3711","0.0311","0.4017"
"WEP","06-Jul-2025","23","80.66","77.99","0.14","-0.370","0.00","2.10","0.3711","0.0311","0.4017"
"WEP","06-Jul-2025","24","78.02","75.65","0.13","-0.660","0.00","2.10","0.3711","0.0311","0.4017"
"WEP","06-Jul-2025","25","75.16","73.00","0.15","-0.890","0.00","2.10","0.3711","0.0311","0.4017"
"WEP","06-Jul-2025","26","76.02","74.13","0.16","-1.170","0.00","2.10","0.3711","0.0311","0.4017"
"WEP","06-Jul-2025","27","76.97","74.82","0.14","-0.900","0.00","2.10","0.3711","0.0311","0.4017"
"WEP","06-Jul-2025","28","76.47","74.85","0.14","-1.420","0.00","2.10","0.3711","0.0311","0.4017"
"WEP","06-Jul-2025","29","75.47","74.14","0.13","-1.700","0.00","2.10","0.3711","0.0311","0.4017"
"WEP","06-Jul-2025","30","76.22","74.83","0.12","-1.630","0.00","2.10","0.3711","0.0311","0.4017"
"WEP","06-Jul-2025","31","76.73","75.67","0.13","-1.970","0.00","2.10","0.3711","0.0311","0.4017"
"WEP","06-Jul-2025","32","79.32","78.00","0.14","-1.730","0.00","2.10","0.3711","0.0311","0.4017"
"WEP","06-Jul-2025","33","80.37","79.01","0.13","-1.670","0.00","2.10","0.3711","0.0311","0.4017"
"WEP","06-Jul-2025","34","81.15","80.05","0.14","-1.940","0.00","2.10","0.3711","0.0311","0.4017"
"WEP","06-Jul-2025","35","83.50","82.67","0.20","-2.280","0.00","2.10","0.3711","0.0311","0.4017"
"WEP","06-Jul-2025","36","91.14","90.67","0.14","-2.570","0.00","2.10","0.3711","0.0311","0.4017"
"WEP","06-Jul-2025","37","97.10","96.09","0.16","-2.060","0.00","2.10","0.3711","0.0311","0.4017"
"WEP","06-Jul-2025","38","112.81","111.96","0.37","-2.430","0.00","2.10","0.3711","0.0311","0.4017"
"WEP","06-Jul-2025","39","122.12","120.96","0.35","-2.090","0.00","2.10","0.3711","0.0311","0.4017"
"WEP","06-Jul-2025","40","127.36","125.61","0.35","-1.510","0.00","2.10","0.3711","0.0311","0.4017"
"WEP","06-Jul-2025","41","129.13","127.31","0.32","-1.410","0.00","2.10","0.3711","0.0311","0.4017"
"WEP","06-Jul-2025","42","134.29","132.44","0.36","-1.410","0.00","2.10","0.3711","0.0311","0.4017"
"WEP","06-Jul-2025","43","133.97","132.75","0.42","-2.100","0.00","2.10","0.3711","0.0311","0.4017"
"WEP","06-Jul-2025","44","133.38","132.29","0.30","-2.110","0.00","2.10","0.3711","0.0311","0.4017"
"WEP","06-Jul-2025","45","128.81","127.37","0.29","-1.750","0.00","2.10","0.3711","0.0311","0.4017"
"WEP","06-Jul-2025","46","123.15","121.44","0.22","-1.410","0.00","2.10","0.3711","0.0311","0.4017"
"WEP","06-Jul-2025","47","117.00","114.93","0.21","-1.050","0.00","2.10","0.3711","0.0311","0.4017"
"WEP","06-Jul-2025","48","108.08","105.54","0.13","-0.490","0.00","2.10","0.3711","0.0311","0.4017"
"WEP","07-Jul-2025","1","98.97","97.41","0.12","-1.430","0.00","2.10","0.3711","0.0285","0.3679"
"WEP","07-Jul-2025","2","92.85","91.62","0.06","-1.700","0.00","2.10","0.3711","0.0285","0.3679"
"WEP","07-Jul-2025","3","92.23","90.92","0.05","-1.610","0.00","2.10","0.3711","0.0285","0.3679"
"WEP","07-Jul-2025","4","92.04","90.67","0.05","-1.550","0.00","2.10","0.3711","0.0285","0.3679"
"WEP","07-Jul-2025","5","91.77","90.59","0.05","-1.730","0.00","2.10","0.3711","0.0285","0.3679"
"WEP","07-Jul-2025","6","91.82","90.58","0.05","-1.670","0.00","2.10","0.3711","0.0285","0.3679"
"WEP","07-Jul-2025","7","91.81","90.47","0.05","-1.580","0.00","2.10","0.3711","0.0285","0.3679"
"WEP","07-Jul-2025","8","91.52","90.16","0.05","-1.560","0.00","2.10","0.3711","0.0285","0.3679"
"WEP","07-Jul-2025","9","91.78","90.16","0.05","-1.300","0.00","2.10","0.3711","0.0285","0.3679"
"WEP","07-Jul-2025","10","92.23","90.60","0.05","-1.290","0.00","2.10","0.3711","0.0285","0.3679"
"WEP","07-Jul-2025","11","92.68","91.12","0.06","-1.360","0.00","2.10","0.3711","0.0285","0.3679"
"WEP","07-Jul-2025","12","102.70","100.71","0.08","-0.960","0.00","2.10","0.3711","0.0285","0.3679"
"WEP","07-Jul-2025","13","102.95","100.97","0.18","-1.060","0.00","2.10","0.3711","0.0285","0.3679"
"WEP","07-Jul-2025","14","105.78","104.58","0.36","-2.030","0.00","2.10","0.3711","0.0285","0.3679"
"WEP","07-Jul-2025","15","108.92","108.10","0.44","-2.490","0.00","2.10","0.3711","0.0285","0.3679"
"WEP","07-Jul-2025","16","119.57","118.46","0.56","-2.310","0.00","2.10","0.3711","0.0285","0.3679"
"WEP","07-Jul-2025","17","129.40","127.28","0.52","-1.260","0.00","2.10","0.3711","0.0285","0.3679"
"WEP","07-Jul-2025","18","129.85","127.40","0.39","-0.810","0.00","2.10","0.3711","0.0285","0.3679"
"WEP","07-Jul-2025","19","129.17","126.24","0.34","-0.270","0.00","2.10","0.3711","0.0285","0.3679"
"WEP","07-Jul-2025","20","113.54","111.93","0.28","-1.540","0.00","2.10","0.3711","0.0285","0.3679"
"WEP","07-Jul-2025","21","110.37","109.21","0.12","-1.830","0.00","2.10","0.3711","0.0285","0.3679"
"WEP","07-Jul-2025","22","113.50","111.95","0.15","-1.470","0.00","2.10","0.3711","0.0285","0.3679"
"WEP","07-Jul-2025","23","102.87","100.74","0.12","-0.860","0.00","2.10","0.3711","0.0285","0.3679"
"WEP","07-Jul-2025","24","91.90","90.60","0.12","-1.690","0.00","2.10","0.3711","0.0285","0.3679"
"WEP","07-Jul-2025","25","93.02","90.83","0.13","-0.810","0.00","2.10","0.3711","0.0285","0.3679"
"WEP","07-Jul-2025","26","93.31","90.62","0.13","-0.310","0.00","2.10","0.3711","0.0285","0.3679"
"WEP","07-Jul-2025","27","86.30","84.49","0.13","-1.190","0.00","2.10","0.3711","0.0285","0.3679"
"WEP","07-Jul-2025","28","81.51","80.07","0.12","-1.540","0.00","2.10","0.3711","0.0285","0.3679"
"WEP","07-Jul-2025","29","86.11","84.52","0.06","-1.330","0.00","2.10","0.3711","0.0285","0.3679"
"WEP","07-Jul-2025","30","81.38","80.46","0.08","-2.030","0.00","2.10","0.3711","0.0285","0.3679"
"WEP","07-Jul-2025","31","91.74","90.71","0.12","-1.960","0.00","2.10","0.3711","0.0285","0.3679"
"WEP","07-Jul-2025","32","92.19","90.72","0.13","-1.530","0.00","2.10","0.3711","0.0285","0.3679"
"WEP","07-Jul-2025","33","92.59","90.92","0.12","-1.320","0.00","2.10","0.3711","0.0285","0.3679"
"WEP","07-Jul-2025","34","92.14","90.86","0.13","-1.720","0.00","2.10","0.3711","0.0285","0.3679"
"WEP","07-Jul-2025","35","101.25","100.71","0.28","-2.600","0.00","2.10","0.3711","0.0285","0.3679"
"WEP","07-Jul-2025","36","100.65","100.74","0.16","-3.120","0.00","2.10","0.3711","0.0285","0.3679"
"WEP","07-Jul-2025","37","113.19","113.03","0.31","-3.020","0.00","2.10","0.3711","0.0285","0.3679"
"WEP","07-Jul-2025","38","128.07","127.30","0.37","-2.460","0.00","2.10","0.3711","0.0285","0.3679"
"WEP","07-Jul-2025","39","128.41","127.43","0.37","-2.260","0.00","2.10","0.3711","0.0285","0.3679"
"WEP","07-Jul-2025","40","128.26","127.46","0.35","-2.420","0.00","2.10","0.3711","0.0285","0.3679"
"WEP","07-Jul-2025","41","130.86","130.22","0.30","-2.530","0.00","2.10","0.3711","0.0285","0.3679"
"WEP","07-Jul-2025","42","133.40","132.32","0.30","-2.090","0.00","2.10","0.3711","0.0285","0.3679"
"WEP","07-Jul-2025","43","132.70","132.32","0.29","-2.780","0.00","2.10","0.3711","0.0285","0.3679"
"WEP","07-Jul-2025","44","128.13","127.35","0.15","-2.230","0.00","2.10","0.3711","0.0285","0.3679"
"WEP","07-Jul-2025","45","125.06","124.10","0.15","-2.060","0.00","2.10","0.3711","0.0285","0.3679"
"WEP","07-Jul-2025","46","116.51","115.25","0.12","-1.730","0.00","2.10","0.3711","0.0285","0.3679"
"WEP","07-Jul-2025","47","112.91","111.82","0.14","-1.920","0.00","2.10","0.3711","0.0285","0.3679"
"WEP","07-Jul-2025","48","102.35","100.96","0.12","-1.600","0.00","2.10","0.3711","0.0285","0.3679"
"WEP","08-Jul-2025","1","102.02","100.69","0.12","-1.660","0.00","2.10","0.3711","0.0283","0.3652"
"WEP","08-Jul-2025","2","102.03","100.63","0.06","-1.520","0.00","2.10","0.3711","0.0283","0.3652"
"WEP","08-Jul-2025","3","102.31","100.64","0.05","-1.240","0.00","2.10","0.3711","0.0283","0.3652"
"WEP","08-Jul-2025","4","102.34","100.65","0.05","-1.220","0.00","2.10","0.3711","0.0283","0.3652"
"WEP","08-Jul-2025","5","91.93","90.66","0.05","-1.650","0.00","2.10","0.3711","0.0283","0.3652"
"WEP","08-Jul-2025","6","92.16","90.64","0.05","-1.400","0.00","2.10","0.3711","0.0283","0.3652"
"WEP","08-Jul-2025","7","91.96","90.41","0.05","-1.370","0.00","2.10","0.3711","0.0283","0.3652"
"WEP","08-Jul-2025","8","91.60","90.31","0.05","-1.630","0.00","2.10","0.3711","0.0283","0.3652"
"WEP","08-Jul-2025","9","91.80","90.31","0.05","-1.420","0.00","2.10","0.3711","0.0283","0.3652"
"WEP","08-Jul-2025","10","92.54","90.67","0.05","-1.040","0.00","2.10","0.3711","0.0283","0.3652"
"WEP","08-Jul-2025","11","99.10","97.19","0.06","-1.010","0.00","2.10","0.3711","0.0283","0.3652"
"WEP","08-Jul-2025","12","102.67","100.85","0.13","-1.170","0.00","2.10","0.3711","0.0283","0.3652"
"WEP","08-Jul-2025","13","111.40","109.88","0.22","-1.560","0.00","2.10","0.3711","0.0283","0.3652"
"WEP","08-Jul-2025","14","116.21","114.82","0.39","-1.860","0.00","2.10","0.3711","0.0283","0.3652"
"WEP","08-Jul-2025","15","121.70","120.34","0.45","-1.960","0.00","2.10","0.3711","0.0283","0.3652"
"WEP","08-Jul-2025","16","128.96","127.27","0.44","-1.610","0.00","2.10","0.3711","0.0283","0.3652"
"WEP","08-Jul-2025","17","128.92","127.35","0.39","-1.690","0.00","2.10","0.3711","0.0283","0.3652"
"WEP","08-Jul-2025","18","129.74","127.40","0.53","-1.060","0.00","2.10","0.3711","0.0283","0.3652"
"WEP","08-Jul-2025","19","127.70","125.73","0.38","-1.270","0.00","2.10","0.3711","0.0283","0.3652"
"WEP","08-Jul-2025","20","133.19","132.51","0.48","-2.660","0.00","2.10","0.3711","0.0283","0.3652"
"WEP","08-Jul-2025","21","127.56","127.43","0.31","-3.040","0.00","2.10","0.3711","0.0283","0.3652"
"WEP","08-Jul-2025","22","200.44","200.64","0.93","-3.990","0.00","2.10","0.3711","0.0283","0.3652"
"WEP","08-Jul-2025","23","139.97","138.23","0.46","-1.580","0.00","2.10","0.3711","0.0283","0.3652"
"WEP","08-Jul-2025","24","130.72","127.39","0.33","0.130","0.00","2.10","0.3711","0.0283","0.3652"
"WEP","08-Jul-2025","25","112.47","108.94","0.25","0.420","0.00","2.10","0.3711","0.0283","0.3652"
"WEP","08-Jul-2025","26","85.81","83.40","0.14","-0.590","0.00","2.10","0.3711","0.0283","0.3652"
"WEP","08-Jul-2025","27","79.01","77.06","0.13","-1.040","0.00","2.10","0.3711","0.0283","0.3652"
"WEP","08-Jul-2025","28","75.56","74.41","0.12","-1.830","0.00","2.10","0.3711","0.0283","0.3652"
"WEP","08-Jul-2025","29","75.86","75.20","0.12","-2.330","0.00","2.10","0.3711","0.0283","0.3652"
"WEP","08-Jul-2025","30","91.45","90.42","0.11","-1.940","0.00","2.10","0.3711","0.0283","0.3652"
"WEP","08-Jul-2025","31","91.73","90.42","0.11","-1.670","0.00","2.10","0.3711","0.0283","0.3652"
"WEP","08-Jul-2025","32","88.00","87.54","0.13","-2.530","0.00","2.10","0.3711","0.0283","0.3652"
"WEP","08-Jul-2025","33","101.19","100.76","0.15","-2.580","0.00","2.10","0.3711","0.0283","0.3652"
"WEP","08-Jul-2025","34","102.11","100.98","0.18","-1.920","0.00","2.10","0.3711","0.0283","0.3652"
"WEP","08-Jul-2025","35","102.27","100.97","0.33","-1.890","0.00","2.10","0.3711","0.0283","0.3652"
"WEP","08-Jul-2025","36","101.75","100.83","0.12","-2.060","0.00","2.10","0.3711","0.0283","0.3652"
"WEP","08-Jul-2025","37","112.49","111.95","0.26","-2.580","0.00","2.10","0.3711","0.0283","0.3652"
"WEP","08-Jul-2025","38","126.04","125.70","0.39","-2.910","0.00","2.10","0.3711","0.0283","0.3652"
"WEP","08-Jul-2025","39","132.91","132.40","0.49","-2.840","0.00","2.10","0.3711","0.0283","0.3652"
"WEP","08-Jul-2025","40","133.20","132.42","0.37","-2.460","0.00","2.10","0.3711","0.0283","0.3652"
"WEP","08-Jul-2025","41","133.49","132.42","0.30","-2.100","0.00","2.10","0.3711","0.0283","0.3652"
"WEP","08-Jul-2025","42","133.41","132.45","0.29","-2.190","0.00","2.10","0.3711","0.0283","0.3652"
"WEP","08-Jul-2025","43","133.40","132.45","0.29","-2.210","0.00","2.10","0.3711","0.0283","0.3652"
"WEP","08-Jul-2025","44","127.98","127.39","0.18","-2.460","0.00","2.10","0.3711","0.0283","0.3652"
"WEP","08-Jul-2025","45","127.55","126.27","0.15","-1.740","0.00","2.10","0.3711","0.0283","0.3652"
"WEP","08-Jul-2025","46","126.88","125.39","0.27","-1.650","0.00","2.10","0.3711","0.0283","0.3652"
"WEP","08-Jul-2025","47","114.54","113.02","0.24","-1.590","0.00","2.10","0.3711","0.0283","0.3652"
"WEP","08-Jul-2025","48","107.96","106.37","0.12","-1.390","0.00","2.10","0.3711","0.0283","0.3652"
"WEP","09-Jul-2025","1","114.75","113.65","0.12","-1.890","0.00","2.10","0.3711","0.0285","0.3687"
"WEP","09-Jul-2025","2","107.17","105.74","0.07","-1.510","0.00","2.10","0.3711","0.0285","0.3687"
"WEP","09-Jul-2025","3","102.50","100.85","0.05","-1.270","0.00","2.10","0.3711","0.0285","0.3687"
"WEP","09-Jul-2025","4","102.20","100.66","0.05","-1.380","0.00","2.10","0.3711","0.0285","0.3687"
"WEP","09-Jul-2025","5","99.93","98.56","0.05","-1.550","0.00","2.10","0.3711","0.0285","0.3687"
"WEP","09-Jul-2025","6","91.92","90.66","0.05","-1.660","0.00","2.10","0.3711","0.0285","0.3687"
"WEP","09-Jul-2025","7","89.81","88.46","0.05","-1.570","0.00","2.10","0.3711","0.0285","0.3687"
"WEP","09-Jul-2025","8","89.33","87.95","0.05","-1.540","0.00","2.10","0.3711","0.0285","0.3687"
"WEP","09-Jul-2025","9","91.64","90.68","0.05","-1.960","0.00","2.10","0.3711","0.0285","0.3687"
"WEP","09-Jul-2025","10","89.72","88.57","0.09","-1.810","0.00","2.10","0.3711","0.0285","0.3687"
"WEP","09-Jul-2025","11","91.96","90.86","0.10","-1.870","0.00","2.10","0.3711","0.0285","0.3687"
"WEP","09-Jul-2025","12","115.56","114.78","0.14","-2.230","0.00","2.10","0.3711","0.0285","0.3687"
"WEP","09-Jul-2025","13","113.77","111.77","0.34","-1.210","0.00","2.10","0.3711","0.0285","0.3687"
"WEP","09-Jul-2025","14","119.76","118.67","0.41","-2.190","0.00","2.10","0.3711","0.0285","0.3687"
"WEP","09-Jul-2025","15","132.78","132.15","0.58","-2.820","0.00","2.10","0.3711","0.0285","0.3687"
"WEP","09-Jul-2025","16","129.19","127.27","0.56","-1.510","0.00","2.10","0.3711","0.0285","0.3687"
"WEP","09-Jul-2025","17","133.67","132.21","0.49","-1.900","0.00","2.10","0.3711","0.0285","0.3687"
"WEP","09-Jul-2025","18","134.20","132.52","0.64","-1.820","0.00","2.10","0.3711","0.0285","0.3687"
"WEP","09-Jul-2025","19","134.83","132.34","0.56","-0.940","0.00","2.10","0.3711","0.0285","0.3687"
"WEP","09-Jul-2025","20","134.26","132.34","0.53","-1.480","0.00","2.10","0.3711","0.0285","0.3687"
"WEP","09-Jul-2025","21","128.78","127.29","0.48","-1.860","0.00","2.10","0.3711","0.0285","0.3687"
"WEP","09-Jul-2025","22","128.27","126.26","0.46","-1.310","0.00","2.10","0.3711","0.0285","0.3687"
"WEP","09-Jul-2025","23","114.95","111.87","0.31","-0.100","0.00","2.10","0.3711","0.0285","0.3687"
"WEP","09-Jul-2025","24","93.84","90.71","0.12","0.140","0.00","2.10","0.3711","0.0285","0.3687"
"WEP","09-Jul-2025","25","82.06","79.64","0.15","-0.590","0.00","2.10","0.3711","0.0285","0.3687"
"WEP","09-Jul-2025","26","76.29","74.43","0.15","-1.160","0.00","2.10","0.3711","0.0285","0.3687"
"WEP","09-Jul-2025","27","75.46","73.71","0.14","-1.260","0.00","2.10","0.3711","0.0285","0.3687"
"WEP","09-Jul-2025","28","80.39","78.70","0.13","-1.310","0.00","2.10","0.3711","0.0285","0.3687"
"WEP","09-Jul-2025","29","79.22","77.81","0.12","-1.570","0.00","2.10","0.3711","0.0285","0.3687"
"WEP","09-Jul-2025","30","79.17","77.83","0.11","-1.640","0.00","2.10","0.3711","0.0285","0.3687"
"WEP","09-Jul-2025","31","83.22","81.98","0.12","-1.740","0.00","2.10","0.3711","0.0285","0.3687"
"WEP","09-Jul-2025","32","82.67","81.98","0.14","-2.310","0.00","2.10","0.3711","0.0285","0.3687"
"WEP","09-Jul-2025","33","91.52","90.72","0.14","-2.200","0.00","2.10","0.3711","0.0285","0.3687"
"WEP","09-Jul-2025","34","91.82","90.94","0.16","-2.150","0.00","2.10","0.3711","0.0285","0.3687"
"WEP","09-Jul-2025","35","92.31","91.83","0.27","-2.650","0.00","2.10","0.3711","0.0285","0.3687"
"WEP","09-Jul-2025","36","100.64","100.76","0.21","-3.200","0.00","2.10","0.3711","0.0285","0.3687"
"WEP","09-Jul-2025","37","111.72","110.98","0.31","-2.440","0.00","2.10","0.3711","0.0285","0.3687"
"WEP","09-Jul-2025","38","115.58","115.11","0.35","-2.750","0.00","2.10","0.3711","0.0285","0.3687"
"WEP","09-Jul-2025","39","124.95","124.79","0.37","-3.080","0.00","2.10","0.3711","0.0285","0.3687"
"WEP","09-Jul-2025","40","128.03","127.32","0.39","-2.550","0.00","2.10","0.3711","0.0285","0.3687"
"WEP","09-Jul-2025","41","128.25","127.34","0.32","-2.280","0.00","2.10","0.3711","0.0285","0.3687"
"WEP","09-Jul-2025","42","128.37","127.46","0.32","-2.280","0.00","2.10","0.3711","0.0285","0.3687"
"WEP","09-Jul-2025","43","128.43","127.40","0.31","-2.150","0.00","2.10","0.3711","0.0285","0.3687"
"WEP","09-Jul-2025","44","120.60","120.29","0.19","-2.750","0.00","2.10","0.3711","0.0285","0.3687"
"WEP","09-Jul-2025","45","117.19","116.08","0.19","-1.950","0.00","2.10","0.3711","0.0285","0.3687"
"WEP","09-Jul-2025","46","116.12","114.87","0.19","-1.810","0.00","2.10","0.3711","0.0285","0.3687"
"WEP","09-Jul-2025","47","110.95","109.99","0.20","-2.110","0.00","2.10","0.3711","0.0285","0.3687"
"WEP","09-Jul-2025","48","112.99","111.84","0.12","-1.840","0.00","2.10","0.3711","0.0285","0.3687"
"WEP","10-Jul-2025","1","114.67","114.36","0.12","-2.680","0.00","2.10","0.3711","0.0283","0.3659"
"WEP","10-Jul-2025","2","106.17","105.43","0.10","-2.220","0.00","2.10","0.3711","0.0283","0.3659"
"WEP","10-Jul-2025","3","98.31","97.61","0.08","-2.240","0.00","2.10","0.3711","0.0283","0.3659"
"WEP","10-Jul-2025","4","97.56","97.14","0.07","-2.510","0.00","2.10","0.3711","0.0283","0.3659"
"WEP","10-Jul-2025","5","91.01","90.67","0.08","-2.610","0.00","2.10","0.3711","0.0283","0.3659"
"WEP","10-Jul-2025","6","89.08","88.80","0.08","-2.660","0.00","2.10","0.3711","0.0283","0.3659"
"WEP","10-Jul-2025","7","84.85","84.43","0.07","-2.510","0.00","2.10","0.3711","0.0283","0.3659"
"WEP","10-Jul-2025","8","84.04","82.96","0.08","-1.870","0.00","2.10","0.3711","0.0283","0.3659"
"WEP","10-Jul-2025","9","83.86","82.94","0.08","-2.030","0.00","2.10","0.3711","0.0283","0.3659"
"WEP","10-Jul-2025","10","86.19","85.59","0.05","-2.310","0.00","2.10","0.3711","0.0283","0.3659"
"WEP","10-Jul-2025","11","91.69","90.57","0.08","-1.830","0.00","2.10","0.3711","0.0283","0.3659"
"WEP","10-Jul-2025","12","101.97","100.65","0.13","-1.680","0.00","2.10","0.3711","0.0283","0.3659"
"WEP","10-Jul-2025","13","102.48","101.26","0.33","-1.970","0.00","2.10","0.3711","0.0283","0.3659"
"WEP","10-Jul-2025","14","115.67","114.84","0.36","-2.400","0.00","2.10","0.3711","0.0283","0.3659"
"WEP","10-Jul-2025","15","125.79","125.21","0.40","-2.690","0.00","2.10","0.3711","0.0283","0.3659"
"WEP","10-Jul-2025","16","127.96","127.25","0.42","-2.580","0.00","2.10","0.3711","0.0283","0.3659"
"WEP","10-Jul-2025","17","127.05","126.05","0.35","-2.220","0.00","2.10","0.3711","0.0283","0.3659"
"WEP","10-Jul-2025","18","115.83","115.08","0.39","-2.510","0.00","2.10","0.3711","0.0283","0.3659"
"WEP","10-Jul-2025","19","115.70","115.09","0.36","-2.620","0.00","2.10","0.3711","0.0283","0.3659"
"WEP","10-Jul-2025","20","132.59","132.34","0.52","-3.130","0.00","2.10","0.3711","0.0283","0.3659"
"WEP","10-Jul-2025","21","124.69","124.31","0.31","-2.800","0.00","2.10","0.3711","0.0283","0.3659"
"WEP","10-Jul-2025","22","106.01","105.92","0.27","-3.050","0.00","2.10","0.3711","0.0283","0.3659"
"WEP","10-Jul-2025","23","100.78","100.69","0.18","-2.950","0.00","2.10","0.3711","0.0283","0.3659"
"WEP","10-Jul-2025","24","89.72","90.42","0.12","-3.690","0.00","2.10","0.3711","0.0283","0.3659"
"WEP","10-Jul-2025","25","88.53","89.48","0.13","-3.940","0.00","2.10","0.3711","0.0283","0.3659"
"WEP","10-Jul-2025","26","89.89","90.56","0.13","-3.670","0.00","2.10","0.3711","0.0283","0.3659"
"WEP","10-Jul-2025","27","88.50","89.90","0.13","-4.400","0.00","2.10","0.3711","0.0283","0.3659"
"WEP","10-Jul-2025","28","111.01","111.85","0.21","-3.920","0.00","2.10","0.3711","0.0283","0.3659"
"WEP","10-Jul-2025","29","95.23","96.24","0.12","-4.000","0.00","2.10","0.3711","0.0283","0.3659"
"WEP","10-Jul-2025","30","100.62","101.09","0.16","-3.500","0.00","2.10","0.3711","0.0283","0.3659"
"WEP","10-Jul-2025","31","100.51","100.74","0.12","-3.220","0.00","2.10","0.3711","0.0283","0.3659"
"WEP","10-Jul-2025","32","99.82","100.67","0.14","-3.860","0.00","2.10","0.3711","0.0283","0.3659"
"WEP","10-Jul-2025","33","92.50","93.69","0.12","-4.180","0.00","2.10","0.3711","0.0283","0.3659"
"WEP","10-Jul-2025","34","99.18","100.74","0.13","-4.550","0.00","2.10","0.3711","0.0283","0.3659"
"WEP","10-Jul-2025","35","97.75","100.72","0.36","-6.190","0.00","2.10","0.3711","0.0283","0.3659"
"WEP","10-Jul-2025","36","97.23","101.00","0.17","-6.810","0.00","2.10","0.3711","0.0283","0.3659"
"WEP","10-Jul-2025","37","108.02","111.96","0.27","-7.080","0.00","2.10","0.3711","0.0283","0.3659"
"WEP","10-Jul-2025","38","119.63","124.84","0.37","-8.450","0.00","2.10","0.3711","0.0283","0.3659"
"WEP","10-Jul-2025","39","122.39","127.47","0.37","-8.320","0.00","2.10","0.3711","0.0283","0.3659"
"WEP","10-Jul-2025","40","125.90","132.72","0.48","-10.170","0.00","2.10","0.3711","0.0283","0.3659"
"WEP","10-Jul-2025","41","139.53","146.00","0.29","-9.630","0.00","2.10","0.3711","0.0283","0.3659"
"WEP","10-Jul-2025","42","128.15","132.75","0.29","-7.760","0.00","2.10","0.3711","0.0283","0.3659"
"WEP","10-Jul-2025","43","128.81","132.76","0.29","-7.110","0.00","2.10","0.3711","0.0283","0.3659"
"WEP","10-Jul-2025","44","124.12","127.44","0.15","-6.340","0.00","2.10","0.3711","0.0283","0.3659"
"WEP","10-Jul-2025","45","123.48","126.29","0.17","-5.850","0.00","2.10","0.3711","0.0283","0.3659"
"WEP","10-Jul-2025","46","114.11","116.09","0.14","-4.980","0.00","2.10","0.3711","0.0283","0.3659"
"WEP","10-Jul-2025","47","106.94","109.09","0.14","-5.160","0.00","2.10","0.3711","0.0283","0.3659"
"WEP","10-Jul-2025","48","99.48","100.97","0.13","-4.490","0.00","2.10","0.3711","0.0283","0.3659"
"WEP","11-Jul-2025","1","116.45","114.80","0.11","-1.330","0.00","2.10","0.3711","0.0285","0.3683"
"WEP","11-Jul-2025","2","114.82","112.95","0.08","-1.070","0.00","2.10","0.3711","0.0285","0.3683"
"WEP","11-Jul-2025","3","113.91","111.69","0.05","-0.700","0.00","2.10","0.3711","0.0285","0.3683"
"WEP","11-Jul-2025","4","111.85","109.57","0.05","-0.640","0.00","2.10","0.3711","0.0285","0.3683"
"WEP","11-Jul-2025","5","102.65","100.84","0.05","-1.110","0.00","2.10","0.3711","0.0285","0.3683"
"WEP","11-Jul-2025","6","102.60","100.70","0.06","-1.020","0.00","2.10","0.3711","0.0285","0.3683"
"WEP","11-Jul-2025","7","102.55","100.70","0.05","-1.060","0.00","2.10","0.3711","0.0285","0.3683"
"WEP","11-Jul-2025","8","102.61","100.64","0.06","-0.960","0.00","2.10","0.3711","0.0285","0.3683"
"WEP","11-Jul-2025","9","102.98","100.58","0.05","-0.520","0.00","2.10","0.3711","0.0285","0.3683"
"WEP","11-Jul-2025","10","102.56","100.71","0.05","-1.070","0.00","2.10","0.3711","0.0285","0.3683"
"WEP","11-Jul-2025","11","107.58","106.13","0.06","-1.470","0.00","2.10","0.3711","0.0285","0.3683"
"WEP","11-Jul-2025","12","116.46","114.74","0.13","-1.280","0.00","2.10","0.3711","0.0285","0.3683"
"WEP","11-Jul-2025","13","116.95","115.75","0.15","-1.820","0.00","2.10","0.3711","0.0285","0.3683"
"WEP","11-Jul-2025","14","128.27","127.23","0.16","-1.990","0.00","2.10","0.3711","0.0285","0.3683"
"WEP","11-Jul-2025","15","132.75","131.78","0.39","-2.280","0.00","2.10","0.3711","0.0285","0.3683"
"WEP","11-Jul-2025","16","133.90","132.35","0.39","-1.710","0.00","2.10","0.3711","0.0285","0.3683"
"WEP","11-Jul-2025","17","128.97","127.41","0.36","-1.670","0.00","2.10","0.3711","0.0285","0.3683"
"WEP","11-Jul-2025","18","128.51","127.31","0.37","-2.040","0.00","2.10","0.3711","0.0285","0.3683"
"WEP","11-Jul-2025","19","128.91","127.42","0.31","-1.690","0.00","2.10","0.3711","0.0285","0.3683"
"WEP","11-Jul-2025","20","129.51","127.42","0.39","-1.170","0.00","2.10","0.3711","0.0285","0.3683"
"WEP","11-Jul-2025","21","130.02","127.23","0.28","-0.360","0.00","2.10","0.3711","0.0285","0.3683"
"WEP","11-Jul-2025","22","117.80","116.09","0.28","-1.440","0.00","2.10","0.3711","0.0285","0.3683"
"WEP","11-Jul-2025","23","91.55","90.95","0.12","-2.390","0.00","2.10","0.3711","0.0285","0.3683"
"WEP","11-Jul-2025","24","112.04","111.97","0.18","-2.980","0.00","2.10","0.3711","0.0285","0.3683"
"WEP","11-Jul-2025","25","117.28","116.11","0.35","-2.050","0.00","2.10","0.3711","0.0285","0.3683"
"WEP","11-Jul-2025","26","129.67","125.51","0.37","0.920","0.00","2.10","0.3711","0.0285","0.3683"
"WEP","11-Jul-2025","27","112.62","109.96","0.32","-0.530","0.00","2.10","0.3711","0.0285","0.3683"
"WEP","11-Jul-2025","28","92.35","90.74","0.14","-1.400","0.00","2.10","0.3711","0.0285","0.3683"
"WEP","11-Jul-2025","29","101.27","99.93","0.15","-1.680","0.00","2.10","0.3711","0.0285","0.3683"
"WEP","11-Jul-2025","30","100.98","100.50","0.14","-2.530","0.00","2.10","0.3711","0.0285","0.3683"
"WEP","11-Jul-2025","31","100.80","100.78","0.16","-3.010","0.00","2.10","0.3711","0.0285","0.3683"
"WEP","11-Jul-2025","32","115.31","115.10","0.34","-3.000","0.00","2.10","0.3711","0.0285","0.3683"
"WEP","11-Jul-2025","33","127.99","127.29","0.42","-2.590","0.00","2.10","0.3711","0.0285","0.3683"
"WEP","11-Jul-2025","34","130.34","129.46","0.49","-2.470","0.00","2.10","0.3711","0.0285","0.3683"
"WEP","11-Jul-2025","35","133.78","132.34","0.76","-2.190","0.00","2.10","0.3711","0.0285","0.3683"
"WEP","11-Jul-2025","36","128.51","127.40","0.49","-2.250","0.00","2.10","0.3711","0.0285","0.3683"
"WEP","11-Jul-2025","37","134.30","132.65","0.58","-1.800","0.00","2.10","0.3711","0.0285","0.3683"
"WEP","11-Jul-2025","38","142.79","141.62","0.76","-2.460","0.00","2.10","0.3711","0.0285","0.3683"
"WEP","11-Jul-2025","39","133.94","132.63","0.68","-2.240","0.00","2.10","0.3711","0.0285","0.3683"
"WEP","11-Jul-2025","40","133.94","132.63","0.62","-2.180","0.00","2.10","0.3711","0.0285","0.3683"
"WEP","11-Jul-2025","41","133.67","132.65","0.47","-2.310","0.00","2.10","0.3711","0.0285","0.3683"
"WEP","11-Jul-2025","42","133.83","132.67","0.48","-2.180","0.00","2.10","0.3711","0.0285","0.3683"
"WEP","11-Jul-2025","43","143.00","141.63","0.61","-2.100","0.00","2.10","0.3711","0.0285","0.3683"
"WEP","11-Jul-2025","44","133.80","132.36","0.41","-1.840","0.00","2.10","0.3711","0.0285","0.3683"
"WEP","11-Jul-2025","45","128.67","127.33","0.38","-1.910","0.00","2.10","0.3711","0.0285","0.3683"
"WEP","11-Jul-2025","46","124.72","123.02","0.31","-1.480","0.00","2.10","0.3711","0.0285","0.3683"
"WEP","11-Jul-2025","47","116.50","114.91","0.29","-1.560","0.00","2.10","0.3711","0.0285","0.3683"
"WEP","11-Jul-2025","48","113.36","111.95","0.15","-1.610","0.00","2.10","0.3711","0.0285","0.3683"
"WEP","12-Jul-2025","1","113.89","111.72","0.10","-0.820","0.00","2.10","0.3711","0.0304","0.3932"
"WEP","12-Jul-2025","2","114.06","111.70","0.06","-0.600","0.00","2.10","0.3711","0.0304","0.3932"
"WEP","12-Jul-2025","3","109.16","106.51","0.05","-0.300","0.00","2.10","0.3711","0.0304","0.3932"
"WEP","12-Jul-2025","4","108.44","105.97","0.05","-0.470","0.00","2.10","0.3711","0.0304","0.3932"
"WEP","12-Jul-2025","5","103.08","100.79","0.05","-0.650","0.00","2.10","0.3711","0.0304","0.3932"
"WEP","12-Jul-2025","6","103.14","100.74","0.05","-0.540","0.00","2.10","0.3711","0.0304","0.3932"
"WEP","12-Jul-2025","7","103.20","100.69","0.05","-0.440","0.00","2.10","0.3711","0.0304","0.3932"
"WEP","12-Jul-2025","8","103.09","100.69","0.05","-0.540","0.00","2.10","0.3711","0.0304","0.3932"
"WEP","12-Jul-2025","9","102.81","100.63","0.05","-0.770","0.00","2.10","0.3711","0.0304","0.3932"
"WEP","12-Jul-2025","10","103.24","100.63","0.05","-0.340","0.00","2.10","0.3711","0.0304","0.3932"
"WEP","12-Jul-2025","11","104.33","100.73","0.06","0.650","0.00","2.10","0.3711","0.0304","0.3932"
"WEP","12-Jul-2025","12","105.01","100.78","0.10","1.240","0.00","2.10","0.3711","0.0304","0.3932"
"WEP","12-Jul-2025","13","94.95","90.71","0.16","1.180","0.00","2.10","0.3711","0.0304","0.3932"
"WEP","12-Jul-2025","14","92.54","88.94","0.18","0.520","0.00","2.10","0.3711","0.0304","0.3932"
"WEP","12-Jul-2025","15","86.28","83.42","0.20","-0.240","0.00","2.10","0.3711","0.0304","0.3932"
"WEP","12-Jul-2025","16","92.11","89.44","0.19","-0.420","0.00","2.10","0.3711","0.0304","0.3932"
"WEP","12-Jul-2025","17","93.33","90.95","0.18","-0.700","0.00","2.10","0.3711","0.0304","0.3932"
"WEP","12-Jul-2025","18","103.53","100.87","0.18","-0.410","0.00","2.10","0.3711","0.0304","0.3932"
"WEP","12-Jul-2025","19","103.76","100.91","0.16","-0.210","0.00","2.10","0.3711","0.0304","0.3932"
"WEP","12-Jul-2025","20","103.22","100.83","0.16","-0.670","0.00","2.10","0.3711","0.0304","0.3932"
"WEP","12-Jul-2025","21","98.56","96.62","0.14","-1.100","0.00","2.10","0.3711","0.0304","0.3932"
"WEP","12-Jul-2025","22","93.03","90.95","0.14","-0.950","0.00","2.10","0.3711","0.0304","0.3932"
"WEP","12-Jul-2025","23","92.70","90.71","0.14","-1.040","0.00","2.10","0.3711","0.0304","0.3932"
"WEP","12-Jul-2025","24","92.88","90.65","0.13","-0.790","0.00","2.10","0.3711","0.0304","0.3932"
"WEP","12-Jul-2025","25","88.82","86.80","0.15","-1.030","0.00","2.10","0.3711","0.0304","0.3932"
"WEP","12-Jul-2025","26","90.29","88.83","0.15","-1.580","0.00","2.10","0.3711","0.0304","0.3932"
"WEP","12-Jul-2025","27","90.65","89.32","0.14","-1.700","0.00","2.10","0.3711","0.0304","0.3932"
"WEP","12-Jul-2025","28","92.27","90.63","0.14","-1.390","0.00","2.10","0.3711","0.0304","0.3932"
"WEP","12-Jul-2025","29","85.54","83.44","0.13","-0.920","0.00","2.10","0.3711","0.0304","0.3932"
"WEP","12-Jul-2025","30","88.85","86.79","0.12","-0.960","0.00","2.10","0.3711","0.0304","0.3932"
"WEP","12-Jul-2025","31","81.00","78.93","0.13","-0.950","0.00","2.10","0.3711","0.0304","0.3932"
"WEP","12-Jul-2025","32","83.94","82.37","0.15","-1.480","0.00","2.10","0.3711","0.0304","0.3932"
"WEP","12-Jul-2025","33","90.93","89.45","0.13","-1.550","0.00","2.10","0.3711","0.0304","0.3932"
"WEP","12-Jul-2025","34","92.11","90.35","0.15","-1.290","0.00","2.10","0.3711","0.0304","0.3932"
"WEP","12-Jul-2025","35","92.62","90.77","0.21","-1.260","0.00","2.10","0.3711","0.0304","0.3932"
"WEP","12-Jul-2025","36","93.08","90.93","0.14","-0.890","0.00","2.10","0.3711","0.0304","0.3932"
"WEP","12-Jul-2025","37","111.30","109.19","0.24","-1.030","0.00","2.10","0.3711","0.0304","0.3932"
"WEP","12-Jul-2025","38","114.02","111.96","0.37","-1.200","0.00","2.10","0.3711","0.0304","0.3932"
"WEP","12-Jul-2025","39","117.53","115.04","0.36","-0.770","0.00","2.10","0.3711","0.0304","0.3932"
"WEP","12-Jul-2025","40","114.43","111.89","0.27","-0.630","0.00","2.10","0.3711","0.0304","0.3932"
"WEP","12-Jul-2025","41","114.20","111.81","0.21","-0.710","0.00","2.10","0.3711","0.0304","0.3932"
"WEP","12-Jul-2025","42","114.50","111.89","0.21","-0.490","0.00","2.10","0.3711","0.0304","0.3932"
"WEP","12-Jul-2025","43","117.37","115.10","0.23","-0.850","0.00","2.10","0.3711","0.0304","0.3932"
"WEP","12-Jul-2025","44","117.39","115.00","0.20","-0.700","0.00","2.10","0.3711","0.0304","0.3932"
"WEP","12-Jul-2025","45","114.35","111.86","0.16","-0.560","0.00","2.10","0.3711","0.0304","0.3932"
"WEP","12-Jul-2025","46","114.27","111.73","0.16","-0.510","0.00","2.10","0.3711","0.0304","0.3932"
"WEP","12-Jul-2025","47","108.91","106.24","0.14","-0.360","0.00","2.10","0.3711","0.0304","0.3932"
"WEP","12-Jul-2025","48","103.73","100.68","0.10","0.060","0.00","2.10","0.3711","0.0304","0.3932"
"WEP","13-Jul-2025","1","103.75","100.68","0.12","0.040","0.00","2.10","0.3711","0.0310","0.4010"
"WEP","13-Jul-2025","2","93.72","90.88","0.07","-0.140","0.00","2.10","0.3711","0.0310","0.4010"
"WEP","13-Jul-2025","3","93.47","90.91","0.05","-0.390","0.00","2.10","0.3711","0.0310","0.4010"
"WEP","13-Jul-2025","4","91.94","89.09","0.05","-0.110","0.00","2.10","0.3711","0.0310","0.4010"
"WEP","13-Jul-2025","5","93.64","91.01","0.06","-0.330","0.00","2.10","0.3711","0.0310","0.4010"
"WEP","13-Jul-2025","6","93.40","90.67","0.06","-0.240","0.00","2.10","0.3711","0.0310","0.4010"
"WEP","13-Jul-2025","7","85.67","83.21","0.06","-0.510","0.00","2.10","0.3711","0.0310","0.4010"
"WEP","13-Jul-2025","8","83.90","81.38","0.06","-0.450","0.00","2.10","0.3711","0.0310","0.4010"
"WEP","13-Jul-2025","9","92.33","90.58","0.06","-1.220","0.00","2.10","0.3711","0.0310","0.4010"
"WEP","13-Jul-2025","10","84.21","81.38","0.05","-0.120","0.00","2.10","0.3711","0.0310","0.4010"
"WEP","13-Jul-2025","11","85.57","82.68","0.07","-0.080","0.00","2.10","0.3711","0.0310","0.4010"
"WEP","13-Jul-2025","12","86.19","83.19","0.14","-0.050","0.00","2.10","0.3711","0.0310","0.4010"
"WEP","13-Jul-2025","13","89.33","86.48","0.18","-0.230","0.00","2.10","0.3711","0.0310","0.4010"
"WEP","13-Jul-2025","14","91.99","89.12","0.35","-0.390","0.00","2.10","0.3711","0.0310","0.4010"
"WEP","13-Jul-2025","15","90.32","88.04","0.36","-0.980","0.00","2.10","0.3711","0.0310","0.4010"
"WEP","13-Jul-2025","16","93.37","90.70","0.41","-0.640","0.00","2.10","0.3711","0.0310","0.4010"
"WEP","13-Jul-2025","17","93.51","90.70","0.33","-0.420","0.00","2.10","0.3711","0.0310","0.4010"
"WEP","13-Jul-2025","18","90.65","88.04","0.42","-0.720","0.00","2.10","0.3711","0.0310","0.4010"
"WEP","13-Jul-2025","19","90.23","88.05","0.20","-0.930","0.00","2.10","0.3711","0.0310","0.4010"
"WEP","13-Jul-2025","20","90.66","88.04","0.20","-0.480","0.00","2.10","0.3711","0.0310","0.4010"
"WEP","13-Jul-2025","21","84.93","81.93","0.15","-0.060","0.00","2.10","0.3711","0.0310","0.4010"
"WEP","13-Jul-2025","22","81.70","79.24","0.15","-0.590","0.00","2.10","0.3711","0.0310","0.4010"
"WEP","13-Jul-2025","23","80.61","78.43","0.15","-0.870","0.00","2.10","0.3711","0.0310","0.4010"
"WEP","13-Jul-2025","24","79.42","77.65","0.14","-1.270","0.00","2.10","0.3711","0.0310","0.4010"
"WEP","13-Jul-2025","25","78.67","76.87","0.16","-1.260","0.00","2.10","0.3711","0.0310","0.4010"
"WEP","13-Jul-2025","26","78.41","76.87","0.18","-1.540","0.00","2.10","0.3711","0.0310","0.4010"
"WEP","13-Jul-2025","27","77.23","76.05","0.16","-1.890","0.00","2.10","0.3711","0.0310","0.4010"
"WEP","13-Jul-2025","28","79.93","78.44","0.15","-1.570","0.00","2.10","0.3711","0.0310","0.4010"
"WEP","13-Jul-2025","29","81.57","79.24","0.14","-0.720","0.00","2.10","0.3711","0.0310","0.4010"
"WEP","13-Jul-2025","30","80.26","78.42","0.12","-1.180","0.00","2.10","0.3711","0.0310","0.4010"
"WEP","13-Jul-2025","31","78.59","78.45","0.14","-2.900","0.00","2.10","0.3711","0.0310","0.4010"
"WEP","13-Jul-2025","32","87.52","86.43","0.16","-1.980","0.00","2.10","0.3711","0.0310","0.4010"
"WEP","13-Jul-2025","33","119.28","117.67","0.28","-1.570","0.00","2.10","0.3711","0.0310","0.4010"
"WEP","13-Jul-2025","34","127.86","125.29","0.35","-0.680","0.00","2.10","0.3711","0.0310","0.4010"
"WEP","13-Jul-2025","35","130.36","126.28","0.70","0.480","0.00","2.10","0.3711","0.0310","0.4010"
"WEP","13-Jul-2025","36","93.20","90.81","0.15","-0.660","0.00","2.10","0.3711","0.0310","0.4010"
"WEP","13-Jul-2025","37","104.72","102.64","0.20","-1.030","0.00","2.10","0.3711","0.0310","0.4010"
"WEP","13-Jul-2025","38","113.06","110.86","0.36","-1.070","0.00","2.10","0.3711","0.0310","0.4010"
"WEP","13-Jul-2025","39","118.64","115.90","0.37","-0.530","0.00","2.10","0.3711","0.0310","0.4010"
"WEP","13-Jul-2025","40","118.90","116.18","0.41","-0.590","0.00","2.10","0.3711","0.0310","0.4010"
"WEP","13-Jul-2025","41","122.49","120.04","0.31","-0.760","0.00","2.10","0.3711","0.0310","0.4010"
"WEP","13-Jul-2025","42","123.61","121.11","0.32","-0.730","0.00","2.10","0.3711","0.0310","0.4010"
"WEP","13-Jul-2025","43","123.61","121.09","0.31","-0.700","0.00","2.10","0.3711","0.0310","0.4010"
"WEP","13-Jul-2025","44","118.62","116.19","0.16","-0.630","0.00","2.10","0.3711","0.0310","0.4010"
"WEP","13-Jul-2025","45","118.26","115.76","0.22","-0.630","0.00","2.10","0.3711","0.0310","0.4010"
"WEP","13-Jul-2025","46","112.93","109.85","0.13","0.050","0.00","2.10","0.3711","0.0310","0.4010"
"WEP","13-Jul-2025","47","103.73","100.93","0.14","-0.240","0.00","2.10","0.3711","0.0310","0.4010"
"WEP","13-Jul-2025","48","94.81","91.49","0.13","0.290","0.00","2.10","0.3711","0.0310","0.4010"
"WEP","14-Jul-2025","1","103.63","101.00","0.12","-0.360","0.00","2.10","0.3711","0.0285","0.3680"
"WEP","14-Jul-2025","2","103.61","100.73","0.07","-0.050","0.00","2.10","0.3711","0.0285","0.3680"
"WEP","14-Jul-2025","3","93.38","90.94","0.05","-0.480","0.00","2.10","0.3711","0.0285","0.3680"
"WEP","14-Jul-2025","4","93.01","90.70","0.05","-0.610","0.00","2.10","0.3711","0.0285","0.3680"
"WEP","14-Jul-2025","5","91.47","89.52","0.05","-0.970","0.00","2.10","0.3711","0.0285","0.3680"
"WEP","14-Jul-2025","6","89.80","88.00","0.05","-1.110","0.00","2.10","0.3711","0.0285","0.3680"
"WEP","14-Jul-2025","7","88.49","86.41","0.05","-0.830","0.00","2.10","0.3711","0.0285","0.3680"
"WEP","14-Jul-2025","8","88.73","86.41","0.06","-0.610","0.00","2.10","0.3711","0.0285","0.3680"
"WEP","14-Jul-2025","9","89.18","87.18","0.05","-0.920","0.00","2.10","0.3711","0.0285","0.3680"
"WEP","14-Jul-2025","10","91.06","89.07","0.05","-0.920","0.00","2.10","0.3711","0.0285","0.3680"
"WEP","14-Jul-2025","11","102.70","100.64","0.06","-0.860","0.00","2.10","0.3711","0.0285","0.3680"
"WEP","14-Jul-2025","12","103.51","101.04","0.13","-0.530","0.00","2.10","0.3711","0.0285","0.3680"
"WEP","14-Jul-2025","13","107.13","105.02","0.19","-0.950","0.00","2.10","0.3711","0.0285","0.3680"
"WEP","14-Jul-2025","14","112.86","110.91","0.41","-1.320","0.00","2.10","0.3711","0.0285","0.3680"
"WEP","14-Jul-2025","15","114.39","112.95","0.44","-1.870","0.00","2.10","0.3711","0.0285","0.3680"
"WEP","14-Jul-2025","16","121.11","119.59","0.55","-1.900","0.00","2.10","0.3711","0.0285","0.3680"
"WEP","14-Jul-2025","17","133.71","132.32","0.56","-2.040","0.00","2.10","0.3711","0.0285","0.3680"
"WEP","14-Jul-2025","18","134.67","132.66","0.74","-1.600","0.00","2.10","0.3711","0.0285","0.3680"
"WEP","14-Jul-2025","19","133.61","132.37","0.52","-2.140","0.00","2.10","0.3711","0.0285","0.3680"
"WEP","14-Jul-2025","20","133.34","132.63","0.64","-2.800","0.00","2.10","0.3711","0.0285","0.3680"
"WEP","14-Jul-2025","21","132.91","132.34","0.33","-2.630","0.00","2.10","0.3711","0.0285","0.3680"
"WEP","14-Jul-2025","22","115.91","116.15","0.21","-3.320","0.00","2.10","0.3711","0.0285","0.3680"
"WEP","14-Jul-2025","23","131.46","131.88","0.34","-3.630","0.00","2.10","0.3711","0.0285","0.3680"
"WEP","14-Jul-2025","24","133.33","132.70","0.33","-2.570","0.00","2.10","0.3711","0.0285","0.3680"
"WEP","14-Jul-2025","25","134.52","132.41","0.31","-1.070","0.00","2.10","0.3711","0.0285","0.3680"
"WEP","14-Jul-2025","26","115.78","115.09","0.22","-2.400","0.00","2.10","0.3711","0.0285","0.3680"
"WEP","14-Jul-2025","27","119.25","118.84","0.26","-2.720","0.00","2.10","0.3711","0.0285","0.3680"
"WEP","14-Jul-2025","28","140.62","139.40","0.34","-1.990","0.00","2.10","0.3711","0.0285","0.3680"
"WEP","14-Jul-2025","29","133.42","132.41","0.30","-2.150","0.00","2.10","0.3711","0.0285","0.3680"
"WEP","14-Jul-2025","30","132.78","132.40","0.25","-2.740","0.00","2.10","0.3711","0.0285","0.3680"
"WEP","14-Jul-2025","31","133.56","133.12","0.27","-2.700","0.00","2.10","0.3711","0.0285","0.3680"
"WEP","14-Jul-2025","32","142.08","141.55","0.36","-2.700","0.00","2.10","0.3711","0.0285","0.3680"
"WEP","14-Jul-2025","33","132.93","132.45","0.33","-2.720","0.00","2.10","0.3711","0.0285","0.3680"
"WEP","14-Jul-2025","34","129.07","129.17","0.32","-3.280","0.00","2.10","0.3711","0.0285","0.3680"
"WEP","14-Jul-2025","35","133.40","133.34","0.59","-3.390","0.00","2.10","0.3711","0.0285","0.3680"
"WEP","14-Jul-2025","36","137.35","137.18","0.42","-3.120","0.00","2.10","0.3711","0.0285","0.3680"
"WEP","14-Jul-2025","37","201.16","199.70","1.06","-2.470","0.00","2.10","0.3711","0.0285","0.3680"
"WEP","14-Jul-2025","38","164.03","163.24","0.71","-2.790","0.00","2.10","0.3711","0.0285","0.3680"
"WEP","14-Jul-2025","39","183.82","183.50","0.84","-3.390","0.00","2.10","0.3711","0.0285","0.3680"
"WEP","14-Jul-2025","40","141.19","140.13","0.46","-2.270","0.00","2.10","0.3711","0.0285","0.3680"
"WEP","14-Jul-2025","41","140.61","139.76","0.39","-2.410","0.00","2.10","0.3711","0.0285","0.3680"
"WEP","14-Jul-2025","42","136.73","135.60","0.37","-2.110","0.00","2.10","0.3711","0.0285","0.3680"
"WEP","14-Jul-2025","43","154.31","153.63","0.44","-2.630","0.00","2.10","0.3711","0.0285","0.3680"
"WEP","14-Jul-2025","44","133.98","132.75","0.34","-1.970","0.00","2.10","0.3711","0.0285","0.3680"
"WEP","14-Jul-2025","45","127.87","125.93","0.29","-1.220","0.00","2.10","0.3711","0.0285","0.3680"
"WEP","14-Jul-2025","46","121.56","119.66","0.27","-1.240","0.00","2.10","0.3711","0.0285","0.3680"
"WEP","14-Jul-2025","47","115.98","114.02","0.24","-1.150","0.00","2.10","0.3711","0.0285","0.3680"
"WEP","14-Jul-2025","48","109.13","106.48","0.13","-0.340","0.00","2.10","0.3711","0.0285","0.3680"
"WEP","15-Jul-2025","1","93.01","90.69","0.12","-0.670","0.00","2.10","0.3711","0.0285","0.3688"
"WEP","15-Jul-2025","2","92.22","90.61","0.11","-1.370","0.00","2.10","0.3711","0.0285","0.3688"
"WEP","15-Jul-2025","3","92.56","90.96","0.05","-1.320","0.00","2.10","0.3711","0.0285","0.3688"
"WEP","15-Jul-2025","4","92.56","90.72","0.05","-1.080","0.00","2.10","0.3711","0.0285","0.3688"
"WEP","15-Jul-2025","5","92.07","90.72","0.05","-1.570","0.00","2.10","0.3711","0.0285","0.3688"
"WEP","15-Jul-2025","6","92.37","90.71","0.05","-1.260","0.00","2.10","0.3711","0.0285","0.3688"
"WEP","15-Jul-2025","7","92.47","90.62","0.05","-1.070","0.00","2.10","0.3711","0.0285","0.3688"
"WEP","15-Jul-2025","8","92.35","90.62","0.05","-1.190","0.00","2.10","0.3711","0.0285","0.3688"
"WEP","15-Jul-2025","9","92.33","90.62","0.05","-1.210","0.00","2.10","0.3711","0.0285","0.3688"
"WEP","15-Jul-2025","10","92.33","90.71","0.05","-1.300","0.00","2.10","0.3711","0.0285","0.3688"
"WEP","15-Jul-2025","11","102.20","100.65","0.07","-1.390","0.00","2.10","0.3711","0.0285","0.3688"
"WEP","15-Jul-2025","12","102.90","101.03","0.13","-1.130","0.00","2.10","0.3711","0.0285","0.3688"
"WEP","15-Jul-2025","13","112.18","110.64","0.19","-1.520","0.00","2.10","0.3711","0.0285","0.3688"
"WEP","15-Jul-2025","14","114.24","112.64","0.38","-1.650","0.00","2.10","0.3711","0.0285","0.3688"
"WEP","15-Jul-2025","15","115.48","113.90","0.49","-1.780","0.00","2.10","0.3711","0.0285","0.3688"
"WEP","15-Jul-2025","16","122.49","121.10","0.57","-2.040","0.00","2.10","0.3711","0.0285","0.3688"
"WEP","15-Jul-2025","17","133.62","132.24","0.56","-2.050","0.00","2.10","0.3711","0.0285","0.3688"
"WEP","15-Jul-2025","18","158.88","156.61","1.09","-1.680","0.00","2.10","0.3711","0.0285","0.3688"
"WEP","15-Jul-2025","19","154.26","151.70","0.80","-1.110","0.00","2.10","0.3711","0.0285","0.3688"
"WEP","15-Jul-2025","20","144.32","141.70","0.80","-1.050","0.00","2.10","0.3711","0.0285","0.3688"
"WEP","15-Jul-2025","21","134.83","132.67","0.48","-1.190","0.00","2.10","0.3711","0.0285","0.3688"
"WEP","15-Jul-2025","22","134.50","132.66","0.48","-1.510","0.00","2.10","0.3711","0.0285","0.3688"
"WEP","15-Jul-2025","23","122.78","121.34","0.33","-1.750","0.00","2.10","0.3711","0.0285","0.3688"
"WEP","15-Jul-2025","24","110.59","109.89","0.15","-2.310","0.00","2.10","0.3711","0.0285","0.3688"
"WEP","15-Jul-2025","25","112.50","111.49","0.30","-2.160","0.00","2.10","0.3711","0.0285","0.3688"
"WEP","15-Jul-2025","26","113.43","112.03","0.31","-1.780","0.00","2.10","0.3711","0.0285","0.3688"
"WEP","15-Jul-2025","27","115.27","114.07","0.30","-1.970","0.00","2.10","0.3711","0.0285","0.3688"
"WEP","15-Jul-2025","28","111.77","110.97","0.19","-2.260","0.00","2.10","0.3711","0.0285","0.3688"
"WEP","15-Jul-2025","29","114.71","114.07","0.18","-2.410","0.00","2.10","0.3711","0.0285","0.3688"
"WEP","15-Jul-2025","30","114.64","113.03","0.15","-1.400","0.00","2.10","0.3711","0.0285","0.3688"
"WEP","15-Jul-2025","31","105.76","105.20","0.12","-2.430","0.00","2.10","0.3711","0.0285","0.3688"
"WEP","15-Jul-2025","32","105.51","105.84","0.21","-3.410","0.00","2.10","0.3711","0.0285","0.3688"
"WEP","15-Jul-2025","33","111.76","112.03","0.26","-3.400","0.00","2.10","0.3711","0.0285","0.3688"
"WEP","15-Jul-2025","34","121.94","121.21","0.36","-2.500","0.00","2.10","0.3711","0.0285","0.3688"
"WEP","15-Jul-2025","35","115.14","114.15","0.58","-2.450","0.00","2.10","0.3711","0.0285","0.3688"
"WEP","15-Jul-2025","36","121.64","120.78","0.36","-2.370","0.00","2.10","0.3711","0.0285","0.3688"
"WEP","15-Jul-2025","37","116.81","115.43","0.39","-1.870","0.00","2.10","0.3711","0.0285","0.3688"
"WEP","15-Jul-2025","38","123.59","122.05","0.53","-1.860","0.00","2.10","0.3711","0.0285","0.3688"
"WEP","15-Jul-2025","39","133.90","132.35","0.67","-1.990","0.00","2.10","0.3711","0.0285","0.3688"
"WEP","15-Jul-2025","40","134.16","132.74","0.54","-1.980","0.00","2.10","0.3711","0.0285","0.3688"
"WEP","15-Jul-2025","41","133.95","132.78","0.49","-2.190","0.00","2.10","0.3711","0.0285","0.3688"
"WEP","15-Jul-2025","42","134.01","132.79","0.50","-2.150","0.00","2.10","0.3711","0.0285","0.3688"
"WEP","15-Jul-2025","43","134.07","132.85","0.45","-2.100","0.00","2.10","0.3711","0.0285","0.3688"
"WEP","15-Jul-2025","44","126.62","125.11","0.30","-1.660","0.00","2.10","0.3711","0.0285","0.3688"
"WEP","15-Jul-2025","45","133.91","132.30","0.36","-1.620","0.00","2.10","0.3711","0.0285","0.3688"
"WEP","15-Jul-2025","46","122.84","120.80","0.28","-1.110","0.00","2.10","0.3711","0.0285","0.3688"
"WEP","15-Jul-2025","47","114.87","113.00","0.29","-1.280","0.00","2.10","0.3711","0.0285","0.3688"
"WEP","15-Jul-2025","48","97.17","94.76","0.13","-0.590","0.00","2.10","0.3711","0.0285","0.3688"
"WEP","16-Jul-2025","1","91.00","90.39","0.12","-2.380","0.00","2.10","0.3711","0.0281","0.3636"
"WEP","16-Jul-2025","2","88.14","88.04","0.06","-2.830","0.00","2.10","0.3711","0.0281","0.3636"
"WEP","16-Jul-2025","3","95.31","94.97","0.05","-2.570","0.00","2.10","0.3711","0.0281","0.3636"
"WEP","16-Jul-2025","4","95.07","94.41","0.05","-2.260","0.00","2.10","0.3711","0.0281","0.3636"
"WEP","16-Jul-2025","5","91.20","90.71","0.05","-2.420","0.00","2.10","0.3711","0.0281","0.3636"
"WEP","16-Jul-2025","6","91.27","90.70","0.05","-2.340","0.00","2.10","0.3711","0.0281","0.3636"
"WEP","16-Jul-2025","7","91.53","90.70","0.05","-2.080","0.00","2.10","0.3711","0.0281","0.3636"
"WEP","16-Jul-2025","8","91.70","90.70","0.05","-1.920","0.00","2.10","0.3711","0.0281","0.3636"
"WEP","16-Jul-2025","9","95.10","94.39","0.05","-2.210","0.00","2.10","0.3711","0.0281","0.3636"
"WEP","16-Jul-2025","10","101.64","100.73","0.05","-2.000","0.00","2.10","0.3711","0.0281","0.3636"
"WEP","16-Jul-2025","11","102.78","101.51","0.06","-1.650","0.00","2.10","0.3711","0.0281","0.3636"
"WEP","16-Jul-2025","12","112.87","111.58","0.13","-1.710","0.00","2.10","0.3711","0.0281","0.3636"
"WEP","16-Jul-2025","13","112.68","111.68","0.27","-2.140","0.00","2.10","0.3711","0.0281","0.3636"
"WEP","16-Jul-2025","14","113.78","112.92","0.37","-2.370","0.00","2.10","0.3711","0.0281","0.3636"
"WEP","16-Jul-2025","15","114.92","114.01","0.44","-2.390","0.00","2.10","0.3711","0.0281","0.3636"
"WEP","16-Jul-2025","16","115.41","114.05","0.42","-1.920","0.00","2.10","0.3711","0.0281","0.3636"
"WEP","16-Jul-2025","17","118.16","117.56","0.41","-2.670","0.00","2.10","0.3711","0.0281","0.3636"
"WEP","16-Jul-2025","18","121.37","120.14","0.44","-2.070","0.00","2.10","0.3711","0.0281","0.3636"
"WEP","16-Jul-2025","19","133.39","132.38","0.38","-2.230","0.00","2.10","0.3711","0.0281","0.3636"
"WEP","16-Jul-2025","20","146.99","144.55","0.67","-1.090","0.00","2.10","0.3711","0.0281","0.3636"
"WEP","16-Jul-2025","21","132.58","131.27","0.34","-1.890","0.00","2.10","0.3711","0.0281","0.3636"
"WEP","16-Jul-2025","22","117.71","116.46","0.25","-1.860","0.00","2.10","0.3711","0.0281","0.3636"
"WEP","16-Jul-2025","23","115.29","114.08","0.27","-1.920","0.00","2.10","0.3711","0.0281","0.3636"
"WEP","16-Jul-2025","24","110.83","109.88","0.16","-2.080","0.00","2.10","0.3711","0.0281","0.3636"
"WEP","16-Jul-2025","25","104.85","103.96","0.18","-2.150","0.00","2.10","0.3711","0.0281","0.3636"
"WEP","16-Jul-2025","26","98.50","97.62","0.15","-2.130","0.00","2.10","0.3711","0.0281","0.3636"
"WEP","16-Jul-2025","27","110.20","108.91","0.21","-1.790","0.00","2.10","0.3711","0.0281","0.3636"
"WEP","16-Jul-2025","28","93.92","92.62","0.12","-1.690","0.00","2.10","0.3711","0.0281","0.3636"
"WEP","16-Jul-2025","29","91.38","91.00","0.12","-2.600","0.00","2.10","0.3711","0.0281","0.3636"
"WEP","16-Jul-2025","30","93.69","93.27","0.10","-2.540","0.00","2.10","0.3711","0.0281","0.3636"
"WEP","16-Jul-2025","31","111.33","110.98","0.17","-2.680","0.00","2.10","0.3711","0.0281","0.3636"
"WEP","16-Jul-2025","32","110.41","109.90","0.27","-2.620","0.00","2.10","0.3711","0.0281","0.3636"
"WEP","16-Jul-2025","33","111.87","112.05","0.20","-3.250","0.00","2.10","0.3711","0.0281","0.3636"
"WEP","16-Jul-2025","34","113.46","114.17","0.31","-3.890","0.00","2.10","0.3711","0.0281","0.3636"
"WEP","16-Jul-2025","35","126.14","126.68","0.63","-4.030","0.00","2.10","0.3711","0.0281","0.3636"
"WEP","16-Jul-2025","36","131.73","132.29","0.41","-3.830","0.00","2.10","0.3711","0.0281","0.3636"
"WEP","16-Jul-2025","37","132.98","132.67","0.63","-3.190","0.00","2.10","0.3711","0.0281","0.3636"
"WEP","16-Jul-2025","38","132.08","132.41","0.56","-3.760","0.00","2.10","0.3711","0.0281","0.3636"
"WEP","16-Jul-2025","39","144.27","144.56","0.65","-3.810","0.00","2.10","0.3711","0.0281","0.3636"
"WEP","16-Jul-2025","40","165.76","165.55","0.78","-3.430","0.00","2.10","0.3711","0.0281","0.3636"
"WEP","16-Jul-2025","41","159.64","159.97","0.48","-3.670","0.00","2.10","0.3711","0.0281","0.3636"
"WEP","16-Jul-2025","42","151.08","151.27","0.48","-3.530","0.00","2.10","0.3711","0.0281","0.3636"
"WEP","16-Jul-2025","43","143.80","144.62","0.42","-4.100","0.00","2.10","0.3711","0.0281","0.3636"
"WEP","16-Jul-2025","44","131.76","132.40","0.26","-3.760","0.00","2.10","0.3711","0.0281","0.3636"
"WEP","16-Jul-2025","45","131.97","132.74","0.27","-3.900","0.00","2.10","0.3711","0.0281","0.3636"
"WEP","16-Jul-2025","46","132.48","132.83","0.30","-3.520","0.00","2.10","0.3711","0.0281","0.3636"
"WEP","16-Jul-2025","47","126.08","125.53","0.28","-2.590","0.00","2.10","0.3711","0.0281","0.3636"
"WEP","16-Jul-2025","48","115.10","114.03","0.14","-1.930","0.00","2.10","0.3711","0.0281","0.3636"
"WEP","17-Jul-2025","1","119.47","118.04","0.06","-1.490","0.00","2.10","0.3711","0.0278","0.3594"
"WEP","17-Jul-2025","2","119.25","117.95","0.06","-1.620","0.00","2.10","0.3711","0.0278","0.3594"
"WEP","17-Jul-2025","3","120.25","118.56","0.05","-1.220","0.00","2.10","0.3711","0.0278","0.3594"
"WEP","17-Jul-2025","4","119.64","117.94","0.05","-1.210","0.00","2.10","0.3711","0.0278","0.3594"
"WEP","17-Jul-2025","5","119.67","118.47","0.05","-1.700","0.00","2.10","0.3711","0.0278","0.3594"
"WEP","17-Jul-2025","6","119.64","118.41","0.05","-1.670","0.00","2.10","0.3711","0.0278","0.3594"
"WEP","17-Jul-2025","7","118.89","117.62","0.05","-1.640","0.00","2.10","0.3711","0.0278","0.3594"
"WEP","17-Jul-2025","8","119.53","117.88","0.05","-1.260","0.00","2.10","0.3711","0.0278","0.3594"
"WEP","17-Jul-2025","9","119.47","117.90","0.05","-1.340","0.00","2.10","0.3711","0.0278","0.3594"
"WEP","17-Jul-2025","10","119.46","117.90","0.05","-1.350","0.00","2.10","0.3711","0.0278","0.3594"
"WEP","17-Jul-2025","11","133.19","131.68","0.06","-1.410","0.00","2.10","0.3711","0.0278","0.3594"
"WEP","17-Jul-2025","12","134.50","132.33","0.07","-0.750","0.00","2.10","0.3711","0.0278","0.3594"
"WEP","17-Jul-2025","13","134.18","132.07","0.16","-0.910","0.00","2.10","0.3711","0.0278","0.3594"
"WEP","17-Jul-2025","14","134.06","132.12","0.36","-1.280","0.00","2.10","0.3711","0.0278","0.3594"
"WEP","17-Jul-2025","15","134.29","132.58","0.58","-1.730","0.00","2.10","0.3711","0.0278","0.3594"
"WEP","17-Jul-2025","16","134.72","132.74","0.46","-1.340","0.00","2.10","0.3711","0.0278","0.3594"
"WEP","17-Jul-2025","17","143.38","141.05","0.53","-1.060","0.00","2.10","0.3711","0.0278","0.3594"
"WEP","17-Jul-2025","18","134.92","138.23","0.53","-6.700","0.00","2.10","0.3711","0.0278","0.3594"
"WEP","17-Jul-2025","19","115.79","118.32","0.34","-5.730","0.00","2.10","0.3711","0.0278","0.3594"
"WEP","17-Jul-2025","20","127.44","124.88","0.38","-0.670","0.00","2.10","0.3711","0.0278","0.3594"
"WEP","17-Jul-2025","21","133.63","132.04","0.35","-1.620","0.00","2.10","0.3711","0.0278","0.3594"
"WEP","17-Jul-2025","22","116.42","115.09","0.24","-1.770","0.00","2.10","0.3711","0.0278","0.3594"
"WEP","17-Jul-2025","23","115.61","115.08","0.21","-2.540","0.00","2.10","0.3711","0.0278","0.3594"
"WEP","17-Jul-2025","24","111.56","110.55","0.17","-2.020","0.00","2.10","0.3711","0.0278","0.3594"
"WEP","17-Jul-2025","25","111.34","109.85","0.26","-1.630","0.00","2.10","0.3711","0.0278","0.3594"
"WEP","17-Jul-2025","26","102.07","100.84","0.20","-1.830","0.00","2.10","0.3711","0.0278","0.3594"
"WEP","17-Jul-2025","27","107.62","106.54","0.21","-1.990","0.00","2.10","0.3711","0.0278","0.3594"
"WEP","17-Jul-2025","28","102.22","100.82","0.13","-1.580","0.00","2.10","0.3711","0.0278","0.3594"
"WEP","17-Jul-2025","29","106.01","104.96","0.13","-1.940","0.00","2.10","0.3711","0.0278","0.3594"
"WEP","17-Jul-2025","30","97.50","96.72","0.11","-2.190","0.00","2.10","0.3711","0.0278","0.3594"
"WEP","17-Jul-2025","31","110.16","109.86","0.14","-2.700","0.00","2.10","0.3711","0.0278","0.3594"
"WEP","17-Jul-2025","32","118.42","118.22","0.31","-2.960","0.00","2.10","0.3711","0.0278","0.3594"
"WEP","17-Jul-2025","33","119.92","118.68","0.23","-1.850","0.00","2.10","0.3711","0.0278","0.3594"
"WEP","17-Jul-2025","34","111.17","109.91","0.19","-1.790","0.00","2.10","0.3711","0.0278","0.3594"
"WEP","17-Jul-2025","35","112.10","112.10","0.44","-3.300","0.00","2.10","0.3711","0.0278","0.3594"
"WEP","17-Jul-2025","36","117.86","118.26","0.29","-3.540","0.00","2.10","0.3711","0.0278","0.3594"
"WEP","17-Jul-2025","37","122.72","122.35","0.37","-2.860","0.00","2.10","0.3711","0.0278","0.3594"
"WEP","17-Jul-2025","38","133.50","132.82","0.50","-2.680","0.00","2.10","0.3711","0.0278","0.3594"
"WEP","17-Jul-2025","39","178.70","177.65","0.82","-2.630","0.00","2.10","0.3711","0.0278","0.3594"
"WEP","17-Jul-2025","40","178.85","177.68","0.79","-2.480","0.00","2.10","0.3711","0.0278","0.3594"
"WEP","17-Jul-2025","41","172.92","172.07","0.54","-2.550","0.00","2.10","0.3711","0.0278","0.3594"
"WEP","17-Jul-2025","42","157.38","156.14","0.48","-2.100","0.00","2.10","0.3711","0.0278","0.3594"
"WEP","17-Jul-2025","43","145.91","144.70","0.41","-2.050","0.00","2.10","0.3711","0.0278","0.3594"
"WEP","17-Jul-2025","44","133.35","132.25","0.29","-2.050","0.00","2.10","0.3711","0.0278","0.3594"
"WEP","17-Jul-2025","45","121.42","120.14","0.23","-1.810","0.00","2.10","0.3711","0.0278","0.3594"
"WEP","17-Jul-2025","46","133.54","132.23","0.27","-1.820","0.00","2.10","0.3711","0.0278","0.3594"
"WEP","17-Jul-2025","47","123.23","121.79","0.28","-1.700","0.00","2.10","0.3711","0.0278","0.3594"
"WEP","17-Jul-2025","48","116.80","116.04","0.12","-2.220","0.00","2.10","0.3711","0.0278","0.3594"
"WEP","18-Jul-2025","1","117.50","116.03","0.07","-1.450","0.00","2.10","0.3711","0.0277","0.3574"
"WEP","18-Jul-2025","2","116.61","114.87","0.06","-1.180","0.00","2.10","0.3711","0.0277","0.3574"
"WEP","18-Jul-2025","3","114.10","112.37","0.05","-1.180","0.00","2.10","0.3711","0.0277","0.3574"
"WEP","18-Jul-2025","4","111.39","109.81","0.05","-1.320","0.00","2.10","0.3711","0.0277","0.3574"
"WEP","18-Jul-2025","5","105.73","104.21","0.05","-1.390","0.00","2.10","0.3711","0.0277","0.3574"
"WEP","18-Jul-2025","6","104.53","103.01","0.05","-1.380","0.00","2.10","0.3711","0.0277","0.3574"
"WEP","18-Jul-2025","7","104.04","102.32","0.05","-1.190","0.00","2.10","0.3711","0.0277","0.3574"
"WEP","18-Jul-2025","8","102.61","101.01","0.05","-1.310","0.00","2.10","0.3711","0.0277","0.3574"
"WEP","18-Jul-2025","9","102.61","101.01","0.04","-1.300","0.00","2.10","0.3711","0.0277","0.3574"
"WEP","18-Jul-2025","10","102.84","101.35","0.05","-1.410","0.00","2.10","0.3711","0.0277","0.3574"
"WEP","18-Jul-2025","11","111.01","109.79","0.06","-1.690","0.00","2.10","0.3711","0.0277","0.3574"
"WEP","18-Jul-2025","12","119.39","117.81","0.09","-1.370","0.00","2.10","0.3711","0.0277","0.3574"
"WEP","18-Jul-2025","13","119.50","117.83","0.16","-1.340","0.00","2.10","0.3711","0.0277","0.3574"
"WEP","18-Jul-2025","14","127.60","125.86","0.36","-1.470","0.00","2.10","0.3711","0.0277","0.3574"
"WEP","18-Jul-2025","15","133.51","132.17","0.58","-2.090","0.00","2.10","0.3711","0.0277","0.3574"
"WEP","18-Jul-2025","16","133.76","132.16","0.49","-1.740","0.00","2.10","0.3711","0.0277","0.3574"
"WEP","18-Jul-2025","17","134.23","132.61","0.48","-1.710","0.00","2.10","0.3711","0.0277","0.3574"
"WEP","18-Jul-2025","18","134.49","132.22","0.60","-1.190","0.00","2.10","0.3711","0.0277","0.3574"
"WEP","18-Jul-2025","19","124.98","123.03","0.40","-1.310","0.00","2.10","0.3711","0.0277","0.3574"
"WEP","18-Jul-2025","20","120.77","118.28","0.36","-0.730","0.00","2.10","0.3711","0.0277","0.3574"
"WEP","18-Jul-2025","21","123.95","122.48","0.29","-1.680","0.00","2.10","0.3711","0.0277","0.3574"
"WEP","18-Jul-2025","22","119.91","118.20","0.25","-1.400","0.00","2.10","0.3711","0.0277","0.3574"
"WEP","18-Jul-2025","23","114.82","112.98","0.21","-1.230","0.00","2.10","0.3711","0.0277","0.3574"
"WEP","18-Jul-2025","24","111.01","109.23","0.17","-1.250","0.00","2.10","0.3711","0.0277","0.3574"
"WEP","18-Jul-2025","25","91.97","90.75","0.14","-1.770","0.00","2.10","0.3711","0.0277","0.3574"
"WEP","18-Jul-2025","26","91.50","90.75","0.15","-2.250","0.00","2.10","0.3711","0.0277","0.3574"
"WEP","18-Jul-2025","27","93.77","93.27","0.16","-2.520","0.00","2.10","0.3711","0.0277","0.3574"
"WEP","18-Jul-2025","28","106.30","105.13","0.24","-1.920","0.00","2.10","0.3711","0.0277","0.3574"
"WEP","18-Jul-2025","29","102.13","101.08","0.12","-1.930","0.00","2.10","0.3711","0.0277","0.3574"
"WEP","18-Jul-2025","30","110.39","109.22","0.11","-1.800","0.00","2.10","0.3711","0.0277","0.3574"
"WEP","18-Jul-2025","31","110.91","109.92","0.12","-1.980","0.00","2.10","0.3711","0.0277","0.3574"
"WEP","18-Jul-2025","32","110.33","109.95","0.26","-2.730","0.00","2.10","0.3711","0.0277","0.3574"
"WEP","18-Jul-2025","33","115.43","115.06","0.18","-2.670","0.00","2.10","0.3711","0.0277","0.3574"
"WEP","18-Jul-2025","34","117.72","117.40","0.29","-2.820","0.00","2.10","0.3711","0.0277","0.3574"
"WEP","18-Jul-2025","35","122.88","122.67","0.71","-3.360","0.00","2.10","0.3711","0.0277","0.3574"
"WEP","18-Jul-2025","36","131.77","132.16","0.42","-3.660","0.00","2.10","0.3711","0.0277","0.3574"
"WEP","18-Jul-2025","37","132.63","132.66","0.55","-3.440","0.00","2.10","0.3711","0.0277","0.3574"
"WEP","18-Jul-2025","38","132.65","132.50","0.58","-3.290","0.00","2.10","0.3711","0.0277","0.3574"
"WEP","18-Jul-2025","39","149.74","149.38","0.84","-3.340","0.00","2.10","0.3711","0.0277","0.3574"
"WEP","18-Jul-2025","40","167.93","167.11","0.80","-2.830","0.00","2.10","0.3711","0.0277","0.3574"
"WEP","18-Jul-2025","41","160.11","160.91","0.72","-4.370","0.00","2.10","0.3711","0.0277","0.3574"
"WEP","18-Jul-2025","42","150.03","150.51","0.49","-3.830","0.00","2.10","0.3711","0.0277","0.3574"
"WEP","18-Jul-2025","43","315.71","316.74","0.97","-4.860","0.00","2.10","0.3711","0.0277","0.3574"
"WEP","18-Jul-2025","44","152.97","153.10","0.40","-3.380","0.00","2.10","0.3711","0.0277","0.3574"
"WEP","18-Jul-2025","45","186.30","185.92","0.72","-3.190","0.00","2.10","0.3711","0.0277","0.3574"
"WEP","18-Jul-2025","46","132.79","131.52","0.40","-1.990","0.00","2.10","0.3711","0.0277","0.3574"
"WEP","18-Jul-2025","47","120.30","119.36","0.31","-2.220","0.00","2.10","0.3711","0.0277","0.3574"
"WEP","18-Jul-2025","48","117.06","116.46","0.21","-2.460","0.00","2.10","0.3711","0.0277","0.3574"
"WEP","19-Jul-2025","1","119.84","118.08","0.12","-1.230","0.00","2.10","0.3711","0.0289","0.3739"
"WEP","19-Jul-2025","2","120.06","118.05","0.06","-0.920","0.00","2.10","0.3711","0.0289","0.3739"
"WEP","19-Jul-2025","3","115.77","113.60","0.05","-0.750","0.00","2.10","0.3711","0.0289","0.3739"
"WEP","19-Jul-2025","4","114.05","111.76","0.05","-0.640","0.00","2.10","0.3711","0.0289","0.3739"
"WEP","19-Jul-2025","5","110.35","108.60","0.05","-1.170","0.00","2.10","0.3711","0.0289","0.3739"
"WEP","19-Jul-2025","6","105.25","103.54","0.05","-1.210","0.00","2.10","0.3711","0.0289","0.3739"
"WEP","19-Jul-2025","7","110.44","108.60","0.05","-1.080","0.00","2.10","0.3711","0.0289","0.3739"
"WEP","19-Jul-2025","8","109.53","107.69","0.05","-1.080","0.00","2.10","0.3711","0.0289","0.3739"
"WEP","19-Jul-2025","9","105.50","103.54","0.05","-0.970","0.00","2.10","0.3711","0.0289","0.3739"
"WEP","19-Jul-2025","10","105.24","103.54","0.05","-1.230","0.00","2.10","0.3711","0.0289","0.3739"
"WEP","19-Jul-2025","11","110.58","108.59","0.06","-0.940","0.00","2.10","0.3711","0.0289","0.3739"
"WEP","19-Jul-2025","12","114.26","112.14","0.13","-0.890","0.00","2.10","0.3711","0.0289","0.3739"
"WEP","19-Jul-2025","13","115.50","113.58","0.15","-1.100","0.00","2.10","0.3711","0.0289","0.3739"
"WEP","19-Jul-2025","14","120.09","117.95","0.18","-0.910","0.00","2.10","0.3711","0.0289","0.3739"
"WEP","19-Jul-2025","15","127.88","125.84","0.20","-1.030","0.00","2.10","0.3711","0.0289","0.3739"
"WEP","19-Jul-2025","16","134.36","132.12","0.20","-0.840","0.00","2.10","0.3711","0.0289","0.3739"
"WEP","19-Jul-2025","17","134.92","131.93","0.37","-0.250","0.00","2.10","0.3711","0.0289","0.3739"
"WEP","19-Jul-2025","18","128.84","125.87","0.44","-0.350","0.00","2.10","0.3711","0.0289","0.3739"
"WEP","19-Jul-2025","19","118.18","115.77","0.34","-0.810","0.00","2.10","0.3711","0.0289","0.3739"
"WEP","19-Jul-2025","20","117.72","114.72","0.37","-0.240","0.00","2.10","0.3711","0.0289","0.3739"
"WEP","19-Jul-2025","21","111.45","108.80","0.25","-0.470","0.00","2.10","0.3711","0.0289","0.3739"
"WEP","19-Jul-2025","22","103.82","101.58","0.15","-0.790","0.00","2.10","0.3711","0.0289","0.3739"
"WEP","19-Jul-2025","23","100.17","97.79","0.14","-0.630","0.00","2.10","0.3711","0.0289","0.3739"
"WEP","19-Jul-2025","24","97.64","94.74","0.12","-0.090","0.00","2.10","0.3711","0.0289","0.3739"
"WEP","19-Jul-2025","25","90.51","88.46","0.14","-0.970","0.00","2.10","0.3711","0.0289","0.3739"
"WEP","19-Jul-2025","26","85.60","83.94","0.14","-1.350","0.00","2.10","0.3711","0.0289","0.3739"
"WEP","19-Jul-2025","27","86.29","84.42","0.14","-1.150","0.00","2.10","0.3711","0.0289","0.3739"
"WEP","19-Jul-2025","28","91.77","89.64","0.13","-0.880","0.00","2.10","0.3711","0.0289","0.3739"
"WEP","19-Jul-2025","29","82.29","80.55","0.12","-1.250","0.00","2.10","0.3711","0.0289","0.3739"
"WEP","19-Jul-2025","30","82.82","81.49","0.11","-1.650","0.00","2.10","0.3711","0.0289","0.3739"
"WEP","19-Jul-2025","31","85.16","83.99","0.12","-1.820","0.00","2.10","0.3711","0.0289","0.3739"
"WEP","19-Jul-2025","32","87.16","85.70","0.14","-1.550","0.00","2.10","0.3711","0.0289","0.3739"
"WEP","19-Jul-2025","33","91.35","90.17","0.12","-1.810","0.00","2.10","0.3711","0.0289","0.3739"
"WEP","19-Jul-2025","34","92.61","90.95","0.14","-1.360","0.00","2.10","0.3711","0.0289","0.3739"
"WEP","19-Jul-2025","35","106.46","104.90","0.38","-1.690","0.00","2.10","0.3711","0.0289","0.3739"
"WEP","19-Jul-2025","36","113.50","111.94","0.30","-1.610","0.00","2.10","0.3711","0.0289","0.3739"
"WEP","19-Jul-2025","37","119.96","118.04","0.34","-1.290","0.00","2.10","0.3711","0.0289","0.3739"
"WEP","19-Jul-2025","38","124.03","122.14","0.42","-1.410","0.00","2.10","0.3711","0.0289","0.3739"
"WEP","19-Jul-2025","39","134.23","132.09","0.61","-1.340","0.00","2.10","0.3711","0.0289","0.3739"
"WEP","19-Jul-2025","40","134.61","132.26","0.56","-1.090","0.00","2.10","0.3711","0.0289","0.3739"
"WEP","19-Jul-2025","41","134.64","132.66","0.45","-1.340","0.00","2.10","0.3711","0.0289","0.3739"
"WEP","19-Jul-2025","42","134.08","132.25","0.45","-1.500","0.00","2.10","0.3711","0.0289","0.3739"
"WEP","19-Jul-2025","43","134.22","132.26","0.45","-1.360","0.00","2.10","0.3711","0.0289","0.3739"
"WEP","19-Jul-2025","44","131.28","130.02","0.30","-1.920","0.00","2.10","0.3711","0.0289","0.3739"
"WEP","19-Jul-2025","45","123.91","121.87","0.29","-1.120","0.00","2.10","0.3711","0.0289","0.3739"
"WEP","19-Jul-2025","46","120.35","118.22","0.22","-0.960","0.00","2.10","0.3711","0.0289","0.3739"
"WEP","19-Jul-2025","47","120.17","118.11","0.24","-1.050","0.00","2.10","0.3711","0.0289","0.3739"
"WEP","19-Jul-2025","48","114.20","112.01","0.13","-0.810","0.00","2.10","0.3711","0.0289","0.3739"
"WEP","20-Jul-2025","1","114.14","111.95","0.11","-0.800","0.00","2.10","0.3711","0.0298","0.3846"
"WEP","20-Jul-2025","2","113.63","111.81","0.06","-1.130","0.00","2.10","0.3711","0.0298","0.3846"
"WEP","20-Jul-2025","3","113.80","111.71","0.05","-0.850","0.00","2.10","0.3711","0.0298","0.3846"
"WEP","20-Jul-2025","4","111.23","108.63","0.05","-0.340","0.00","2.10","0.3711","0.0298","0.3846"
"WEP","20-Jul-2025","5","107.72","105.72","0.05","-0.930","0.00","2.10","0.3711","0.0298","0.3846"
"WEP","20-Jul-2025","6","105.06","102.71","0.05","-0.590","0.00","2.10","0.3711","0.0298","0.3846"
"WEP","20-Jul-2025","7","103.46","101.00","0.05","-0.480","0.00","2.10","0.3711","0.0298","0.3846"
"WEP","20-Jul-2025","8","103.44","101.00","0.05","-0.500","0.00","2.10","0.3711","0.0298","0.3846"
"WEP","20-Jul-2025","9","103.37","100.92","0.05","-0.490","0.00","2.10","0.3711","0.0298","0.3846"
"WEP","20-Jul-2025","10","103.51","101.01","0.05","-0.430","0.00","2.10","0.3711","0.0298","0.3846"
"WEP","20-Jul-2025","11","103.57","101.01","0.06","-0.390","0.00","2.10","0.3711","0.0298","0.3846"
"WEP","20-Jul-2025","12","105.30","102.63","0.07","-0.290","0.00","2.10","0.3711","0.0298","0.3846"
"WEP","20-Jul-2025","13","105.18","102.64","0.15","-0.490","0.00","2.10","0.3711","0.0298","0.3846"
"WEP","20-Jul-2025","14","109.27","107.68","0.17","-1.460","0.00","2.10","0.3711","0.0298","0.3846"
"WEP","20-Jul-2025","15","102.90","101.00","0.19","-1.170","0.00","2.10","0.3711","0.0298","0.3846"
"WEP","20-Jul-2025","16","110.29","108.18","0.19","-0.970","0.00","2.10","0.3711","0.0298","0.3846"
"WEP","20-Jul-2025","17","108.38","106.26","0.18","-0.940","0.00","2.10","0.3711","0.0298","0.3846"
"WEP","20-Jul-2025","18","103.75","101.22","0.19","-0.540","0.00","2.10","0.3711","0.0298","0.3846"
"WEP","20-Jul-2025","19","97.40","94.77","0.15","-0.400","0.00","2.10","0.3711","0.0298","0.3846"
"WEP","20-Jul-2025","20","93.00","90.67","0.15","-0.710","0.00","2.10","0.3711","0.0298","0.3846"
"WEP","20-Jul-2025","21","92.64","90.21","0.14","-0.590","0.00","2.10","0.3711","0.0298","0.3846"
"WEP","20-Jul-2025","22","92.12","90.12","0.14","-1.020","0.00","2.10","0.3711","0.0298","0.3846"
"WEP","20-Jul-2025","23","86.69","84.43","0.13","-0.750","0.00","2.10","0.3711","0.0298","0.3846"
"WEP","20-Jul-2025","24","81.58","79.66","0.13","-1.090","0.00","2.10","0.3711","0.0298","0.3846"
"WEP","20-Jul-2025","25","79.44","78.82","0.14","-2.410","0.00","2.10","0.3711","0.0298","0.3846"
"WEP","20-Jul-2025","26","82.15","80.35","0.15","-1.230","0.00","2.10","0.3711","0.0298","0.3846"
"WEP","20-Jul-2025","27","82.40","80.38","0.14","-1.000","0.00","2.10","0.3711","0.0298","0.3846"
"WEP","20-Jul-2025","28","80.37","78.80","0.14","-1.460","0.00","2.10","0.3711","0.0298","0.3846"
"WEP","20-Jul-2025","29","81.05","79.66","0.13","-1.620","0.00","2.10","0.3711","0.0298","0.3846"
"WEP","20-Jul-2025","30","84.22","82.66","0.12","-1.440","0.00","2.10","0.3711","0.0298","0.3846"
"WEP","20-Jul-2025","31","83.40","81.70","0.13","-1.320","0.00","2.10","0.3711","0.0298","0.3846"
"WEP","20-Jul-2025","32","83.25","81.54","0.14","-1.320","0.00","2.10","0.3711","0.0298","0.3846"
"WEP","20-Jul-2025","33","83.95","82.61","0.13","-1.670","0.00","2.10","0.3711","0.0298","0.3846"
"WEP","20-Jul-2025","34","92.51","90.65","0.14","-1.170","0.00","2.10","0.3711","0.0298","0.3846"
"WEP","20-Jul-2025","35","92.47","90.74","0.40","-1.560","0.00","2.10","0.3711","0.0298","0.3846"
"WEP","20-Jul-2025","36","93.32","91.64","0.14","-1.340","0.00","2.10","0.3711","0.0298","0.3846"
"WEP","20-Jul-2025","37","110.72","109.14","0.29","-1.600","0.00","2.10","0.3711","0.0298","0.3846"
"WEP","20-Jul-2025","38","116.12","115.04","0.42","-2.220","0.00","2.10","0.3711","0.0298","0.3846"
"WEP","20-Jul-2025","39","131.85","130.12","0.59","-1.740","0.00","2.10","0.3711","0.0298","0.3846"
"WEP","20-Jul-2025","40","134.30","132.30","0.56","-1.450","0.00","2.10","0.3711","0.0298","0.3846"
"WEP","20-Jul-2025","41","142.12","140.30","0.53","-1.600","0.00","2.10","0.3711","0.0298","0.3846"
"WEP","20-Jul-2025","42","152.70","150.46","0.61","-1.260","0.00","2.10","0.3711","0.0298","0.3846"
"WEP","20-Jul-2025","43","148.17","146.84","0.56","-2.120","0.00","2.10","0.3711","0.0298","0.3846"
"WEP","20-Jul-2025","44","133.87","132.36","0.39","-1.770","0.00","2.10","0.3711","0.0298","0.3846"
"WEP","20-Jul-2025","45","134.20","132.21","0.31","-1.210","0.00","2.10","0.3711","0.0298","0.3846"
"WEP","20-Jul-2025","46","130.94","128.94","0.28","-1.170","0.00","2.10","0.3711","0.0298","0.3846"
"WEP","20-Jul-2025","47","118.09","116.04","0.24","-1.080","0.00","2.10","0.3711","0.0298","0.3846"
"WEP","20-Jul-2025","48","120.51","118.09","0.21","-0.670","0.00","2.10","0.3711","0.0298","0.3846"
"WEP","21-Jul-2025","1","125.94","123.37","0.12","-0.410","0.00","2.10","0.3711","0.0278","0.3596"
"WEP","21-Jul-2025","2","120.88","118.08","0.07","-0.120","0.00","2.10","0.3711","0.0278","0.3596"
"WEP","21-Jul-2025","3","114.06","111.66","0.05","-0.500","0.00","2.10","0.3711","0.0278","0.3596"
"WEP","21-Jul-2025","4","107.76","105.56","0.05","-0.710","0.00","2.10","0.3711","0.0278","0.3596"
"WEP","21-Jul-2025","5","106.30","104.71","0.05","-1.320","0.00","2.10","0.3711","0.0278","0.3596"
"WEP","21-Jul-2025","6","106.09","104.39","0.05","-1.210","0.00","2.10","0.3711","0.0278","0.3596"
"WEP","21-Jul-2025","7","102.88","100.94","0.05","-0.970","0.00","2.10","0.3711","0.0278","0.3596"
"WEP","21-Jul-2025","8","102.78","100.94","0.05","-1.070","0.00","2.10","0.3711","0.0278","0.3596"
"WEP","21-Jul-2025","9","103.04","100.94","0.05","-0.810","0.00","2.10","0.3711","0.0278","0.3596"
"WEP","21-Jul-2025","10","103.48","100.94","0.05","-0.370","0.00","2.10","0.3711","0.0278","0.3596"
"WEP","21-Jul-2025","11","106.48","104.44","0.06","-0.880","0.00","2.10","0.3711","0.0278","0.3596"
"WEP","21-Jul-2025","12","114.64","112.62","0.13","-0.960","0.00","2.10","0.3711","0.0278","0.3596"
"WEP","21-Jul-2025","13","114.57","112.90","0.33","-1.510","0.00","2.10","0.3711","0.0278","0.3596"
"WEP","21-Jul-2025","14","116.32","115.00","0.35","-1.890","0.00","2.10","0.3711","0.0278","0.3596"
"WEP","21-Jul-2025","15","119.30","118.06","0.45","-2.070","0.00","2.10","0.3711","0.0278","0.3596"
"WEP","21-Jul-2025","16","133.30","131.99","0.45","-2.000","0.00","2.10","0.3711","0.0278","0.3596"
"WEP","21-Jul-2025","17","133.42","132.20","0.35","-1.990","0.00","2.10","0.3711","0.0278","0.3596"
"WEP","21-Jul-2025","18","133.55","132.22","0.35","-1.880","0.00","2.10","0.3711","0.0278","0.3596"
"WEP","21-Jul-2025","19","134.23","132.63","0.34","-1.600","0.00","2.10","0.3711","0.0278","0.3596"
"WEP","21-Jul-2025","20","166.92","165.50","0.63","-2.070","0.00","2.10","0.3711","0.0278","0.3596"
"WEP","21-Jul-2025","21","136.75","134.54","0.31","-0.960","0.00","2.10","0.3711","0.0278","0.3596"
"WEP","21-Jul-2025","22","132.43","130.13","0.28","-0.840","0.00","2.10","0.3711","0.0278","0.3596"
"WEP","21-Jul-2025","23","112.55","110.47","0.24","-1.020","0.00","2.10","0.3711","0.0278","0.3596"
"WEP","21-Jul-2025","24","101.40","101.17","0.12","-2.750","0.00","2.10","0.3711","0.0278","0.3596"
"WEP","21-Jul-2025","25","117.11","116.07","0.31","-2.130","0.00","2.10","0.3711","0.0278","0.3596"
"WEP","21-Jul-2025","26","120.67","118.11","0.34","-0.640","0.00","2.10","0.3711","0.0278","0.3596"
"WEP","21-Jul-2025","27","115.74","112.01","0.29","0.580","0.00","2.10","0.3711","0.0278","0.3596"
"WEP","21-Jul-2025","28","97.95","94.83","0.14","0.130","0.00","2.10","0.3711","0.0278","0.3596"
"WEP","21-Jul-2025","29","89.48","87.66","0.12","-1.160","0.00","2.10","0.3711","0.0278","0.3596"
"WEP","21-Jul-2025","30","88.94","87.66","0.11","-1.680","0.00","2.10","0.3711","0.0278","0.3596"
"WEP","21-Jul-2025","31","91.14","90.18","0.12","-2.020","0.00","2.10","0.3711","0.0278","0.3596"
"WEP","21-Jul-2025","32","91.59","90.63","0.14","-2.030","0.00","2.10","0.3711","0.0278","0.3596"
"WEP","21-Jul-2025","33","92.84","92.25","0.12","-2.390","0.00","2.10","0.3711","0.0278","0.3596"
"WEP","21-Jul-2025","34","100.43","100.62","0.14","-3.190","0.00","2.10","0.3711","0.0278","0.3596"
"WEP","21-Jul-2025","35","113.04","112.02","0.56","-2.400","0.00","2.10","0.3711","0.0278","0.3596"
"WEP","21-Jul-2025","36","111.22","110.60","0.21","-2.450","0.00","2.10","0.3711","0.0278","0.3596"
"WEP","21-Jul-2025","37","118.28","118.09","0.32","-2.980","0.00","2.10","0.3711","0.0278","0.3596"
"WEP","21-Jul-2025","38","132.91","132.64","0.45","-3.040","0.00","2.10","0.3711","0.0278","0.3596"
"WEP","21-Jul-2025","39","113.28","111.97","0.34","-1.890","0.00","2.10","0.3711","0.0278","0.3596"
"WEP","21-Jul-2025","40","114.28","113.07","0.32","-1.970","0.00","2.10","0.3711","0.0278","0.3596"
"WEP","21-Jul-2025","41","113.48","112.21","0.22","-1.810","0.00","2.10","0.3711","0.0278","0.3596"
"WEP","21-Jul-2025","42","114.26","113.14","0.22","-1.950","0.00","2.10","0.3711","0.0278","0.3596"
"WEP","21-Jul-2025","43","119.02","118.12","0.28","-2.240","0.00","2.10","0.3711","0.0278","0.3596"
"WEP","21-Jul-2025","44","117.17","115.78","0.20","-1.670","0.00","2.10","0.3711","0.0278","0.3596"
"WEP","21-Jul-2025","45","119.55","118.08","0.19","-1.580","0.00","2.10","0.3711","0.0278","0.3596"
"WEP","21-Jul-2025","46","113.58","111.83","0.14","-1.250","0.00","2.10","0.3711","0.0278","0.3596"
"WEP","21-Jul-2025","47","116.30","114.95","0.16","-1.660","0.00","2.10","0.3711","0.0278","0.3596"
"WEP","21-Jul-2025","48","116.63","114.84","0.12","-1.190","0.00","2.10","0.3711","0.0278","0.3596"
"WEP","22-Jul-2025","1","118.20","116.04","0.12","-0.820","0.00","2.10","0.3711","0.0278","0.3590"
"WEP","22-Jul-2025","2","117.32","114.91","0.10","-0.550","0.00","2.10","0.3711","0.0278","0.3590"
"WEP","22-Jul-2025","3","112.20","109.87","0.05","-0.570","0.00","2.10","0.3711","0.0278","0.3590"
"WEP","22-Jul-2025","4","110.09","107.80","0.05","-0.620","0.00","2.10","0.3711","0.0278","0.3590"
"WEP","22-Jul-2025","5","103.10","101.12","0.00","-0.880","0.00","2.10","0.3711","0.0278","0.3590"
"WEP","22-Jul-2025","6","102.84","100.86","0.00","-0.880","0.00","2.10","0.3711","0.0278","0.3590"
"WEP","22-Jul-2025","7","102.66","100.68","0.00","-0.880","0.00","2.10","0.3711","0.0278","0.3590"
"WEP","22-Jul-2025","8","102.64","100.69","0.00","-0.900","0.00","2.10","0.3711","0.0278","0.3590"
"WEP","22-Jul-2025","9","102.25","100.56","0.00","-1.170","0.00","2.10","0.3711","0.0278","0.3590"
"WEP","22-Jul-2025","10","102.41","100.70","0.00","-1.150","0.00","2.10","0.3711","0.0278","0.3590"
"WEP","22-Jul-2025","11","105.93","103.57","0.06","-0.560","0.00","2.10","0.3711","0.0278","0.3590"
"WEP","22-Jul-2025","12","114.73","112.37","0.13","-0.630","0.00","2.10","0.3711","0.0278","0.3590"
"WEP","22-Jul-2025","13","115.56","113.65","0.21","-1.160","0.00","2.10","0.3711","0.0278","0.3590"
"WEP","22-Jul-2025","14","116.64","114.91","0.39","-1.520","0.00","2.10","0.3711","0.0278","0.3590"
"WEP","22-Jul-2025","15","119.75","118.00","0.46","-1.570","0.00","2.10","0.3711","0.0278","0.3590"
"WEP","22-Jul-2025","16","133.93","132.18","0.44","-1.550","0.00","2.10","0.3711","0.0278","0.3590"
"WEP","22-Jul-2025","17","123.50","121.95","0.27","-1.580","0.00","2.10","0.3711","0.0278","0.3590"
"WEP","22-Jul-2025","18","120.59","118.11","0.35","-0.730","0.00","2.10","0.3711","0.0278","0.3590"
"WEP","22-Jul-2025","19","118.44","116.05","0.23","-0.700","0.00","2.10","0.3711","0.0278","0.3590"
"WEP","22-Jul-2025","20","114.60","112.01","0.23","-0.500","0.00","2.10","0.3711","0.0278","0.3590"
"WEP","22-Jul-2025","21","105.16","103.21","0.13","-1.040","0.00","2.10","0.3711","0.0278","0.3590"
"WEP","22-Jul-2025","22","105.84","104.74","0.13","-1.890","0.00","2.10","0.3711","0.0278","0.3590"
"WEP","22-Jul-2025","23","107.92","105.75","0.16","-0.840","0.00","2.10","0.3711","0.0278","0.3590"
"WEP","22-Jul-2025","24","103.50","101.24","0.12","-0.720","0.00","2.10","0.3711","0.0278","0.3590"
"WEP","22-Jul-2025","25","102.57","100.62","0.14","-1.040","0.00","2.10","0.3711","0.0278","0.3590"
"WEP","22-Jul-2025","26","102.82","100.64","0.14","-0.810","0.00","2.10","0.3711","0.0278","0.3590"
"WEP","22-Jul-2025","27","93.11","90.94","0.13","-0.820","0.00","2.10","0.3711","0.0278","0.3590"
"WEP","22-Jul-2025","28","92.22","90.47","0.12","-1.230","0.00","2.10","0.3711","0.0278","0.3590"
"WEP","22-Jul-2025","29","91.61","90.60","0.12","-1.970","0.00","2.10","0.3711","0.0278","0.3590"
"WEP","22-Jul-2025","30","91.96","90.72","0.11","-1.730","0.00","2.10","0.3711","0.0278","0.3590"
"WEP","22-Jul-2025","31","91.23","90.93","0.11","-2.670","0.00","2.10","0.3711","0.0278","0.3590"
"WEP","22-Jul-2025","32","100.70","100.52","0.13","-2.810","0.00","2.10","0.3711","0.0278","0.3590"
"WEP","22-Jul-2025","33","101.47","101.20","0.11","-2.700","0.00","2.10","0.3711","0.0278","0.3590"
"WEP","22-Jul-2025","34","103.89","103.74","0.13","-2.840","0.00","2.10","0.3711","0.0278","0.3590"
"WEP","22-Jul-2025","35","110.41","109.96","0.51","-2.920","0.00","2.10","0.3711","0.0278","0.3590"
"WEP","22-Jul-2025","36","118.38","118.20","0.28","-2.960","0.00","2.10","0.3711","0.0278","0.3590"
"WEP","22-Jul-2025","37","133.84","132.69","0.37","-2.080","0.00","2.10","0.3711","0.0278","0.3590"
"WEP","22-Jul-2025","38","156.28","155.02","0.50","-2.100","0.00","2.10","0.3711","0.0278","0.3590"
"WEP","22-Jul-2025","39","158.70","157.06","0.73","-1.940","0.00","2.10","0.3711","0.0278","0.3590"
"WEP","22-Jul-2025","40","173.15","171.26","0.87","-1.840","0.00","2.10","0.3711","0.0278","0.3590"
"WEP","22-Jul-2025","41","176.87","175.22","0.65","-1.860","0.00","2.10","0.3711","0.0278","0.3590"
"WEP","22-Jul-2025","42","164.73","162.94","0.59","-1.660","0.00","2.10","0.3711","0.0278","0.3590"
"WEP","22-Jul-2025","43","139.43","137.55","0.44","-1.420","0.00","2.10","0.3711","0.0278","0.3590"
"WEP","22-Jul-2025","44","134.39","132.49","0.27","-1.230","0.00","2.10","0.3711","0.0278","0.3590"
"WEP","22-Jul-2025","45","132.84","130.56","0.28","-0.860","0.00","2.10","0.3711","0.0278","0.3590"
"WEP","22-Jul-2025","46","121.51","119.11","0.25","-0.710","0.00","2.10","0.3711","0.0278","0.3590"
"WEP","22-Jul-2025","47","119.83","117.84","0.22","-1.080","0.00","2.10","0.3711","0.0278","0.3590"
"WEP","22-Jul-2025","48","114.48","112.07","0.12","-0.570","0.00","2.10","0.3711","0.0278","0.3590"
"WEP","23-Jul-2025","1","111.22","110.90","0.12","-2.660","0.00","2.10","0.3711","0.0278","0.3597"
"WEP","23-Jul-2025","2","103.14","102.50","0.06","-2.280","0.00","2.10","0.3711","0.0278","0.3597"
"WEP","23-Jul-2025","3","110.52","109.84","0.05","-2.220","0.00","2.10","0.3711","0.0278","0.3597"
"WEP","23-Jul-2025","4","101.81","101.08","0.00","-2.130","0.00","2.10","0.3711","0.0278","0.3597"
"WEP","23-Jul-2025","5","101.74","100.85","0.00","-1.960","0.00","2.10","0.3711","0.0278","0.3597"
"WEP","23-Jul-2025","6","101.70","100.66","0.05","-1.870","0.00","2.10","0.3711","0.0278","0.3597"
"WEP","23-Jul-2025","7","102.76","101.90","0.00","-2.000","0.00","2.10","0.3711","0.0278","0.3597"
"WEP","23-Jul-2025","8","102.04","101.13","0.04","-1.990","0.00","2.10","0.3711","0.0278","0.3597"
"WEP","23-Jul-2025","9","102.31","101.12","0.04","-1.710","0.00","2.10","0.3711","0.0278","0.3597"
"WEP","23-Jul-2025","10","102.54","101.13","0.04","-1.490","0.00","2.10","0.3711","0.0278","0.3597"
"WEP","23-Jul-2025","11","103.08","101.83","0.06","-1.670","0.00","2.10","0.3711","0.0278","0.3597"
"WEP","23-Jul-2025","12","111.88","110.64","0.13","-1.750","0.00","2.10","0.3711","0.0278","0.3597"
"WEP","23-Jul-2025","13","114.27","113.01","0.24","-1.830","0.00","2.10","0.3711","0.0278","0.3597"
"WEP","23-Jul-2025","14","116.31","114.96","0.35","-1.860","0.00","2.10","0.3711","0.0278","0.3597"
"WEP","23-Jul-2025","15","118.95","117.99","0.39","-2.290","0.00","2.10","0.3711","0.0278","0.3597"
"WEP","23-Jul-2025","16","132.73","132.18","0.44","-2.750","0.00","2.10","0.3711","0.0278","0.3597"
"WEP","23-Jul-2025","17","133.43","132.39","0.32","-2.140","0.00","2.10","0.3711","0.0278","0.3597"
"WEP","23-Jul-2025","18","133.87","132.21","0.35","-1.550","0.00","2.10","0.3711","0.0278","0.3597"
"WEP","23-Jul-2025","19","119.72","118.02","0.23","-1.390","0.00","2.10","0.3711","0.0278","0.3597"
"WEP","23-Jul-2025","20","113.88","111.92","0.23","-1.130","0.00","2.10","0.3711","0.0278","0.3597"
"WEP","23-Jul-2025","21","113.81","111.82","0.13","-1.000","0.00","2.10","0.3711","0.0278","0.3597"
"WEP","23-Jul-2025","22","111.83","109.79","0.12","-0.940","0.00","2.10","0.3711","0.0278","0.3597"
"WEP","23-Jul-2025","23","102.16","100.62","0.12","-1.440","0.00","2.10","0.3711","0.0278","0.3597"
"WEP","23-Jul-2025","24","96.76","95.61","0.12","-1.830","0.00","2.10","0.3711","0.0278","0.3597"
"WEP","23-Jul-2025","25","96.08","94.81","0.13","-1.720","0.00","2.10","0.3711","0.0278","0.3597"
"WEP","23-Jul-2025","26","92.26","90.94","0.13","-1.670","0.00","2.10","0.3711","0.0278","0.3597"
"WEP","23-Jul-2025","27","90.68","90.72","0.13","-3.030","0.00","2.10","0.3711","0.0278","0.3597"
"WEP","23-Jul-2025","28","100.38","100.57","0.13","-3.170","0.00","2.10","0.3711","0.0278","0.3597"
"WEP","23-Jul-2025","29","117.98","117.20","0.16","-2.240","0.00","2.10","0.3711","0.0278","0.3597"
"WEP","23-Jul-2025","30","115.02","115.00","0.12","-2.960","0.00","2.10","0.3711","0.0278","0.3597"
"WEP","23-Jul-2025","31","116.11","116.05","0.14","-2.940","0.00","2.10","0.3711","0.0278","0.3597"
"WEP","23-Jul-2025","32","116.57","116.04","0.28","-2.610","0.00","2.10","0.3711","0.0278","0.3597"
"WEP","23-Jul-2025","33","118.60","118.22","0.21","-2.690","0.00","2.10","0.3711","0.0278","0.3597"
"WEP","23-Jul-2025","34","119.42","118.21","0.25","-1.900","0.00","2.10","0.3711","0.0278","0.3597"
"WEP","23-Jul-2025","35","119.82","118.22","0.45","-1.710","0.00","2.10","0.3711","0.0278","0.3597"
"WEP","23-Jul-2025","36","112.51","112.01","0.29","-2.650","0.00","2.10","0.3711","0.0278","0.3597"
"WEP","23-Jul-2025","37","118.14","118.21","0.35","-3.280","0.00","2.10","0.3711","0.0278","0.3597"
"WEP","23-Jul-2025","38","132.73","132.63","0.46","-3.220","0.00","2.10","0.3711","0.0278","0.3597"
"WEP","23-Jul-2025","39","145.76","144.89","0.83","-2.820","0.00","2.10","0.3711","0.0278","0.3597"
"WEP","23-Jul-2025","40","146.60","145.96","0.80","-3.020","0.00","2.10","0.3711","0.0278","0.3597"
"WEP","23-Jul-2025","41","141.42","141.22","0.59","-3.250","0.00","2.10","0.3711","0.0278","0.3597"
"WEP","23-Jul-2025","42","140.66","140.71","0.55","-3.460","0.00","2.10","0.3711","0.0278","0.3597"
"WEP","23-Jul-2025","43","132.58","132.69","0.36","-3.330","0.00","2.10","0.3711","0.0278","0.3597"
"WEP","23-Jul-2025","44","132.45","132.28","0.30","-2.990","0.00","2.10","0.3711","0.0278","0.3597"
"WEP","23-Jul-2025","45","126.29","125.43","0.28","-2.280","0.00","2.10","0.3711","0.0278","0.3597"
"WEP","23-Jul-2025","46","119.27","118.22","0.14","-1.940","0.00","2.10","0.3711","0.0278","0.3597"
"WEP","23-Jul-2025","47","116.16","115.15","0.22","-2.060","0.00","2.10","0.3711","0.0278","0.3597"
"WEP","23-Jul-2025","48","113.13","111.67","0.12","-1.520","0.00","2.10","0.3711","0.0278","0.3597"
"WEP","24-Jul-2025","1","110.34","108.64","0.12","-1.280","0.00","2.10","0.3711","0.0279","0.3601"
"WEP","24-Jul-2025","2","110.90","108.64","0.10","-0.700","0.00","2.10","0.3711","0.0279","0.3601"
"WEP","24-Jul-2025","3","110.46","108.63","0.05","-1.080","0.00","2.10","0.3711","0.0279","0.3601"
"WEP","24-Jul-2025","4","105.41","102.66","0.05","-0.160","0.00","2.10","0.3711","0.0279","0.3601"
"WEP","24-Jul-2025","5","104.12","102.48","0.05","-1.270","0.00","2.10","0.3711","0.0279","0.3601"
"WEP","24-Jul-2025","6","102.71","100.93","0.05","-1.130","0.00","2.10","0.3711","0.0279","0.3601"
"WEP","24-Jul-2025","7","102.57","100.87","0.05","-1.210","0.00","2.10","0.3711","0.0279","0.3601"
"WEP","24-Jul-2025","8","102.75","100.87","0.05","-1.030","0.00","2.10","0.3711","0.0279","0.3601"
"WEP","24-Jul-2025","9","103.20","100.87","0.05","-0.580","0.00","2.10","0.3711","0.0279","0.3601"
"WEP","24-Jul-2025","10","103.12","100.88","0.05","-0.670","0.00","2.10","0.3711","0.0279","0.3601"
"WEP","24-Jul-2025","11","103.01","101.07","0.06","-0.980","0.00","2.10","0.3711","0.0279","0.3601"
"WEP","24-Jul-2025","12","112.51","110.35","0.13","-0.830","0.00","2.10","0.3711","0.0279","0.3601"
"WEP","24-Jul-2025","13","113.35","111.01","0.16","-0.680","0.00","2.10","0.3711","0.0279","0.3601"
"WEP","24-Jul-2025","14","118.15","116.09","0.35","-1.150","0.00","2.10","0.3711","0.0279","0.3601"
"WEP","24-Jul-2025","15","133.63","131.93","0.43","-1.590","0.00","2.10","0.3711","0.0279","0.3601"
"WEP","24-Jul-2025","16","134.56","132.59","0.46","-1.350","0.00","2.10","0.3711","0.0279","0.3601"
"WEP","24-Jul-2025","17","139.69","137.18","0.61","-0.960","0.00","2.10","0.3711","0.0279","0.3601"
"WEP","24-Jul-2025","18","145.26","141.98","0.78","-0.360","0.00","2.10","0.3711","0.0279","0.3601"
"WEP","24-Jul-2025","19","135.49","132.64","0.62","-0.630","0.00","2.10","0.3711","0.0279","0.3601"
"WEP","24-Jul-2025","20","124.03","121.64","0.47","-0.940","0.00","2.10","0.3711","0.0279","0.3601"
"WEP","24-Jul-2025","21","111.55","109.16","0.23","-0.700","0.00","2.10","0.3711","0.0279","0.3601"
"WEP","24-Jul-2025","22","111.15","108.81","0.23","-0.750","0.00","2.10","0.3711","0.0279","0.3601"
"WEP","24-Jul-2025","23","96.97","94.82","0.12","-0.830","0.00","2.10","0.3711","0.0279","0.3601"
"WEP","24-Jul-2025","24","92.91","91.12","0.12","-1.190","0.00","2.10","0.3711","0.0279","0.3601"
"WEP","24-Jul-2025","25","92.33","90.53","0.13","-1.180","0.00","2.10","0.3711","0.0279","0.3601"
"WEP","24-Jul-2025","26","92.40","90.76","0.13","-1.340","0.00","2.10","0.3711","0.0279","0.3601"
"WEP","24-Jul-2025","27","92.39","90.70","0.13","-1.300","0.00","2.10","0.3711","0.0279","0.3601"
"WEP","24-Jul-2025","28","92.10","90.59","0.12","-1.470","0.00","2.10","0.3711","0.0279","0.3601"
"WEP","24-Jul-2025","29","92.21","90.81","0.12","-1.570","0.00","2.10","0.3711","0.0279","0.3601"
"WEP","24-Jul-2025","30","91.62","90.56","0.10","-1.900","0.00","2.10","0.3711","0.0279","0.3601"
"WEP","24-Jul-2025","31","91.48","90.89","0.11","-2.380","0.00","2.10","0.3711","0.0279","0.3601"
"WEP","24-Jul-2025","32","93.29","92.18","0.13","-1.880","0.00","2.10","0.3711","0.0279","0.3601"
"WEP","24-Jul-2025","33","95.59","94.84","0.11","-2.220","0.00","2.10","0.3711","0.0279","0.3601"
"WEP","24-Jul-2025","34","109.74","108.88","0.23","-2.230","0.00","2.10","0.3711","0.0279","0.3601"
"WEP","24-Jul-2025","35","114.47","114.08","0.59","-3.060","0.00","2.10","0.3711","0.0279","0.3601"
"WEP","24-Jul-2025","36","116.50","116.20","0.34","-2.900","0.00","2.10","0.3711","0.0279","0.3601"
"WEP","24-Jul-2025","37","133.80","132.65","0.62","-2.330","0.00","2.10","0.3711","0.0279","0.3601"
"WEP","24-Jul-2025","38","151.35","149.99","0.95","-2.450","0.00","2.10","0.3711","0.0279","0.3601"
"WEP","24-Jul-2025","39","158.97","157.47","0.97","-2.330","0.00","2.10","0.3711","0.0279","0.3601"
"WEP","24-Jul-2025","40","164.36","163.02","0.96","-2.480","0.00","2.10","0.3711","0.0279","0.3601"
"WEP","24-Jul-2025","41","172.58","171.63","0.85","-2.760","0.00","2.10","0.3711","0.0279","0.3601"
"WEP","24-Jul-2025","42","183.63","182.73","1.09","-3.050","0.00","2.10","0.3711","0.0279","0.3601"
"WEP","24-Jul-2025","43","187.33","186.57","1.21","-3.310","0.00","2.10","0.3711","0.0279","0.3601"
"WEP","24-Jul-2025","44","138.62","137.85","0.39","-2.480","0.00","2.10","0.3711","0.0279","0.3601"
"WEP","24-Jul-2025","45","133.98","132.57","0.33","-1.780","0.00","2.10","0.3711","0.0279","0.3601"
"WEP","24-Jul-2025","46","134.05","132.27","0.18","-1.260","0.00","2.10","0.3711","0.0279","0.3601"
"WEP","24-Jul-2025","47","129.73","128.48","0.19","-1.800","0.00","2.10","0.3711","0.0279","0.3601"
"WEP","24-Jul-2025","48","116.11","114.13","0.12","-1.000","0.00","2.10","0.3711","0.0279","0.3601"
"WEP","25-Jul-2025","1","110.83","108.80","0.11","-0.930","0.00","2.10","0.3711","0.0276","0.3568"
"WEP","25-Jul-2025","2","109.13","107.57","0.07","-1.370","0.00","2.10","0.3711","0.0276","0.3568"
"WEP","25-Jul-2025","3","107.46","105.80","0.05","-1.250","0.00","2.10","0.3711","0.0276","0.3568"
"WEP","25-Jul-2025","4","104.56","102.53","0.05","-0.870","0.00","2.10","0.3711","0.0276","0.3568"
"WEP","25-Jul-2025","5","102.31","100.97","0.05","-1.570","0.00","2.10","0.3711","0.0276","0.3568"
"WEP","25-Jul-2025","6","102.77","100.88","0.05","-1.010","0.00","2.10","0.3711","0.0276","0.3568"
"WEP","25-Jul-2025","7","102.62","100.88","0.05","-1.160","0.00","2.10","0.3711","0.0276","0.3568"
"WEP","25-Jul-2025","8","102.25","100.69","0.05","-1.350","0.00","2.10","0.3711","0.0276","0.3568"
"WEP","25-Jul-2025","9","101.85","100.69","0.05","-1.740","0.00","2.10","0.3711","0.0276","0.3568"
"WEP","25-Jul-2025","10","102.51","100.88","0.05","-1.270","0.00","2.10","0.3711","0.0276","0.3568"
"WEP","25-Jul-2025","11","102.85","100.97","0.06","-1.030","0.00","2.10","0.3711","0.0276","0.3568"
"WEP","25-Jul-2025","12","110.73","108.65","0.08","-0.850","0.00","2.10","0.3711","0.0276","0.3568"
"WEP","25-Jul-2025","13","110.72","108.76","0.16","-1.050","0.00","2.10","0.3711","0.0276","0.3568"
"WEP","25-Jul-2025","14","115.77","113.90","0.35","-1.340","0.00","2.10","0.3711","0.0276","0.3568"
"WEP","25-Jul-2025","15","115.56","113.93","0.38","-1.600","0.00","2.10","0.3711","0.0276","0.3568"
"WEP","25-Jul-2025","16","122.27","120.26","0.56","-1.410","0.00","2.10","0.3711","0.0276","0.3568"
"WEP","25-Jul-2025","17","170.53","168.23","0.88","-1.430","0.00","2.10","0.3711","0.0276","0.3568"
"WEP","25-Jul-2025","18","174.04","170.91","1.21","-0.930","0.00","2.10","0.3711","0.0276","0.3568"
"WEP","25-Jul-2025","19","143.98","141.35","0.69","-0.920","0.00","2.10","0.3711","0.0276","0.3568"
"WEP","25-Jul-2025","20","127.26","124.89","0.51","-0.990","0.00","2.10","0.3711","0.0276","0.3568"
"WEP","25-Jul-2025","21","116.44","114.06","0.30","-0.770","0.00","2.10","0.3711","0.0276","0.3568"
"WEP","25-Jul-2025","22","116.55","114.06","0.30","-0.670","0.00","2.10","0.3711","0.0276","0.3568"
"WEP","25-Jul-2025","23","97.47","95.25","0.12","-0.750","0.00","2.10","0.3711","0.0276","0.3568"
"WEP","25-Jul-2025","24","92.88","91.22","0.12","-1.320","0.00","2.10","0.3711","0.0276","0.3568"
"WEP","25-Jul-2025","25","90.41","89.44","0.13","-2.020","0.00","2.10","0.3711","0.0276","0.3568"
"WEP","25-Jul-2025","26","90.95","90.21","0.13","-2.240","0.00","2.10","0.3711","0.0276","0.3568"
"WEP","25-Jul-2025","27","91.70","91.20","0.13","-2.490","0.00","2.10","0.3711","0.0276","0.3568"
"WEP","25-Jul-2025","28","95.65","95.02","0.12","-2.340","0.00","2.10","0.3711","0.0276","0.3568"
"WEP","25-Jul-2025","29","109.83","108.98","0.21","-2.210","0.00","2.10","0.3711","0.0276","0.3568"
"WEP","25-Jul-2025","30","96.26","95.05","0.11","-1.760","0.00","2.10","0.3711","0.0276","0.3568"
"WEP","25-Jul-2025","31","96.33","95.22","0.11","-1.850","0.00","2.10","0.3711","0.0276","0.3568"
"WEP","25-Jul-2025","32","95.97","95.14","0.13","-2.160","0.00","2.10","0.3711","0.0276","0.3568"
"WEP","25-Jul-2025","33","108.68","108.88","0.21","-3.260","0.00","2.10","0.3711","0.0276","0.3568"
"WEP","25-Jul-2025","34","117.45","116.19","0.43","-2.030","0.00","2.10","0.3711","0.0276","0.3568"
"WEP","25-Jul-2025","35","209.41","208.97","2.16","-4.570","0.00","2.10","0.3711","0.0276","0.3568"
"WEP","25-Jul-2025","36","297.62","297.94","2.76","-5.940","0.00","2.10","0.3711","0.0276","0.3568"
"WEP","25-Jul-2025","37","300.40","297.95","3.05","-3.450","0.00","2.10","0.3711","0.0276","0.3568"
"WEP","25-Jul-2025","38","166.46","163.96","1.16","-1.510","0.00","2.10","0.3711","0.0276","0.3568"
"WEP","25-Jul-2025","39","163.41","161.70","1.17","-2.310","0.00","2.10","0.3711","0.0276","0.3568"
"WEP","25-Jul-2025","40","172.83","170.90","1.27","-2.190","0.00","2.10","0.3711","0.0276","0.3568"
"WEP","25-Jul-2025","41","157.53","155.80","0.80","-1.930","0.00","2.10","0.3711","0.0276","0.3568"
"WEP","25-Jul-2025","42","147.31","146.00","0.67","-2.210","0.00","2.10","0.3711","0.0276","0.3568"
"WEP","25-Jul-2025","43","146.72","145.68","0.66","-2.480","0.00","2.10","0.3711","0.0276","0.3568"
"WEP","25-Jul-2025","44","123.33","122.12","0.33","-1.980","0.00","2.10","0.3711","0.0276","0.3568"
"WEP","25-Jul-2025","45","116.35","114.17","0.28","-0.960","0.00","2.10","0.3711","0.0276","0.3568"
"WEP","25-Jul-2025","46","115.98","113.94","0.13","-0.950","0.00","2.10","0.3711","0.0276","0.3568"
"WEP","25-Jul-2025","47","110.37","108.73","0.13","-1.350","0.00","2.10","0.3711","0.0276","0.3568"
"WEP","25-Jul-2025","48","103.34","101.21","0.12","-0.850","0.00","2.10","0.3711","0.0276","0.3568"
"WEP","26-Jul-2025","1","101.95","99.20","0.12","-0.250","0.00","2.10","0.3711","0.0295","0.3817"
"WEP","26-Jul-2025","2","101.41","99.11","0.10","-0.690","0.00","2.10","0.3711","0.0295","0.3817"
"WEP","26-Jul-2025","3","101.33","99.07","0.05","-0.670","0.00","2.10","0.3711","0.0295","0.3817"
"WEP","26-Jul-2025","4","101.15","98.70","0.05","-0.480","0.00","2.10","0.3711","0.0295","0.3817"
"WEP","26-Jul-2025","5","100.64","98.69","0.05","-0.980","0.00","2.10","0.3711","0.0295","0.3817"
"WEP","26-Jul-2025","6","100.68","98.70","0.05","-0.950","0.00","2.10","0.3711","0.0295","0.3817"
"WEP","26-Jul-2025","7","100.61","98.70","0.05","-1.020","0.00","2.10","0.3711","0.0295","0.3817"
"WEP","26-Jul-2025","8","100.75","98.70","0.05","-0.880","0.00","2.10","0.3711","0.0295","0.3817"
"WEP","26-Jul-2025","9","100.86","98.70","0.05","-0.770","0.00","2.10","0.3711","0.0295","0.3817"
"WEP","26-Jul-2025","10","101.19","98.87","0.05","-0.620","0.00","2.10","0.3711","0.0295","0.3817"
"WEP","26-Jul-2025","11","101.48","99.01","0.06","-0.480","0.00","2.10","0.3711","0.0295","0.3817"
"WEP","26-Jul-2025","12","103.82","100.82","0.13","-0.020","0.00","2.10","0.3711","0.0295","0.3817"
"WEP","26-Jul-2025","13","103.82","101.18","0.15","-0.390","0.00","2.10","0.3711","0.0295","0.3817"
"WEP","26-Jul-2025","14","104.16","101.32","0.18","-0.230","0.00","2.10","0.3711","0.0295","0.3817"
"WEP","26-Jul-2025","15","103.92","101.33","0.21","-0.500","0.00","2.10","0.3711","0.0295","0.3817"
"WEP","26-Jul-2025","16","111.08","108.77","0.22","-0.790","0.00","2.10","0.3711","0.0295","0.3817"
"WEP","26-Jul-2025","17","111.88","108.78","0.23","-0.010","0.00","2.10","0.3711","0.0295","0.3817"
"WEP","26-Jul-2025","18","111.70","108.69","0.21","-0.080","0.00","2.10","0.3711","0.0295","0.3817"
"WEP","26-Jul-2025","19","107.93","105.67","0.16","-0.790","0.00","2.10","0.3711","0.0295","0.3817"
"WEP","26-Jul-2025","20","102.96","100.93","0.19","-1.040","0.00","2.10","0.3711","0.0295","0.3817"
"WEP","26-Jul-2025","21","103.75","101.35","0.13","-0.620","0.00","2.10","0.3711","0.0295","0.3817"
"WEP","26-Jul-2025","22","101.17","99.27","0.13","-1.110","0.00","2.10","0.3711","0.0295","0.3817"
"WEP","26-Jul-2025","23","100.95","99.23","0.13","-1.290","0.00","2.10","0.3711","0.0295","0.3817"
"WEP","26-Jul-2025","24","100.46","98.90","0.13","-1.450","0.00","2.10","0.3711","0.0295","0.3817"
"WEP","26-Jul-2025","25","100.39","98.65","0.14","-1.280","0.00","2.10","0.3711","0.0295","0.3817"
"WEP","26-Jul-2025","26","96.56","94.98","0.16","-1.470","0.00","2.10","0.3711","0.0295","0.3817"
"WEP","26-Jul-2025","27","96.65","95.10","0.14","-1.470","0.00","2.10","0.3711","0.0295","0.3817"
"WEP","26-Jul-2025","28","101.58","99.10","0.14","-0.550","0.00","2.10","0.3711","0.0295","0.3817"
"WEP","26-Jul-2025","29","98.65","95.19","0.13","0.450","0.00","2.10","0.3711","0.0295","0.3817"
"WEP","26-Jul-2025","30","97.94","94.79","0.11","0.160","0.00","2.10","0.3711","0.0295","0.3817"
"WEP","26-Jul-2025","31","98.31","94.72","0.13","0.580","0.00","2.10","0.3711","0.0295","0.3817"
"WEP","26-Jul-2025","32","93.38","90.71","0.14","-0.350","0.00","2.10","0.3711","0.0295","0.3817"
"WEP","26-Jul-2025","33","93.31","90.99","0.13","-0.690","0.00","2.10","0.3711","0.0295","0.3817"
"WEP","26-Jul-2025","34","96.40","94.76","0.14","-1.380","0.00","2.10","0.3711","0.0295","0.3817"
"WEP","26-Jul-2025","35","96.33","94.83","0.27","-1.660","0.00","2.10","0.3711","0.0295","0.3817"
"WEP","26-Jul-2025","36","96.25","95.08","0.14","-1.850","0.00","2.10","0.3711","0.0295","0.3817"
"WEP","26-Jul-2025","37","100.22","98.72","0.16","-1.540","0.00","2.10","0.3711","0.0295","0.3817"
"WEP","26-Jul-2025","38","101.25","99.21","0.19","-1.040","0.00","2.10","0.3711","0.0295","0.3817"
"WEP","26-Jul-2025","39","103.02","100.97","0.21","-1.040","0.00","2.10","0.3711","0.0295","0.3817"
"WEP","26-Jul-2025","40","103.57","101.38","0.19","-0.880","0.00","2.10","0.3711","0.0295","0.3817"
"WEP","26-Jul-2025","41","103.17","101.39","0.14","-1.240","0.00","2.10","0.3711","0.0295","0.3817"
"WEP","26-Jul-2025","42","103.40","101.39","0.17","-1.050","0.00","2.10","0.3711","0.0295","0.3817"
"WEP","26-Jul-2025","43","103.28","101.39","0.17","-1.160","0.00","2.10","0.3711","0.0295","0.3817"
"WEP","26-Jul-2025","44","102.97","100.99","0.13","-1.030","0.00","2.10","0.3711","0.0295","0.3817"
"WEP","26-Jul-2025","45","103.64","100.98","0.13","-0.360","0.00","2.10","0.3711","0.0295","0.3817"
"WEP","26-Jul-2025","46","102.57","100.09","0.12","-0.520","0.00","2.10","0.3711","0.0295","0.3817"
"WEP","26-Jul-2025","47","103.71","100.99","0.13","-0.290","0.00","2.10","0.3711","0.0295","0.3817"
"WEP","26-Jul-2025","48","102.33","99.19","0.11","0.150","0.00","2.10","0.3711","0.0295","0.3817"
"WEP","27-Jul-2025","1","102.18","98.79","0.12","0.370","0.00","2.10","0.3711","0.0304","0.3930"
"WEP","27-Jul-2025","2","101.59","98.66","0.10","-0.070","0.00","2.10","0.3711","0.0304","0.3930"
"WEP","27-Jul-2025","3","101.63","98.70","0.05","-0.020","0.00","2.10","0.3711","0.0304","0.3930"
"WEP","27-Jul-2025","4","98.47","95.67","0.05","-0.150","0.00","2.10","0.3711","0.0304","0.3930"
"WEP","27-Jul-2025","5","97.15","94.91","0.05","-0.710","0.00","2.10","0.3711","0.0304","0.3930"
"WEP","27-Jul-2025","6","97.31","94.81","0.05","-0.450","0.00","2.10","0.3711","0.0304","0.3930"
"WEP","27-Jul-2025","7","97.45","94.79","0.05","-0.290","0.00","2.10","0.3711","0.0304","0.3930"
"WEP","27-Jul-2025","8","97.62","94.81","0.05","-0.140","0.00","2.10","0.3711","0.0304","0.3930"
"WEP","27-Jul-2025","9","97.55","94.79","0.05","-0.190","0.00","2.10","0.3711","0.0304","0.3930"
"WEP","27-Jul-2025","10","97.86","94.80","0.05","0.110","0.00","2.10","0.3711","0.0304","0.3930"
"WEP","27-Jul-2025","11","97.61","94.79","0.07","-0.140","0.00","2.10","0.3711","0.0304","0.3930"
"WEP","27-Jul-2025","12","101.66","98.64","0.13","0.000","0.00","2.10","0.3711","0.0304","0.3930"
"WEP","27-Jul-2025","13","101.55","98.70","0.16","-0.200","0.00","2.10","0.3711","0.0304","0.3930"
"WEP","27-Jul-2025","14","98.38","95.63","0.19","-0.330","0.00","2.10","0.3711","0.0304","0.3930"
"WEP","27-Jul-2025","15","97.33","94.81","0.21","-0.590","0.00","2.10","0.3711","0.0304","0.3930"
"WEP","27-Jul-2025","16","101.66","98.71","0.21","-0.160","0.00","2.10","0.3711","0.0304","0.3930"
"WEP","27-Jul-2025","17","98.21","95.07","0.20","0.050","0.00","2.10","0.3711","0.0304","0.3930"
"WEP","27-Jul-2025","18","98.07","94.87","0.20","0.110","0.00","2.10","0.3711","0.0304","0.3930"
"WEP","27-Jul-2025","19","98.11","94.62","0.17","0.420","0.00","2.10","0.3711","0.0304","0.3930"
"WEP","27-Jul-2025","20","93.40","90.63","0.17","-0.300","0.00","2.10","0.3711","0.0304","0.3930"
"WEP","27-Jul-2025","21","84.75","83.55","0.14","-1.840","0.00","2.10","0.3711","0.0304","0.3930"
"WEP","27-Jul-2025","22","92.01","90.71","0.14","-1.740","0.00","2.10","0.3711","0.0304","0.3930"
"WEP","27-Jul-2025","23","93.70","90.69","0.14","-0.020","0.00","2.10","0.3711","0.0304","0.3930"
"WEP","27-Jul-2025","24","85.46","82.80","0.13","-0.370","0.00","2.10","0.3711","0.0304","0.3930"
"WEP","27-Jul-2025","25","80.77","78.15","0.14","-0.410","0.00","2.10","0.3711","0.0304","0.3930"
"WEP","27-Jul-2025","26","79.98","78.18","0.14","-1.240","0.00","2.10","0.3711","0.0304","0.3930"
"WEP","27-Jul-2025","27","92.07","91.02","0.15","-2.000","0.00","2.10","0.3711","0.0304","0.3930"
"WEP","27-Jul-2025","28","91.51","90.70","0.14","-2.220","0.00","2.10","0.3711","0.0304","0.3930"
"WEP","27-Jul-2025","29","91.73","91.04","0.13","-2.340","0.00","2.10","0.3711","0.0304","0.3930"
"WEP","27-Jul-2025","30","95.14","94.80","0.12","-2.680","0.00","2.10","0.3711","0.0304","0.3930"
"WEP","27-Jul-2025","31","96.12","94.98","0.13","-1.890","0.00","2.10","0.3711","0.0304","0.3930"
"WEP","27-Jul-2025","32","99.93","98.70","0.15","-1.810","0.00","2.10","0.3711","0.0304","0.3930"
"WEP","27-Jul-2025","33","96.16","94.90","0.13","-1.760","0.00","2.10","0.3711","0.0304","0.3930"
"WEP","27-Jul-2025","34","95.69","94.87","0.14","-2.220","0.00","2.10","0.3711","0.0304","0.3930"
"WEP","27-Jul-2025","35","96.08","95.04","0.46","-2.320","0.00","2.10","0.3711","0.0304","0.3930"
"WEP","27-Jul-2025","36","100.06","98.72","0.14","-1.700","0.00","2.10","0.3711","0.0304","0.3930"
"WEP","27-Jul-2025","37","100.79","99.15","0.15","-1.410","0.00","2.10","0.3711","0.0304","0.3930"
"WEP","27-Jul-2025","38","102.90","101.37","0.26","-1.630","0.00","2.10","0.3711","0.0304","0.3930"
"WEP","27-Jul-2025","39","110.75","108.82","0.34","-1.310","0.00","2.10","0.3711","0.0304","0.3930"
"WEP","27-Jul-2025","40","110.83","109.24","0.23","-1.540","0.00","2.10","0.3711","0.0304","0.3930"
"WEP","27-Jul-2025","41","115.17","114.16","0.18","-2.060","0.00","2.10","0.3711","0.0304","0.3930"
"WEP","27-Jul-2025","42","120.83","119.63","0.23","-1.920","0.00","2.10","0.3711","0.0304","0.3930"
"WEP","27-Jul-2025","43","133.02","132.06","0.30","-2.240","0.00","2.10","0.3711","0.0304","0.3930"
"WEP","27-Jul-2025","44","115.56","114.19","0.16","-1.690","0.00","2.10","0.3711","0.0304","0.3930"
"WEP","27-Jul-2025","45","116.00","114.07","0.15","-1.110","0.00","2.10","0.3711","0.0304","0.3930"
"WEP","27-Jul-2025","46","111.77","109.73","0.12","-0.980","0.00","2.10","0.3711","0.0304","0.3930"
"WEP","27-Jul-2025","47","108.03","105.82","0.13","-0.810","0.00","2.10","0.3711","0.0304","0.3930"
"WEP","27-Jul-2025","48","111.60","109.49","0.12","-0.900","0.00","2.10","0.3711","0.0304","0.3930"
"WEP","28-Jul-2025","1","121.87","119.23","0.13","-0.340","0.00","2.10","0.3711","0.0276","0.3571"
"WEP","28-Jul-2025","2","117.11","114.10","0.10","0.050","0.00","2.10","0.3711","0.0276","0.3571"
"WEP","28-Jul-2025","3","103.73","101.34","0.05","-0.510","0.00","2.10","0.3711","0.0276","0.3571"
"WEP","28-Jul-2025","4","103.19","101.11","0.05","-0.820","0.00","2.10","0.3711","0.0276","0.3571"
"WEP","28-Jul-2025","5","102.85","101.10","0.05","-1.150","0.00","2.10","0.3711","0.0276","0.3571"
"WEP","28-Jul-2025","6","102.31","100.96","0.05","-1.560","0.00","2.10","0.3711","0.0276","0.3571"
"WEP","28-Jul-2025","7","103.18","100.88","0.05","-0.600","0.00","2.10","0.3711","0.0276","0.3571"
"WEP","28-Jul-2025","8","103.38","100.88","0.05","-0.400","0.00","2.10","0.3711","0.0276","0.3571"
"WEP","28-Jul-2025","9","102.90","100.87","0.00","-0.820","0.00","2.10","0.3711","0.0276","0.3571"
"WEP","28-Jul-2025","10","102.96","100.88","0.05","-0.830","0.00","2.10","0.3711","0.0276","0.3571"
"WEP","28-Jul-2025","11","103.59","101.01","0.06","-0.340","0.00","2.10","0.3711","0.0276","0.3571"
"WEP","28-Jul-2025","12","104.54","101.97","0.08","-0.360","0.00","2.10","0.3711","0.0276","0.3571"
"WEP","28-Jul-2025","13","105.40","103.03","0.15","-0.640","0.00","2.10","0.3711","0.0276","0.3571"
"WEP","28-Jul-2025","14","110.48","108.69","0.16","-1.220","0.00","2.10","0.3711","0.0276","0.3571"
"WEP","28-Jul-2025","15","115.43","113.89","0.23","-1.550","0.00","2.10","0.3711","0.0276","0.3571"
"WEP","28-Jul-2025","16","124.45","122.88","0.37","-1.660","0.00","2.10","0.3711","0.0276","0.3571"
"WEP","28-Jul-2025","17","144.05","142.05","0.87","-1.730","0.00","2.10","0.3711","0.0276","0.3571"
"WEP","28-Jul-2025","18","152.39","149.97","1.01","-1.440","0.00","2.10","0.3711","0.0276","0.3571"
"WEP","28-Jul-2025","19","136.72","134.40","0.63","-1.160","0.00","2.10","0.3711","0.0276","0.3571"
"WEP","28-Jul-2025","20","118.69","116.18","0.36","-0.700","0.00","2.10","0.3711","0.0276","0.3571"
"WEP","28-Jul-2025","21","114.95","112.82","0.28","-1.010","0.00","2.10","0.3711","0.0276","0.3571"
"WEP","28-Jul-2025","22","110.84","108.84","0.23","-1.090","0.00","2.10","0.3711","0.0276","0.3571"
"WEP","28-Jul-2025","23","103.05","101.31","0.14","-1.250","0.00","2.10","0.3711","0.0276","0.3571"
"WEP","28-Jul-2025","24","96.44","94.99","0.12","-1.530","0.00","2.10","0.3711","0.0276","0.3571"
"WEP","28-Jul-2025","25","96.30","94.78","0.14","-1.480","0.00","2.10","0.3711","0.0276","0.3571"
"WEP","28-Jul-2025","26","96.55","95.02","0.11","-1.440","0.00","2.10","0.3711","0.0276","0.3571"
"WEP","28-Jul-2025","27","96.19","94.78","0.11","-1.560","0.00","2.10","0.3711","0.0276","0.3571"
"WEP","28-Jul-2025","28","95.94","94.78","0.10","-1.800","0.00","2.10","0.3711","0.0276","0.3571"
"WEP","28-Jul-2025","29","95.55","94.78","0.11","-2.200","0.00","2.10","0.3711","0.0276","0.3571"
"WEP","28-Jul-2025","30","95.67","95.01","0.12","-2.310","0.00","2.10","0.3711","0.0276","0.3571"
"WEP","28-Jul-2025","31","95.95","95.22","0.17","-2.300","0.00","2.10","0.3711","0.0276","0.3571"
"WEP","28-Jul-2025","32","96.08","95.66","0.13","-2.560","0.00","2.10","0.3711","0.0276","0.3571"
"WEP","28-Jul-2025","33","101.93","101.33","0.15","-2.400","0.00","2.10","0.3711","0.0276","0.3571"
"WEP","28-Jul-2025","34","109.60","108.99","0.28","-2.530","0.00","2.10","0.3711","0.0276","0.3571"
"WEP","28-Jul-2025","35","114.47","114.08","0.59","-3.050","0.00","2.10","0.3711","0.0276","0.3571"
"WEP","28-Jul-2025","36","116.60","116.21","0.47","-2.940","0.00","2.10","0.3711","0.0276","0.3571"
"WEP","28-Jul-2025","37","151.28","151.23","0.92","-3.730","0.00","2.10","0.3711","0.0276","0.3571"
"WEP","28-Jul-2025","38","291.47","292.35","3.20","-6.940","0.00","2.10","0.3711","0.0276","0.3571"
"WEP","28-Jul-2025","39","110.62","114.04","0.49","-6.770","0.00","2.10","0.3711","0.0276","0.3571"
"WEP","28-Jul-2025","40","113.53","116.62","0.48","-6.420","0.00","2.10","0.3711","0.0276","0.3571"
"WEP","28-Jul-2025","41","112.56","116.27","0.34","-6.910","0.00","2.10","0.3711","0.0276","0.3571"
"WEP","28-Jul-2025","42","112.34","115.78","0.34","-6.640","0.00","2.10","0.3711","0.0276","0.3571"
"WEP","28-Jul-2025","43","140.43","141.01","0.55","-3.980","0.00","2.10","0.3711","0.0276","0.3571"
"WEP","28-Jul-2025","44","114.55","114.12","0.18","-2.610","0.00","2.10","0.3711","0.0276","0.3571"
"WEP","28-Jul-2025","45","116.61","116.23","0.16","-2.630","0.00","2.10","0.3711","0.0276","0.3571"
"WEP","28-Jul-2025","46","115.25","114.18","0.12","-1.910","0.00","2.10","0.3711","0.0276","0.3571"
"WEP","28-Jul-2025","47","121.24","120.80","0.12","-2.530","0.00","2.10","0.3711","0.0276","0.3571"
"WEP","28-Jul-2025","48","115.64","114.15","0.12","-1.480","0.00","2.10","0.3711","0.0276","0.3571"
"WEP","29-Jul-2025","1","117.74","116.14","0.11","-1.360","0.00","2.10","0.3711","0.0272","0.3517"
"WEP","29-Jul-2025","2","115.85","113.96","0.10","-1.060","0.00","2.10","0.3711","0.0272","0.3517"
"WEP","29-Jul-2025","3","107.98","106.07","0.05","-0.990","0.00","2.10","0.3711","0.0272","0.3517"
"WEP","29-Jul-2025","4","102.86","101.35","0.05","-1.390","0.00","2.10","0.3711","0.0272","0.3517"
"WEP","29-Jul-2025","5","102.49","101.32","0.05","-1.730","0.00","2.10","0.3711","0.0272","0.3517"
"WEP","29-Jul-2025","6","102.41","101.22","0.05","-1.710","0.00","2.10","0.3711","0.0272","0.3517"
"WEP","29-Jul-2025","7","110.01","108.60","0.05","-1.490","0.00","2.10","0.3711","0.0272","0.3517"
"WEP","29-Jul-2025","8","109.50","108.07","0.05","-1.470","0.00","2.10","0.3711","0.0272","0.3517"
"WEP","29-Jul-2025","9","102.90","101.02","0.05","-1.020","0.00","2.10","0.3711","0.0272","0.3517"
"WEP","29-Jul-2025","10","103.14","101.11","0.05","-0.870","0.00","2.10","0.3711","0.0272","0.3517"
"WEP","29-Jul-2025","11","103.15","101.28","0.06","-1.040","0.00","2.10","0.3711","0.0272","0.3517"
"WEP","29-Jul-2025","12","110.42","108.64","0.12","-1.190","0.00","2.10","0.3711","0.0272","0.3517"
"WEP","29-Jul-2025","13","110.69","108.74","0.32","-1.220","0.00","2.10","0.3711","0.0272","0.3517"
"WEP","29-Jul-2025","14","115.67","113.88","0.36","-1.420","0.00","2.10","0.3711","0.0272","0.3517"
"WEP","29-Jul-2025","15","115.57","113.93","0.39","-1.600","0.00","2.10","0.3711","0.0272","0.3517"
"WEP","29-Jul-2025","16","143.29","141.65","0.55","-1.760","0.00","2.10","0.3711","0.0272","0.3517"
"WEP","29-Jul-2025","17","291.34","288.21","2.10","-1.820","0.00","2.10","0.3711","0.0272","0.3517"
"WEP","29-Jul-2025","18","329.04","324.40","3.32","-1.530","0.00","2.10","0.3711","0.0272","0.3517"
"WEP","29-Jul-2025","19","173.65","170.94","1.03","-1.170","0.00","2.10","0.3711","0.0272","0.3517"
"WEP","29-Jul-2025","20","136.96","134.94","0.63","-1.460","0.00","2.10","0.3711","0.0272","0.3517"
"WEP","29-Jul-2025","21","136.66","134.94","0.45","-1.580","0.00","2.10","0.3711","0.0272","0.3517"
"WEP","29-Jul-2025","22","115.81","114.04","0.27","-1.350","0.00","2.10","0.3711","0.0272","0.3517"
"WEP","29-Jul-2025","23","110.61","108.83","0.21","-1.280","0.00","2.10","0.3711","0.0272","0.3517"
"WEP","29-Jul-2025","24","101.06","99.33","0.12","-1.240","0.00","2.10","0.3711","0.0272","0.3517"
"WEP","29-Jul-2025","25","97.09","95.52","0.13","-1.410","0.00","2.10","0.3711","0.0272","0.3517"
"WEP","29-Jul-2025","26","96.29","95.11","0.13","-1.800","0.00","2.10","0.3711","0.0272","0.3517"
"WEP","29-Jul-2025","27","96.61","95.54","0.13","-1.910","0.00","2.10","0.3711","0.0272","0.3517"
"WEP","29-Jul-2025","28","96.58","95.23","0.12","-1.620","0.00","2.10","0.3711","0.0272","0.3517"
"WEP","29-Jul-2025","29","95.88","95.12","0.11","-2.200","0.00","2.10","0.3711","0.0272","0.3517"
"WEP","29-Jul-2025","30","95.60","95.24","0.10","-2.590","0.00","2.10","0.3711","0.0272","0.3517"
"WEP","29-Jul-2025","31","101.55","101.28","0.11","-2.690","0.00","2.10","0.3711","0.0272","0.3517"
"WEP","29-Jul-2025","32","102.78","102.30","0.14","-2.510","0.00","2.10","0.3711","0.0272","0.3517"
"WEP","29-Jul-2025","33","105.34","104.76","0.15","-2.420","0.00","2.10","0.3711","0.0272","0.3517"
"WEP","29-Jul-2025","34","109.95","109.48","0.23","-2.610","0.00","2.10","0.3711","0.0272","0.3517"
"WEP","29-Jul-2025","35","114.31","114.11","0.53","-3.180","0.00","2.10","0.3711","0.0272","0.3517"
"WEP","29-Jul-2025","36","118.57","118.43","0.31","-3.020","0.00","2.10","0.3711","0.0272","0.3517"
"WEP","29-Jul-2025","37","201.31","201.08","1.31","-3.930","0.00","2.10","0.3711","0.0272","0.3517"
"WEP","29-Jul-2025","38","347.40","347.08","4.04","-6.570","0.00","2.10","0.3711","0.0272","0.3517"
"WEP","29-Jul-2025","39","451.54","452.06","4.62","-8.010","0.02","2.10","0.3711","0.0272","0.3517"
"WEP","29-Jul-2025","40","564.01","565.13","4.13","-10.800","2.70","2.10","0.3711","0.0272","0.3517"
"WEP","29-Jul-2025","41","1126.85","1137.06","3.25","-19.180","2.87","2.10","0.3711","0.0272","0.3517"
"WEP","29-Jul-2025","42","1116.69","1124.03","3.36","-16.250","2.70","2.10","0.3711","0.0272","0.3517"
"WEP","29-Jul-2025","43","1121.32","1115.05","4.24","-12.540","11.71","2.10","0.3711","0.0272","0.3517"
"WEP","29-Jul-2025","44","618.43","621.69","0.58","-6.690","0.00","2.10","0.3711","0.0272","0.3517"
"WEP","29-Jul-2025","45","300.29","299.49","0.40","-2.450","0.00","2.10","0.3711","0.0272","0.3517"
"WEP","29-Jul-2025","46","143.98","142.12","0.26","-1.250","0.00","2.10","0.3711","0.0272","0.3517"
"WEP","29-Jul-2025","47","138.45","136.56","0.21","-1.170","0.00","2.10","0.3711","0.0272","0.3517"
"WEP","29-Jul-2025","48","133.31","130.44","0.12","-0.100","0.00","2.10","0.3711","0.0272","0.3517"
"WEP","30-Jul-2025","1","138.35","136.90","0.12","-1.520","0.00","2.10","0.3711","0.0272","0.3514"
"WEP","30-Jul-2025","2","117.56","116.14","0.10","-1.530","0.00","2.10","0.3711","0.0272","0.3514"
"WEP","30-Jul-2025","3","115.57","113.97","0.05","-1.300","0.00","2.10","0.3711","0.0272","0.3514"
"WEP","30-Jul-2025","4","110.23","108.84","0.05","-1.510","0.00","2.10","0.3711","0.0272","0.3514"
"WEP","30-Jul-2025","5","107.83","106.70","0.05","-1.770","0.00","2.10","0.3711","0.0272","0.3514"
"WEP","30-Jul-2025","6","102.33","101.31","0.05","-1.880","0.00","2.10","0.3711","0.0272","0.3514"
"WEP","30-Jul-2025","7","102.42","101.21","0.05","-1.690","0.00","2.10","0.3711","0.0272","0.3514"
"WEP","30-Jul-2025","8","102.37","101.22","0.05","-1.750","0.00","2.10","0.3711","0.0272","0.3514"
"WEP","30-Jul-2025","9","102.13","101.20","0.05","-1.970","0.00","2.10","0.3711","0.0272","0.3514"
"WEP","30-Jul-2025","10","102.21","101.30","0.05","-1.990","0.00","2.10","0.3711","0.0272","0.3514"
"WEP","30-Jul-2025","11","106.51","105.74","0.06","-2.140","0.00","2.10","0.3711","0.0272","0.3514"
"WEP","30-Jul-2025","12","114.84","113.78","0.12","-1.910","0.00","2.10","0.3711","0.0272","0.3514"
"WEP","30-Jul-2025","13","115.05","113.86","0.36","-2.020","0.00","2.10","0.3711","0.0272","0.3514"
"WEP","30-Jul-2025","14","117.10","116.11","0.51","-2.370","0.00","2.10","0.3711","0.0272","0.3514"
"WEP","30-Jul-2025","15","117.32","115.85","0.58","-1.960","0.00","2.10","0.3711","0.0272","0.3514"
"WEP","30-Jul-2025","16","151.32","149.95","0.64","-2.120","0.00","2.10","0.3711","0.0272","0.3514"
"WEP","30-Jul-2025","17","417.21","413.61","3.98","-3.230","0.00","2.10","0.3711","0.0272","0.3514"
"WEP","30-Jul-2025","18","174.61","170.93","1.66","-0.830","0.00","2.10","0.3711","0.0272","0.3514"
"WEP","30-Jul-2025","19","144.52","142.11","0.75","-1.190","0.00","2.10","0.3711","0.0272","0.3514"
"WEP","30-Jul-2025","20","163.57","161.70","1.04","-2.020","0.00","2.10","0.3711","0.0272","0.3514"
"WEP","30-Jul-2025","21","173.09","170.95","0.88","-1.590","0.00","2.10","0.3711","0.0272","0.3514"
"WEP","30-Jul-2025","22","118.07","116.21","0.37","-1.350","0.00","2.10","0.3711","0.0272","0.3514"
"WEP","30-Jul-2025","23","102.80","101.41","0.14","-1.600","0.00","2.10","0.3711","0.0272","0.3514"
"WEP","30-Jul-2025","24","102.18","101.10","0.12","-1.890","0.00","2.10","0.3711","0.0272","0.3514"
"WEP","30-Jul-2025","25","96.39","95.24","0.13","-1.830","0.00","2.10","0.3711","0.0272","0.3514"
"WEP","30-Jul-2025","26","96.10","95.23","0.14","-2.120","0.00","2.10","0.3711","0.0272","0.3514"
"WEP","30-Jul-2025","27","95.51","95.23","0.12","-2.690","0.00","2.10","0.3711","0.0272","0.3514"
"WEP","30-Jul-2025","28","96.23","95.23","0.12","-1.970","0.00","2.10","0.3711","0.0272","0.3514"
"WEP","30-Jul-2025","29","110.07","108.93","0.19","-1.900","0.00","2.10","0.3711","0.0272","0.3514"
"WEP","30-Jul-2025","30","102.60","101.18","0.11","-1.540","0.00","2.10","0.3711","0.0272","0.3514"
"WEP","30-Jul-2025","31","95.79","95.23","0.11","-2.400","0.00","2.10","0.3711","0.0272","0.3514"
"WEP","30-Jul-2025","32","101.16","101.22","0.13","-3.040","0.00","2.10","0.3711","0.0272","0.3514"
"WEP","30-Jul-2025","33","101.20","101.40","0.12","-3.170","0.00","2.10","0.3711","0.0272","0.3514"
"WEP","30-Jul-2025","34","113.89","114.07","0.30","-3.330","0.00","2.10","0.3711","0.0272","0.3514"
"WEP","30-Jul-2025","35","109.37","108.93","0.62","-3.030","0.00","2.10","0.3711","0.0272","0.3514"
"WEP","30-Jul-2025","36","106.43","106.32","0.28","-3.020","0.00","2.10","0.3711","0.0272","0.3514"
"WEP","30-Jul-2025","37","111.88","111.34","0.45","-2.760","0.00","2.10","0.3711","0.0272","0.3514"
"WEP","30-Jul-2025","38","116.35","116.28","0.48","-3.260","0.00","2.10","0.3711","0.0272","0.3514"
"WEP","30-Jul-2025","39","133.51","132.70","0.80","-2.840","0.00","2.10","0.3711","0.0272","0.3514"
"WEP","30-Jul-2025","40","173.98","173.40","1.07","-3.340","0.00","2.10","0.3711","0.0272","0.3514"
"WEP","30-Jul-2025","41","218.73","219.16","0.93","-4.210","0.00","2.10","0.3711","0.0272","0.3514"
"WEP","30-Jul-2025","42","255.13","254.90","0.78","-3.400","0.00","2.10","0.3711","0.0272","0.3514"
"WEP","30-Jul-2025","43","255.85","254.84","0.60","-2.440","0.00","2.10","0.3711","0.0272","0.3514"
"WEP","30-Jul-2025","44","117.28","116.26","0.26","-2.090","0.00","2.10","0.3711","0.0272","0.3514"
"WEP","30-Jul-2025","45","120.26","119.03","0.17","-1.790","0.00","2.10","0.3711","0.0272","0.3514"
"WEP","30-Jul-2025","46","115.47","114.07","0.12","-1.570","0.00","2.10","0.3711","0.0272","0.3514"
"WEP","30-Jul-2025","47","115.49","114.03","0.14","-1.530","0.00","2.10","0.3711","0.0272","0.3514"
"WEP","30-Jul-2025","48","114.09","111.76","0.12","-0.640","0.00","2.10","0.3711","0.0272","0.3514"
"WEP","31-Jul-2025","1","117.52","113.98","0.12","0.560","0.00","2.10","0.3711","0.0275","0.3556"
"WEP","31-Jul-2025","2","114.39","111.48","0.06","0.000","0.00","2.10","0.3711","0.0275","0.3556"
"WEP","31-Jul-2025","3","112.11","108.79","0.05","0.420","0.00","2.10","0.3711","0.0275","0.3556"
"WEP","31-Jul-2025","4","111.59","108.64","0.05","0.040","0.00","2.10","0.3711","0.0275","0.3556"
"WEP","31-Jul-2025","5","111.43","108.64","0.05","-0.110","0.00","2.10","0.3711","0.0275","0.3556"
"WEP","31-Jul-2025","6","109.24","106.68","0.06","-0.360","0.00","2.10","0.3711","0.0275","0.3556"
"WEP","31-Jul-2025","7","109.05","106.67","0.09","-0.570","0.00","2.10","0.3711","0.0275","0.3556"
"WEP","31-Jul-2025","8","108.44","105.84","0.06","-0.320","0.00","2.10","0.3711","0.0275","0.3556"
"WEP","31-Jul-2025","9","108.06","105.84","0.06","-0.700","0.00","2.10","0.3711","0.0275","0.3556"
"WEP","31-Jul-2025","10","108.73","106.67","0.06","-0.850","0.00","2.10","0.3711","0.0275","0.3556"
"WEP","31-Jul-2025","11","110.77","108.64","0.06","-0.780","0.00","2.10","0.3711","0.0275","0.3556"
"WEP","31-Jul-2025","12","116.57","113.84","0.13","-0.260","0.00","2.10","0.3711","0.0275","0.3556"
"WEP","31-Jul-2025","13","118.98","115.81","0.33","-0.010","0.00","2.10","0.3711","0.0275","0.3556"
"WEP","31-Jul-2025","14","118.81","116.11","0.39","-0.550","0.00","2.10","0.3711","0.0275","0.3556"
"WEP","31-Jul-2025","15","125.75","123.38","0.58","-1.060","0.00","2.10","0.3711","0.0275","0.3556"
"WEP","31-Jul-2025","16","168.66","167.21","0.57","-1.980","0.00","2.10","0.3711","0.0275","0.3556"
"WEP","31-Jul-2025","17","173.59","170.77","0.59","-0.620","0.00","2.10","0.3711","0.0275","0.3556"
"WEP","31-Jul-2025","18","158.41","155.44","0.71","-0.600","0.00","2.10","0.3711","0.0275","0.3556"
"WEP","31-Jul-2025","19","118.60","115.35","0.46","-0.070","0.00","2.10","0.3711","0.0275","0.3556"
"WEP","31-Jul-2025","20","117.11","113.72","0.46","0.080","0.00","2.10","0.3711","0.0275","0.3556"
"WEP","31-Jul-2025","21","106.89","104.18","0.17","-0.310","0.00","2.10","0.3711","0.0275","0.3556"
"WEP","31-Jul-2025","22","106.24","103.78","0.17","-0.560","0.00","2.10","0.3711","0.0275","0.3556"
"WEP","31-Jul-2025","23","112.26","110.62","0.18","-1.390","0.00","2.10","0.3711","0.0275","0.3556"
"WEP","31-Jul-2025","24","103.41","101.41","0.12","-0.970","0.00","2.10","0.3711","0.0275","0.3556"
"WEP","31-Jul-2025","25","97.24","95.25","0.17","-1.040","0.00","2.10","0.3711","0.0275","0.3556"
"WEP","31-Jul-2025","26","97.10","95.27","0.18","-1.200","0.00","2.10","0.3711","0.0275","0.3556"
"WEP","31-Jul-2025","27","102.52","100.98","0.17","-1.480","0.00","2.10","0.3711","0.0275","0.3556"
"WEP","31-Jul-2025","28","102.25","100.69","0.14","-1.430","0.00","2.10","0.3711","0.0275","0.3556"
"WEP","31-Jul-2025","29","101.87","100.66","0.13","-1.770","0.00","2.10","0.3711","0.0275","0.3556"
"WEP","31-Jul-2025","30","102.29","100.95","0.12","-1.640","0.00","2.10","0.3711","0.0275","0.3556"
"WEP","31-Jul-2025","31","102.48","100.97","0.15","-1.500","0.00","2.10","0.3711","0.0275","0.3556"
"WEP","31-Jul-2025","32","102.02","101.02","0.25","-2.100","0.00","2.10","0.3711","0.0275","0.3556"
"WEP","31-Jul-2025","33","115.76","114.07","0.29","-1.450","0.00","2.10","0.3711","0.0275","0.3556"
"WEP","31-Jul-2025","34","117.89","116.20","0.32","-1.480","0.00","2.10","0.3711","0.0275","0.3556"
"WEP","31-Jul-2025","35","115.61","114.07","0.69","-2.000","0.00","2.10","0.3711","0.0275","0.3556"
"WEP","31-Jul-2025","36","117.20","116.21","0.43","-2.290","0.00","2.10","0.3711","0.0275","0.3556"
"WEP","31-Jul-2025","37","148.07","145.95","0.63","-1.370","0.00","2.10","0.3711","0.0275","0.3556"
"WEP","31-Jul-2025","38","202.16","200.76","1.17","-2.620","0.00","2.10","0.3711","0.0275","0.3556"
"WEP","31-Jul-2025","39","202.93","200.79","0.83","-1.540","0.00","2.10","0.3711","0.0275","0.3556"
"WEP","31-Jul-2025","40","220.97","221.02","0.80","-3.700","0.00","2.10","0.3711","0.0275","0.3556"
"WEP","31-Jul-2025","41","260.39","261.20","0.94","-4.600","0.00","2.10","0.3711","0.0275","0.3556"
"WEP","31-Jul-2025","42","4441.88","4473.42","4.35","-41.040","2.30","2.10","0.3711","0.0275","0.3556"
"WEP","31-Jul-2025","43","4450.88","4460.90","4.39","-17.260","0.00","2.10","0.3711","0.0275","0.3556"
"WEP","31-Jul-2025","44","993.49","991.60","2.12","-3.080","0.00","2.10","0.3711","0.0275","0.3556"
"WEP","31-Jul-2025","45","515.57","512.99","2.16","-2.470","0.04","2.10","0.3711","0.0275","0.3556"
"WEP","31-Jul-2025","46","203.93","201.56","0.61","-1.090","0.00","2.10","0.3711","0.0275","0.3556"
"WEP","31-Jul-2025","47","202.24","200.79","0.48","-1.880","0.00","2.10","0.3711","0.0275","0.3556"
"WEP","31-Jul-2025","48","202.89","200.59","0.41","-0.960","0.00","2.10","0.3711","0.0275","0.3556"
