"INFORMATION TYPE","DATE","PERIOD","WEP ($/MWh)","USEP ($/MWh)","AFP ($/MWh)","HEUR ($/MWh)","HLCU ($/MWh)","MEUC ($/MWh)","EMC Price Cap Fees ($/MWh)","EMC Price Adj Fees ($/MWh)","PSO Fees ($/MWh)"
"WEP","01-May-2025","1","103.09","103.40","0.12","-1.430","0.00","0.19","0.3686","0.0313","0.4039"
"WEP","01-May-2025","2","100.44","101.13","0.07","-1.760","0.00","0.19","0.3686","0.0313","0.4039"
"WEP","01-May-2025","3","110.74","110.96","0.05","-1.260","0.00","0.19","0.3686","0.0313","0.4039"
"WEP","01-May-2025","4","99.63","99.52","0.05","-0.930","0.00","0.19","0.3686","0.0313","0.4039"
"WEP","01-May-2025","5","92.68","93.66","0.05","-2.030","0.00","0.19","0.3686","0.0313","0.4039"
"WEP","01-May-2025","6","90.93","91.50","0.05","-1.610","0.00","0.19","0.3686","0.0313","0.4039"
"WEP","01-May-2025","7","91.60","91.44","0.05","-0.890","0.00","0.19","0.3686","0.0313","0.4039"
"WEP","01-May-2025","8","91.55","91.38","0.06","-0.880","0.00","0.19","0.3686","0.0313","0.4039"
"WEP","01-May-2025","9","91.28","91.37","0.05","-1.130","0.00","0.19","0.3686","0.0313","0.4039"
"WEP","01-May-2025","10","91.66","91.30","0.05","-0.680","0.00","0.19","0.3686","0.0313","0.4039"
"WEP","01-May-2025","11","94.41","94.28","0.11","-0.970","0.00","0.19","0.3686","0.0313","0.4039"
"WEP","01-May-2025","12","98.01","97.59","0.17","-0.740","0.00","0.19","0.3686","0.0313","0.4039"
"WEP","01-May-2025","13","101.00","101.12","0.37","-1.480","0.00","0.19","0.3686","0.0313","0.4039"
"WEP","01-May-2025","14","101.54","101.14","0.45","-1.040","0.00","0.19","0.3686","0.0313","0.4039"
"WEP","01-May-2025","15","104.36","103.77","0.50","-0.910","0.00","0.19","0.3686","0.0313","0.4039"
"WEP","01-May-2025","16","111.93","111.34","0.53","-0.940","0.00","0.19","0.3686","0.0313","0.4039"
"WEP","01-May-2025","17","111.98","111.35","0.45","-0.820","0.00","0.19","0.3686","0.0313","0.4039"
"WEP","01-May-2025","18","102.82","102.23","0.46","-0.860","0.00","0.19","0.3686","0.0313","0.4039"
"WEP","01-May-2025","19","101.47","101.32","0.24","-1.080","0.00","0.19","0.3686","0.0313","0.4039"
"WEP","01-May-2025","20","92.25","91.67","0.20","-0.610","0.00","0.19","0.3686","0.0313","0.4039"
"WEP","01-May-2025","21","95.40","95.30","0.15","-1.040","0.00","0.19","0.3686","0.0313","0.4039"
"WEP","01-May-2025","22","92.09","91.64","0.14","-0.680","0.00","0.19","0.3686","0.0313","0.4039"
"WEP","01-May-2025","23","91.13","91.55","0.14","-1.560","0.00","0.19","0.3686","0.0313","0.4039"
"WEP","01-May-2025","24","90.73","91.52","0.13","-1.910","0.00","0.19","0.3686","0.0313","0.4039"
"WEP","01-May-2025","25","91.45","91.76","0.15","-1.450","0.00","0.19","0.3686","0.0313","0.4039"
"WEP","01-May-2025","26","91.62","91.66","0.15","-1.190","0.00","0.19","0.3686","0.0313","0.4039"
"WEP","01-May-2025","27","91.43","91.34","0.14","-1.040","0.00","0.19","0.3686","0.0313","0.4039"
"WEP","01-May-2025","28","88.70","89.07","0.14","-1.510","0.00","0.19","0.3686","0.0313","0.4039"
"WEP","01-May-2025","29","86.61","87.48","0.13","-1.990","0.00","0.19","0.3686","0.0313","0.4039"
"WEP","01-May-2025","30","90.66","91.69","0.08","-2.100","0.00","0.19","0.3686","0.0313","0.4039"
"WEP","01-May-2025","31","108.49","109.56","0.13","-2.190","0.00","0.19","0.3686","0.0313","0.4039"
"WEP","01-May-2025","32","116.04","117.20","0.23","-2.380","0.00","0.19","0.3686","0.0313","0.4039"
"WEP","01-May-2025","33","136.41","136.76","0.20","-1.540","0.00","0.19","0.3686","0.0313","0.4039"
"WEP","01-May-2025","34","127.11","126.52","0.25","-0.650","0.00","0.19","0.3686","0.0313","0.4039"
"WEP","01-May-2025","35","117.19","117.04","0.48","-1.330","0.00","0.19","0.3686","0.0313","0.4039"
"WEP","01-May-2025","36","124.89","124.98","0.23","-1.310","0.00","0.19","0.3686","0.0313","0.4039"
"WEP","01-May-2025","37","117.05","117.19","0.26","-1.390","0.00","0.19","0.3686","0.0313","0.4039"
"WEP","01-May-2025","38","126.69","127.36","0.38","-2.040","0.00","0.19","0.3686","0.0313","0.4039"
"WEP","01-May-2025","39","166.81","167.68","0.70","-2.560","0.00","0.19","0.3686","0.0313","0.4039"
"WEP","01-May-2025","40","207.82","208.79","1.22","-3.180","0.00","0.19","0.3686","0.0313","0.4039"
"WEP","01-May-2025","41","279.51","280.25","1.73","-3.470","0.00","0.19","0.3686","0.0313","0.4039"
"WEP","01-May-2025","42","279.60","280.20","1.75","-3.340","0.00","0.19","0.3686","0.0313","0.4039"
"WEP","01-May-2025","43","216.00","216.94","1.03","-2.960","0.00","0.19","0.3686","0.0313","0.4039"
"WEP","01-May-2025","44","157.15","157.57","0.29","-1.710","0.00","0.19","0.3686","0.0313","0.4039"
"WEP","01-May-2025","45","129.64","129.59","0.16","-1.100","0.00","0.19","0.3686","0.0313","0.4039"
"WEP","01-May-2025","46","129.75","129.59","0.13","-0.970","0.00","0.19","0.3686","0.0313","0.4039"
"WEP","01-May-2025","47","123.01","122.60","0.17","-0.750","0.00","0.19","0.3686","0.0313","0.4039"
"WEP","01-May-2025","48","117.29","117.02","0.13","-0.850","0.00","0.19","0.3686","0.0313","0.4039"
"WEP","02-May-2025","1","127.35","126.67","0.24","-0.530","0.00","0.19","0.3686","0.0293","0.3781"
"WEP","02-May-2025","2","128.67","127.67","0.18","-0.140","0.00","0.19","0.3686","0.0293","0.3781"
"WEP","02-May-2025","3","118.36","117.21","0.09","0.090","0.00","0.19","0.3686","0.0293","0.3781"
"WEP","02-May-2025","4","112.49","110.89","0.10","0.530","0.00","0.19","0.3686","0.0293","0.3781"
"WEP","02-May-2025","5","103.68","103.20","0.06","-0.550","0.00","0.19","0.3686","0.0293","0.3781"
"WEP","02-May-2025","6","102.20","101.12","0.06","0.050","0.00","0.19","0.3686","0.0293","0.3781"
"WEP","02-May-2025","7","101.76","101.14","0.06","-0.410","0.00","0.19","0.3686","0.0293","0.3781"
"WEP","02-May-2025","8","101.65","101.11","0.06","-0.490","0.00","0.19","0.3686","0.0293","0.3781"
"WEP","02-May-2025","9","101.29","101.11","0.06","-0.850","0.00","0.19","0.3686","0.0293","0.3781"
"WEP","02-May-2025","10","101.12","101.15","0.06","-1.050","0.00","0.19","0.3686","0.0293","0.3781"
"WEP","02-May-2025","11","109.91","108.71","0.11","0.120","0.00","0.19","0.3686","0.0293","0.3781"
"WEP","02-May-2025","12","117.03","115.24","0.17","0.660","0.00","0.19","0.3686","0.0293","0.3781"
"WEP","02-May-2025","13","119.97","118.74","0.32","-0.050","0.00","0.19","0.3686","0.0293","0.3781"
"WEP","02-May-2025","14","126.31","125.20","0.41","-0.270","0.00","0.19","0.3686","0.0293","0.3781"
"WEP","02-May-2025","15","119.39","118.65","0.42","-0.640","0.00","0.19","0.3686","0.0293","0.3781"
"WEP","02-May-2025","16","125.31","124.41","0.44","-0.500","0.00","0.19","0.3686","0.0293","0.3781"
"WEP","02-May-2025","17","125.04","124.44","0.26","-0.620","0.00","0.19","0.3686","0.0293","0.3781"
"WEP","02-May-2025","18","119.38","118.64","0.34","-0.560","0.00","0.19","0.3686","0.0293","0.3781"
"WEP","02-May-2025","19","117.05","117.20","0.18","-1.290","0.00","0.19","0.3686","0.0293","0.3781"
"WEP","02-May-2025","20","122.82","122.62","0.20","-0.970","0.00","0.19","0.3686","0.0293","0.3781"
"WEP","02-May-2025","21","121.68","120.98","0.14","-0.400","0.00","0.19","0.3686","0.0293","0.3781"
"WEP","02-May-2025","22","120.36","120.17","0.14","-0.920","0.00","0.19","0.3686","0.0293","0.3781"
"WEP","02-May-2025","23","114.43","115.03","0.12","-1.690","0.00","0.19","0.3686","0.0293","0.3781"
"WEP","02-May-2025","24","110.62","110.76","0.12","-1.230","0.00","0.19","0.3686","0.0293","0.3781"
"WEP","02-May-2025","25","115.06","115.16","0.14","-1.210","0.00","0.19","0.3686","0.0293","0.3781"
"WEP","02-May-2025","26","115.61","115.12","0.14","-0.620","0.00","0.19","0.3686","0.0293","0.3781"
"WEP","02-May-2025","27","104.37","104.62","0.13","-1.340","0.00","0.19","0.3686","0.0293","0.3781"
"WEP","02-May-2025","28","98.13","98.58","0.13","-1.540","0.00","0.19","0.3686","0.0293","0.3781"
"WEP","02-May-2025","29","100.85","101.15","0.12","-1.380","0.00","0.19","0.3686","0.0293","0.3781"
"WEP","02-May-2025","30","94.90","96.14","0.11","-2.320","0.00","0.19","0.3686","0.0293","0.3781"
"WEP","02-May-2025","31","109.31","110.37","0.12","-2.140","0.00","0.19","0.3686","0.0293","0.3781"
"WEP","02-May-2025","32","111.00","111.37","0.13","-1.470","0.00","0.19","0.3686","0.0293","0.3781"
"WEP","02-May-2025","33","110.60","111.41","0.12","-1.890","0.00","0.19","0.3686","0.0293","0.3781"
"WEP","02-May-2025","34","113.74","115.06","0.16","-2.440","0.00","0.19","0.3686","0.0293","0.3781"
"WEP","02-May-2025","35","121.20","122.40","0.46","-2.620","0.00","0.19","0.3686","0.0293","0.3781"
"WEP","02-May-2025","36","131.73","132.90","0.28","-2.420","0.00","0.19","0.3686","0.0293","0.3781"
"WEP","02-May-2025","37","162.46","163.54","0.36","-2.410","0.00","0.19","0.3686","0.0293","0.3781"
"WEP","02-May-2025","38","156.57","157.29","0.43","-2.120","0.00","0.19","0.3686","0.0293","0.3781"
"WEP","02-May-2025","39","178.26","178.54","0.39","-1.630","0.00","0.19","0.3686","0.0293","0.3781"
"WEP","02-May-2025","40","193.76","194.83","0.38","-2.420","0.00","0.19","0.3686","0.0293","0.3781"
"WEP","02-May-2025","41","162.94","163.77","0.30","-2.100","0.00","0.19","0.3686","0.0293","0.3781"
"WEP","02-May-2025","42","193.21","194.81","0.31","-2.880","0.00","0.19","0.3686","0.0293","0.3781"
"WEP","02-May-2025","43","161.46","162.51","0.17","-2.190","0.00","0.19","0.3686","0.0293","0.3781"
"WEP","02-May-2025","44","136.65","137.45","0.12","-1.890","0.00","0.19","0.3686","0.0293","0.3781"
"WEP","02-May-2025","45","136.42","136.53","0.13","-1.200","0.00","0.19","0.3686","0.0293","0.3781"
"WEP","02-May-2025","46","125.56","125.34","0.13","-0.880","0.00","0.19","0.3686","0.0293","0.3781"
"WEP","02-May-2025","47","117.64","117.09","0.13","-0.550","0.00","0.19","0.3686","0.0293","0.3781"
"WEP","02-May-2025","48","111.63","111.29","0.13","-0.760","0.00","0.19","0.3686","0.0293","0.3781"
"WEP","03-May-2025","1","104.77","104.34","0.13","-0.690","0.00","0.19","0.3686","0.0310","0.4003"
"WEP","03-May-2025","2","98.31","97.88","0.10","-0.660","0.00","0.19","0.3686","0.0310","0.4003"
"WEP","03-May-2025","3","98.27","98.29","0.06","-1.070","0.00","0.19","0.3686","0.0310","0.4003"
"WEP","03-May-2025","4","96.47","95.56","0.05","-0.130","0.00","0.19","0.3686","0.0310","0.4003"
"WEP","03-May-2025","5","95.50","95.28","0.05","-0.820","0.00","0.19","0.3686","0.0310","0.4003"
"WEP","03-May-2025","6","95.59","95.30","0.05","-0.750","0.00","0.19","0.3686","0.0310","0.4003"
"WEP","03-May-2025","7","95.95","95.24","0.05","-0.330","0.00","0.19","0.3686","0.0310","0.4003"
"WEP","03-May-2025","8","95.50","95.30","0.06","-0.850","0.00","0.19","0.3686","0.0310","0.4003"
"WEP","03-May-2025","9","96.18","95.30","0.06","-0.170","0.00","0.19","0.3686","0.0310","0.4003"
"WEP","03-May-2025","10","96.35","95.43","0.06","-0.130","0.00","0.19","0.3686","0.0310","0.4003"
"WEP","03-May-2025","11","96.21","95.41","0.11","-0.300","0.00","0.19","0.3686","0.0310","0.4003"
"WEP","03-May-2025","12","96.59","95.69","0.15","-0.240","0.00","0.19","0.3686","0.0310","0.4003"
"WEP","03-May-2025","13","97.03","96.34","0.17","-0.470","0.00","0.19","0.3686","0.0310","0.4003"
"WEP","03-May-2025","14","97.56","97.42","0.21","-1.060","0.00","0.19","0.3686","0.0310","0.4003"
"WEP","03-May-2025","15","98.60","98.59","0.28","-1.260","0.00","0.19","0.3686","0.0310","0.4003"
"WEP","03-May-2025","16","112.29","112.57","0.47","-1.740","0.00","0.19","0.3686","0.0310","0.4003"
"WEP","03-May-2025","17","117.74","117.01","0.45","-0.710","0.00","0.19","0.3686","0.0310","0.4003"
"WEP","03-May-2025","18","117.69","117.12","0.47","-0.890","0.00","0.19","0.3686","0.0310","0.4003"
"WEP","03-May-2025","19","116.33","115.04","0.35","-0.050","0.00","0.19","0.3686","0.0310","0.4003"
"WEP","03-May-2025","20","106.49","104.62","0.25","0.630","0.00","0.19","0.3686","0.0310","0.4003"
"WEP","03-May-2025","21","92.08","91.66","0.14","-0.710","0.00","0.19","0.3686","0.0310","0.4003"
"WEP","03-May-2025","22","92.25","91.48","0.14","-0.360","0.00","0.19","0.3686","0.0310","0.4003"
"WEP","03-May-2025","23","92.25","91.69","0.13","-0.560","0.00","0.19","0.3686","0.0310","0.4003"
"WEP","03-May-2025","24","91.35","91.29","0.13","-1.060","0.00","0.19","0.3686","0.0310","0.4003"
"WEP","03-May-2025","25","84.39","85.04","0.14","-1.780","0.00","0.19","0.3686","0.0310","0.4003"
"WEP","03-May-2025","26","85.41","86.05","0.15","-1.780","0.00","0.19","0.3686","0.0310","0.4003"
"WEP","03-May-2025","27","85.76","86.04","0.14","-1.410","0.00","0.19","0.3686","0.0310","0.4003"
"WEP","03-May-2025","28","86.10","86.03","0.14","-1.060","0.00","0.19","0.3686","0.0310","0.4003"
"WEP","03-May-2025","29","85.29","85.04","0.10","-0.840","0.00","0.19","0.3686","0.0310","0.4003"
"WEP","03-May-2025","30","84.89","85.04","0.07","-1.210","0.00","0.19","0.3686","0.0310","0.4003"
"WEP","03-May-2025","31","85.66","86.06","0.08","-1.470","0.00","0.19","0.3686","0.0310","0.4003"
"WEP","03-May-2025","32","90.54","91.75","0.14","-2.340","0.00","0.19","0.3686","0.0310","0.4003"
"WEP","03-May-2025","33","90.26","91.52","0.08","-2.330","0.00","0.19","0.3686","0.0310","0.4003"
"WEP","03-May-2025","34","106.17","107.15","0.20","-2.170","0.00","0.19","0.3686","0.0310","0.4003"
"WEP","03-May-2025","35","114.90","115.19","0.49","-1.770","0.00","0.19","0.3686","0.0310","0.4003"
"WEP","03-May-2025","36","116.02","116.65","0.23","-1.850","0.00","0.19","0.3686","0.0310","0.4003"
"WEP","03-May-2025","37","125.72","126.12","0.38","-1.770","0.00","0.19","0.3686","0.0310","0.4003"
"WEP","03-May-2025","38","192.54","193.17","1.20","-2.820","0.00","0.19","0.3686","0.0310","0.4003"
"WEP","03-May-2025","39","198.67","199.34","0.35","-2.010","0.00","0.19","0.3686","0.0310","0.4003"
"WEP","03-May-2025","40","255.46","257.42","0.38","-3.330","0.00","0.19","0.3686","0.0310","0.4003"
"WEP","03-May-2025","41","255.68","257.43","0.22","-2.960","0.00","0.19","0.3686","0.0310","0.4003"
"WEP","03-May-2025","42","250.82","252.43","0.22","-2.820","0.00","0.19","0.3686","0.0310","0.4003"
"WEP","03-May-2025","43","207.63","208.74","0.22","-2.320","0.00","0.19","0.3686","0.0310","0.4003"
"WEP","03-May-2025","44","114.70","115.08","0.16","-1.530","0.00","0.19","0.3686","0.0310","0.4003"
"WEP","03-May-2025","45","102.18","101.83","0.13","-0.770","0.00","0.19","0.3686","0.0310","0.4003"
"WEP","03-May-2025","46","98.42","98.44","0.11","-1.120","0.00","0.19","0.3686","0.0310","0.4003"
"WEP","03-May-2025","47","108.98","109.84","0.15","-2.000","0.00","0.19","0.3686","0.0310","0.4003"
"WEP","03-May-2025","48","97.62","97.96","0.09","-1.420","0.00","0.19","0.3686","0.0310","0.4003"
"WEP","04-May-2025","1","91.95","91.50","0.12","-0.670","0.00","0.19","0.3686","0.0315","0.4065"
"WEP","04-May-2025","2","91.29","91.44","0.10","-1.250","0.00","0.19","0.3686","0.0315","0.4065"
"WEP","04-May-2025","3","90.92","91.21","0.06","-1.340","0.00","0.19","0.3686","0.0315","0.4065"
"WEP","04-May-2025","4","90.96","91.06","0.05","-1.140","0.00","0.19","0.3686","0.0315","0.4065"
"WEP","04-May-2025","5","90.70","90.85","0.06","-1.210","0.00","0.19","0.3686","0.0315","0.4065"
"WEP","04-May-2025","6","87.71","87.48","0.06","-0.830","0.00","0.19","0.3686","0.0315","0.4065"
"WEP","04-May-2025","7","86.83","86.03","0.06","-0.260","0.00","0.19","0.3686","0.0315","0.4065"
"WEP","04-May-2025","8","82.08","81.56","0.06","-0.540","0.00","0.19","0.3686","0.0315","0.4065"
"WEP","04-May-2025","9","82.03","81.48","0.05","-0.500","0.00","0.19","0.3686","0.0315","0.4065"
"WEP","04-May-2025","10","82.35","81.48","0.06","-0.190","0.00","0.19","0.3686","0.0315","0.4065"
"WEP","04-May-2025","11","82.51","81.47","0.07","-0.020","0.00","0.19","0.3686","0.0315","0.4065"
"WEP","04-May-2025","12","82.73","81.48","0.14","0.120","0.00","0.19","0.3686","0.0315","0.4065"
"WEP","04-May-2025","13","83.20","82.20","0.18","-0.170","0.00","0.19","0.3686","0.0315","0.4065"
"WEP","04-May-2025","14","86.43","85.99","0.22","-0.770","0.00","0.19","0.3686","0.0315","0.4065"
"WEP","04-May-2025","15","87.21","86.49","0.25","-0.530","0.00","0.19","0.3686","0.0315","0.4065"
"WEP","04-May-2025","16","91.38","91.14","0.29","-1.050","0.00","0.19","0.3686","0.0315","0.4065"
"WEP","04-May-2025","17","92.26","91.33","0.23","-0.300","0.00","0.19","0.3686","0.0315","0.4065"
"WEP","04-May-2025","18","92.35","91.23","0.25","-0.130","0.00","0.19","0.3686","0.0315","0.4065"
"WEP","04-May-2025","19","82.80","81.45","0.17","0.180","0.00","0.19","0.3686","0.0315","0.4065"
"WEP","04-May-2025","20","82.23","81.44","0.17","-0.380","0.00","0.19","0.3686","0.0315","0.4065"
"WEP","04-May-2025","21","82.12","80.76","0.15","0.210","0.00","0.19","0.3686","0.0315","0.4065"
"WEP","04-May-2025","22","77.97","77.36","0.14","-0.530","0.00","0.19","0.3686","0.0315","0.4065"
"WEP","04-May-2025","23","76.86","76.40","0.14","-0.680","0.00","0.19","0.3686","0.0315","0.4065"
"WEP","04-May-2025","24","75.75","75.39","0.13","-0.770","0.00","0.19","0.3686","0.0315","0.4065"
"WEP","04-May-2025","25","66.74","66.95","0.15","-1.350","0.00","0.19","0.3686","0.0315","0.4065"
"WEP","04-May-2025","26","72.03","72.06","0.16","-1.180","0.00","0.19","0.3686","0.0315","0.4065"
"WEP","04-May-2025","27","77.67","77.35","0.15","-0.820","0.00","0.19","0.3686","0.0315","0.4065"
"WEP","04-May-2025","28","77.84","77.36","0.14","-0.650","0.00","0.19","0.3686","0.0315","0.4065"
"WEP","04-May-2025","29","75.16","75.33","0.14","-1.310","0.00","0.19","0.3686","0.0315","0.4065"
"WEP","04-May-2025","30","76.52","77.37","0.13","-1.970","0.00","0.19","0.3686","0.0315","0.4065"
"WEP","04-May-2025","31","79.51","80.19","0.13","-1.800","0.00","0.19","0.3686","0.0315","0.4065"
"WEP","04-May-2025","32","81.71","81.62","0.15","-1.060","0.00","0.19","0.3686","0.0315","0.4065"
"WEP","04-May-2025","33","86.27","86.13","0.14","-1.000","0.00","0.19","0.3686","0.0315","0.4065"
"WEP","04-May-2025","34","93.10","93.34","0.18","-1.410","0.00","0.19","0.3686","0.0315","0.4065"
"WEP","04-May-2025","35","92.42","91.65","0.41","-0.640","0.00","0.19","0.3686","0.0315","0.4065"
"WEP","04-May-2025","36","91.30","91.68","0.17","-1.540","0.00","0.19","0.3686","0.0315","0.4065"
"WEP","04-May-2025","37","107.07","107.96","0.35","-2.230","0.00","0.19","0.3686","0.0315","0.4065"
"WEP","04-May-2025","38","115.65","116.72","0.29","-2.360","0.00","0.19","0.3686","0.0315","0.4065"
"WEP","04-May-2025","39","125.06","125.62","0.36","-1.920","0.00","0.19","0.3686","0.0315","0.4065"
"WEP","04-May-2025","40","207.43","208.74","0.39","-2.690","0.00","0.19","0.3686","0.0315","0.4065"
"WEP","04-May-2025","41","206.87","208.75","0.30","-3.180","0.00","0.19","0.3686","0.0315","0.4065"
"WEP","04-May-2025","42","207.57","208.74","0.30","-2.470","0.00","0.19","0.3686","0.0315","0.4065"
"WEP","04-May-2025","43","202.91","204.70","0.24","-3.020","0.00","0.19","0.3686","0.0315","0.4065"
"WEP","04-May-2025","44","125.36","125.46","0.13","-1.220","0.00","0.19","0.3686","0.0315","0.4065"
"WEP","04-May-2025","45","151.67","151.71","0.37","-1.400","0.00","0.19","0.3686","0.0315","0.4065"
"WEP","04-May-2025","46","124.13","124.20","0.19","-1.260","0.00","0.19","0.3686","0.0315","0.4065"
"WEP","04-May-2025","47","117.33","117.11","0.30","-1.080","0.00","0.19","0.3686","0.0315","0.4065"
"WEP","04-May-2025","48","116.52","116.71","0.21","-1.400","0.00","0.19","0.3686","0.0315","0.4065"
"WEP","05-May-2025","1","118.55","118.81","0.27","-1.490","0.00","0.19","0.3686","0.0288","0.3724"
"WEP","05-May-2025","2","114.12","113.92","0.11","-0.870","0.00","0.19","0.3686","0.0288","0.3724"
"WEP","05-May-2025","3","95.79","95.85","0.05","-1.070","0.00","0.19","0.3686","0.0288","0.3724"
"WEP","05-May-2025","4","91.30","91.70","0.05","-1.410","0.00","0.19","0.3686","0.0288","0.3724"
"WEP","05-May-2025","5","91.21","91.70","0.05","-1.500","0.00","0.19","0.3686","0.0288","0.3724"
"WEP","05-May-2025","6","91.40","91.57","0.06","-1.190","0.00","0.19","0.3686","0.0288","0.3724"
"WEP","05-May-2025","7","91.32","91.57","0.05","-1.260","0.00","0.19","0.3686","0.0288","0.3724"
"WEP","05-May-2025","8","91.41","91.57","0.06","-1.180","0.00","0.19","0.3686","0.0288","0.3724"
"WEP","05-May-2025","9","91.96","91.44","0.05","-0.490","0.00","0.19","0.3686","0.0288","0.3724"
"WEP","05-May-2025","10","92.08","91.56","0.05","-0.490","0.00","0.19","0.3686","0.0288","0.3724"
"WEP","05-May-2025","11","92.28","91.67","0.07","-0.420","0.00","0.19","0.3686","0.0288","0.3724"
"WEP","05-May-2025","12","96.90","96.13","0.14","-0.330","0.00","0.19","0.3686","0.0288","0.3724"
"WEP","05-May-2025","13","96.56","96.15","0.17","-0.720","0.00","0.19","0.3686","0.0288","0.3724"
"WEP","05-May-2025","14","113.06","112.53","0.38","-0.810","0.00","0.19","0.3686","0.0288","0.3724"
"WEP","05-May-2025","15","115.82","116.58","0.38","-2.100","0.00","0.19","0.3686","0.0288","0.3724"
"WEP","05-May-2025","16","168.78","169.74","0.59","-2.510","0.00","0.19","0.3686","0.0288","0.3724"
"WEP","05-May-2025","17","209.28","210.37","0.64","-2.690","0.00","0.19","0.3686","0.0288","0.3724"
"WEP","05-May-2025","18","173.98","173.60","0.81","-1.390","0.00","0.19","0.3686","0.0288","0.3724"
"WEP","05-May-2025","19","164.47","164.63","0.47","-1.590","0.00","0.19","0.3686","0.0288","0.3724"
"WEP","05-May-2025","20","162.18","162.75","0.47","-2.000","0.00","0.19","0.3686","0.0288","0.3724"
"WEP","05-May-2025","21","207.57","208.73","0.35","-2.470","0.00","0.19","0.3686","0.0288","0.3724"
"WEP","05-May-2025","22","202.81","203.77","0.34","-2.260","0.00","0.19","0.3686","0.0288","0.3724"
"WEP","05-May-2025","23","118.51","119.40","0.18","-2.030","0.00","0.19","0.3686","0.0288","0.3724"
"WEP","05-May-2025","24","116.07","117.19","0.13","-2.210","0.00","0.19","0.3686","0.0288","0.3724"
"WEP","05-May-2025","25","116.09","117.28","0.14","-2.290","0.00","0.19","0.3686","0.0288","0.3724"
"WEP","05-May-2025","26","123.93","125.38","0.15","-2.560","0.00","0.19","0.3686","0.0288","0.3724"
"WEP","05-May-2025","27","123.60","125.64","0.21","-3.210","0.00","0.19","0.3686","0.0288","0.3724"
"WEP","05-May-2025","28","261.34","262.55","0.43","-2.600","0.00","0.19","0.3686","0.0288","0.3724"
"WEP","05-May-2025","29","256.12","257.40","0.35","-2.590","0.00","0.19","0.3686","0.0288","0.3724"
"WEP","05-May-2025","30","207.54","208.71","0.31","-2.440","0.00","0.19","0.3686","0.0288","0.3724"
"WEP","05-May-2025","31","137.02","137.36","0.27","-1.570","0.00","0.19","0.3686","0.0288","0.3724"
"WEP","05-May-2025","32","117.53","117.20","0.23","-0.860","0.00","0.19","0.3686","0.0288","0.3724"
"WEP","05-May-2025","33","117.33","117.19","0.17","-0.990","0.00","0.19","0.3686","0.0288","0.3724"
"WEP","05-May-2025","34","117.26","117.16","0.27","-1.130","0.00","0.19","0.3686","0.0288","0.3724"
"WEP","05-May-2025","35","114.20","115.03","0.41","-2.190","0.00","0.19","0.3686","0.0288","0.3724"
"WEP","05-May-2025","36","114.37","116.65","0.20","-3.440","0.00","0.19","0.3686","0.0288","0.3724"
"WEP","05-May-2025","37","115.74","117.19","0.25","-2.650","0.00","0.19","0.3686","0.0288","0.3724"
"WEP","05-May-2025","38","123.42","125.41","0.34","-3.290","0.00","0.19","0.3686","0.0288","0.3724"
"WEP","05-May-2025","39","124.14","125.45","0.31","-2.580","0.00","0.19","0.3686","0.0288","0.3724"
"WEP","05-May-2025","40","124.08","125.45","0.29","-2.620","0.00","0.19","0.3686","0.0288","0.3724"
"WEP","05-May-2025","41","115.66","117.21","0.16","-2.670","0.00","0.19","0.3686","0.0288","0.3724"
"WEP","05-May-2025","42","113.68","115.08","0.14","-2.500","0.00","0.19","0.3686","0.0288","0.3724"
"WEP","05-May-2025","43","113.16","114.73","0.14","-2.670","0.00","0.19","0.3686","0.0288","0.3724"
"WEP","05-May-2025","44","102.42","103.69","0.08","-2.310","0.00","0.19","0.3686","0.0288","0.3724"
"WEP","05-May-2025","45","101.03","101.33","0.08","-1.340","0.00","0.19","0.3686","0.0288","0.3724"
"WEP","05-May-2025","46","91.45","91.67","0.07","-1.250","0.00","0.19","0.3686","0.0288","0.3724"
"WEP","05-May-2025","47","91.32","91.56","0.09","-1.290","0.00","0.19","0.3686","0.0288","0.3724"
"WEP","05-May-2025","48","91.30","91.24","0.07","-0.970","0.00","0.19","0.3686","0.0288","0.3724"
"WEP","06-May-2025","1","93.07","92.43","0.12","-0.440","0.00","0.19","0.3686","0.0284","0.3675"
"WEP","06-May-2025","2","91.49","91.56","0.06","-1.080","0.00","0.19","0.3686","0.0284","0.3675"
"WEP","06-May-2025","3","91.49","91.47","0.00","-0.940","0.00","0.19","0.3686","0.0284","0.3675"
"WEP","06-May-2025","4","91.42","91.41","0.00","-0.950","0.00","0.19","0.3686","0.0284","0.3675"
"WEP","06-May-2025","5","91.31","91.29","0.00","-0.930","0.00","0.19","0.3686","0.0284","0.3675"
"WEP","06-May-2025","6","90.81","91.19","0.00","-1.330","0.00","0.19","0.3686","0.0284","0.3675"
"WEP","06-May-2025","7","87.87","87.99","0.00","-1.080","0.00","0.19","0.3686","0.0284","0.3675"
"WEP","06-May-2025","8","87.63","87.61","0.00","-0.940","0.00","0.19","0.3686","0.0284","0.3675"
"WEP","06-May-2025","9","87.63","87.61","0.00","-0.930","0.00","0.19","0.3686","0.0284","0.3675"
"WEP","06-May-2025","10","89.47","89.79","0.00","-1.280","0.00","0.19","0.3686","0.0284","0.3675"
"WEP","06-May-2025","11","91.21","91.38","0.06","-1.190","0.00","0.19","0.3686","0.0284","0.3675"
"WEP","06-May-2025","12","94.16","94.08","0.13","-1.000","0.00","0.19","0.3686","0.0284","0.3675"
"WEP","06-May-2025","13","95.88","95.87","0.15","-1.100","0.00","0.19","0.3686","0.0284","0.3675"
"WEP","06-May-2025","14","99.70","100.10","0.17","-1.530","0.00","0.19","0.3686","0.0284","0.3675"
"WEP","06-May-2025","15","96.20","96.18","0.28","-1.210","0.00","0.19","0.3686","0.0284","0.3675"
"WEP","06-May-2025","16","109.09","109.16","0.30","-1.320","0.00","0.19","0.3686","0.0284","0.3675"
"WEP","06-May-2025","17","115.39","115.12","0.28","-0.970","0.00","0.19","0.3686","0.0284","0.3675"
"WEP","06-May-2025","18","115.64","115.13","0.34","-0.790","0.00","0.19","0.3686","0.0284","0.3675"
"WEP","06-May-2025","19","97.32","96.38","0.14","-0.160","0.00","0.19","0.3686","0.0284","0.3675"
"WEP","06-May-2025","20","97.24","96.02","0.14","0.120","0.00","0.19","0.3686","0.0284","0.3675"
"WEP","06-May-2025","21","92.06","91.65","0.13","-0.680","0.00","0.19","0.3686","0.0284","0.3675"
"WEP","06-May-2025","22","91.55","91.50","0.12","-1.020","0.00","0.19","0.3686","0.0284","0.3675"
"WEP","06-May-2025","23","86.97","86.54","0.12","-0.650","0.00","0.19","0.3686","0.0284","0.3675"
"WEP","06-May-2025","24","83.58","83.50","0.12","-1.000","0.00","0.19","0.3686","0.0284","0.3675"
"WEP","06-May-2025","25","81.06","81.36","0.13","-1.390","0.00","0.19","0.3686","0.0284","0.3675"
"WEP","06-May-2025","26","79.96","80.20","0.13","-1.330","0.00","0.19","0.3686","0.0284","0.3675"
"WEP","06-May-2025","27","79.73","80.21","0.13","-1.570","0.00","0.19","0.3686","0.0284","0.3675"
"WEP","06-May-2025","28","82.63","83.49","0.12","-1.940","0.00","0.19","0.3686","0.0284","0.3675"
"WEP","06-May-2025","29","85.32","86.19","0.12","-1.950","0.00","0.19","0.3686","0.0284","0.3675"
"WEP","06-May-2025","30","85.19","85.96","0.06","-1.790","0.00","0.19","0.3686","0.0284","0.3675"
"WEP","06-May-2025","31","84.28","85.63","0.07","-2.380","0.00","0.19","0.3686","0.0284","0.3675"
"WEP","06-May-2025","32","91.70","91.66","0.13","-1.040","0.00","0.19","0.3686","0.0284","0.3675"
"WEP","06-May-2025","33","94.91","95.71","0.10","-1.860","0.00","0.19","0.3686","0.0284","0.3675"
"WEP","06-May-2025","34","96.38","97.43","0.13","-2.130","0.00","0.19","0.3686","0.0284","0.3675"
"WEP","06-May-2025","35","115.83","117.25","0.42","-2.800","0.00","0.19","0.3686","0.0284","0.3675"
"WEP","06-May-2025","36","116.10","117.25","0.21","-2.310","0.00","0.19","0.3686","0.0284","0.3675"
"WEP","06-May-2025","37","124.80","125.47","0.32","-1.950","0.00","0.19","0.3686","0.0284","0.3675"
"WEP","06-May-2025","38","124.26","125.47","0.35","-2.510","0.00","0.19","0.3686","0.0284","0.3675"
"WEP","06-May-2025","39","147.95","149.65","0.40","-3.050","0.00","0.19","0.3686","0.0284","0.3675"
"WEP","06-May-2025","40","162.99","164.72","0.38","-3.070","0.00","0.19","0.3686","0.0284","0.3675"
"WEP","06-May-2025","41","153.21","155.32","0.19","-3.260","0.00","0.19","0.3686","0.0284","0.3675"
"WEP","06-May-2025","42","136.08","138.28","0.16","-3.320","0.00","0.19","0.3686","0.0284","0.3675"
"WEP","06-May-2025","43","123.59","125.53","0.13","-3.020","0.00","0.19","0.3686","0.0284","0.3675"
"WEP","06-May-2025","44","115.79","117.25","0.08","-2.490","0.00","0.19","0.3686","0.0284","0.3675"
"WEP","06-May-2025","45","116.32","117.11","0.12","-1.870","0.00","0.19","0.3686","0.0284","0.3675"
"WEP","06-May-2025","46","116.09","116.63","0.08","-1.570","0.00","0.19","0.3686","0.0284","0.3675"
"WEP","06-May-2025","47","118.64","119.35","0.13","-1.790","0.00","0.19","0.3686","0.0284","0.3675"
"WEP","06-May-2025","48","116.10","117.12","0.12","-2.090","0.00","0.19","0.3686","0.0284","0.3675"
"WEP","07-May-2025","1","96.06","96.19","0.12","-1.190","0.00","0.19","0.3686","0.0277","0.3585"
"WEP","07-May-2025","2","95.76","95.77","0.10","-1.050","0.00","0.19","0.3686","0.0277","0.3585"
"WEP","07-May-2025","3","95.17","95.54","0.06","-1.370","0.00","0.19","0.3686","0.0277","0.3585"
"WEP","07-May-2025","4","91.49","91.59","0.06","-1.100","0.00","0.19","0.3686","0.0277","0.3585"
"WEP","07-May-2025","5","91.13","91.54","0.09","-1.440","0.00","0.19","0.3686","0.0277","0.3585"
"WEP","07-May-2025","6","91.05","91.48","0.08","-1.450","0.00","0.19","0.3686","0.0277","0.3585"
"WEP","07-May-2025","7","90.82","91.38","0.08","-1.590","0.00","0.19","0.3686","0.0277","0.3585"
"WEP","07-May-2025","8","90.47","91.29","0.09","-1.850","0.00","0.19","0.3686","0.0277","0.3585"
"WEP","07-May-2025","9","90.50","91.29","0.09","-1.830","0.00","0.19","0.3686","0.0277","0.3585"
"WEP","07-May-2025","10","90.56","91.37","0.09","-1.850","0.00","0.19","0.3686","0.0277","0.3585"
"WEP","07-May-2025","11","91.21","91.60","0.10","-1.440","0.00","0.19","0.3686","0.0277","0.3585"
"WEP","07-May-2025","12","96.02","96.03","0.14","-1.090","0.00","0.19","0.3686","0.0277","0.3585"
"WEP","07-May-2025","13","100.01","100.56","0.18","-1.670","0.00","0.19","0.3686","0.0277","0.3585"
"WEP","07-May-2025","14","114.63","115.12","0.39","-1.830","0.00","0.19","0.3686","0.0277","0.3585"
"WEP","07-May-2025","15","116.08","116.59","0.43","-1.880","0.00","0.19","0.3686","0.0277","0.3585"
"WEP","07-May-2025","16","138.94","138.97","0.49","-1.470","0.00","0.19","0.3686","0.0277","0.3585"
"WEP","07-May-2025","17","150.31","149.96","0.69","-1.290","0.00","0.19","0.3686","0.0277","0.3585"
"WEP","07-May-2025","18","150.99","149.96","0.78","-0.690","0.00","0.19","0.3686","0.0277","0.3585"
"WEP","07-May-2025","19","117.94","117.24","0.35","-0.600","0.00","0.19","0.3686","0.0277","0.3585"
"WEP","07-May-2025","20","118.00","117.23","0.34","-0.510","0.00","0.19","0.3686","0.0277","0.3585"
"WEP","07-May-2025","21","101.60","101.83","0.15","-1.330","0.00","0.19","0.3686","0.0277","0.3585"
"WEP","07-May-2025","22","96.01","96.28","0.14","-1.360","0.00","0.19","0.3686","0.0277","0.3585"
"WEP","07-May-2025","23","91.78","91.74","0.12","-1.030","0.00","0.19","0.3686","0.0277","0.3585"
"WEP","07-May-2025","24","91.39","91.58","0.12","-1.260","0.00","0.19","0.3686","0.0277","0.3585"
"WEP","07-May-2025","25","90.83","91.45","0.13","-1.690","0.00","0.19","0.3686","0.0277","0.3585"
"WEP","07-May-2025","26","89.32","90.48","0.13","-2.240","0.00","0.19","0.3686","0.0277","0.3585"
"WEP","07-May-2025","27","91.11","91.77","0.13","-1.740","0.00","0.19","0.3686","0.0277","0.3585"
"WEP","07-May-2025","28","91.51","91.75","0.12","-1.300","0.00","0.19","0.3686","0.0277","0.3585"
"WEP","07-May-2025","29","90.52","91.45","0.11","-1.980","0.00","0.19","0.3686","0.0277","0.3585"
"WEP","07-May-2025","30","90.21","91.56","0.11","-2.410","0.00","0.19","0.3686","0.0277","0.3585"
"WEP","07-May-2025","31","94.15","95.64","0.11","-2.550","0.00","0.19","0.3686","0.0277","0.3585"
"WEP","07-May-2025","32","94.43","96.27","0.13","-2.920","0.00","0.19","0.3686","0.0277","0.3585"
"WEP","07-May-2025","33","99.81","100.70","0.11","-1.940","0.00","0.19","0.3686","0.0277","0.3585"
"WEP","07-May-2025","34","114.26","116.16","0.28","-3.120","0.00","0.19","0.3686","0.0277","0.3585"
"WEP","07-May-2025","35","114.36","116.66","0.41","-3.650","0.00","0.19","0.3686","0.0277","0.3585"
"WEP","07-May-2025","36","114.98","117.25","0.20","-3.420","0.00","0.19","0.3686","0.0277","0.3585"
"WEP","07-May-2025","37","200.00","203.36","0.27","-4.570","0.00","0.19","0.3686","0.0277","0.3585"
"WEP","07-May-2025","38","411.32","417.35","0.49","-7.470","0.00","0.19","0.3686","0.0277","0.3585"
"WEP","07-May-2025","39","560.95","569.59","0.53","-10.120","0.00","0.19","0.3686","0.0277","0.3585"
"WEP","07-May-2025","40","405.13","410.27","0.94","-7.020","0.00","0.19","0.3686","0.0277","0.3585"
"WEP","07-May-2025","41","275.42","280.48","0.51","-6.520","0.00","0.19","0.3686","0.0277","0.3585"
"WEP","07-May-2025","42","275.28","280.51","0.51","-6.680","0.00","0.19","0.3686","0.0277","0.3585"
"WEP","07-May-2025","43","235.63","240.55","0.49","-6.360","0.00","0.19","0.3686","0.0277","0.3585"
"WEP","07-May-2025","44","192.33","194.89","0.29","-3.790","0.00","0.19","0.3686","0.0277","0.3585"
"WEP","07-May-2025","45","189.43","191.70","0.28","-3.490","0.00","0.19","0.3686","0.0277","0.3585"
"WEP","07-May-2025","46","142.15","143.32","0.13","-2.250","0.00","0.19","0.3686","0.0277","0.3585"
"WEP","07-May-2025","47","135.34","135.26","0.14","-1.000","0.00","0.19","0.3686","0.0277","0.3585"
"WEP","07-May-2025","48","156.83","157.28","0.13","-1.530","0.00","0.19","0.3686","0.0277","0.3585"
"WEP","08-May-2025","1","186.79","187.89","0.13","-2.180","0.00","0.19","0.3686","0.0277","0.3576"
"WEP","08-May-2025","2","140.75","141.32","0.10","-1.620","0.00","0.19","0.3686","0.0277","0.3576"
"WEP","08-May-2025","3","116.30","117.13","0.06","-1.830","0.00","0.19","0.3686","0.0277","0.3576"
"WEP","08-May-2025","4","105.38","106.03","0.05","-1.650","0.00","0.19","0.3686","0.0277","0.3576"
"WEP","08-May-2025","5","95.40","96.15","0.05","-1.740","0.00","0.19","0.3686","0.0277","0.3576"
"WEP","08-May-2025","6","95.27","95.96","0.05","-1.680","0.00","0.19","0.3686","0.0277","0.3576"
"WEP","08-May-2025","7","94.60","95.78","0.05","-2.180","0.00","0.19","0.3686","0.0277","0.3576"
"WEP","08-May-2025","8","94.95","95.79","0.05","-1.840","0.00","0.19","0.3686","0.0277","0.3576"
"WEP","08-May-2025","9","94.87","95.79","0.05","-1.920","0.00","0.19","0.3686","0.0277","0.3576"
"WEP","08-May-2025","10","95.56","95.96","0.05","-1.390","0.00","0.19","0.3686","0.0277","0.3576"
"WEP","08-May-2025","11","111.22","111.94","0.10","-1.770","0.00","0.19","0.3686","0.0277","0.3576"
"WEP","08-May-2025","12","124.64","125.11","0.14","-1.560","0.00","0.19","0.3686","0.0277","0.3576"
"WEP","08-May-2025","13","124.94","125.27","0.16","-1.440","0.00","0.19","0.3686","0.0277","0.3576"
"WEP","08-May-2025","14","144.23","144.97","0.39","-2.070","0.00","0.19","0.3686","0.0277","0.3576"
"WEP","08-May-2025","15","197.35","198.52","0.56","-2.670","0.00","0.19","0.3686","0.0277","0.3576"
"WEP","08-May-2025","16","281.17","280.03","0.83","-0.630","0.00","0.19","0.3686","0.0277","0.3576"
"WEP","08-May-2025","17","252.37","252.43","0.78","-1.790","0.00","0.19","0.3686","0.0277","0.3576"
"WEP","08-May-2025","18","208.96","208.82","0.89","-1.690","0.00","0.19","0.3686","0.0277","0.3576"
"WEP","08-May-2025","19","149.22","149.99","0.57","-2.280","0.00","0.19","0.3686","0.0277","0.3576"
"WEP","08-May-2025","20","136.59","136.89","0.50","-1.740","0.00","0.19","0.3686","0.0277","0.3576"
"WEP","08-May-2025","21","204.41","205.65","0.37","-2.550","0.00","0.19","0.3686","0.0277","0.3576"
"WEP","08-May-2025","22","237.76","238.05","0.43","-1.670","0.00","0.19","0.3686","0.0277","0.3576"
"WEP","08-May-2025","23","119.08","117.23","0.20","0.710","0.00","0.19","0.3686","0.0277","0.3576"
"WEP","08-May-2025","24","97.22","96.03","0.12","0.130","0.00","0.19","0.3686","0.0277","0.3576"
"WEP","08-May-2025","25","90.93","91.53","0.13","-1.680","0.00","0.19","0.3686","0.0277","0.3576"
"WEP","08-May-2025","26","95.55","95.65","0.14","-1.190","0.00","0.19","0.3686","0.0277","0.3576"
"WEP","08-May-2025","27","96.96","95.64","0.13","0.250","0.00","0.19","0.3686","0.0277","0.3576"
"WEP","08-May-2025","28","87.18","87.22","0.12","-1.100","0.00","0.19","0.3686","0.0277","0.3576"
"WEP","08-May-2025","29","89.65","90.52","0.12","-1.940","0.00","0.19","0.3686","0.0277","0.3576"
"WEP","08-May-2025","30","89.65","91.46","0.07","-2.820","0.00","0.19","0.3686","0.0277","0.3576"
"WEP","08-May-2025","31","90.64","92.60","0.12","-3.020","0.00","0.19","0.3686","0.0277","0.3576"
"WEP","08-May-2025","32","115.82","116.65","0.21","-1.980","0.00","0.19","0.3686","0.0277","0.3576"
"WEP","08-May-2025","33","116.85","117.25","0.27","-1.610","0.00","0.19","0.3686","0.0277","0.3576"
"WEP","08-May-2025","34","279.69","280.12","0.64","-2.010","0.00","0.19","0.3686","0.0277","0.3576"
"WEP","08-May-2025","35","253.54","252.49","1.53","-1.430","0.00","0.19","0.3686","0.0277","0.3576"
"WEP","08-May-2025","36","125.04","125.37","0.34","-1.610","0.00","0.19","0.3686","0.0277","0.3576"
"WEP","08-May-2025","37","118.18","118.32","0.33","-1.420","0.00","0.19","0.3686","0.0277","0.3576"
"WEP","08-May-2025","38","129.03","129.72","0.40","-2.040","0.00","0.19","0.3686","0.0277","0.3576"
"WEP","08-May-2025","39","208.32","208.72","0.66","-2.000","0.00","0.19","0.3686","0.0277","0.3576"
"WEP","08-May-2025","40","251.44","252.50","0.70","-2.700","0.00","0.19","0.3686","0.0277","0.3576"
"WEP","08-May-2025","41","251.46","252.55","0.43","-2.470","0.00","0.19","0.3686","0.0277","0.3576"
"WEP","08-May-2025","42","251.62","252.56","0.44","-2.330","0.00","0.19","0.3686","0.0277","0.3576"
"WEP","08-May-2025","43","207.49","208.81","0.44","-2.700","0.00","0.19","0.3686","0.0277","0.3576"
"WEP","08-May-2025","44","201.25","202.56","0.24","-2.490","0.00","0.19","0.3686","0.0277","0.3576"
"WEP","08-May-2025","45","197.23","198.56","0.14","-2.410","0.00","0.19","0.3686","0.0277","0.3576"
"WEP","08-May-2025","46","125.14","125.36","0.12","-1.290","0.00","0.19","0.3686","0.0277","0.3576"
"WEP","08-May-2025","47","124.92","125.33","0.13","-1.480","0.00","0.19","0.3686","0.0277","0.3576"
"WEP","08-May-2025","48","139.03","139.81","0.12","-1.840","0.00","0.19","0.3686","0.0277","0.3576"
"WEP","09-May-2025","1","151.95","150.67","0.13","0.200","0.00","0.19","0.3686","0.0282","0.3642"
"WEP","09-May-2025","2","126.40","125.27","0.10","0.080","0.00","0.19","0.3686","0.0282","0.3642"
"WEP","09-May-2025","3","106.71","105.97","0.06","-0.270","0.00","0.19","0.3686","0.0282","0.3642"
"WEP","09-May-2025","4","96.40","95.85","0.05","-0.450","0.00","0.19","0.3686","0.0282","0.3642"
"WEP","09-May-2025","5","95.73","95.69","0.06","-0.970","0.00","0.19","0.3686","0.0282","0.3642"
"WEP","09-May-2025","6","93.32","93.26","0.06","-0.950","0.00","0.19","0.3686","0.0282","0.3642"
"WEP","09-May-2025","7","91.99","91.56","0.06","-0.590","0.00","0.19","0.3686","0.0282","0.3642"
"WEP","09-May-2025","8","91.91","91.46","0.06","-0.560","0.00","0.19","0.3686","0.0282","0.3642"
"WEP","09-May-2025","9","91.99","91.47","0.05","-0.480","0.00","0.19","0.3686","0.0282","0.3642"
"WEP","09-May-2025","10","95.95","95.68","0.05","-0.730","0.00","0.19","0.3686","0.0282","0.3642"
"WEP","09-May-2025","11","96.78","95.89","0.10","-0.160","0.00","0.19","0.3686","0.0282","0.3642"
"WEP","09-May-2025","12","101.80","100.65","0.13","0.070","0.00","0.19","0.3686","0.0282","0.3642"
"WEP","09-May-2025","13","105.32","104.42","0.16","-0.210","0.00","0.19","0.3686","0.0282","0.3642"
"WEP","09-May-2025","14","112.65","111.74","0.27","-0.310","0.00","0.19","0.3686","0.0282","0.3642"
"WEP","09-May-2025","15","115.16","115.04","0.30","-1.130","0.00","0.19","0.3686","0.0282","0.3642"
"WEP","09-May-2025","16","125.05","125.46","0.40","-1.760","0.00","0.19","0.3686","0.0282","0.3642"
"WEP","09-May-2025","17","125.77","125.37","0.39","-0.940","0.00","0.19","0.3686","0.0282","0.3642"
"WEP","09-May-2025","18","141.85","140.87","0.64","-0.610","0.00","0.19","0.3686","0.0282","0.3642"
"WEP","09-May-2025","19","100.20","99.00","0.18","0.070","0.00","0.19","0.3686","0.0282","0.3642"
"WEP","09-May-2025","20","92.95","92.03","0.14","-0.170","0.00","0.19","0.3686","0.0282","0.3642"
"WEP","09-May-2025","21","92.35","91.55","0.13","-0.280","0.00","0.19","0.3686","0.0282","0.3642"
"WEP","09-May-2025","22","92.00","91.43","0.12","-0.500","0.00","0.19","0.3686","0.0282","0.3642"
"WEP","09-May-2025","23","86.78","86.16","0.12","-0.450","0.00","0.19","0.3686","0.0282","0.3642"
"WEP","09-May-2025","24","85.96","85.60","0.12","-0.710","0.00","0.19","0.3686","0.0282","0.3642"
"WEP","09-May-2025","25","82.21","82.40","0.13","-1.270","0.00","0.19","0.3686","0.0282","0.3642"
"WEP","09-May-2025","26","86.31","86.19","0.14","-0.970","0.00","0.19","0.3686","0.0282","0.3642"
"WEP","09-May-2025","27","85.73","85.97","0.13","-1.330","0.00","0.19","0.3686","0.0282","0.3642"
"WEP","09-May-2025","28","80.78","82.26","0.12","-2.550","0.00","0.19","0.3686","0.0282","0.3642"
"WEP","09-May-2025","29","94.51","95.67","0.12","-2.240","0.00","0.19","0.3686","0.0282","0.3642"
"WEP","09-May-2025","30","114.90","115.10","0.11","-1.260","0.00","0.19","0.3686","0.0282","0.3642"
"WEP","09-May-2025","31","99.24","98.57","0.11","-0.390","0.00","0.19","0.3686","0.0282","0.3642"
"WEP","09-May-2025","32","95.89","96.27","0.13","-1.470","0.00","0.19","0.3686","0.0282","0.3642"
"WEP","09-May-2025","33","97.34","98.11","0.12","-1.840","0.00","0.19","0.3686","0.0282","0.3642"
"WEP","09-May-2025","34","115.96","117.32","0.16","-2.470","0.00","0.19","0.3686","0.0282","0.3642"
"WEP","09-May-2025","35","203.61","205.00","0.38","-2.720","0.00","0.19","0.3686","0.0282","0.3642"
"WEP","09-May-2025","36","261.58","262.41","0.16","-1.940","0.00","0.19","0.3686","0.0282","0.3642"
"WEP","09-May-2025","37","225.13","224.87","0.23","-0.920","0.00","0.19","0.3686","0.0282","0.3642"
"WEP","09-May-2025","38","262.96","262.44","0.22","-0.650","0.00","0.19","0.3686","0.0282","0.3642"
"WEP","09-May-2025","39","263.36","262.45","0.21","-0.250","0.00","0.19","0.3686","0.0282","0.3642"
"WEP","09-May-2025","40","258.13","257.48","0.20","-0.500","0.00","0.19","0.3686","0.0282","0.3642"
"WEP","09-May-2025","41","208.75","208.75","0.13","-1.080","0.00","0.19","0.3686","0.0282","0.3642"
"WEP","09-May-2025","42","209.15","208.77","0.13","-0.700","0.00","0.19","0.3686","0.0282","0.3642"
"WEP","09-May-2025","43","156.38","156.03","0.13","-0.730","0.00","0.19","0.3686","0.0282","0.3642"
"WEP","09-May-2025","44","125.30","125.42","0.08","-1.150","0.00","0.19","0.3686","0.0282","0.3642"
"WEP","09-May-2025","45","125.64","125.48","0.10","-0.890","0.00","0.19","0.3686","0.0282","0.3642"
"WEP","09-May-2025","46","117.15","117.11","0.08","-1.000","0.00","0.19","0.3686","0.0282","0.3642"
"WEP","09-May-2025","47","116.58","116.77","0.13","-1.270","0.00","0.19","0.3686","0.0282","0.3642"
"WEP","09-May-2025","48","99.55","99.57","0.07","-1.040","0.00","0.19","0.3686","0.0282","0.3642"
"WEP","10-May-2025","1","91.53","91.67","0.12","-1.230","0.00","0.19","0.3686","0.0296","0.3830"
"WEP","10-May-2025","2","91.37","91.58","0.10","-1.280","0.00","0.19","0.3686","0.0296","0.3830"
"WEP","10-May-2025","3","95.71","96.02","0.09","-1.370","0.00","0.19","0.3686","0.0296","0.3830"
"WEP","10-May-2025","4","92.05","91.76","0.05","-0.730","0.00","0.19","0.3686","0.0296","0.3830"
"WEP","10-May-2025","5","91.35","91.62","0.06","-1.300","0.00","0.19","0.3686","0.0296","0.3830"
"WEP","10-May-2025","6","91.42","91.45","0.06","-1.070","0.00","0.19","0.3686","0.0296","0.3830"
"WEP","10-May-2025","7","91.50","91.30","0.06","-0.830","0.00","0.19","0.3686","0.0296","0.3830"
"WEP","10-May-2025","8","91.34","91.30","0.06","-0.990","0.00","0.19","0.3686","0.0296","0.3830"
"WEP","10-May-2025","9","91.37","91.32","0.05","-0.970","0.00","0.19","0.3686","0.0296","0.3830"
"WEP","10-May-2025","10","91.59","91.29","0.05","-0.720","0.00","0.19","0.3686","0.0296","0.3830"
"WEP","10-May-2025","11","91.59","91.38","0.07","-0.830","0.00","0.19","0.3686","0.0296","0.3830"
"WEP","10-May-2025","12","92.02","91.51","0.14","-0.600","0.00","0.19","0.3686","0.0296","0.3830"
"WEP","10-May-2025","13","92.22","91.75","0.17","-0.670","0.00","0.19","0.3686","0.0296","0.3830"
"WEP","10-May-2025","14","96.97","96.35","0.21","-0.560","0.00","0.19","0.3686","0.0296","0.3830"
"WEP","10-May-2025","15","96.65","96.25","0.29","-0.860","0.00","0.19","0.3686","0.0296","0.3830"
"WEP","10-May-2025","16","102.48","101.56","0.31","-0.360","0.00","0.19","0.3686","0.0296","0.3830"
"WEP","10-May-2025","17","112.78","111.84","0.42","-0.450","0.00","0.19","0.3686","0.0296","0.3830"
"WEP","10-May-2025","18","109.87","108.79","0.41","-0.300","0.00","0.19","0.3686","0.0296","0.3830"
"WEP","10-May-2025","19","92.50","91.53","0.18","-0.180","0.00","0.19","0.3686","0.0296","0.3830"
"WEP","10-May-2025","20","92.21","91.51","0.15","-0.420","0.00","0.19","0.3686","0.0296","0.3830"
"WEP","10-May-2025","21","91.98","91.41","0.13","-0.530","0.00","0.19","0.3686","0.0296","0.3830"
"WEP","10-May-2025","22","92.03","91.51","0.13","-0.580","0.00","0.19","0.3686","0.0296","0.3830"
"WEP","10-May-2025","23","88.04","87.87","0.13","-0.930","0.00","0.19","0.3686","0.0296","0.3830"
"WEP","10-May-2025","24","85.32","85.10","0.12","-0.870","0.00","0.19","0.3686","0.0296","0.3830"
"WEP","10-May-2025","25","80.30","80.46","0.14","-1.270","0.00","0.19","0.3686","0.0296","0.3830"
"WEP","10-May-2025","26","78.78","79.11","0.14","-1.440","0.00","0.19","0.3686","0.0296","0.3830"
"WEP","10-May-2025","27","78.70","79.20","0.14","-1.610","0.00","0.19","0.3686","0.0296","0.3830"
"WEP","10-May-2025","28","78.15","78.89","0.13","-1.840","0.00","0.19","0.3686","0.0296","0.3830"
"WEP","10-May-2025","29","78.63","79.08","0.12","-1.540","0.00","0.19","0.3686","0.0296","0.3830"
"WEP","10-May-2025","30","87.85","88.31","0.08","-1.510","0.00","0.19","0.3686","0.0296","0.3830"
"WEP","10-May-2025","31","90.39","91.42","0.12","-2.130","0.00","0.19","0.3686","0.0296","0.3830"
"WEP","10-May-2025","32","94.81","95.04","0.14","-1.340","0.00","0.19","0.3686","0.0296","0.3830"
"WEP","10-May-2025","33","115.52","115.08","0.20","-0.730","0.00","0.19","0.3686","0.0296","0.3830"
"WEP","10-May-2025","34","117.26","116.65","0.31","-0.670","0.00","0.19","0.3686","0.0296","0.3830"
"WEP","10-May-2025","35","116.52","116.48","0.48","-1.410","0.00","0.19","0.3686","0.0296","0.3830"
"WEP","10-May-2025","36","117.21","117.22","0.31","-1.290","0.00","0.19","0.3686","0.0296","0.3830"
"WEP","10-May-2025","37","126.12","125.38","0.39","-0.620","0.00","0.19","0.3686","0.0296","0.3830"
"WEP","10-May-2025","38","141.20","140.60","0.52","-0.890","0.00","0.19","0.3686","0.0296","0.3830"
"WEP","10-May-2025","39","152.74","151.57","0.60","-0.400","0.00","0.19","0.3686","0.0296","0.3830"
"WEP","10-May-2025","40","192.66","191.21","1.00","-0.520","0.00","0.19","0.3686","0.0296","0.3830"
"WEP","10-May-2025","41","150.82","149.92","0.50","-0.570","0.00","0.19","0.3686","0.0296","0.3830"
"WEP","10-May-2025","42","141.07","140.21","0.36","-0.470","0.00","0.19","0.3686","0.0296","0.3830"
"WEP","10-May-2025","43","126.34","125.48","0.35","-0.460","0.00","0.19","0.3686","0.0296","0.3830"
"WEP","10-May-2025","44","120.22","119.58","0.16","-0.490","0.00","0.19","0.3686","0.0296","0.3830"
"WEP","10-May-2025","45","117.94","117.07","0.19","-0.290","0.00","0.19","0.3686","0.0296","0.3830"
"WEP","10-May-2025","46","117.53","116.60","0.16","-0.200","0.00","0.19","0.3686","0.0296","0.3830"
"WEP","10-May-2025","47","116.21","114.97","0.27","0.000","0.00","0.19","0.3686","0.0296","0.3830"
"WEP","10-May-2025","48","112.48","111.42","0.17","-0.080","0.00","0.19","0.3686","0.0296","0.3830"
"WEP","11-May-2025","1","106.31","104.96","0.16","0.200","0.00","0.19","0.3686","0.0312","0.4027"
"WEP","11-May-2025","2","98.27","96.31","0.10","0.870","0.00","0.19","0.3686","0.0312","0.4027"
"WEP","11-May-2025","3","93.63","91.64","0.06","0.940","0.00","0.19","0.3686","0.0312","0.4027"
"WEP","11-May-2025","4","92.87","91.31","0.06","0.510","0.00","0.19","0.3686","0.0312","0.4027"
"WEP","11-May-2025","5","86.59","85.32","0.06","0.220","0.00","0.19","0.3686","0.0312","0.4027"
"WEP","11-May-2025","6","82.47","81.49","0.06","-0.070","0.00","0.19","0.3686","0.0312","0.4027"
"WEP","11-May-2025","7","81.48","80.48","0.06","-0.050","0.00","0.19","0.3686","0.0312","0.4027"
"WEP","11-May-2025","8","81.80","80.47","0.06","0.280","0.00","0.19","0.3686","0.0312","0.4027"
"WEP","11-May-2025","9","82.83","80.47","0.05","1.320","0.00","0.19","0.3686","0.0312","0.4027"
"WEP","11-May-2025","10","82.13","80.03","0.06","1.050","0.00","0.19","0.3686","0.0312","0.4027"
"WEP","11-May-2025","11","80.66","78.40","0.11","1.160","0.00","0.19","0.3686","0.0312","0.4027"
"WEP","11-May-2025","12","81.48","79.50","0.15","0.830","0.00","0.19","0.3686","0.0312","0.4027"
"WEP","11-May-2025","13","83.29","81.49","0.18","0.630","0.00","0.19","0.3686","0.0312","0.4027"
"WEP","11-May-2025","14","84.06","82.25","0.20","0.620","0.00","0.19","0.3686","0.0312","0.4027"
"WEP","11-May-2025","15","83.95","82.26","0.24","0.450","0.00","0.19","0.3686","0.0312","0.4027"
"WEP","11-May-2025","16","87.95","85.87","0.24","0.850","0.00","0.19","0.3686","0.0312","0.4027"
"WEP","11-May-2025","17","87.75","85.98","0.21","0.570","0.00","0.19","0.3686","0.0312","0.4027"
"WEP","11-May-2025","18","85.59","83.45","0.21","0.940","0.00","0.19","0.3686","0.0312","0.4027"
"WEP","11-May-2025","19","82.69","80.44","0.17","1.090","0.00","0.19","0.3686","0.0312","0.4027"
"WEP","11-May-2025","20","80.63","78.42","0.16","1.060","0.00","0.19","0.3686","0.0312","0.4027"
"WEP","11-May-2025","21","78.10","76.33","0.14","0.630","0.00","0.19","0.3686","0.0312","0.4027"
"WEP","11-May-2025","22","74.35","73.19","0.14","0.030","0.00","0.19","0.3686","0.0312","0.4027"
"WEP","11-May-2025","23","71.86","71.31","0.14","-0.580","0.00","0.19","0.3686","0.0312","0.4027"
"WEP","11-May-2025","24","70.21","69.97","0.13","-0.880","0.00","0.19","0.3686","0.0312","0.4027"
"WEP","11-May-2025","25","70.21","69.97","0.15","-0.900","0.00","0.19","0.3686","0.0312","0.4027"
"WEP","11-May-2025","26","70.19","70.00","0.15","-0.960","0.00","0.19","0.3686","0.0312","0.4027"
"WEP","11-May-2025","27","67.09","66.76","0.15","-0.810","0.00","0.19","0.3686","0.0312","0.4027"
"WEP","11-May-2025","28","67.02","66.88","0.14","-1.000","0.00","0.19","0.3686","0.0312","0.4027"
"WEP","11-May-2025","29","71.74","71.32","0.13","-0.700","0.00","0.19","0.3686","0.0312","0.4027"
"WEP","11-May-2025","30","73.50","73.21","0.08","-0.790","0.00","0.19","0.3686","0.0312","0.4027"
"WEP","11-May-2025","31","76.56","76.04","0.13","-0.610","0.00","0.19","0.3686","0.0312","0.4027"
"WEP","11-May-2025","32","77.09","77.15","0.14","-1.190","0.00","0.19","0.3686","0.0312","0.4027"
"WEP","11-May-2025","33","79.38","79.41","0.13","-1.160","0.00","0.19","0.3686","0.0312","0.4027"
"WEP","11-May-2025","34","91.33","91.37","0.14","-1.180","0.00","0.19","0.3686","0.0312","0.4027"
"WEP","11-May-2025","35","91.79","91.48","0.30","-0.980","0.00","0.19","0.3686","0.0312","0.4027"
"WEP","11-May-2025","36","91.73","91.70","0.14","-1.100","0.00","0.19","0.3686","0.0312","0.4027"
"WEP","11-May-2025","37","116.92","116.63","0.34","-1.040","0.00","0.19","0.3686","0.0312","0.4027"
"WEP","11-May-2025","38","126.60","125.50","0.43","-0.320","0.00","0.19","0.3686","0.0312","0.4027"
"WEP","11-May-2025","39","164.94","162.55","0.80","0.600","0.00","0.19","0.3686","0.0312","0.4027"
"WEP","11-May-2025","40","169.69","167.28","0.85","0.570","0.00","0.19","0.3686","0.0312","0.4027"
"WEP","11-May-2025","41","157.66","156.89","0.55","-0.770","0.00","0.19","0.3686","0.0312","0.4027"
"WEP","11-May-2025","42","141.42","139.74","0.36","0.330","0.00","0.19","0.3686","0.0312","0.4027"
"WEP","11-May-2025","43","145.94","144.65","0.43","-0.130","0.00","0.19","0.3686","0.0312","0.4027"
"WEP","11-May-2025","44","120.19","119.70","0.16","-0.660","0.00","0.19","0.3686","0.0312","0.4027"
"WEP","11-May-2025","45","118.24","117.18","0.16","-0.090","0.00","0.19","0.3686","0.0312","0.4027"
"WEP","11-May-2025","46","117.89","117.04","0.16","-0.300","0.00","0.19","0.3686","0.0312","0.4027"
"WEP","11-May-2025","47","118.13","116.61","0.29","0.240","0.00","0.19","0.3686","0.0312","0.4027"
"WEP","11-May-2025","48","115.81","114.57","0.16","0.090","0.00","0.19","0.3686","0.0312","0.4027"
"WEP","12-May-2025","1","97.90","96.21","0.13","0.580","0.00","0.19","0.3686","0.0303","0.3919"
"WEP","12-May-2025","2","93.51","91.92","0.10","0.510","0.00","0.19","0.3686","0.0303","0.3919"
"WEP","12-May-2025","3","92.95","91.56","0.06","0.350","0.00","0.19","0.3686","0.0303","0.3919"
"WEP","12-May-2025","4","92.57","91.43","0.06","0.100","0.00","0.19","0.3686","0.0303","0.3919"
"WEP","12-May-2025","5","86.70","86.07","0.06","-0.410","0.00","0.19","0.3686","0.0303","0.3919"
"WEP","12-May-2025","6","84.15","83.52","0.06","-0.410","0.00","0.19","0.3686","0.0303","0.3919"
"WEP","12-May-2025","7","83.13","82.03","0.06","0.060","0.00","0.19","0.3686","0.0303","0.3919"
"WEP","12-May-2025","8","82.84","82.02","0.06","-0.230","0.00","0.19","0.3686","0.0303","0.3919"
"WEP","12-May-2025","9","82.19","81.47","0.06","-0.320","0.00","0.19","0.3686","0.0303","0.3919"
"WEP","12-May-2025","10","83.25","82.23","0.06","-0.020","0.00","0.19","0.3686","0.0303","0.3919"
"WEP","12-May-2025","11","83.15","82.23","0.07","-0.130","0.00","0.19","0.3686","0.0303","0.3919"
"WEP","12-May-2025","12","86.89","86.01","0.15","-0.250","0.00","0.19","0.3686","0.0303","0.3919"
"WEP","12-May-2025","13","92.16","91.30","0.17","-0.290","0.00","0.19","0.3686","0.0303","0.3919"
"WEP","12-May-2025","14","92.77","91.40","0.23","0.160","0.00","0.19","0.3686","0.0303","0.3919"
"WEP","12-May-2025","15","92.73","91.45","0.25","0.050","0.00","0.19","0.3686","0.0303","0.3919"
"WEP","12-May-2025","16","92.75","91.55","0.23","-0.010","0.00","0.19","0.3686","0.0303","0.3919"
"WEP","12-May-2025","17","92.83","91.34","0.20","0.310","0.00","0.19","0.3686","0.0303","0.3919"
"WEP","12-May-2025","18","92.64","91.34","0.22","0.100","0.00","0.19","0.3686","0.0303","0.3919"
"WEP","12-May-2025","19","89.69","88.05","0.16","0.500","0.00","0.19","0.3686","0.0303","0.3919"
"WEP","12-May-2025","20","84.55","83.47","0.16","-0.060","0.00","0.19","0.3686","0.0303","0.3919"
"WEP","12-May-2025","21","86.71","85.88","0.14","-0.290","0.00","0.19","0.3686","0.0303","0.3919"
"WEP","12-May-2025","22","83.68","83.47","0.14","-0.920","0.00","0.19","0.3686","0.0303","0.3919"
"WEP","12-May-2025","23","84.83","83.48","0.13","0.240","0.00","0.19","0.3686","0.0303","0.3919"
"WEP","12-May-2025","24","79.15","78.46","0.13","-0.420","0.00","0.19","0.3686","0.0303","0.3919"
"WEP","12-May-2025","25","76.63","76.41","0.15","-0.910","0.00","0.19","0.3686","0.0303","0.3919"
"WEP","12-May-2025","26","76.23","77.35","0.15","-2.250","0.00","0.19","0.3686","0.0303","0.3919"
"WEP","12-May-2025","27","79.93","80.19","0.14","-1.380","0.00","0.19","0.3686","0.0303","0.3919"
"WEP","12-May-2025","28","90.22","90.41","0.14","-1.310","0.00","0.19","0.3686","0.0303","0.3919"
"WEP","12-May-2025","29","91.65","91.37","0.13","-0.830","0.00","0.19","0.3686","0.0303","0.3919"
"WEP","12-May-2025","30","92.21","91.58","0.12","-0.470","0.00","0.19","0.3686","0.0303","0.3919"
"WEP","12-May-2025","31","92.05","91.58","0.13","-0.640","0.00","0.19","0.3686","0.0303","0.3919"
"WEP","12-May-2025","32","101.02","100.19","0.20","-0.350","0.00","0.19","0.3686","0.0303","0.3919"
"WEP","12-May-2025","33","109.48","108.82","0.19","-0.510","0.00","0.19","0.3686","0.0303","0.3919"
"WEP","12-May-2025","34","115.98","115.02","0.29","-0.310","0.00","0.19","0.3686","0.0303","0.3919"
"WEP","12-May-2025","35","169.91","169.91","0.99","-1.970","0.00","0.19","0.3686","0.0303","0.3919"
"WEP","12-May-2025","36","168.90","169.94","0.38","-2.410","0.00","0.19","0.3686","0.0303","0.3919"
"WEP","12-May-2025","37","251.15","251.56","1.09","-2.480","0.00","0.19","0.3686","0.0303","0.3919"
"WEP","12-May-2025","38","258.84","257.48","0.87","-0.490","0.00","0.19","0.3686","0.0303","0.3919"
"WEP","12-May-2025","39","264.38","262.47","0.85","0.070","0.00","0.19","0.3686","0.0303","0.3919"
"WEP","12-May-2025","40","454.41","449.14","2.93","1.360","0.00","0.19","0.3686","0.0303","0.3919"
"WEP","12-May-2025","41","492.58","489.02","2.24","0.340","0.00","0.19","0.3686","0.0303","0.3919"
"WEP","12-May-2025","42","294.82","292.52","0.55","0.770","0.00","0.19","0.3686","0.0303","0.3919"
"WEP","12-May-2025","43","283.32","282.69","0.50","-0.850","0.00","0.19","0.3686","0.0303","0.3919"
"WEP","12-May-2025","44","258.02","257.56","0.32","-0.840","0.00","0.19","0.3686","0.0303","0.3919"
"WEP","12-May-2025","45","253.10","251.75","0.20","0.170","0.00","0.19","0.3686","0.0303","0.3919"
"WEP","12-May-2025","46","259.97","257.46","0.38","1.140","0.00","0.19","0.3686","0.0303","0.3919"
"WEP","12-May-2025","47","263.81","257.20","0.46","5.170","0.00","0.19","0.3686","0.0303","0.3919"
"WEP","12-May-2025","48","264.07","257.16","0.36","5.570","0.00","0.19","0.3686","0.0303","0.3919"
"WEP","13-May-2025","1","212.92","208.51","0.27","3.180","0.00","0.19","0.3686","0.0284","0.3670"
"WEP","13-May-2025","2","195.64","193.17","0.17","1.340","0.00","0.19","0.3686","0.0284","0.3670"
"WEP","13-May-2025","3","105.39","104.08","0.09","0.270","0.00","0.19","0.3686","0.0284","0.3670"
"WEP","13-May-2025","4","97.02","96.23","0.05","-0.220","0.00","0.19","0.3686","0.0284","0.3670"
"WEP","13-May-2025","5","95.73","95.89","0.05","-1.160","0.00","0.19","0.3686","0.0284","0.3670"
"WEP","13-May-2025","6","95.97","95.90","0.05","-0.940","0.00","0.19","0.3686","0.0284","0.3670"
"WEP","13-May-2025","7","96.29","95.90","0.05","-0.620","0.00","0.19","0.3686","0.0284","0.3670"
"WEP","13-May-2025","8","96.21","95.93","0.05","-0.730","0.00","0.19","0.3686","0.0284","0.3670"
"WEP","13-May-2025","9","94.44","93.65","0.05","-0.210","0.00","0.19","0.3686","0.0284","0.3670"
"WEP","13-May-2025","10","96.55","95.92","0.05","-0.370","0.00","0.19","0.3686","0.0284","0.3670"
"WEP","13-May-2025","11","96.85","96.17","0.09","-0.360","0.00","0.19","0.3686","0.0284","0.3670"
"WEP","13-May-2025","12","119.99","119.56","0.13","-0.650","0.00","0.19","0.3686","0.0284","0.3670"
"WEP","13-May-2025","13","125.95","125.20","0.16","-0.360","0.00","0.19","0.3686","0.0284","0.3670"
"WEP","13-May-2025","14","135.85","135.08","0.37","-0.560","0.00","0.19","0.3686","0.0284","0.3670"
"WEP","13-May-2025","15","155.45","155.55","0.26","-1.320","0.00","0.19","0.3686","0.0284","0.3670"
"WEP","13-May-2025","16","252.41","251.73","0.49","-0.770","0.00","0.19","0.3686","0.0284","0.3670"
"WEP","13-May-2025","17","228.33","229.31","0.60","-2.530","0.00","0.19","0.3686","0.0284","0.3670"
"WEP","13-May-2025","18","257.35","256.25","1.06","-0.920","0.00","0.19","0.3686","0.0284","0.3670"
"WEP","13-May-2025","19","222.90","223.13","0.76","-1.950","0.00","0.19","0.3686","0.0284","0.3670"
"WEP","13-May-2025","20","253.26","252.41","0.92","-1.020","0.00","0.19","0.3686","0.0284","0.3670"
"WEP","13-May-2025","21","206.21","208.15","0.25","-3.140","0.00","0.19","0.3686","0.0284","0.3670"
"WEP","13-May-2025","22","149.73","149.94","0.22","-1.380","0.00","0.19","0.3686","0.0284","0.3670"
"WEP","13-May-2025","23","117.27","116.60","0.15","-0.440","0.00","0.19","0.3686","0.0284","0.3670"
"WEP","13-May-2025","24","97.07","97.74","0.12","-1.740","0.00","0.19","0.3686","0.0284","0.3670"
"WEP","13-May-2025","25","99.58","101.28","0.13","-2.780","0.00","0.19","0.3686","0.0284","0.3670"
"WEP","13-May-2025","26","116.08","117.26","0.14","-2.280","0.00","0.19","0.3686","0.0284","0.3670"
"WEP","13-May-2025","27","114.92","115.12","0.13","-1.280","0.00","0.19","0.3686","0.0284","0.3670"
"WEP","13-May-2025","28","105.41","106.51","0.13","-2.190","0.00","0.19","0.3686","0.0284","0.3670"
"WEP","13-May-2025","29","112.43","115.29","0.15","-3.960","0.00","0.19","0.3686","0.0284","0.3670"
"WEP","13-May-2025","30","695.31","701.39","2.39","-9.420","0.00","0.19","0.3686","0.0284","0.3670"
"WEP","13-May-2025","31","457.85","458.95","0.12","-2.170","0.00","0.19","0.3686","0.0284","0.3670"
"WEP","13-May-2025","32","523.56","525.01","0.24","-2.640","0.00","0.19","0.3686","0.0284","0.3670"
"WEP","13-May-2025","33","449.32","449.31","2.18","-3.130","0.00","0.19","0.3686","0.0284","0.3670"
"WEP","13-May-2025","34","248.71","251.44","0.42","-4.110","0.00","0.19","0.3686","0.0284","0.3670"
"WEP","13-May-2025","35","161.39","162.81","0.73","-3.110","0.00","0.19","0.3686","0.0284","0.3670"
"WEP","13-May-2025","36","277.99","282.70","0.66","-6.330","0.00","0.19","0.3686","0.0284","0.3670"
"WEP","13-May-2025","37","349.41","342.30","0.88","-5.610","10.89","0.19","0.3686","0.0284","0.3670"
"WEP","13-May-2025","38","577.46","570.18","3.21","-6.680","9.80","0.19","0.3686","0.0284","0.3670"
"WEP","13-May-2025","39","650.01","637.01","3.09","-5.120","14.08","0.19","0.3686","0.0284","0.3670"
"WEP","13-May-2025","40","645.00","638.90","2.98","-6.540","8.71","0.19","0.3686","0.0284","0.3670"
"WEP","13-May-2025","41","639.86","636.53","2.65","-8.640","8.37","0.19","0.3686","0.0284","0.3670"
"WEP","13-May-2025","42","485.25","481.04","0.51","-6.840","9.58","0.19","0.3686","0.0284","0.3670"
"WEP","13-May-2025","43","363.15","360.60","0.30","-5.290","6.58","0.19","0.3686","0.0284","0.3670"
"WEP","13-May-2025","44","288.59","292.67","0.12","-5.150","0.00","0.19","0.3686","0.0284","0.3670"
"WEP","13-May-2025","45","255.69","257.50","0.13","-2.890","0.00","0.19","0.3686","0.0284","0.3670"
"WEP","13-May-2025","46","197.45","198.75","0.13","-2.380","0.00","0.19","0.3686","0.0284","0.3670"
"WEP","13-May-2025","47","140.69","141.07","0.13","-1.460","0.00","0.19","0.3686","0.0284","0.3670"
"WEP","13-May-2025","48","125.77","125.37","0.13","-0.680","0.00","0.19","0.3686","0.0284","0.3670"
"WEP","14-May-2025","1","107.72","106.61","0.13","0.020","0.00","0.19","0.3686","0.0289","0.3736"
"WEP","14-May-2025","2","108.60","107.95","0.07","-0.380","0.00","0.19","0.3686","0.0289","0.3736"
"WEP","14-May-2025","3","96.58","96.51","0.05","-0.940","0.00","0.19","0.3686","0.0289","0.3736"
"WEP","14-May-2025","4","96.19","96.08","0.05","-0.900","0.00","0.19","0.3686","0.0289","0.3736"
"WEP","14-May-2025","5","96.04","95.89","0.05","-0.860","0.00","0.19","0.3686","0.0289","0.3736"
"WEP","14-May-2025","6","96.08","95.89","0.05","-0.820","0.00","0.19","0.3686","0.0289","0.3736"
"WEP","14-May-2025","7","92.69","92.96","0.05","-1.280","0.00","0.19","0.3686","0.0289","0.3736"
"WEP","14-May-2025","8","93.09","93.05","0.05","-0.970","0.00","0.19","0.3686","0.0289","0.3736"
"WEP","14-May-2025","9","92.69","93.04","0.04","-1.350","0.00","0.19","0.3686","0.0289","0.3736"
"WEP","14-May-2025","10","95.24","95.34","0.04","-1.110","0.00","0.19","0.3686","0.0289","0.3736"
"WEP","14-May-2025","11","96.06","96.08","0.06","-1.040","0.00","0.19","0.3686","0.0289","0.3736"
"WEP","14-May-2025","12","117.20","116.65","0.13","-0.540","0.00","0.19","0.3686","0.0289","0.3736"
"WEP","14-May-2025","13","122.70","122.27","0.19","-0.720","0.00","0.19","0.3686","0.0289","0.3736"
"WEP","14-May-2025","14","119.24","118.55","0.38","-0.650","0.00","0.19","0.3686","0.0289","0.3736"
"WEP","14-May-2025","15","118.84","118.84","0.42","-1.380","0.00","0.19","0.3686","0.0289","0.3736"
"WEP","14-May-2025","16","124.91","125.40","0.43","-1.880","0.00","0.19","0.3686","0.0289","0.3736"
"WEP","14-May-2025","17","176.34","176.86","0.71","-2.190","0.00","0.19","0.3686","0.0289","0.3736"
"WEP","14-May-2025","18","250.40","251.05","1.20","-2.810","0.00","0.19","0.3686","0.0289","0.3736"
"WEP","14-May-2025","19","257.91","258.63","0.87","-2.550","0.00","0.19","0.3686","0.0289","0.3736"
"WEP","14-May-2025","20","252.30","252.43","0.88","-1.980","0.00","0.19","0.3686","0.0289","0.3736"
"WEP","14-May-2025","21","251.03","251.68","0.36","-1.970","0.00","0.19","0.3686","0.0289","0.3736"
"WEP","14-May-2025","22","145.79","145.84","0.29","-1.300","0.00","0.19","0.3686","0.0289","0.3736"
"WEP","14-May-2025","23","116.67","116.60","0.18","-1.070","0.00","0.19","0.3686","0.0289","0.3736"
"WEP","14-May-2025","24","101.67","101.57","0.12","-0.980","0.00","0.19","0.3686","0.0289","0.3736"
"WEP","14-May-2025","25","98.74","98.72","0.14","-1.080","0.00","0.19","0.3686","0.0289","0.3736"
"WEP","14-May-2025","26","98.88","99.23","0.17","-1.480","0.00","0.19","0.3686","0.0289","0.3736"
"WEP","14-May-2025","27","101.96","102.06","0.15","-1.210","0.00","0.19","0.3686","0.0289","0.3736"
"WEP","14-May-2025","28","96.83","96.24","0.13","-0.500","0.00","0.19","0.3686","0.0289","0.3736"
"WEP","14-May-2025","29","95.90","95.67","0.12","-0.850","0.00","0.19","0.3686","0.0289","0.3736"
"WEP","14-May-2025","30","90.97","91.53","0.06","-1.580","0.00","0.19","0.3686","0.0289","0.3736"
"WEP","14-May-2025","31","90.99","91.66","0.08","-1.710","0.00","0.19","0.3686","0.0289","0.3736"
"WEP","14-May-2025","32","95.68","96.30","0.13","-1.710","0.00","0.19","0.3686","0.0289","0.3736"
"WEP","14-May-2025","33","103.28","104.09","0.11","-1.880","0.00","0.19","0.3686","0.0289","0.3736"
"WEP","14-May-2025","34","104.52","105.12","0.13","-1.690","0.00","0.19","0.3686","0.0289","0.3736"
"WEP","14-May-2025","35","103.54","104.14","0.38","-1.940","0.00","0.19","0.3686","0.0289","0.3736"
"WEP","14-May-2025","36","96.44","96.85","0.08","-1.450","0.00","0.19","0.3686","0.0289","0.3736"
"WEP","14-May-2025","37","113.59","114.03","0.24","-1.650","0.00","0.19","0.3686","0.0289","0.3736"
"WEP","14-May-2025","38","117.08","117.25","0.28","-1.410","0.00","0.19","0.3686","0.0289","0.3736"
"WEP","14-May-2025","39","125.86","125.52","0.37","-0.990","0.00","0.19","0.3686","0.0289","0.3736"
"WEP","14-May-2025","40","125.59","125.62","0.37","-1.360","0.00","0.19","0.3686","0.0289","0.3736"
"WEP","14-May-2025","41","143.37","144.05","0.39","-2.040","0.00","0.19","0.3686","0.0289","0.3736"
"WEP","14-May-2025","42","134.65","134.59","0.33","-1.230","0.00","0.19","0.3686","0.0289","0.3736"
"WEP","14-May-2025","43","125.79","125.62","0.28","-1.070","0.00","0.19","0.3686","0.0289","0.3736"
"WEP","14-May-2025","44","117.22","117.38","0.12","-1.240","0.00","0.19","0.3686","0.0289","0.3736"
"WEP","14-May-2025","45","117.28","116.81","0.13","-0.620","0.00","0.19","0.3686","0.0289","0.3736"
"WEP","14-May-2025","46","114.52","114.01","0.07","-0.520","0.00","0.19","0.3686","0.0289","0.3736"
"WEP","14-May-2025","47","96.36","96.10","0.09","-0.790","0.00","0.19","0.3686","0.0289","0.3736"
"WEP","14-May-2025","48","93.93","93.62","0.07","-0.730","0.00","0.19","0.3686","0.0289","0.3736"
"WEP","15-May-2025","1","85.73","85.78","0.12","-1.130","0.00","0.19","0.3686","0.0286","0.3700"
"WEP","15-May-2025","2","81.83","81.44","0.07","-0.630","0.00","0.19","0.3686","0.0286","0.3700"
"WEP","15-May-2025","3","81.82","81.54","0.05","-0.730","0.00","0.19","0.3686","0.0286","0.3700"
"WEP","15-May-2025","4","81.53","81.41","0.05","-0.880","0.00","0.19","0.3686","0.0286","0.3700"
"WEP","15-May-2025","5","80.12","80.22","0.06","-1.110","0.00","0.19","0.3686","0.0286","0.3700"
"WEP","15-May-2025","6","80.30","80.22","0.06","-0.940","0.00","0.19","0.3686","0.0286","0.3700"
"WEP","15-May-2025","7","80.07","80.00","0.06","-0.950","0.00","0.19","0.3686","0.0286","0.3700"
"WEP","15-May-2025","8","80.32","80.06","0.06","-0.760","0.00","0.19","0.3686","0.0286","0.3700"
"WEP","15-May-2025","9","80.40","80.00","0.06","-0.610","0.00","0.19","0.3686","0.0286","0.3700"
"WEP","15-May-2025","10","80.66","80.08","0.06","-0.440","0.00","0.19","0.3686","0.0286","0.3700"
"WEP","15-May-2025","11","81.85","81.41","0.11","-0.620","0.00","0.19","0.3686","0.0286","0.3700"
"WEP","15-May-2025","12","82.63","82.24","0.13","-0.700","0.00","0.19","0.3686","0.0286","0.3700"
"WEP","15-May-2025","13","88.06","88.16","0.15","-1.200","0.00","0.19","0.3686","0.0286","0.3700"
"WEP","15-May-2025","14","91.19","91.46","0.18","-1.410","0.00","0.19","0.3686","0.0286","0.3700"
"WEP","15-May-2025","15","95.48","95.62","0.18","-1.280","0.00","0.19","0.3686","0.0286","0.3700"
"WEP","15-May-2025","16","102.52","102.27","0.17","-0.880","0.00","0.19","0.3686","0.0286","0.3700"
"WEP","15-May-2025","17","111.16","111.09","0.16","-1.050","0.00","0.19","0.3686","0.0286","0.3700"
"WEP","15-May-2025","18","205.36","204.68","0.81","-1.090","0.00","0.19","0.3686","0.0286","0.3700"
"WEP","15-May-2025","19","140.65","140.82","0.36","-1.490","0.00","0.19","0.3686","0.0286","0.3700"
"WEP","15-May-2025","20","125.35","125.41","0.35","-1.370","0.00","0.19","0.3686","0.0286","0.3700"
"WEP","15-May-2025","21","117.75","117.18","0.18","-0.560","0.00","0.19","0.3686","0.0286","0.3700"
"WEP","15-May-2025","22","114.55","115.05","0.15","-1.610","0.00","0.19","0.3686","0.0286","0.3700"
"WEP","15-May-2025","23","98.89","100.00","0.12","-2.190","0.00","0.19","0.3686","0.0286","0.3700"
"WEP","15-May-2025","24","102.11","105.29","0.12","-4.260","0.00","0.19","0.3686","0.0286","0.3700"
"WEP","15-May-2025","25","114.01","115.04","0.16","-2.150","0.00","0.19","0.3686","0.0286","0.3700"
"WEP","15-May-2025","26","208.74","208.61","0.33","-1.150","0.00","0.19","0.3686","0.0286","0.3700"
"WEP","15-May-2025","27","125.63","125.36","0.16","-0.840","0.00","0.19","0.3686","0.0286","0.3700"
"WEP","15-May-2025","28","201.37","202.60","0.31","-2.500","0.00","0.19","0.3686","0.0286","0.3700"
"WEP","15-May-2025","29","115.95","117.23","0.17","-2.400","0.00","0.19","0.3686","0.0286","0.3700"
"WEP","15-May-2025","30","115.07","116.66","0.14","-2.690","0.00","0.19","0.3686","0.0286","0.3700"
"WEP","15-May-2025","31","273.68","280.23","0.48","-7.990","0.00","0.19","0.3686","0.0286","0.3700"
"WEP","15-May-2025","32","691.68","695.63","2.65","-7.770","0.21","0.19","0.3686","0.0286","0.3700"
"WEP","15-May-2025","33","1094.36","1098.52","2.39","-7.810","0.30","0.19","0.3686","0.0286","0.3700"
"WEP","15-May-2025","34","764.13","763.42","2.61","-4.770","1.91","0.19","0.3686","0.0286","0.3700"
"WEP","15-May-2025","35","373.60","367.34","3.78","-2.110","3.63","0.19","0.3686","0.0286","0.3700"
"WEP","15-May-2025","36","251.74","250.74","1.89","-1.850","0.00","0.19","0.3686","0.0286","0.3700"
"WEP","15-May-2025","37","209.98","208.69","1.27","-0.940","0.00","0.19","0.3686","0.0286","0.3700"
"WEP","15-May-2025","38","253.70","252.43","2.21","-1.900","0.00","0.19","0.3686","0.0286","0.3700"
"WEP","15-May-2025","39","195.83","194.65","1.35","-1.130","0.00","0.19","0.3686","0.0286","0.3700"
"WEP","15-May-2025","40","190.04","188.77","1.22","-0.910","0.00","0.19","0.3686","0.0286","0.3700"
"WEP","15-May-2025","41","282.20","280.35","1.46","-0.570","0.00","0.19","0.3686","0.0286","0.3700"
"WEP","15-May-2025","42","234.18","233.90","1.06","-1.740","0.00","0.19","0.3686","0.0286","0.3700"
"WEP","15-May-2025","43","194.48","194.02","0.69","-1.180","0.00","0.19","0.3686","0.0286","0.3700"
"WEP","15-May-2025","44","126.76","126.55","0.21","-0.960","0.00","0.19","0.3686","0.0286","0.3700"
"WEP","15-May-2025","45","126.53","125.31","0.14","0.120","0.00","0.19","0.3686","0.0286","0.3700"
"WEP","15-May-2025","46","125.64","125.14","0.13","-0.590","0.00","0.19","0.3686","0.0286","0.3700"
"WEP","15-May-2025","47","117.84","117.09","0.15","-0.360","0.00","0.19","0.3686","0.0286","0.3700"
"WEP","15-May-2025","48","97.15","96.01","0.13","0.060","0.00","0.19","0.3686","0.0286","0.3700"
"WEP","16-May-2025","1","92.79","93.29","0.12","-1.580","0.00","0.19","0.3686","0.0290","0.3741"
"WEP","16-May-2025","2","91.65","92.65","0.11","-2.070","0.00","0.19","0.3686","0.0290","0.3741"
"WEP","16-May-2025","3","92.15","92.94","0.06","-1.810","0.00","0.19","0.3686","0.0290","0.3741"
"WEP","16-May-2025","4","92.36","92.69","0.06","-1.350","0.00","0.19","0.3686","0.0290","0.3741"
"WEP","16-May-2025","5","92.02","92.68","0.06","-1.680","0.00","0.19","0.3686","0.0290","0.3741"
"WEP","16-May-2025","6","92.11","92.58","0.06","-1.490","0.00","0.19","0.3686","0.0290","0.3741"
"WEP","16-May-2025","7","88.18","88.57","0.06","-1.410","0.00","0.19","0.3686","0.0290","0.3741"
"WEP","16-May-2025","8","90.13","90.39","0.06","-1.280","0.00","0.19","0.3686","0.0290","0.3741"
"WEP","16-May-2025","9","89.74","90.39","0.06","-1.680","0.00","0.19","0.3686","0.0290","0.3741"
"WEP","16-May-2025","10","92.24","92.57","0.06","-1.350","0.00","0.19","0.3686","0.0290","0.3741"
"WEP","16-May-2025","11","92.36","92.76","0.10","-1.460","0.00","0.19","0.3686","0.0290","0.3741"
"WEP","16-May-2025","12","95.75","95.82","0.13","-1.160","0.00","0.19","0.3686","0.0290","0.3741"
"WEP","16-May-2025","13","95.64","96.02","0.16","-1.510","0.00","0.19","0.3686","0.0290","0.3741"
"WEP","16-May-2025","14","94.82","95.63","0.20","-1.970","0.00","0.19","0.3686","0.0290","0.3741"
"WEP","16-May-2025","15","95.31","95.76","0.22","-1.630","0.00","0.19","0.3686","0.0290","0.3741"
"WEP","16-May-2025","16","97.79","98.10","0.22","-1.500","0.00","0.19","0.3686","0.0290","0.3741"
"WEP","16-May-2025","17","103.60","103.43","0.24","-1.030","0.00","0.19","0.3686","0.0290","0.3741"
"WEP","16-May-2025","18","96.48","96.22","0.19","-0.890","0.00","0.19","0.3686","0.0290","0.3741"
"WEP","16-May-2025","19","93.57","93.46","0.14","-0.990","0.00","0.19","0.3686","0.0290","0.3741"
"WEP","16-May-2025","20","93.46","93.32","0.16","-0.980","0.00","0.19","0.3686","0.0290","0.3741"
"WEP","16-May-2025","21","93.04","93.01","0.13","-1.070","0.00","0.19","0.3686","0.0290","0.3741"
"WEP","16-May-2025","22","92.72","92.71","0.13","-1.090","0.00","0.19","0.3686","0.0290","0.3741"
"WEP","16-May-2025","23","85.94","85.97","0.12","-1.120","0.00","0.19","0.3686","0.0290","0.3741"
"WEP","16-May-2025","24","83.24","83.49","0.12","-1.330","0.00","0.19","0.3686","0.0290","0.3741"
"WEP","16-May-2025","25","80.35","80.46","0.13","-1.200","0.00","0.19","0.3686","0.0290","0.3741"
"WEP","16-May-2025","26","80.05","80.36","0.14","-1.410","0.00","0.19","0.3686","0.0290","0.3741"
"WEP","16-May-2025","27","79.94","80.47","0.13","-1.630","0.00","0.19","0.3686","0.0290","0.3741"
"WEP","16-May-2025","28","83.32","83.84","0.13","-1.610","0.00","0.19","0.3686","0.0290","0.3741"
"WEP","16-May-2025","29","84.49","84.78","0.12","-1.370","0.00","0.19","0.3686","0.0290","0.3741"
"WEP","16-May-2025","30","83.17","84.28","0.11","-2.190","0.00","0.19","0.3686","0.0290","0.3741"
"WEP","16-May-2025","31","83.80","85.66","0.11","-2.930","0.00","0.19","0.3686","0.0290","0.3741"
"WEP","16-May-2025","32","91.37","92.73","0.13","-2.450","0.00","0.19","0.3686","0.0290","0.3741"
"WEP","16-May-2025","33","93.34","94.22","0.12","-1.970","0.00","0.19","0.3686","0.0290","0.3741"
"WEP","16-May-2025","34","93.14","94.15","0.13","-2.100","0.00","0.19","0.3686","0.0290","0.3741"
"WEP","16-May-2025","35","91.86","93.57","0.18","-2.850","0.00","0.19","0.3686","0.0290","0.3741"
"WEP","16-May-2025","36","92.65","94.33","0.13","-2.770","0.00","0.19","0.3686","0.0290","0.3741"
"WEP","16-May-2025","37","115.63","116.63","0.23","-2.200","0.00","0.19","0.3686","0.0290","0.3741"
"WEP","16-May-2025","38","130.97","132.05","0.37","-2.410","0.00","0.19","0.3686","0.0290","0.3741"
"WEP","16-May-2025","39","168.99","169.89","0.49","-2.350","0.00","0.19","0.3686","0.0290","0.3741"
"WEP","16-May-2025","40","172.07","173.15","0.49","-2.530","0.00","0.19","0.3686","0.0290","0.3741"
"WEP","16-May-2025","41","159.66","160.94","0.34","-2.580","0.00","0.19","0.3686","0.0290","0.3741"
"WEP","16-May-2025","42","135.61","137.16","0.18","-2.690","0.00","0.19","0.3686","0.0290","0.3741"
"WEP","16-May-2025","43","205.04","207.53","0.34","-3.790","0.00","0.19","0.3686","0.0290","0.3741"
"WEP","16-May-2025","44","198.46","201.49","0.18","-4.180","0.00","0.19","0.3686","0.0290","0.3741"
"WEP","16-May-2025","45","154.02","155.97","0.13","-3.040","0.00","0.19","0.3686","0.0290","0.3741"
"WEP","16-May-2025","46","143.96","145.79","0.12","-2.910","0.00","0.19","0.3686","0.0290","0.3741"
"WEP","16-May-2025","47","131.14","132.59","0.13","-2.540","0.00","0.19","0.3686","0.0290","0.3741"
"WEP","16-May-2025","48","123.53","125.28","0.12","-2.830","0.00","0.19","0.3686","0.0290","0.3741"
"WEP","17-May-2025","1","125.03","125.22","0.12","-1.290","0.00","0.19","0.3686","0.0299","0.3862"
"WEP","17-May-2025","2","115.84","116.49","0.12","-1.740","0.00","0.19","0.3686","0.0299","0.3862"
"WEP","17-May-2025","3","113.79","113.63","0.09","-0.900","0.00","0.19","0.3686","0.0299","0.3862"
"WEP","17-May-2025","4","93.32","93.35","0.05","-1.050","0.00","0.19","0.3686","0.0299","0.3862"
"WEP","17-May-2025","5","93.23","93.22","0.05","-1.020","0.00","0.19","0.3686","0.0299","0.3862"
"WEP","17-May-2025","6","92.79","92.82","0.05","-1.060","0.00","0.19","0.3686","0.0299","0.3862"
"WEP","17-May-2025","7","92.56","92.55","0.05","-1.020","0.00","0.19","0.3686","0.0299","0.3862"
"WEP","17-May-2025","8","92.40","92.52","0.05","-1.150","0.00","0.19","0.3686","0.0299","0.3862"
"WEP","17-May-2025","9","92.13","92.53","0.06","-1.440","0.00","0.19","0.3686","0.0299","0.3862"
"WEP","17-May-2025","10","93.20","93.06","0.09","-0.920","0.00","0.19","0.3686","0.0299","0.3862"
"WEP","17-May-2025","11","92.88","92.85","0.07","-1.010","0.00","0.19","0.3686","0.0299","0.3862"
"WEP","17-May-2025","12","93.19","93.06","0.13","-0.970","0.00","0.19","0.3686","0.0299","0.3862"
"WEP","17-May-2025","13","92.99","93.33","0.17","-1.480","0.00","0.19","0.3686","0.0299","0.3862"
"WEP","17-May-2025","14","93.20","93.20","0.25","-1.220","0.00","0.19","0.3686","0.0299","0.3862"
"WEP","17-May-2025","15","96.63","96.56","0.28","-1.190","0.00","0.19","0.3686","0.0299","0.3862"
"WEP","17-May-2025","16","116.33","116.52","0.45","-1.620","0.00","0.19","0.3686","0.0299","0.3862"
"WEP","17-May-2025","17","114.93","115.02","0.45","-1.520","0.00","0.19","0.3686","0.0299","0.3862"
"WEP","17-May-2025","18","105.13","105.23","0.38","-1.450","0.00","0.19","0.3686","0.0299","0.3862"
"WEP","17-May-2025","19","103.70","103.81","0.31","-1.390","0.00","0.19","0.3686","0.0299","0.3862"
"WEP","17-May-2025","20","114.50","115.08","0.37","-1.920","0.00","0.19","0.3686","0.0299","0.3862"
"WEP","17-May-2025","21","114.65","115.11","0.31","-1.750","0.00","0.19","0.3686","0.0299","0.3862"
"WEP","17-May-2025","22","114.08","114.32","0.31","-1.520","0.00","0.19","0.3686","0.0299","0.3862"
"WEP","17-May-2025","23","118.16","116.74","0.33","0.110","0.00","0.19","0.3686","0.0299","0.3862"
"WEP","17-May-2025","24","95.31","93.41","0.13","0.790","0.00","0.19","0.3686","0.0299","0.3862"
"WEP","17-May-2025","25","81.02","79.41","0.14","0.490","0.00","0.19","0.3686","0.0299","0.3862"
"WEP","17-May-2025","26","78.09","77.10","0.14","-0.130","0.00","0.19","0.3686","0.0299","0.3862"
"WEP","17-May-2025","27","74.13","73.38","0.14","-0.360","0.00","0.19","0.3686","0.0299","0.3862"
"WEP","17-May-2025","28","72.27","72.16","0.13","-1.000","0.00","0.19","0.3686","0.0299","0.3862"
"WEP","17-May-2025","29","72.10","72.46","0.13","-1.460","0.00","0.19","0.3686","0.0299","0.3862"
"WEP","17-May-2025","30","72.36","72.98","0.12","-1.710","0.00","0.19","0.3686","0.0299","0.3862"
"WEP","17-May-2025","31","76.77","77.40","0.12","-1.730","0.00","0.19","0.3686","0.0299","0.3862"
"WEP","17-May-2025","32","77.12","78.01","0.14","-2.010","0.00","0.19","0.3686","0.0299","0.3862"
"WEP","17-May-2025","33","78.75","79.06","0.13","-1.420","0.00","0.19","0.3686","0.0299","0.3862"
"WEP","17-May-2025","34","79.40","80.20","0.14","-1.920","0.00","0.19","0.3686","0.0299","0.3862"
"WEP","17-May-2025","35","84.46","85.56","0.30","-2.370","0.00","0.19","0.3686","0.0299","0.3862"
"WEP","17-May-2025","36","91.71","92.72","0.18","-2.170","0.00","0.19","0.3686","0.0299","0.3862"
"WEP","17-May-2025","37","102.73","103.66","0.34","-2.240","0.00","0.19","0.3686","0.0299","0.3862"
"WEP","17-May-2025","38","115.78","116.70","0.49","-2.380","0.00","0.19","0.3686","0.0299","0.3862"
"WEP","17-May-2025","39","124.93","125.45","0.59","-2.080","0.00","0.19","0.3686","0.0299","0.3862"
"WEP","17-May-2025","40","129.31","129.70","0.60","-1.970","0.00","0.19","0.3686","0.0299","0.3862"
"WEP","17-May-2025","41","138.73","139.19","0.51","-1.950","0.00","0.19","0.3686","0.0299","0.3862"
"WEP","17-May-2025","42","139.35","139.85","0.54","-2.010","0.00","0.19","0.3686","0.0299","0.3862"
"WEP","17-May-2025","43","282.32","280.59","1.92","-1.170","0.00","0.19","0.3686","0.0299","0.3862"
"WEP","17-May-2025","44","117.30","117.23","0.31","-1.210","0.00","0.19","0.3686","0.0299","0.3862"
"WEP","17-May-2025","45","115.55","115.14","0.31","-0.880","0.00","0.19","0.3686","0.0299","0.3862"
"WEP","17-May-2025","46","108.86","108.86","0.15","-1.130","0.00","0.19","0.3686","0.0299","0.3862"
"WEP","17-May-2025","47","100.04","99.70","0.19","-0.830","0.00","0.19","0.3686","0.0299","0.3862"
"WEP","17-May-2025","48","94.94","94.64","0.12","-0.790","0.00","0.19","0.3686","0.0299","0.3862"
"WEP","18-May-2025","1","94.69","94.13","0.13","-0.560","0.00","0.19","0.3686","0.0307","0.3969"
"WEP","18-May-2025","2","94.29","93.41","0.10","-0.200","0.00","0.19","0.3686","0.0307","0.3969"
"WEP","18-May-2025","3","93.39","92.76","0.06","-0.410","0.00","0.19","0.3686","0.0307","0.3969"
"WEP","18-May-2025","4","93.13","93.33","0.05","-1.240","0.00","0.19","0.3686","0.0307","0.3969"
"WEP","18-May-2025","5","88.26","88.10","0.05","-0.880","0.00","0.19","0.3686","0.0307","0.3969"
"WEP","18-May-2025","6","92.15","92.61","0.05","-1.490","0.00","0.19","0.3686","0.0307","0.3969"
"WEP","18-May-2025","7","86.10","85.17","0.05","-0.100","0.00","0.19","0.3686","0.0307","0.3969"
"WEP","18-May-2025","8","88.19","88.13","0.05","-0.970","0.00","0.19","0.3686","0.0307","0.3969"
"WEP","18-May-2025","9","83.77","83.11","0.05","-0.380","0.00","0.19","0.3686","0.0307","0.3969"
"WEP","18-May-2025","10","89.58","89.69","0.05","-1.140","0.00","0.19","0.3686","0.0307","0.3969"
"WEP","18-May-2025","11","91.17","91.16","0.07","-1.050","0.00","0.19","0.3686","0.0307","0.3969"
"WEP","18-May-2025","12","92.85","92.67","0.13","-0.940","0.00","0.19","0.3686","0.0307","0.3969"
"WEP","18-May-2025","13","93.25","93.18","0.17","-1.080","0.00","0.19","0.3686","0.0307","0.3969"
"WEP","18-May-2025","14","93.22","93.23","0.21","-1.200","0.00","0.19","0.3686","0.0307","0.3969"
"WEP","18-May-2025","15","93.92","93.23","0.28","-0.580","0.00","0.19","0.3686","0.0307","0.3969"
"WEP","18-May-2025","16","96.24","95.81","0.27","-0.830","0.00","0.19","0.3686","0.0307","0.3969"
"WEP","18-May-2025","17","93.98","93.35","0.20","-0.550","0.00","0.19","0.3686","0.0307","0.3969"
"WEP","18-May-2025","18","93.85","93.19","0.21","-0.540","0.00","0.19","0.3686","0.0307","0.3969"
"WEP","18-May-2025","19","93.17","92.75","0.16","-0.730","0.00","0.19","0.3686","0.0307","0.3969"
"WEP","18-May-2025","20","90.88","90.39","0.17","-0.670","0.00","0.19","0.3686","0.0307","0.3969"
"WEP","18-May-2025","21","83.21","83.11","0.14","-1.030","0.00","0.19","0.3686","0.0307","0.3969"
"WEP","18-May-2025","22","83.35","83.65","0.14","-1.430","0.00","0.19","0.3686","0.0307","0.3969"
"WEP","18-May-2025","23","83.93","84.52","0.13","-1.710","0.00","0.19","0.3686","0.0307","0.3969"
"WEP","18-May-2025","24","81.83","83.11","0.13","-2.400","0.00","0.19","0.3686","0.0307","0.3969"
"WEP","18-May-2025","25","91.77","92.80","0.15","-2.160","0.00","0.19","0.3686","0.0307","0.3969"
"WEP","18-May-2025","26","110.34","111.02","0.32","-1.990","0.00","0.19","0.3686","0.0307","0.3969"
"WEP","18-May-2025","27","94.46","93.83","0.15","-0.510","0.00","0.19","0.3686","0.0307","0.3969"
"WEP","18-May-2025","28","100.00","99.60","0.17","-0.760","0.00","0.19","0.3686","0.0307","0.3969"
"WEP","18-May-2025","29","93.07","93.11","0.13","-1.160","0.00","0.19","0.3686","0.0307","0.3969"
"WEP","18-May-2025","30","114.53","114.27","0.18","-0.900","0.00","0.19","0.3686","0.0307","0.3969"
"WEP","18-May-2025","31","115.13","114.20","0.21","-0.270","0.00","0.19","0.3686","0.0307","0.3969"
"WEP","18-May-2025","32","115.88","115.12","0.32","-0.540","0.00","0.19","0.3686","0.0307","0.3969"
"WEP","18-May-2025","33","115.65","115.14","0.25","-0.730","0.00","0.19","0.3686","0.0307","0.3969"
"WEP","18-May-2025","34","94.36","93.55","0.15","-0.320","0.00","0.19","0.3686","0.0307","0.3969"
"WEP","18-May-2025","35","96.39","96.27","0.35","-1.210","0.00","0.19","0.3686","0.0307","0.3969"
"WEP","18-May-2025","36","107.45","107.12","0.21","-0.860","0.00","0.19","0.3686","0.0307","0.3969"
"WEP","18-May-2025","37","115.87","115.17","0.37","-0.650","0.00","0.19","0.3686","0.0307","0.3969"
"WEP","18-May-2025","38","115.91","115.23","0.41","-0.720","0.00","0.19","0.3686","0.0307","0.3969"
"WEP","18-May-2025","39","116.33","115.19","0.40","-0.250","0.00","0.19","0.3686","0.0307","0.3969"
"WEP","18-May-2025","40","115.88","115.22","0.36","-0.680","0.00","0.19","0.3686","0.0307","0.3969"
"WEP","18-May-2025","41","117.45","116.81","0.32","-0.660","0.00","0.19","0.3686","0.0307","0.3969"
"WEP","18-May-2025","42","117.41","116.83","0.33","-0.740","0.00","0.19","0.3686","0.0307","0.3969"
"WEP","18-May-2025","43","115.75","115.25","0.33","-0.810","0.00","0.19","0.3686","0.0307","0.3969"
"WEP","18-May-2025","44","99.81","98.93","0.13","-0.230","0.00","0.19","0.3686","0.0307","0.3969"
"WEP","18-May-2025","45","95.42","94.30","0.13","0.000","0.00","0.19","0.3686","0.0307","0.3969"
"WEP","18-May-2025","46","95.04","93.44","0.13","0.480","0.00","0.19","0.3686","0.0307","0.3969"
"WEP","18-May-2025","47","117.56","117.27","0.22","-0.920","0.00","0.19","0.3686","0.0307","0.3969"
"WEP","18-May-2025","48","99.91","98.42","0.13","0.380","0.00","0.19","0.3686","0.0307","0.3969"
"WEP","19-May-2025","1","96.50","95.65","0.12","-0.230","0.00","0.19","0.3686","0.0288","0.3727"
"WEP","19-May-2025","2","94.79","94.01","0.10","-0.280","0.00","0.19","0.3686","0.0288","0.3727"
"WEP","19-May-2025","3","93.85","93.43","0.05","-0.590","0.00","0.19","0.3686","0.0288","0.3727"
"WEP","19-May-2025","4","93.82","93.27","0.05","-0.460","0.00","0.19","0.3686","0.0288","0.3727"
"WEP","19-May-2025","5","93.27","92.99","0.05","-0.730","0.00","0.19","0.3686","0.0288","0.3727"
"WEP","19-May-2025","6","93.30","92.95","0.06","-0.670","0.00","0.19","0.3686","0.0288","0.3727"
"WEP","19-May-2025","7","92.86","92.64","0.06","-0.800","0.00","0.19","0.3686","0.0288","0.3727"
"WEP","19-May-2025","8","93.17","92.66","0.06","-0.510","0.00","0.19","0.3686","0.0288","0.3727"
"WEP","19-May-2025","9","93.16","92.66","0.05","-0.510","0.00","0.19","0.3686","0.0288","0.3727"
"WEP","19-May-2025","10","93.14","92.66","0.05","-0.530","0.00","0.19","0.3686","0.0288","0.3727"
"WEP","19-May-2025","11","93.47","93.17","0.07","-0.730","0.00","0.19","0.3686","0.0288","0.3727"
"WEP","19-May-2025","12","96.25","95.83","0.13","-0.670","0.00","0.19","0.3686","0.0288","0.3727"
"WEP","19-May-2025","13","95.53","95.96","0.17","-1.560","0.00","0.19","0.3686","0.0288","0.3727"
"WEP","19-May-2025","14","112.28","112.70","0.38","-1.760","0.00","0.19","0.3686","0.0288","0.3727"
"WEP","19-May-2025","15","116.29","116.54","0.28","-1.490","0.00","0.19","0.3686","0.0288","0.3727"
"WEP","19-May-2025","16","124.91","125.30","0.43","-1.780","0.00","0.19","0.3686","0.0288","0.3727"
"WEP","19-May-2025","17","140.67","141.24","0.40","-1.930","0.00","0.19","0.3686","0.0288","0.3727"
"WEP","19-May-2025","18","208.21","208.77","1.11","-2.630","0.00","0.19","0.3686","0.0288","0.3727"
"WEP","19-May-2025","19","103.59","103.72","0.17","-1.260","0.00","0.19","0.3686","0.0288","0.3727"
"WEP","19-May-2025","20","116.20","117.24","0.25","-2.250","0.00","0.19","0.3686","0.0288","0.3727"
"WEP","19-May-2025","21","115.75","116.67","0.19","-2.080","0.00","0.19","0.3686","0.0288","0.3727"
"WEP","19-May-2025","22","115.71","116.67","0.18","-2.100","0.00","0.19","0.3686","0.0288","0.3727"
"WEP","19-May-2025","23","116.71","117.26","0.15","-1.660","0.00","0.19","0.3686","0.0288","0.3727"
"WEP","19-May-2025","24","96.14","96.15","0.12","-1.090","0.00","0.19","0.3686","0.0288","0.3727"
"WEP","19-May-2025","25","95.81","95.97","0.13","-1.250","0.00","0.19","0.3686","0.0288","0.3727"
"WEP","19-May-2025","26","96.05","95.80","0.13","-0.840","0.00","0.19","0.3686","0.0288","0.3727"
"WEP","19-May-2025","27","93.00","93.48","0.13","-1.570","0.00","0.19","0.3686","0.0288","0.3727"
"WEP","19-May-2025","28","95.15","95.88","0.13","-1.820","0.00","0.19","0.3686","0.0288","0.3727"
"WEP","19-May-2025","29","93.50","93.60","0.12","-1.180","0.00","0.19","0.3686","0.0288","0.3727"
"WEP","19-May-2025","30","95.44","95.86","0.06","-1.440","0.00","0.19","0.3686","0.0288","0.3727"
"WEP","19-May-2025","31","95.35","95.71","0.07","-1.390","0.00","0.19","0.3686","0.0288","0.3727"
"WEP","19-May-2025","32","95.79","95.88","0.13","-1.180","0.00","0.19","0.3686","0.0288","0.3727"
"WEP","19-May-2025","33","95.42","95.95","0.07","-1.560","0.00","0.19","0.3686","0.0288","0.3727"
"WEP","19-May-2025","34","107.72","108.64","0.16","-2.040","0.00","0.19","0.3686","0.0288","0.3727"
"WEP","19-May-2025","35","112.09","112.92","0.44","-2.230","0.00","0.19","0.3686","0.0288","0.3727"
"WEP","19-May-2025","36","114.28","115.22","0.23","-2.130","0.00","0.19","0.3686","0.0288","0.3727"
"WEP","19-May-2025","37","114.29","115.12","0.20","-1.990","0.00","0.19","0.3686","0.0288","0.3727"
"WEP","19-May-2025","38","116.01","117.24","0.26","-2.450","0.00","0.19","0.3686","0.0288","0.3727"
"WEP","19-May-2025","39","124.76","125.50","0.34","-2.040","0.00","0.19","0.3686","0.0288","0.3727"
"WEP","19-May-2025","40","140.51","141.09","0.36","-1.900","0.00","0.19","0.3686","0.0288","0.3727"
"WEP","19-May-2025","41","124.62","125.54","0.29","-2.170","0.00","0.19","0.3686","0.0288","0.3727"
"WEP","19-May-2025","42","125.02","125.65","0.14","-1.730","0.00","0.19","0.3686","0.0288","0.3727"
"WEP","19-May-2025","43","276.99","280.27","0.53","-4.770","0.00","0.19","0.3686","0.0288","0.3727"
"WEP","19-May-2025","44","216.60","218.42","0.30","-3.080","0.00","0.19","0.3686","0.0288","0.3727"
"WEP","19-May-2025","45","207.74","208.60","0.20","-2.020","0.00","0.19","0.3686","0.0288","0.3727"
"WEP","19-May-2025","46","197.74","198.56","0.08","-1.860","0.00","0.19","0.3686","0.0288","0.3727"
"WEP","19-May-2025","47","132.71","132.44","0.13","-0.820","0.00","0.19","0.3686","0.0288","0.3727"
"WEP","19-May-2025","48","125.88","125.36","0.13","-0.570","0.00","0.19","0.3686","0.0288","0.3727"
"WEP","20-May-2025","1","100.43","101.13","0.12","-1.770","0.00","0.19","0.3686","0.0282","0.3645"
"WEP","20-May-2025","2","99.74","100.87","0.10","-2.180","0.00","0.19","0.3686","0.0282","0.3645"
"WEP","20-May-2025","3","100.35","100.86","0.08","-1.540","0.00","0.19","0.3686","0.0282","0.3645"
"WEP","20-May-2025","4","100.42","100.85","0.08","-1.460","0.00","0.19","0.3686","0.0282","0.3645"
"WEP","20-May-2025","5","100.15","100.86","0.06","-1.720","0.00","0.19","0.3686","0.0282","0.3645"
"WEP","20-May-2025","6","96.11","96.25","0.06","-1.150","0.00","0.19","0.3686","0.0282","0.3645"
"WEP","20-May-2025","7","94.24","96.12","0.06","-2.890","0.00","0.19","0.3686","0.0282","0.3645"
"WEP","20-May-2025","8","130.49","133.23","0.10","-3.790","0.00","0.19","0.3686","0.0282","0.3645"
"WEP","20-May-2025","9","131.86","133.42","0.09","-2.600","0.00","0.19","0.3686","0.0282","0.3645"
"WEP","20-May-2025","10","169.04","170.45","0.09","-2.450","0.00","0.19","0.3686","0.0282","0.3645"
"WEP","20-May-2025","11","95.77","95.93","0.26","-1.370","0.00","0.19","0.3686","0.0282","0.3645"
"WEP","20-May-2025","12","115.67","116.63","0.21","-2.120","0.00","0.19","0.3686","0.0282","0.3645"
"WEP","20-May-2025","13","124.33","125.19","0.38","-2.190","0.00","0.19","0.3686","0.0282","0.3645"
"WEP","20-May-2025","14","279.68","279.97","3.07","-4.310","0.00","0.19","0.3686","0.0282","0.3645"
"WEP","20-May-2025","15","277.71","279.84","0.58","-3.660","0.00","0.19","0.3686","0.0282","0.3645"
"WEP","20-May-2025","16","410.06","409.81","1.12","-1.820","0.00","0.19","0.3686","0.0282","0.3645"
"WEP","20-May-2025","17","502.17","502.41","3.44","-4.630","0.00","0.19","0.3686","0.0282","0.3645"
"WEP","20-May-2025","18","503.32","502.91","3.51","-4.050","0.00","0.19","0.3686","0.0282","0.3645"
"WEP","20-May-2025","19","480.31","477.21","3.04","-4.840","3.94","0.19","0.3686","0.0282","0.3645"
"WEP","20-May-2025","20","423.60","420.20","3.04","-4.230","3.64","0.19","0.3686","0.0282","0.3645"
"WEP","20-May-2025","21","325.36","326.35","0.68","-2.620","0.00","0.19","0.3686","0.0282","0.3645"
"WEP","20-May-2025","22","225.95","227.72","0.40","-3.120","0.00","0.19","0.3686","0.0282","0.3645"
"WEP","20-May-2025","23","278.94","278.63","0.89","-1.530","0.00","0.19","0.3686","0.0282","0.3645"
"WEP","20-May-2025","24","207.84","208.75","0.46","-2.320","0.00","0.19","0.3686","0.0282","0.3645"
"WEP","20-May-2025","25","117.23","117.33","0.24","-1.300","0.00","0.19","0.3686","0.0282","0.3645"
"WEP","20-May-2025","26","98.74","100.08","0.19","-2.480","0.00","0.19","0.3686","0.0282","0.3645"
"WEP","20-May-2025","27","116.09","117.43","0.19","-2.480","0.00","0.19","0.3686","0.0282","0.3645"
"WEP","20-May-2025","28","116.61","117.37","0.23","-1.940","0.00","0.19","0.3686","0.0282","0.3645"
"WEP","20-May-2025","29","116.26","117.35","0.23","-2.270","0.00","0.19","0.3686","0.0282","0.3645"
"WEP","20-May-2025","30","121.28","121.86","0.25","-1.780","0.00","0.19","0.3686","0.0282","0.3645"
"WEP","20-May-2025","31","117.21","117.35","0.22","-1.310","0.00","0.19","0.3686","0.0282","0.3645"
"WEP","20-May-2025","32","115.81","116.79","0.31","-2.240","0.00","0.19","0.3686","0.0282","0.3645"
"WEP","20-May-2025","33","115.30","117.37","0.20","-3.230","0.00","0.19","0.3686","0.0282","0.3645"
"WEP","20-May-2025","34","117.79","120.84","0.28","-4.280","0.00","0.19","0.3686","0.0282","0.3645"
"WEP","20-May-2025","35","196.63","203.41","1.49","-9.220","0.00","0.19","0.3686","0.0282","0.3645"
"WEP","20-May-2025","36","320.33","333.21","2.02","-15.850","0.00","0.19","0.3686","0.0282","0.3645"
"WEP","20-May-2025","37","683.01","695.51","4.19","-17.640","0.00","0.19","0.3686","0.0282","0.3645"
"WEP","20-May-2025","38","918.15","925.90","4.03","-15.640","2.91","0.19","0.3686","0.0282","0.3645"
"WEP","20-May-2025","39","1002.30","1011.25","4.44","-14.770","0.43","0.19","0.3686","0.0282","0.3645"
"WEP","20-May-2025","40","630.74","641.06","0.79","-15.330","3.28","0.19","0.3686","0.0282","0.3645"
"WEP","20-May-2025","41","566.36","578.57","1.60","-15.330","0.56","0.19","0.3686","0.0282","0.3645"
"WEP","20-May-2025","42","509.59","523.84","0.91","-16.110","0.00","0.19","0.3686","0.0282","0.3645"
"WEP","20-May-2025","43","290.07","301.45","0.52","-12.850","0.00","0.19","0.3686","0.0282","0.3645"
"WEP","20-May-2025","44","493.81","503.02","0.33","-10.490","0.00","0.19","0.3686","0.0282","0.3645"
"WEP","20-May-2025","45","455.56","459.18","0.18","-4.760","0.00","0.19","0.3686","0.0282","0.3645"
"WEP","20-May-2025","46","255.46","257.42","0.12","-3.030","0.00","0.19","0.3686","0.0282","0.3645"
"WEP","20-May-2025","47","273.96","276.55","0.14","-3.680","0.00","0.19","0.3686","0.0282","0.3645"
"WEP","20-May-2025","48","143.79","145.24","0.25","-2.650","0.00","0.19","0.3686","0.0282","0.3645"
"WEP","21-May-2025","1","124.45","125.46","0.22","-2.180","0.00","0.19","0.3686","0.0279","0.3609"
"WEP","21-May-2025","2","113.47","114.41","0.10","-1.990","0.00","0.19","0.3686","0.0279","0.3609"
"WEP","21-May-2025","3","109.99","110.69","0.09","-1.740","0.00","0.19","0.3686","0.0279","0.3609"
"WEP","21-May-2025","4","110.12","110.40","0.09","-1.320","0.00","0.19","0.3686","0.0279","0.3609"
"WEP","21-May-2025","5","109.54","110.35","0.09","-1.840","0.00","0.19","0.3686","0.0279","0.3609"
"WEP","21-May-2025","6","109.56","110.34","0.09","-1.820","0.00","0.19","0.3686","0.0279","0.3609"
"WEP","21-May-2025","7","109.39","110.35","0.10","-2.010","0.00","0.19","0.3686","0.0279","0.3609"
"WEP","21-May-2025","8","109.68","110.35","0.10","-1.720","0.00","0.19","0.3686","0.0279","0.3609"
"WEP","21-May-2025","9","109.98","110.35","0.09","-1.410","0.00","0.19","0.3686","0.0279","0.3609"
"WEP","21-May-2025","10","109.87","110.41","0.09","-1.580","0.00","0.19","0.3686","0.0279","0.3609"
"WEP","21-May-2025","11","115.90","116.49","0.10","-1.640","0.00","0.19","0.3686","0.0279","0.3609"
"WEP","21-May-2025","12","178.93","179.38","0.32","-1.720","0.00","0.19","0.3686","0.0279","0.3609"
"WEP","21-May-2025","13","163.96","164.20","0.60","-1.790","0.00","0.19","0.3686","0.0279","0.3609"
"WEP","21-May-2025","14","257.12","257.16","2.34","-3.330","0.00","0.19","0.3686","0.0279","0.3609"
"WEP","21-May-2025","15","249.27","251.71","0.77","-4.160","0.00","0.19","0.3686","0.0279","0.3609"
"WEP","21-May-2025","16","268.37","267.48","1.47","-1.530","0.00","0.19","0.3686","0.0279","0.3609"
"WEP","21-May-2025","17","280.69","280.67","1.53","-2.460","0.00","0.19","0.3686","0.0279","0.3609"
"WEP","21-May-2025","18","235.41","234.73","1.53","-1.800","0.00","0.19","0.3686","0.0279","0.3609"
"WEP","21-May-2025","19","207.08","207.70","0.77","-2.340","0.00","0.19","0.3686","0.0279","0.3609"
"WEP","21-May-2025","20","207.82","207.33","1.00","-1.460","0.00","0.19","0.3686","0.0279","0.3609"
"WEP","21-May-2025","21","205.20","206.02","0.33","-2.100","0.00","0.19","0.3686","0.0279","0.3609"
"WEP","21-May-2025","22","120.42","121.04","0.19","-1.760","0.00","0.19","0.3686","0.0279","0.3609"
"WEP","21-May-2025","23","114.96","115.23","0.17","-1.390","0.00","0.19","0.3686","0.0279","0.3609"
"WEP","21-May-2025","24","114.90","115.24","0.16","-1.450","0.00","0.19","0.3686","0.0279","0.3609"
"WEP","21-May-2025","25","150.64","151.79","0.49","-2.590","0.00","0.19","0.3686","0.0279","0.3609"
"WEP","21-May-2025","26","116.74","117.22","0.32","-1.740","0.00","0.19","0.3686","0.0279","0.3609"
"WEP","21-May-2025","27","116.05","116.59","0.25","-1.730","0.00","0.19","0.3686","0.0279","0.3609"
"WEP","21-May-2025","28","117.06","117.21","0.24","-1.340","0.00","0.19","0.3686","0.0279","0.3609"
"WEP","21-May-2025","29","116.32","117.21","0.17","-2.010","0.00","0.19","0.3686","0.0279","0.3609"
"WEP","21-May-2025","30","99.06","100.85","0.06","-2.800","0.00","0.19","0.3686","0.0279","0.3609"
"WEP","21-May-2025","31","113.54","115.33","0.15","-2.890","0.00","0.19","0.3686","0.0279","0.3609"
"WEP","21-May-2025","32","115.30","117.38","0.20","-3.230","0.00","0.19","0.3686","0.0279","0.3609"
"WEP","21-May-2025","33","204.26","207.24","0.47","-4.400","0.00","0.19","0.3686","0.0279","0.3609"
"WEP","21-May-2025","34","180.55","184.79","0.61","-5.800","0.00","0.19","0.3686","0.0279","0.3609"
"WEP","21-May-2025","35","135.07","138.35","0.60","-4.820","0.00","0.19","0.3686","0.0279","0.3609"
"WEP","21-May-2025","36","274.55","280.53","0.62","-7.550","0.00","0.19","0.3686","0.0279","0.3609"
"WEP","21-May-2025","37","497.81","502.73","0.71","-6.580","0.00","0.19","0.3686","0.0279","0.3609"
"WEP","21-May-2025","38","602.83","605.73","1.64","-7.060","1.58","0.19","0.3686","0.0279","0.3609"
"WEP","21-May-2025","39","547.21","546.74","0.85","-4.030","2.71","0.19","0.3686","0.0279","0.3609"
"WEP","21-May-2025","40","496.89","496.78","0.62","-3.120","1.66","0.19","0.3686","0.0279","0.3609"
"WEP","21-May-2025","41","461.68","461.85","0.27","-4.140","2.76","0.19","0.3686","0.0279","0.3609"
"WEP","21-May-2025","42","408.57","408.28","0.20","-3.570","2.71","0.19","0.3686","0.0279","0.3609"
"WEP","21-May-2025","43","280.97","282.18","0.32","-2.480","0.00","0.19","0.3686","0.0279","0.3609"
"WEP","21-May-2025","44","261.29","262.70","0.49","-2.840","0.00","0.19","0.3686","0.0279","0.3609"
"WEP","21-May-2025","45","279.27","280.03","0.29","-2.000","0.00","0.19","0.3686","0.0279","0.3609"
"WEP","21-May-2025","46","318.46","318.77","1.29","-2.550","0.00","0.19","0.3686","0.0279","0.3609"
"WEP","21-May-2025","47","263.20","262.52","1.31","-1.570","0.00","0.19","0.3686","0.0279","0.3609"
"WEP","21-May-2025","48","255.79","257.17","0.30","-2.630","0.00","0.19","0.3686","0.0279","0.3609"
"WEP","22-May-2025","1","191.52","192.23","0.32","-1.980","0.00","0.19","0.3686","0.0280","0.3616"
"WEP","22-May-2025","2","126.39","126.66","0.17","-1.390","0.00","0.19","0.3686","0.0280","0.3616"
"WEP","22-May-2025","3","191.81","191.97","0.09","-1.200","0.00","0.19","0.3686","0.0280","0.3616"
"WEP","22-May-2025","4","138.89","139.53","0.09","-1.680","0.00","0.19","0.3686","0.0280","0.3616"
"WEP","22-May-2025","5","116.36","117.44","0.06","-2.090","0.00","0.19","0.3686","0.0280","0.3616"
"WEP","22-May-2025","6","115.67","116.65","0.06","-1.990","0.00","0.19","0.3686","0.0280","0.3616"
"WEP","22-May-2025","7","115.77","116.64","0.06","-1.870","0.00","0.19","0.3686","0.0280","0.3616"
"WEP","22-May-2025","8","115.64","116.64","0.06","-2.010","0.00","0.19","0.3686","0.0280","0.3616"
"WEP","22-May-2025","9","115.87","116.64","0.05","-1.770","0.00","0.19","0.3686","0.0280","0.3616"
"WEP","22-May-2025","10","116.31","117.42","0.06","-2.120","0.00","0.19","0.3686","0.0280","0.3616"
"WEP","22-May-2025","11","169.45","170.91","0.11","-2.520","0.00","0.19","0.3686","0.0280","0.3616"
"WEP","22-May-2025","12","141.96","141.98","0.24","-1.210","0.00","0.19","0.3686","0.0280","0.3616"
"WEP","22-May-2025","13","251.20","251.71","0.47","-1.930","0.00","0.19","0.3686","0.0280","0.3616"
"WEP","22-May-2025","14","280.77","279.79","1.89","-1.860","0.00","0.19","0.3686","0.0280","0.3616"
"WEP","22-May-2025","15","257.67","257.10","0.48","-0.860","0.00","0.19","0.3686","0.0280","0.3616"
"WEP","22-May-2025","16","282.24","280.27","1.05","-0.030","0.00","0.19","0.3686","0.0280","0.3616"
"WEP","22-May-2025","17","250.78","249.08","1.10","-0.350","0.00","0.19","0.3686","0.0280","0.3616"
"WEP","22-May-2025","18","225.10","223.30","1.43","-0.580","0.00","0.19","0.3686","0.0280","0.3616"
"WEP","22-May-2025","19","181.61","180.97","0.56","-0.870","0.00","0.19","0.3686","0.0280","0.3616"
"WEP","22-May-2025","20","126.18","125.56","0.29","-0.620","0.00","0.19","0.3686","0.0280","0.3616"
"WEP","22-May-2025","21","130.80","131.00","0.34","-1.490","0.00","0.19","0.3686","0.0280","0.3616"
"WEP","22-May-2025","22","115.11","115.05","0.19","-1.080","0.00","0.19","0.3686","0.0280","0.3616"
"WEP","22-May-2025","23","101.48","101.33","0.08","-0.880","0.00","0.19","0.3686","0.0280","0.3616"
"WEP","22-May-2025","24","98.69","99.70","0.08","-2.040","0.00","0.19","0.3686","0.0280","0.3616"
"WEP","22-May-2025","25","99.30","100.63","0.13","-2.410","0.00","0.19","0.3686","0.0280","0.3616"
"WEP","22-May-2025","26","114.48","115.85","0.14","-2.460","0.00","0.19","0.3686","0.0280","0.3616"
"WEP","22-May-2025","27","208.40","208.32","0.29","-1.150","0.00","0.19","0.3686","0.0280","0.3616"
"WEP","22-May-2025","28","117.93","117.17","0.13","-0.310","0.00","0.19","0.3686","0.0280","0.3616"
"WEP","22-May-2025","29","113.11","115.06","0.12","-3.020","0.00","0.19","0.3686","0.0280","0.3616"
"WEP","22-May-2025","30","112.84","115.88","0.07","-4.050","0.00","0.19","0.3686","0.0280","0.3616"
"WEP","22-May-2025","31","246.90","252.41","0.31","-6.770","0.00","0.19","0.3686","0.0280","0.3616"
"WEP","22-May-2025","32","572.64","574.37","0.89","-7.350","3.78","0.19","0.3686","0.0280","0.3616"
"WEP","22-May-2025","33","677.45","676.06","1.62","-1.180","0.00","0.19","0.3686","0.0280","0.3616"
"WEP","22-May-2025","34","521.90","519.43","0.87","0.650","0.00","0.19","0.3686","0.0280","0.3616"
"WEP","22-May-2025","35","177.47","177.86","0.91","-2.240","0.00","0.19","0.3686","0.0280","0.3616"
"WEP","22-May-2025","36","139.93","146.38","0.37","-7.770","0.00","0.19","0.3686","0.0280","0.3616"
"WEP","22-May-2025","37","217.93","224.68","0.41","-8.110","0.00","0.19","0.3686","0.0280","0.3616"
"WEP","22-May-2025","38","227.90","234.51","0.67","-8.220","0.00","0.19","0.3686","0.0280","0.3616"
"WEP","22-May-2025","39","236.06","245.52","0.82","-11.230","0.00","0.19","0.3686","0.0280","0.3616"
"WEP","22-May-2025","40","227.52","238.08","0.68","-12.190","0.00","0.19","0.3686","0.0280","0.3616"
"WEP","22-May-2025","41","241.80","252.39","0.52","-12.060","0.00","0.19","0.3686","0.0280","0.3616"
"WEP","22-May-2025","42","212.55","223.99","0.44","-12.830","0.00","0.19","0.3686","0.0280","0.3616"
"WEP","22-May-2025","43","205.89","208.63","0.33","-4.020","0.00","0.19","0.3686","0.0280","0.3616"
"WEP","22-May-2025","44","132.14","135.02","0.12","-3.950","0.00","0.19","0.3686","0.0280","0.3616"
"WEP","22-May-2025","45","129.88","132.24","0.13","-3.440","0.00","0.19","0.3686","0.0280","0.3616"
"WEP","22-May-2025","46","123.60","125.30","0.12","-2.770","0.00","0.19","0.3686","0.0280","0.3616"
"WEP","22-May-2025","47","151.13","153.00","0.31","-3.130","0.00","0.19","0.3686","0.0280","0.3616"
"WEP","22-May-2025","48","130.78","132.01","0.18","-2.350","0.00","0.19","0.3686","0.0280","0.3616"
"WEP","23-May-2025","1","173.21","172.07","0.13","0.060","0.00","0.19","0.3686","0.0280","0.3617"
"WEP","23-May-2025","2","125.81","125.21","0.10","-0.450","0.00","0.19","0.3686","0.0280","0.3617"
"WEP","23-May-2025","3","129.98","129.35","0.09","-0.410","0.00","0.19","0.3686","0.0280","0.3617"
"WEP","23-May-2025","4","125.62","125.06","0.09","-0.480","0.00","0.19","0.3686","0.0280","0.3617"
"WEP","23-May-2025","5","120.18","120.13","0.09","-0.990","0.00","0.19","0.3686","0.0280","0.3617"
"WEP","23-May-2025","6","120.69","120.21","0.09","-0.560","0.00","0.19","0.3686","0.0280","0.3617"
"WEP","23-May-2025","7","116.99","116.61","0.09","-0.660","0.00","0.19","0.3686","0.0280","0.3617"
"WEP","23-May-2025","8","117.15","116.62","0.09","-0.510","0.00","0.19","0.3686","0.0280","0.3617"
"WEP","23-May-2025","9","116.92","116.62","0.09","-0.740","0.00","0.19","0.3686","0.0280","0.3617"
"WEP","23-May-2025","10","125.38","124.99","0.09","-0.650","0.00","0.19","0.3686","0.0280","0.3617"
"WEP","23-May-2025","11","198.17","196.46","0.10","0.660","0.00","0.19","0.3686","0.0280","0.3617"
"WEP","23-May-2025","12","258.77","256.67","0.16","1.000","0.00","0.19","0.3686","0.0280","0.3617"
"WEP","23-May-2025","13","209.71","208.12","0.34","0.300","0.00","0.19","0.3686","0.0280","0.3617"
"WEP","23-May-2025","14","258.53","257.10","0.53","-0.050","0.00","0.19","0.3686","0.0280","0.3617"
"WEP","23-May-2025","15","252.35","252.24","0.45","-1.280","0.00","0.19","0.3686","0.0280","0.3617"
"WEP","23-May-2025","16","280.24","279.80","0.44","-0.950","0.00","0.19","0.3686","0.0280","0.3617"
"WEP","23-May-2025","17","237.15","236.93","0.55","-1.280","0.00","0.19","0.3686","0.0280","0.3617"
"WEP","23-May-2025","18","255.84","253.75","0.88","0.260","0.00","0.19","0.3686","0.0280","0.3617"
"WEP","23-May-2025","19","153.92","153.05","0.52","-0.600","0.00","0.19","0.3686","0.0280","0.3617"
"WEP","23-May-2025","20","117.03","116.63","0.34","-0.890","0.00","0.19","0.3686","0.0280","0.3617"
"WEP","23-May-2025","21","117.24","116.66","0.19","-0.560","0.00","0.19","0.3686","0.0280","0.3617"
"WEP","23-May-2025","22","101.12","101.40","0.12","-1.350","0.00","0.19","0.3686","0.0280","0.3617"
"WEP","23-May-2025","23","100.02","100.70","0.12","-1.750","0.00","0.19","0.3686","0.0280","0.3617"
"WEP","23-May-2025","24","114.73","115.16","0.12","-1.500","0.00","0.19","0.3686","0.0280","0.3617"
"WEP","23-May-2025","25","106.23","106.07","0.13","-0.920","0.00","0.19","0.3686","0.0280","0.3617"
"WEP","23-May-2025","26","100.89","100.91","0.13","-1.100","0.00","0.19","0.3686","0.0280","0.3617"
"WEP","23-May-2025","27","99.82","99.93","0.13","-1.190","0.00","0.19","0.3686","0.0280","0.3617"
"WEP","23-May-2025","28","100.66","100.87","0.13","-1.280","0.00","0.19","0.3686","0.0280","0.3617"
"WEP","23-May-2025","29","100.22","100.67","0.11","-1.510","0.00","0.19","0.3686","0.0280","0.3617"
"WEP","23-May-2025","30","100.10","100.90","0.07","-1.820","0.00","0.19","0.3686","0.0280","0.3617"
"WEP","23-May-2025","31","100.52","101.29","0.11","-1.830","0.00","0.19","0.3686","0.0280","0.3617"
"WEP","23-May-2025","32","108.44","109.68","0.17","-2.360","0.00","0.19","0.3686","0.0280","0.3617"
"WEP","23-May-2025","33","113.57","114.65","0.16","-2.190","0.00","0.19","0.3686","0.0280","0.3617"
"WEP","23-May-2025","34","116.15","117.25","0.15","-2.200","0.00","0.19","0.3686","0.0280","0.3617"
"WEP","23-May-2025","35","150.70","151.87","0.60","-2.720","0.00","0.19","0.3686","0.0280","0.3617"
"WEP","23-May-2025","36","150.54","151.87","0.37","-2.650","0.00","0.19","0.3686","0.0280","0.3617"
"WEP","23-May-2025","37","218.88","220.25","0.40","-2.720","0.00","0.19","0.3686","0.0280","0.3617"
"WEP","23-May-2025","38","277.42","280.11","0.65","-4.290","0.00","0.19","0.3686","0.0280","0.3617"
"WEP","23-May-2025","39","300.31","301.91","0.61","-3.880","0.72","0.19","0.3686","0.0280","0.3617"
"WEP","23-May-2025","40","279.11","279.96","0.57","-2.370","0.00","0.19","0.3686","0.0280","0.3617"
"WEP","23-May-2025","41","278.98","280.21","0.36","-2.540","0.00","0.19","0.3686","0.0280","0.3617"
"WEP","23-May-2025","42","278.16","279.38","0.34","-2.510","0.00","0.19","0.3686","0.0280","0.3617"
"WEP","23-May-2025","43","207.95","209.53","0.25","-2.780","0.00","0.19","0.3686","0.0280","0.3617"
"WEP","23-May-2025","44","203.34","206.49","0.13","-4.230","0.00","0.19","0.3686","0.0280","0.3617"
"WEP","23-May-2025","45","196.79","198.90","0.08","-3.140","0.00","0.19","0.3686","0.0280","0.3617"
"WEP","23-May-2025","46","197.65","198.53","0.12","-1.940","0.00","0.19","0.3686","0.0280","0.3617"
"WEP","23-May-2025","47","251.66","251.36","0.13","-0.770","0.00","0.19","0.3686","0.0280","0.3617"
"WEP","23-May-2025","48","251.58","252.17","0.12","-1.660","0.00","0.19","0.3686","0.0280","0.3617"
"WEP","24-May-2025","1","274.19","273.92","0.11","-0.800","0.00","0.19","0.3686","0.0291","0.3764"
"WEP","24-May-2025","2","280.10","279.48","0.07","-0.410","0.00","0.19","0.3686","0.0291","0.3764"
"WEP","24-May-2025","3","201.79","200.64","0.05","0.140","0.00","0.19","0.3686","0.0291","0.3764"
"WEP","24-May-2025","4","197.19","196.60","0.05","-0.420","0.00","0.19","0.3686","0.0291","0.3764"
"WEP","24-May-2025","5","125.11","124.99","0.05","-0.890","0.00","0.19","0.3686","0.0291","0.3764"
"WEP","24-May-2025","6","123.89","123.50","0.05","-0.620","0.00","0.19","0.3686","0.0291","0.3764"
"WEP","24-May-2025","7","117.40","116.56","0.05","-0.180","0.00","0.19","0.3686","0.0291","0.3764"
"WEP","24-May-2025","8","125.59","124.89","0.05","-0.310","0.00","0.19","0.3686","0.0291","0.3764"
"WEP","24-May-2025","9","125.71","124.89","0.05","-0.200","0.00","0.19","0.3686","0.0291","0.3764"
"WEP","24-May-2025","10","125.61","124.89","0.05","-0.300","0.00","0.19","0.3686","0.0291","0.3764"
"WEP","24-May-2025","11","128.38","127.49","0.06","-0.140","0.00","0.19","0.3686","0.0291","0.3764"
"WEP","24-May-2025","12","125.94","124.84","0.13","0.000","0.00","0.19","0.3686","0.0291","0.3764"
"WEP","24-May-2025","13","132.83","131.92","0.16","-0.220","0.00","0.19","0.3686","0.0291","0.3764"
"WEP","24-May-2025","14","197.34","197.02","0.17","-0.810","0.00","0.19","0.3686","0.0291","0.3764"
"WEP","24-May-2025","15","196.17","197.07","0.27","-2.140","0.00","0.19","0.3686","0.0291","0.3764"
"WEP","24-May-2025","16","200.00","200.64","0.27","-1.870","0.00","0.19","0.3686","0.0291","0.3764"
"WEP","24-May-2025","17","195.56","196.77","0.19","-2.370","0.00","0.19","0.3686","0.0291","0.3764"
"WEP","24-May-2025","18","197.32","197.75","0.19","-1.590","0.00","0.19","0.3686","0.0291","0.3764"
"WEP","24-May-2025","19","197.03","196.60","0.17","-0.710","0.00","0.19","0.3686","0.0291","0.3764"
"WEP","24-May-2025","20","117.47","116.94","0.15","-0.590","0.00","0.19","0.3686","0.0291","0.3764"
"WEP","24-May-2025","21","113.02","113.06","0.13","-1.140","0.00","0.19","0.3686","0.0291","0.3764"
"WEP","24-May-2025","22","109.56","110.37","0.13","-1.900","0.00","0.19","0.3686","0.0291","0.3764"
"WEP","24-May-2025","23","110.22","110.36","0.13","-1.230","0.00","0.19","0.3686","0.0291","0.3764"
"WEP","24-May-2025","24","100.32","100.29","0.12","-1.060","0.00","0.19","0.3686","0.0291","0.3764"
"WEP","24-May-2025","25","99.86","100.10","0.14","-1.350","0.00","0.19","0.3686","0.0291","0.3764"
"WEP","24-May-2025","26","95.60","96.34","0.14","-1.840","0.00","0.19","0.3686","0.0291","0.3764"
"WEP","24-May-2025","27","96.49","96.24","0.13","-0.840","0.00","0.19","0.3686","0.0291","0.3764"
"WEP","24-May-2025","28","96.10","96.24","0.13","-1.240","0.00","0.19","0.3686","0.0291","0.3764"
"WEP","24-May-2025","29","94.96","95.98","0.12","-2.100","0.00","0.19","0.3686","0.0291","0.3764"
"WEP","24-May-2025","30","95.37","96.31","0.10","-2.010","0.00","0.19","0.3686","0.0291","0.3764"
"WEP","24-May-2025","31","96.76","97.71","0.12","-2.040","0.00","0.19","0.3686","0.0291","0.3764"
"WEP","24-May-2025","32","99.06","100.12","0.13","-2.160","0.00","0.19","0.3686","0.0291","0.3764"
"WEP","24-May-2025","33","108.84","110.20","0.12","-2.450","0.00","0.19","0.3686","0.0291","0.3764"
"WEP","24-May-2025","34","108.45","110.40","0.14","-3.050","0.00","0.19","0.3686","0.0291","0.3764"
"WEP","24-May-2025","35","113.07","114.98","0.32","-3.190","0.00","0.19","0.3686","0.0291","0.3764"
"WEP","24-May-2025","36","273.67","276.11","0.22","-3.620","0.00","0.19","0.3686","0.0291","0.3764"
"WEP","24-May-2025","37","278.60","279.98","0.50","-2.840","0.00","0.19","0.3686","0.0291","0.3764"
"WEP","24-May-2025","38","294.86","295.80","0.71","-2.620","0.00","0.19","0.3686","0.0291","0.3764"
"WEP","24-May-2025","39","279.35","279.93","0.60","-2.140","0.00","0.19","0.3686","0.0291","0.3764"
"WEP","24-May-2025","40","275.19","276.04","0.50","-2.320","0.00","0.19","0.3686","0.0291","0.3764"
"WEP","24-May-2025","41","274.53","276.06","0.38","-2.870","0.00","0.19","0.3686","0.0291","0.3764"
"WEP","24-May-2025","42","273.55","276.14","0.39","-3.950","0.00","0.19","0.3686","0.0291","0.3764"
"WEP","24-May-2025","43","273.69","275.76","0.38","-3.410","0.00","0.19","0.3686","0.0291","0.3764"
"WEP","24-May-2025","44","260.88","262.49","0.29","-2.870","0.00","0.19","0.3686","0.0291","0.3764"
"WEP","24-May-2025","45","261.16","262.45","0.26","-2.510","0.00","0.19","0.3686","0.0291","0.3764"
"WEP","24-May-2025","46","256.88","259.01","0.18","-3.270","0.00","0.19","0.3686","0.0291","0.3764"
"WEP","24-May-2025","47","248.69","248.22","0.14","-0.630","0.00","0.19","0.3686","0.0291","0.3764"
"WEP","24-May-2025","48","207.74","208.14","0.12","-1.490","0.00","0.19","0.3686","0.0291","0.3764"
"WEP","25-May-2025","1","196.00","196.41","0.12","-1.500","0.00","0.19","0.3686","0.0299","0.3862"
"WEP","25-May-2025","2","195.75","196.21","0.10","-1.530","0.00","0.19","0.3686","0.0299","0.3862"
"WEP","25-May-2025","3","195.22","195.63","0.09","-1.480","0.00","0.19","0.3686","0.0299","0.3862"
"WEP","25-May-2025","4","152.10","152.16","0.09","-1.130","0.00","0.19","0.3686","0.0299","0.3862"
"WEP","25-May-2025","5","133.11","134.17","0.09","-2.120","0.00","0.19","0.3686","0.0299","0.3862"
"WEP","25-May-2025","6","124.35","124.90","0.09","-1.620","0.00","0.19","0.3686","0.0299","0.3862"
"WEP","25-May-2025","7","116.52","116.63","0.09","-1.170","0.00","0.19","0.3686","0.0299","0.3862"
"WEP","25-May-2025","8","116.09","116.63","0.09","-1.600","0.00","0.19","0.3686","0.0299","0.3862"
"WEP","25-May-2025","9","110.76","111.16","0.07","-1.440","0.00","0.19","0.3686","0.0299","0.3862"
"WEP","25-May-2025","10","113.27","114.57","0.07","-2.340","0.00","0.19","0.3686","0.0299","0.3862"
"WEP","25-May-2025","11","115.41","116.63","0.10","-2.300","0.00","0.19","0.3686","0.0299","0.3862"
"WEP","25-May-2025","12","124.22","124.90","0.13","-1.780","0.00","0.19","0.3686","0.0299","0.3862"
"WEP","25-May-2025","13","128.93","129.41","0.16","-1.610","0.00","0.19","0.3686","0.0299","0.3862"
"WEP","25-May-2025","14","125.77","126.38","0.18","-1.760","0.00","0.19","0.3686","0.0299","0.3862"
"WEP","25-May-2025","15","128.79","129.53","0.23","-1.950","0.00","0.19","0.3686","0.0299","0.3862"
"WEP","25-May-2025","16","195.33","196.14","0.43","-2.210","0.00","0.19","0.3686","0.0299","0.3862"
"WEP","25-May-2025","17","143.84","144.26","0.18","-1.580","0.00","0.19","0.3686","0.0299","0.3862"
"WEP","25-May-2025","18","125.10","124.43","0.22","-0.530","0.00","0.19","0.3686","0.0299","0.3862"
"WEP","25-May-2025","19","115.12","114.84","0.16","-0.860","0.00","0.19","0.3686","0.0299","0.3862"
"WEP","25-May-2025","20","111.90","111.29","0.16","-0.530","0.00","0.19","0.3686","0.0299","0.3862"
"WEP","25-May-2025","21","102.80","102.23","0.14","-0.540","0.00","0.19","0.3686","0.0299","0.3862"
"WEP","25-May-2025","22","101.40","100.93","0.13","-0.630","0.00","0.19","0.3686","0.0299","0.3862"
"WEP","25-May-2025","23","96.44","96.23","0.13","-0.890","0.00","0.19","0.3686","0.0299","0.3862"
"WEP","25-May-2025","24","96.13","95.96","0.13","-0.930","0.00","0.19","0.3686","0.0299","0.3862"
"WEP","25-May-2025","25","91.23","91.35","0.14","-1.240","0.00","0.19","0.3686","0.0299","0.3862"
"WEP","25-May-2025","26","88.98","89.83","0.15","-1.970","0.00","0.19","0.3686","0.0299","0.3862"
"WEP","25-May-2025","27","95.05","96.05","0.14","-2.120","0.00","0.19","0.3686","0.0299","0.3862"
"WEP","25-May-2025","28","95.42","96.16","0.13","-1.840","0.00","0.19","0.3686","0.0299","0.3862"
"WEP","25-May-2025","29","95.39","96.24","0.13","-1.960","0.00","0.19","0.3686","0.0299","0.3862"
"WEP","25-May-2025","30","94.94","96.38","0.12","-2.530","0.00","0.19","0.3686","0.0299","0.3862"
"WEP","25-May-2025","31","94.43","96.18","0.12","-2.850","0.00","0.19","0.3686","0.0299","0.3862"
"WEP","25-May-2025","32","114.50","115.09","0.14","-1.700","0.00","0.19","0.3686","0.0299","0.3862"
"WEP","25-May-2025","33","114.72","114.98","0.13","-1.370","0.00","0.19","0.3686","0.0299","0.3862"
"WEP","25-May-2025","34","114.27","114.92","0.14","-1.760","0.00","0.19","0.3686","0.0299","0.3862"
"WEP","25-May-2025","35","110.42","111.40","0.28","-2.240","0.00","0.19","0.3686","0.0299","0.3862"
"WEP","25-May-2025","36","127.02","127.51","0.14","-1.600","0.00","0.19","0.3686","0.0299","0.3862"
"WEP","25-May-2025","37","257.14","256.94","0.41","-1.190","0.00","0.19","0.3686","0.0299","0.3862"
"WEP","25-May-2025","38","270.98","271.80","0.60","-2.400","0.00","0.19","0.3686","0.0299","0.3862"
"WEP","25-May-2025","39","261.13","262.29","0.55","-2.690","0.00","0.19","0.3686","0.0299","0.3862"
"WEP","25-May-2025","40","262.92","264.31","0.41","-2.780","0.00","0.19","0.3686","0.0299","0.3862"
"WEP","25-May-2025","41","267.33","269.22","0.33","-3.190","0.00","0.19","0.3686","0.0299","0.3862"
"WEP","25-May-2025","42","267.68","269.26","0.33","-2.890","0.00","0.19","0.3686","0.0299","0.3862"
"WEP","25-May-2025","43","262.84","264.41","0.33","-2.880","0.00","0.19","0.3686","0.0299","0.3862"
"WEP","25-May-2025","44","260.66","262.36","0.24","-2.910","0.00","0.19","0.3686","0.0299","0.3862"
"WEP","25-May-2025","45","213.37","213.31","0.14","-1.050","0.00","0.19","0.3686","0.0299","0.3862"
"WEP","25-May-2025","46","206.56","208.23","0.13","-2.780","0.00","0.19","0.3686","0.0299","0.3862"
"WEP","25-May-2025","47","212.26","213.35","0.13","-2.190","0.00","0.19","0.3686","0.0299","0.3862"
"WEP","25-May-2025","48","213.00","213.35","0.13","-1.460","0.00","0.19","0.3686","0.0299","0.3862"
"WEP","26-May-2025","1","274.24","274.13","0.12","-0.960","0.00","0.19","0.3686","0.0280","0.3616"
"WEP","26-May-2025","2","197.72","197.21","0.10","-0.540","0.00","0.19","0.3686","0.0280","0.3616"
"WEP","26-May-2025","3","207.33","208.11","0.07","-1.800","0.00","0.19","0.3686","0.0280","0.3616"
"WEP","26-May-2025","4","194.75","195.84","0.06","-2.100","0.00","0.19","0.3686","0.0280","0.3616"
"WEP","26-May-2025","5","193.65","195.11","0.06","-2.470","0.00","0.19","0.3686","0.0280","0.3616"
"WEP","26-May-2025","6","193.00","195.01","0.06","-3.020","0.00","0.19","0.3686","0.0280","0.3616"
"WEP","26-May-2025","7","170.36","171.38","0.05","-2.020","0.00","0.19","0.3686","0.0280","0.3616"
"WEP","26-May-2025","8","171.29","173.80","0.05","-3.510","0.00","0.19","0.3686","0.0280","0.3616"
"WEP","26-May-2025","9","170.74","171.36","0.05","-1.620","0.00","0.19","0.3686","0.0280","0.3616"
"WEP","26-May-2025","10","194.69","195.10","0.05","-1.400","0.00","0.19","0.3686","0.0280","0.3616"
"WEP","26-May-2025","11","192.20","192.15","0.08","-0.980","0.00","0.19","0.3686","0.0280","0.3616"
"WEP","26-May-2025","12","196.26","195.83","0.13","-0.640","0.00","0.19","0.3686","0.0280","0.3616"
"WEP","26-May-2025","13","152.46","152.89","0.15","-1.530","0.00","0.19","0.3686","0.0280","0.3616"
"WEP","26-May-2025","14","195.70","196.52","0.29","-2.060","0.00","0.19","0.3686","0.0280","0.3616"
"WEP","26-May-2025","15","198.06","199.27","0.59","-2.740","0.00","0.19","0.3686","0.0280","0.3616"
"WEP","26-May-2025","16","234.68","234.73","0.57","-1.570","0.00","0.19","0.3686","0.0280","0.3616"
"WEP","26-May-2025","17","235.23","234.80","0.50","-1.020","0.00","0.19","0.3686","0.0280","0.3616"
"WEP","26-May-2025","18","235.08","234.69","0.71","-1.270","0.00","0.19","0.3686","0.0280","0.3616"
"WEP","26-May-2025","19","125.25","125.40","0.31","-1.410","0.00","0.19","0.3686","0.0280","0.3616"
"WEP","26-May-2025","20","123.86","123.72","0.31","-1.120","0.00","0.19","0.3686","0.0280","0.3616"
"WEP","26-May-2025","21","114.47","115.03","0.15","-1.660","0.00","0.19","0.3686","0.0280","0.3616"
"WEP","26-May-2025","22","108.14","108.70","0.12","-1.630","0.00","0.19","0.3686","0.0280","0.3616"
"WEP","26-May-2025","23","105.47","106.30","0.12","-1.900","0.00","0.19","0.3686","0.0280","0.3616"
"WEP","26-May-2025","24","103.84","104.74","0.12","-1.970","0.00","0.19","0.3686","0.0280","0.3616"
"WEP","26-May-2025","25","96.58","97.49","0.13","-1.990","0.00","0.19","0.3686","0.0280","0.3616"
"WEP","26-May-2025","26","104.62","105.57","0.13","-2.030","0.00","0.19","0.3686","0.0280","0.3616"
"WEP","26-May-2025","27","104.31","105.63","0.13","-2.400","0.00","0.19","0.3686","0.0280","0.3616"
"WEP","26-May-2025","28","105.05","106.37","0.12","-2.390","0.00","0.19","0.3686","0.0280","0.3616"
"WEP","26-May-2025","29","113.78","115.02","0.11","-2.290","0.00","0.19","0.3686","0.0280","0.3616"
"WEP","26-May-2025","30","105.83","107.11","0.11","-2.340","0.00","0.19","0.3686","0.0280","0.3616"
"WEP","26-May-2025","31","114.91","116.58","0.11","-2.720","0.00","0.19","0.3686","0.0280","0.3616"
"WEP","26-May-2025","32","123.82","125.35","0.18","-2.660","0.00","0.19","0.3686","0.0280","0.3616"
"WEP","26-May-2025","33","118.14","119.61","0.11","-2.530","0.00","0.19","0.3686","0.0280","0.3616"
"WEP","26-May-2025","34","124.16","125.33","0.29","-2.410","0.00","0.19","0.3686","0.0280","0.3616"
"WEP","26-May-2025","35","184.43","185.60","0.76","-2.880","0.00","0.19","0.3686","0.0280","0.3616"
"WEP","26-May-2025","36","233.93","234.77","0.47","-2.260","0.00","0.19","0.3686","0.0280","0.3616"
"WEP","26-May-2025","37","244.93","245.82","0.51","-2.350","0.00","0.19","0.3686","0.0280","0.3616"
"WEP","26-May-2025","38","277.41","279.84","0.65","-4.030","0.00","0.19","0.3686","0.0280","0.3616"
"WEP","26-May-2025","39","281.97","283.87","0.54","-3.390","0.00","0.19","0.3686","0.0280","0.3616"
"WEP","26-May-2025","40","304.56","303.85","0.52","-3.300","2.54","0.19","0.3686","0.0280","0.3616"
"WEP","26-May-2025","41","332.60","335.96","0.47","-4.780","0.00","0.19","0.3686","0.0280","0.3616"
"WEP","26-May-2025","42","332.19","335.97","0.38","-5.110","0.00","0.19","0.3686","0.0280","0.3616"
"WEP","26-May-2025","43","301.05","303.83","0.29","-4.020","0.00","0.19","0.3686","0.0280","0.3616"
"WEP","26-May-2025","44","279.79","283.93","0.12","-5.210","0.00","0.19","0.3686","0.0280","0.3616"
"WEP","26-May-2025","45","276.70","279.85","0.12","-4.220","0.00","0.19","0.3686","0.0280","0.3616"
"WEP","26-May-2025","46","271.98","276.55","0.12","-5.640","0.00","0.19","0.3686","0.0280","0.3616"
"WEP","26-May-2025","47","255.90","257.18","0.13","-2.360","0.00","0.19","0.3686","0.0280","0.3616"
"WEP","26-May-2025","48","245.24","245.93","0.12","-1.760","0.00","0.19","0.3686","0.0280","0.3616"
"WEP","27-May-2025","1","260.66","262.38","0.12","-2.780","0.00","0.19","0.3686","0.0276","0.3560"
"WEP","27-May-2025","2","206.42","208.32","0.10","-2.940","0.00","0.19","0.3686","0.0276","0.3560"
"WEP","27-May-2025","3","260.06","262.29","0.09","-3.260","0.00","0.19","0.3686","0.0276","0.3560"
"WEP","27-May-2025","4","255.31","257.03","0.09","-2.750","0.00","0.19","0.3686","0.0276","0.3560"
"WEP","27-May-2025","5","195.96","197.38","0.06","-2.420","0.00","0.19","0.3686","0.0276","0.3560"
"WEP","27-May-2025","6","198.46","200.51","0.06","-3.050","0.00","0.19","0.3686","0.0276","0.3560"
"WEP","27-May-2025","7","193.85","195.90","0.06","-3.060","0.00","0.19","0.3686","0.0276","0.3560"
"WEP","27-May-2025","8","194.24","195.91","0.06","-2.670","0.00","0.19","0.3686","0.0276","0.3560"
"WEP","27-May-2025","9","194.39","195.81","0.06","-2.420","0.00","0.19","0.3686","0.0276","0.3560"
"WEP","27-May-2025","10","199.07","200.52","0.06","-2.450","0.00","0.19","0.3686","0.0276","0.3560"
"WEP","27-May-2025","11","206.70","208.18","0.10","-2.520","0.00","0.19","0.3686","0.0276","0.3560"
"WEP","27-May-2025","12","272.46","273.86","0.14","-2.480","0.00","0.19","0.3686","0.0276","0.3560"
"WEP","27-May-2025","13","196.24","197.42","0.16","-2.280","0.00","0.19","0.3686","0.0276","0.3560"
"WEP","27-May-2025","14","207.08","208.42","0.19","-2.470","0.00","0.19","0.3686","0.0276","0.3560"
"WEP","27-May-2025","15","204.53","207.17","0.25","-3.830","0.00","0.19","0.3686","0.0276","0.3560"
"WEP","27-May-2025","16","331.50","334.19","0.62","-4.250","0.00","0.19","0.3686","0.0276","0.3560"
"WEP","27-May-2025","17","271.26","272.22","0.42","-2.330","0.00","0.19","0.3686","0.0276","0.3560"
"WEP","27-May-2025","18","271.15","272.09","0.87","-2.750","0.00","0.19","0.3686","0.0276","0.3560"
"WEP","27-May-2025","19","200.69","200.97","0.50","-1.730","0.00","0.19","0.3686","0.0276","0.3560"
"WEP","27-May-2025","20","124.88","125.56","0.37","-1.990","0.00","0.19","0.3686","0.0276","0.3560"
"WEP","27-May-2025","21","176.16","177.31","0.14","-2.230","0.00","0.19","0.3686","0.0276","0.3560"
"WEP","27-May-2025","22","197.98","198.75","0.14","-1.850","0.00","0.19","0.3686","0.0276","0.3560"
"WEP","27-May-2025","23","114.78","115.20","0.12","-1.480","0.00","0.19","0.3686","0.0276","0.3560"
"WEP","27-May-2025","24","114.33","115.22","0.12","-1.960","0.00","0.19","0.3686","0.0276","0.3560"
"WEP","27-May-2025","25","113.99","115.22","0.13","-2.300","0.00","0.19","0.3686","0.0276","0.3560"
"WEP","27-May-2025","26","115.02","116.53","0.13","-2.580","0.00","0.19","0.3686","0.0276","0.3560"
"WEP","27-May-2025","27","104.36","106.36","0.12","-3.060","0.00","0.19","0.3686","0.0276","0.3560"
"WEP","27-May-2025","28","102.83","105.64","0.12","-3.870","0.00","0.19","0.3686","0.0276","0.3560"
"WEP","27-May-2025","29","448.98","454.96","0.29","-7.210","0.00","0.19","0.3686","0.0276","0.3560"
"WEP","27-May-2025","30","331.10","334.61","0.16","-4.620","0.00","0.19","0.3686","0.0276","0.3560"
"WEP","27-May-2025","31","207.18","208.62","0.11","-2.490","0.00","0.19","0.3686","0.0276","0.3560"
"WEP","27-May-2025","32","115.12","116.61","0.16","-2.590","0.00","0.19","0.3686","0.0276","0.3560"
"WEP","27-May-2025","33","113.10","115.16","0.11","-3.110","0.00","0.19","0.3686","0.0276","0.3560"
"WEP","27-May-2025","34","122.87","124.86","0.18","-3.120","0.00","0.19","0.3686","0.0276","0.3560"
"WEP","27-May-2025","35","147.58","150.70","0.72","-4.790","0.00","0.19","0.3686","0.0276","0.3560"
"WEP","27-May-2025","36","197.10","201.02","0.48","-5.350","0.00","0.19","0.3686","0.0276","0.3560"
"WEP","27-May-2025","37","503.82","511.31","0.99","-9.430","0.00","0.19","0.3686","0.0276","0.3560"
"WEP","27-May-2025","38","452.13","455.06","1.05","-8.760","3.83","0.19","0.3686","0.0276","0.3560"
"WEP","27-May-2025","39","631.90","634.66","1.96","-9.850","4.19","0.19","0.3686","0.0276","0.3560"
"WEP","27-May-2025","40","693.29","692.90","2.72","-7.420","4.15","0.19","0.3686","0.0276","0.3560"
"WEP","27-May-2025","41","513.87","517.48","0.84","-5.950","0.56","0.19","0.3686","0.0276","0.3560"
"WEP","27-May-2025","42","326.01","334.76","0.67","-10.520","0.16","0.19","0.3686","0.0276","0.3560"
"WEP","27-May-2025","43","390.49","391.39","2.36","-6.920","2.72","0.19","0.3686","0.0276","0.3560"
"WEP","27-May-2025","44","276.03","279.38","0.44","-4.740","0.00","0.19","0.3686","0.0276","0.3560"
"WEP","27-May-2025","45","223.12","225.36","0.28","-3.460","0.00","0.19","0.3686","0.0276","0.3560"
"WEP","27-May-2025","46","206.97","208.58","0.07","-2.620","0.00","0.19","0.3686","0.0276","0.3560"
"WEP","27-May-2025","47","207.06","208.58","0.08","-2.540","0.00","0.19","0.3686","0.0276","0.3560"
"WEP","27-May-2025","48","207.99","208.37","0.07","-1.390","0.00","0.19","0.3686","0.0276","0.3560"
"WEP","28-May-2025","1","197.14","197.35","0.13","-1.290","0.00","0.19","0.3686","0.0277","0.3584"
"WEP","28-May-2025","2","172.17","172.20","0.10","-1.080","0.00","0.19","0.3686","0.0277","0.3584"
"WEP","28-May-2025","3","171.34","171.60","0.09","-1.300","0.00","0.19","0.3686","0.0277","0.3584"
"WEP","28-May-2025","4","121.79","121.78","0.09","-1.030","0.00","0.19","0.3686","0.0277","0.3584"
"WEP","28-May-2025","5","119.62","120.36","0.09","-1.780","0.00","0.19","0.3686","0.0277","0.3584"
"WEP","28-May-2025","6","116.28","116.97","0.09","-1.730","0.00","0.19","0.3686","0.0277","0.3584"
"WEP","28-May-2025","7","116.43","116.94","0.09","-1.550","0.00","0.19","0.3686","0.0277","0.3584"
"WEP","28-May-2025","8","116.16","116.94","0.09","-1.820","0.00","0.19","0.3686","0.0277","0.3584"
"WEP","28-May-2025","9","116.01","116.94","0.06","-1.930","0.00","0.19","0.3686","0.0277","0.3584"
"WEP","28-May-2025","10","116.44","116.93","0.06","-1.500","0.00","0.19","0.3686","0.0277","0.3584"
"WEP","28-May-2025","11","128.51","129.66","0.10","-2.200","0.00","0.19","0.3686","0.0277","0.3584"
"WEP","28-May-2025","12","127.87","128.33","0.14","-1.550","0.00","0.19","0.3686","0.0277","0.3584"
"WEP","28-May-2025","13","120.31","120.36","0.16","-1.160","0.00","0.19","0.3686","0.0277","0.3584"
"WEP","28-May-2025","14","153.09","154.18","0.39","-2.420","0.00","0.19","0.3686","0.0277","0.3584"
"WEP","28-May-2025","15","124.65","125.52","0.43","-2.250","0.00","0.19","0.3686","0.0277","0.3584"
"WEP","28-May-2025","16","196.56","200.92","0.49","-5.800","0.00","0.19","0.3686","0.0277","0.3584"
"WEP","28-May-2025","17","153.08","155.50","0.55","-3.910","0.00","0.19","0.3686","0.0277","0.3584"
"WEP","28-May-2025","18","167.46","169.61","0.79","-3.880","0.00","0.19","0.3686","0.0277","0.3584"
"WEP","28-May-2025","19","122.89","125.23","0.38","-3.660","0.00","0.19","0.3686","0.0277","0.3584"
"WEP","28-May-2025","20","117.23","117.11","0.30","-1.120","0.00","0.19","0.3686","0.0277","0.3584"
"WEP","28-May-2025","21","114.22","114.95","0.12","-1.800","0.00","0.19","0.3686","0.0277","0.3584"
"WEP","28-May-2025","22","110.73","111.20","0.12","-1.540","0.00","0.19","0.3686","0.0277","0.3584"
"WEP","28-May-2025","23","105.53","106.30","0.12","-1.830","0.00","0.19","0.3686","0.0277","0.3584"
"WEP","28-May-2025","24","100.71","101.48","0.11","-1.820","0.00","0.19","0.3686","0.0277","0.3584"
"WEP","28-May-2025","25","105.54","106.02","0.13","-1.550","0.00","0.19","0.3686","0.0277","0.3584"
"WEP","28-May-2025","26","105.79","106.32","0.13","-1.600","0.00","0.19","0.3686","0.0277","0.3584"
"WEP","28-May-2025","27","101.13","101.53","0.12","-1.470","0.00","0.19","0.3686","0.0277","0.3584"
"WEP","28-May-2025","28","105.05","106.32","0.12","-2.330","0.00","0.19","0.3686","0.0277","0.3584"
"WEP","28-May-2025","29","104.33","106.37","0.11","-3.100","0.00","0.19","0.3686","0.0277","0.3584"
"WEP","28-May-2025","30","106.18","108.79","0.10","-3.660","0.00","0.19","0.3686","0.0277","0.3584"
"WEP","28-May-2025","31","115.37","117.14","0.13","-2.840","0.00","0.19","0.3686","0.0277","0.3584"
"WEP","28-May-2025","32","331.99","334.63","0.61","-4.200","0.00","0.19","0.3686","0.0277","0.3584"
"WEP","28-May-2025","33","117.41","118.81","0.16","-2.510","0.00","0.19","0.3686","0.0277","0.3584"
"WEP","28-May-2025","34","124.70","126.92","0.28","-3.440","0.00","0.19","0.3686","0.0277","0.3584"
"WEP","28-May-2025","35","168.86","170.79","1.03","-3.900","0.00","0.19","0.3686","0.0277","0.3584"
"WEP","28-May-2025","36","197.61","200.98","0.85","-5.170","0.00","0.19","0.3686","0.0277","0.3584"
"WEP","28-May-2025","37","435.12","439.30","1.15","-9.450","3.18","0.19","0.3686","0.0277","0.3584"
"WEP","28-May-2025","38","1101.42","1123.81","2.97","-26.410","0.10","0.19","0.3686","0.0277","0.3584"
"WEP","28-May-2025","39","4384.92","4457.43","2.91","-76.400","0.04","0.19","0.3686","0.0277","0.3584"
"WEP","28-May-2025","40","4396.77","4457.94","2.82","-66.640","1.70","0.19","0.3686","0.0277","0.3584"
"WEP","28-May-2025","41","4388.46","4457.47","2.32","-76.600","4.33","0.19","0.3686","0.0277","0.3584"
"WEP","28-May-2025","42","4385.99","4457.67","2.00","-74.630","0.00","0.19","0.3686","0.0277","0.3584"
"WEP","28-May-2025","43","1100.33","1117.05","1.72","-20.110","0.73","0.19","0.3686","0.0277","0.3584"
"WEP","28-May-2025","44","460.90","467.44","0.46","-7.940","0.00","0.19","0.3686","0.0277","0.3584"
"WEP","28-May-2025","45","393.74","396.61","0.32","-4.130","0.00","0.19","0.3686","0.0277","0.3584"
"WEP","28-May-2025","46","331.41","334.61","0.07","-4.210","0.00","0.19","0.3686","0.0277","0.3584"
"WEP","28-May-2025","47","330.79","334.37","0.12","-4.640","0.00","0.19","0.3686","0.0277","0.3584"
"WEP","28-May-2025","48","274.90","279.30","0.08","-5.420","0.00","0.19","0.3686","0.0277","0.3584"
"WEP","29-May-2025","1","342.17","346.62","0.11","-5.510","0.00","0.19","0.3686","0.0282","0.3645"
"WEP","29-May-2025","2","272.56","276.29","0.10","-4.780","0.00","0.19","0.3686","0.0282","0.3645"
"WEP","29-May-2025","3","329.26","334.09","0.08","-5.860","0.00","0.19","0.3686","0.0282","0.3645"
"WEP","29-May-2025","4","272.24","275.90","0.09","-4.700","0.00","0.19","0.3686","0.0282","0.3645"
"WEP","29-May-2025","5","256.71","257.00","0.09","-1.330","0.00","0.19","0.3686","0.0282","0.3645"
"WEP","29-May-2025","6","256.14","256.77","0.09","-1.670","0.00","0.19","0.3686","0.0282","0.3645"
"WEP","29-May-2025","7","207.88","208.23","0.09","-1.400","0.00","0.19","0.3686","0.0282","0.3645"
"WEP","29-May-2025","8","207.43","208.22","0.09","-1.830","0.00","0.19","0.3686","0.0282","0.3645"
"WEP","29-May-2025","9","200.47","202.94","0.09","-3.510","0.00","0.19","0.3686","0.0282","0.3645"
"WEP","29-May-2025","10","204.78","208.23","0.09","-4.490","0.00","0.19","0.3686","0.0282","0.3645"
"WEP","29-May-2025","11","272.59","273.82","0.10","-2.280","0.00","0.19","0.3686","0.0282","0.3645"
"WEP","29-May-2025","12","346.73","346.42","0.12","-0.760","0.00","0.19","0.3686","0.0282","0.3645"
"WEP","29-May-2025","13","276.54","275.92","0.33","-0.660","0.00","0.19","0.3686","0.0282","0.3645"
"WEP","29-May-2025","14","335.60","335.46","0.51","-1.320","0.00","0.19","0.3686","0.0282","0.3645"
"WEP","29-May-2025","15","334.62","334.36","0.42","-1.110","0.00","0.19","0.3686","0.0282","0.3645"
"WEP","29-May-2025","16","359.71","356.63","0.41","1.720","0.00","0.19","0.3686","0.0282","0.3645"
"WEP","29-May-2025","17","369.25","368.78","0.61","-1.090","0.00","0.19","0.3686","0.0282","0.3645"
"WEP","29-May-2025","18","366.56","368.79","0.63","-3.820","0.00","0.19","0.3686","0.0282","0.3645"
"WEP","29-May-2025","19","454.11","454.62","0.56","-2.020","0.00","0.19","0.3686","0.0282","0.3645"
"WEP","29-May-2025","20","493.69","491.02","0.57","1.150","0.00","0.19","0.3686","0.0282","0.3645"
"WEP","29-May-2025","21","388.72","384.84","0.50","0.920","1.51","0.19","0.3686","0.0282","0.3645"
"WEP","29-May-2025","22","373.91","368.60","0.42","0.330","3.61","0.19","0.3686","0.0282","0.3645"
"WEP","29-May-2025","23","304.08","301.57","0.36","-0.340","1.54","0.19","0.3686","0.0282","0.3645"
"WEP","29-May-2025","24","204.71","204.45","0.12","-0.810","0.00","0.19","0.3686","0.0282","0.3645"
"WEP","29-May-2025","25","215.97","214.91","0.14","-0.030","0.00","0.19","0.3686","0.0282","0.3645"
"WEP","29-May-2025","26","258.64","257.20","0.14","0.350","0.00","0.19","0.3686","0.0282","0.3645"
"WEP","29-May-2025","27","219.27","218.34","0.14","-0.160","0.00","0.19","0.3686","0.0282","0.3645"
"WEP","29-May-2025","28","126.09","125.38","0.13","-0.370","0.00","0.19","0.3686","0.0282","0.3645"
"WEP","29-May-2025","29","125.57","125.38","0.12","-0.880","0.00","0.19","0.3686","0.0282","0.3645"
"WEP","29-May-2025","30","125.40","125.38","0.12","-1.050","0.00","0.19","0.3686","0.0282","0.3645"
"WEP","29-May-2025","31","201.70","200.97","0.12","-0.340","0.00","0.19","0.3686","0.0282","0.3645"
"WEP","29-May-2025","32","202.83","200.98","0.21","0.680","0.00","0.19","0.3686","0.0282","0.3645"
"WEP","29-May-2025","33","118.67","117.14","0.12","0.460","0.00","0.19","0.3686","0.0282","0.3645"
"WEP","29-May-2025","34","116.95","115.00","0.20","0.790","0.00","0.19","0.3686","0.0282","0.3645"
"WEP","29-May-2025","35","118.95","117.15","0.42","0.430","0.00","0.19","0.3686","0.0282","0.3645"
"WEP","29-May-2025","36","116.30","115.01","0.20","0.140","0.00","0.19","0.3686","0.0282","0.3645"
"WEP","29-May-2025","37","116.60","117.16","0.15","-1.660","0.00","0.19","0.3686","0.0282","0.3645"
"WEP","29-May-2025","38","119.54","120.27","0.23","-1.910","0.00","0.19","0.3686","0.0282","0.3645"
"WEP","29-May-2025","39","124.97","125.40","0.29","-1.670","0.00","0.19","0.3686","0.0282","0.3645"
"WEP","29-May-2025","40","124.85","125.39","0.24","-1.730","0.00","0.19","0.3686","0.0282","0.3645"
"WEP","29-May-2025","41","129.54","130.01","0.14","-1.560","0.00","0.19","0.3686","0.0282","0.3645"
"WEP","29-May-2025","42","124.92","125.41","0.14","-1.580","0.00","0.19","0.3686","0.0282","0.3645"
"WEP","29-May-2025","43","125.25","125.33","0.14","-1.170","0.00","0.19","0.3686","0.0282","0.3645"
"WEP","29-May-2025","44","117.10","117.18","0.08","-1.110","0.00","0.19","0.3686","0.0282","0.3645"
"WEP","29-May-2025","45","117.28","117.05","0.10","-0.820","0.00","0.19","0.3686","0.0282","0.3645"
"WEP","29-May-2025","46","115.49","115.00","0.08","-0.540","0.00","0.19","0.3686","0.0282","0.3645"
"WEP","29-May-2025","47","106.97","106.28","0.14","-0.400","0.00","0.19","0.3686","0.0282","0.3645"
"WEP","29-May-2025","48","106.67","106.04","0.10","-0.420","0.00","0.19","0.3686","0.0282","0.3645"
"WEP","30-May-2025","1","118.95","117.06","0.12","0.810","0.00","0.19","0.3686","0.0287","0.3708"
"WEP","30-May-2025","2","118.63","116.66","0.11","0.900","0.00","0.19","0.3686","0.0287","0.3708"
"WEP","30-May-2025","3","116.92","114.89","0.09","0.980","0.00","0.19","0.3686","0.0287","0.3708"
"WEP","30-May-2025","4","109.15","107.79","0.07","0.330","0.00","0.19","0.3686","0.0287","0.3708"
"WEP","30-May-2025","5","106.82","106.03","0.08","-0.250","0.00","0.19","0.3686","0.0287","0.3708"
"WEP","30-May-2025","6","106.23","105.94","0.08","-0.740","0.00","0.19","0.3686","0.0287","0.3708"
"WEP","30-May-2025","7","101.39","100.93","0.08","-0.580","0.00","0.19","0.3686","0.0287","0.3708"
"WEP","30-May-2025","8","101.44","100.93","0.08","-0.530","0.00","0.19","0.3686","0.0287","0.3708"
"WEP","30-May-2025","9","102.41","101.93","0.06","-0.540","0.00","0.19","0.3686","0.0287","0.3708"
"WEP","30-May-2025","10","105.80","105.52","0.06","-0.740","0.00","0.19","0.3686","0.0287","0.3708"
"WEP","30-May-2025","11","106.83","106.54","0.08","-0.750","0.00","0.19","0.3686","0.0287","0.3708"
"WEP","30-May-2025","12","115.44","114.87","0.13","-0.520","0.00","0.19","0.3686","0.0287","0.3708"
"WEP","30-May-2025","13","115.63","115.00","0.16","-0.480","0.00","0.19","0.3686","0.0287","0.3708"
"WEP","30-May-2025","14","117.49","117.05","0.17","-0.690","0.00","0.19","0.3686","0.0287","0.3708"
"WEP","30-May-2025","15","120.34","120.34","0.20","-1.160","0.00","0.19","0.3686","0.0287","0.3708"
"WEP","30-May-2025","16","126.29","126.60","0.21","-1.470","0.00","0.19","0.3686","0.0287","0.3708"
"WEP","30-May-2025","17","125.34","125.38","0.19","-1.190","0.00","0.19","0.3686","0.0287","0.3708"
"WEP","30-May-2025","18","158.29","157.38","0.47","-0.510","0.00","0.19","0.3686","0.0287","0.3708"
"WEP","30-May-2025","19","120.72","120.25","0.26","-0.740","0.00","0.19","0.3686","0.0287","0.3708"
"WEP","30-May-2025","20","119.92","119.49","0.32","-0.850","0.00","0.19","0.3686","0.0287","0.3708"
"WEP","30-May-2025","21","116.72","116.79","0.13","-1.160","0.00","0.19","0.3686","0.0287","0.3708"
"WEP","30-May-2025","22","113.74","113.75","0.12","-1.080","0.00","0.19","0.3686","0.0287","0.3708"
"WEP","30-May-2025","23","110.12","109.72","0.12","-0.680","0.00","0.19","0.3686","0.0287","0.3708"
"WEP","30-May-2025","24","105.56","105.63","0.12","-1.140","0.00","0.19","0.3686","0.0287","0.3708"
"WEP","30-May-2025","25","95.52","96.33","0.13","-1.900","0.00","0.19","0.3686","0.0287","0.3708"
"WEP","30-May-2025","26","103.34","103.91","0.13","-1.660","0.00","0.19","0.3686","0.0287","0.3708"
"WEP","30-May-2025","27","108.02","109.73","0.13","-2.800","0.00","0.19","0.3686","0.0287","0.3708"
"WEP","30-May-2025","28","115.03","116.56","0.12","-2.610","0.00","0.19","0.3686","0.0287","0.3708"
"WEP","30-May-2025","29","124.86","125.41","0.12","-1.630","0.00","0.19","0.3686","0.0287","0.3708"
"WEP","30-May-2025","30","125.46","125.41","0.11","-1.020","0.00","0.19","0.3686","0.0287","0.3708"
"WEP","30-May-2025","31","116.67","117.06","0.12","-1.460","0.00","0.19","0.3686","0.0287","0.3708"
"WEP","30-May-2025","32","175.43","175.90","0.13","-1.560","0.00","0.19","0.3686","0.0287","0.3708"
"WEP","30-May-2025","33","120.47","120.33","0.12","-0.940","0.00","0.19","0.3686","0.0287","0.3708"
"WEP","30-May-2025","34","119.61","120.31","0.13","-1.790","0.00","0.19","0.3686","0.0287","0.3708"
"WEP","30-May-2025","35","123.59","125.42","0.44","-3.230","0.00","0.19","0.3686","0.0287","0.3708"
"WEP","30-May-2025","36","124.46","125.41","0.21","-2.120","0.00","0.19","0.3686","0.0287","0.3708"
"WEP","30-May-2025","37","217.41","218.24","0.39","-2.170","0.00","0.19","0.3686","0.0287","0.3708"
"WEP","30-May-2025","38","224.16","223.88","0.51","-1.190","0.00","0.19","0.3686","0.0287","0.3708"
"WEP","30-May-2025","39","208.76","208.63","0.42","-1.250","0.00","0.19","0.3686","0.0287","0.3708"
"WEP","30-May-2025","40","224.64","224.70","0.41","-1.430","0.00","0.19","0.3686","0.0287","0.3708"
"WEP","30-May-2025","41","254.59","256.22","0.34","-2.930","0.00","0.19","0.3686","0.0287","0.3708"
"WEP","30-May-2025","42","332.29","334.50","0.46","-3.670","0.03","0.19","0.3686","0.0287","0.3708"
"WEP","30-May-2025","43","564.13","564.45","0.66","-3.030","1.09","0.19","0.3686","0.0287","0.3708"
"WEP","30-May-2025","44","481.55","483.74","0.33","-3.470","0.00","0.19","0.3686","0.0287","0.3708"
"WEP","30-May-2025","45","242.82","243.93","0.13","-2.190","0.00","0.19","0.3686","0.0287","0.3708"
"WEP","30-May-2025","46","182.70","183.18","0.12","-1.560","0.00","0.19","0.3686","0.0287","0.3708"
"WEP","30-May-2025","47","157.80","157.87","0.13","-1.160","0.00","0.19","0.3686","0.0287","0.3708"
"WEP","30-May-2025","48","124.66","125.36","0.12","-1.780","0.00","0.19","0.3686","0.0287","0.3708"
"WEP","31-May-2025","1","116.35","116.35","0.13","-1.100","0.00","0.19","0.3686","0.0297","0.3838"
"WEP","31-May-2025","2","122.34","123.33","0.10","-2.060","0.00","0.19","0.3686","0.0297","0.3838"
"WEP","31-May-2025","3","123.05","123.32","0.14","-1.390","0.00","0.19","0.3686","0.0297","0.3838"
"WEP","31-May-2025","4","123.38","123.28","0.11","-0.980","0.00","0.19","0.3686","0.0297","0.3838"
"WEP","31-May-2025","5","116.41","117.05","0.09","-1.700","0.00","0.19","0.3686","0.0297","0.3838"
"WEP","31-May-2025","6","116.83","117.03","0.09","-1.260","0.00","0.19","0.3686","0.0297","0.3838"
"WEP","31-May-2025","7","116.49","116.64","0.09","-1.210","0.00","0.19","0.3686","0.0297","0.3838"
"WEP","31-May-2025","8","116.45","116.64","0.09","-1.250","0.00","0.19","0.3686","0.0297","0.3838"
"WEP","31-May-2025","9","116.56","116.64","0.09","-1.150","0.00","0.19","0.3686","0.0297","0.3838"
"WEP","31-May-2025","10","116.97","116.65","0.09","-0.740","0.00","0.19","0.3686","0.0297","0.3838"
"WEP","31-May-2025","11","116.83","117.04","0.11","-1.300","0.00","0.19","0.3686","0.0297","0.3838"
"WEP","31-May-2025","12","123.60","123.21","0.20","-0.780","0.00","0.19","0.3686","0.0297","0.3838"
"WEP","31-May-2025","13","135.14","135.10","0.42","-1.350","0.00","0.19","0.3686","0.0297","0.3838"
"WEP","31-May-2025","14","135.76","135.87","0.54","-1.630","0.00","0.19","0.3686","0.0297","0.3838"
"WEP","31-May-2025","15","135.93","136.10","0.59","-1.730","0.00","0.19","0.3686","0.0297","0.3838"
"WEP","31-May-2025","16","207.90","208.44","0.70","-2.210","0.00","0.19","0.3686","0.0297","0.3838"
"WEP","31-May-2025","17","209.46","208.62","0.56","-0.690","0.00","0.19","0.3686","0.0297","0.3838"
"WEP","31-May-2025","18","210.08","208.90","1.26","-1.050","0.00","0.19","0.3686","0.0297","0.3838"
"WEP","31-May-2025","19","210.49","208.69","1.09","-0.260","0.00","0.19","0.3686","0.0297","0.3838"
"WEP","31-May-2025","20","127.21","127.34","0.37","-1.470","0.00","0.19","0.3686","0.0297","0.3838"
"WEP","31-May-2025","21","142.67","142.38","0.33","-1.010","0.00","0.19","0.3686","0.0297","0.3838"
"WEP","31-May-2025","22","116.82","116.56","0.22","-0.940","0.00","0.19","0.3686","0.0297","0.3838"
"WEP","31-May-2025","23","114.62","115.06","0.21","-1.620","0.00","0.19","0.3686","0.0297","0.3838"
"WEP","31-May-2025","24","96.92","96.31","0.12","-0.480","0.00","0.19","0.3686","0.0297","0.3838"
"WEP","31-May-2025","25","95.50","96.01","0.14","-1.620","0.00","0.19","0.3686","0.0297","0.3838"
"WEP","31-May-2025","26","94.83","95.99","0.14","-2.270","0.00","0.19","0.3686","0.0297","0.3838"
"WEP","31-May-2025","27","95.26","96.00","0.14","-1.860","0.00","0.19","0.3686","0.0297","0.3838"
"WEP","31-May-2025","28","94.45","96.14","0.13","-2.790","0.00","0.19","0.3686","0.0297","0.3838"
"WEP","31-May-2025","29","95.04","96.13","0.12","-2.190","0.00","0.19","0.3686","0.0297","0.3838"
"WEP","31-May-2025","30","115.60","116.56","0.16","-2.090","0.00","0.19","0.3686","0.0297","0.3838"
"WEP","31-May-2025","31","95.47","96.32","0.12","-1.940","0.00","0.19","0.3686","0.0297","0.3838"
"WEP","31-May-2025","32","115.04","116.56","0.23","-2.720","0.00","0.19","0.3686","0.0297","0.3838"
"WEP","31-May-2025","33","115.37","116.59","0.19","-2.380","0.00","0.19","0.3686","0.0297","0.3838"
"WEP","31-May-2025","34","122.18","123.29","0.30","-2.380","0.00","0.19","0.3686","0.0297","0.3838"
"WEP","31-May-2025","35","131.82","132.09","0.55","-1.790","0.00","0.19","0.3686","0.0297","0.3838"
"WEP","31-May-2025","36","163.69","163.71","0.38","-1.370","0.00","0.19","0.3686","0.0297","0.3838"
"WEP","31-May-2025","37","200.61","200.98","1.24","-2.580","0.00","0.19","0.3686","0.0297","0.3838"
"WEP","31-May-2025","38","262.69","260.04","2.53","-0.850","0.00","0.19","0.3686","0.0297","0.3838"
"WEP","31-May-2025","39","255.92","254.00","2.19","-1.250","0.00","0.19","0.3686","0.0297","0.3838"
"WEP","31-May-2025","40","244.08","241.85","1.97","-0.710","0.00","0.19","0.3686","0.0297","0.3838"
"WEP","31-May-2025","41","224.91","223.20","1.35","-0.610","0.00","0.19","0.3686","0.0297","0.3838"
"WEP","31-May-2025","42","227.93","226.61","1.60","-1.250","0.00","0.19","0.3686","0.0297","0.3838"
"WEP","31-May-2025","43","227.24","226.42","1.53","-1.690","0.00","0.19","0.3686","0.0297","0.3838"
"WEP","31-May-2025","44","230.40","230.50","1.20","-2.270","0.00","0.19","0.3686","0.0297","0.3838"
"WEP","31-May-2025","45","200.94","201.00","0.93","-1.960","0.00","0.19","0.3686","0.0297","0.3838"
"WEP","31-May-2025","46","168.00","168.68","0.46","-2.110","0.00","0.19","0.3686","0.0297","0.3838"
"WEP","31-May-2025","47","152.31","152.01","0.36","-1.030","0.00","0.19","0.3686","0.0297","0.3838"
"WEP","31-May-2025","48","127.48","127.25","0.18","-0.920","0.00","0.19","0.3686","0.0297","0.3838"
