"INFORMATION TYPE","DATE","PERIOD","WEP ($/MWh)","USEP ($/MWh)","AFP ($/MWh)","HEUR ($/MWh)","HLCU ($/MWh)","MEUC ($/MWh)","EMC Price Cap Fees ($/MWh)","EMC Price Adj Fees ($/MWh)","PSO Fees ($/MWh)"
"WEP","01-Sep-2025","1","82.79","80.19","0.12","-0.400","0.00","2.08","0.3711","0.0305","0.4039"
"WEP","01-Sep-2025","2","84.33","81.23","0.07","0.150","0.00","2.08","0.3711","0.0305","0.4039"
"WEP","01-Sep-2025","3","81.43","78.70","0.05","-0.210","0.00","2.08","0.3711","0.0305","0.4039"
"WEP","01-Sep-2025","4","78.95","76.18","0.05","-0.160","0.00","2.08","0.3711","0.0305","0.4039"
"WEP","01-Sep-2025","5","77.92","75.56","0.05","-0.580","0.00","2.08","0.3711","0.0305","0.4039"
"WEP","01-Sep-2025","6","76.84","74.07","0.05","-0.160","0.00","2.08","0.3711","0.0305","0.4039"
"WEP","01-Sep-2025","7","75.90","73.33","0.05","-0.360","0.00","2.08","0.3711","0.0305","0.4039"
"WEP","01-Sep-2025","8","75.93","72.99","0.06","0.000","0.00","2.08","0.3711","0.0305","0.4039"
"WEP","01-Sep-2025","9","75.64","73.00","0.05","-0.300","0.00","2.08","0.3711","0.0305","0.4039"
"WEP","01-Sep-2025","10","76.92","74.05","0.05","-0.060","0.00","2.08","0.3711","0.0305","0.4039"
"WEP","01-Sep-2025","11","77.02","74.07","0.06","0.000","0.00","2.08","0.3711","0.0305","0.4039"
"WEP","01-Sep-2025","12","87.37","84.51","0.13","-0.160","0.00","2.08","0.3711","0.0305","0.4039"
"WEP","01-Sep-2025","13","92.86","90.26","0.19","-0.480","0.00","2.08","0.3711","0.0305","0.4039"
"WEP","01-Sep-2025","14","109.34","106.73","0.36","-0.640","0.00","2.08","0.3711","0.0305","0.4039"
"WEP","01-Sep-2025","15","112.85","110.88","0.40","-1.320","0.00","2.08","0.3711","0.0305","0.4039"
"WEP","01-Sep-2025","16","141.86","140.29","0.57","-1.880","0.00","2.08","0.3711","0.0305","0.4039"
"WEP","01-Sep-2025","17","144.81","142.27","0.55","-0.890","0.00","2.08","0.3711","0.0305","0.4039"
"WEP","01-Sep-2025","18","202.72","200.20","1.11","-1.480","0.00","2.08","0.3711","0.0305","0.4039"
"WEP","01-Sep-2025","19","128.23","125.55","0.48","-0.680","0.00","2.08","0.3711","0.0305","0.4039"
"WEP","01-Sep-2025","20","167.03","164.17","0.73","-0.750","0.00","2.08","0.3711","0.0305","0.4039"
"WEP","01-Sep-2025","21","183.61","181.46","0.44","-1.180","0.00","2.08","0.3711","0.0305","0.4039"
"WEP","01-Sep-2025","22","202.61","200.14","0.50","-0.910","0.00","2.08","0.3711","0.0305","0.4039"
"WEP","01-Sep-2025","23","114.37","110.89","0.21","0.380","0.00","2.08","0.3711","0.0305","0.4039"
"WEP","01-Sep-2025","24","116.32","113.03","0.19","0.210","0.00","2.08","0.3711","0.0305","0.4039"
"WEP","01-Sep-2025","25","105.20","101.62","0.14","0.560","0.00","2.08","0.3711","0.0305","0.4039"
"WEP","01-Sep-2025","26","88.79","84.89","0.14","0.880","0.00","2.08","0.3711","0.0305","0.4039"
"WEP","01-Sep-2025","27","83.34","80.28","0.14","0.040","0.00","2.08","0.3711","0.0305","0.4039"
"WEP","01-Sep-2025","28","80.59","79.03","0.13","-1.460","0.00","2.08","0.3711","0.0305","0.4039"
"WEP","01-Sep-2025","29","86.98","84.94","0.12","-0.970","0.00","2.08","0.3711","0.0305","0.4039"
"WEP","01-Sep-2025","30","81.75","78.98","0.12","-0.240","0.00","2.08","0.3711","0.0305","0.4039"
"WEP","01-Sep-2025","31","81.66","78.75","0.12","-0.100","0.00","2.08","0.3711","0.0305","0.4039"
"WEP","01-Sep-2025","32","81.67","78.95","0.14","-0.300","0.00","2.08","0.3711","0.0305","0.4039"
"WEP","01-Sep-2025","33","81.06","79.19","0.12","-1.130","0.00","2.08","0.3711","0.0305","0.4039"
"WEP","01-Sep-2025","34","81.98","80.14","0.14","-1.190","0.00","2.08","0.3711","0.0305","0.4039"
"WEP","01-Sep-2025","35","87.16","84.96","0.21","-0.900","0.00","2.08","0.3711","0.0305","0.4039"
"WEP","01-Sep-2025","36","87.56","84.96","0.14","-0.430","0.00","2.08","0.3711","0.0305","0.4039"
"WEP","01-Sep-2025","37","87.48","84.76","0.15","-0.310","0.00","2.08","0.3711","0.0305","0.4039"
"WEP","01-Sep-2025","38","92.55","90.23","0.18","-0.750","0.00","2.08","0.3711","0.0305","0.4039"
"WEP","01-Sep-2025","39","92.84","90.21","0.16","-0.420","0.00","2.08","0.3711","0.0305","0.4039"
"WEP","01-Sep-2025","40","92.88","90.25","0.15","-0.410","0.00","2.08","0.3711","0.0305","0.4039"
"WEP","01-Sep-2025","41","92.03","89.57","0.14","-0.570","0.00","2.08","0.3711","0.0305","0.4039"
"WEP","01-Sep-2025","42","91.98","89.36","0.14","-0.410","0.00","2.08","0.3711","0.0305","0.4039"
"WEP","01-Sep-2025","43","87.72","84.88","0.14","-0.190","0.00","2.08","0.3711","0.0305","0.4039"
"WEP","01-Sep-2025","44","84.15","81.17","0.13","-0.040","0.00","2.08","0.3711","0.0305","0.4039"
"WEP","01-Sep-2025","45","80.53","77.41","0.15","0.080","0.00","2.08","0.3711","0.0305","0.4039"
"WEP","01-Sep-2025","46","77.87","74.90","0.13","-0.040","0.00","2.08","0.3711","0.0305","0.4039"
"WEP","01-Sep-2025","47","77.15","74.14","0.15","-0.030","0.00","2.08","0.3711","0.0305","0.4039"
"WEP","01-Sep-2025","48","75.86","72.69","0.09","0.190","0.00","2.08","0.3711","0.0305","0.4039"
"WEP","02-Sep-2025","1","75.73","74.28","0.08","-1.530","0.00","2.08","0.3711","0.0309","0.4091"
"WEP","02-Sep-2025","2","82.01","80.73","0.06","-1.670","0.00","2.08","0.3711","0.0309","0.4091"
"WEP","02-Sep-2025","3","79.58","78.27","0.00","-1.580","0.00","2.08","0.3711","0.0309","0.4091"
"WEP","02-Sep-2025","4","74.78","72.84","0.00","-0.950","0.00","2.08","0.3711","0.0309","0.4091"
"WEP","02-Sep-2025","5","75.91","74.05","0.00","-1.030","0.00","2.08","0.3711","0.0309","0.4091"
"WEP","02-Sep-2025","6","75.26","73.21","0.00","-0.840","0.00","2.08","0.3711","0.0309","0.4091"
"WEP","02-Sep-2025","7","74.92","72.86","0.00","-0.830","0.00","2.08","0.3711","0.0309","0.4091"
"WEP","02-Sep-2025","8","74.95","72.59","0.00","-0.530","0.00","2.08","0.3711","0.0309","0.4091"
"WEP","02-Sep-2025","9","73.57","71.45","0.00","-0.770","0.00","2.08","0.3711","0.0309","0.4091"
"WEP","02-Sep-2025","10","74.64","72.86","0.00","-1.110","0.00","2.08","0.3711","0.0309","0.4091"
"WEP","02-Sep-2025","11","80.67","78.29","0.06","-0.570","0.00","2.08","0.3711","0.0309","0.4091"
"WEP","02-Sep-2025","12","81.71","78.93","0.13","-0.250","0.00","2.08","0.3711","0.0309","0.4091"
"WEP","02-Sep-2025","13","81.59","79.09","0.17","-0.560","0.00","2.08","0.3711","0.0309","0.4091"
"WEP","02-Sep-2025","14","82.80","80.19","0.20","-0.480","0.00","2.08","0.3711","0.0309","0.4091"
"WEP","02-Sep-2025","15","84.00","81.45","0.27","-0.610","0.00","2.08","0.3711","0.0309","0.4091"
"WEP","02-Sep-2025","16","87.16","84.72","0.20","-0.650","0.00","2.08","0.3711","0.0309","0.4091"
"WEP","02-Sep-2025","17","87.23","84.63","0.17","-0.470","0.00","2.08","0.3711","0.0309","0.4091"
"WEP","02-Sep-2025","18","84.34","81.49","0.19","-0.230","0.00","2.08","0.3711","0.0309","0.4091"
"WEP","02-Sep-2025","19","83.62","80.77","0.15","-0.190","0.00","2.08","0.3711","0.0309","0.4091"
"WEP","02-Sep-2025","20","81.70","79.09","0.15","-0.430","0.00","2.08","0.3711","0.0309","0.4091"
"WEP","02-Sep-2025","21","78.95","77.12","0.13","-1.190","0.00","2.08","0.3711","0.0309","0.4091"
"WEP","02-Sep-2025","22","81.37","79.30","0.13","-0.960","0.00","2.08","0.3711","0.0309","0.4091"
"WEP","02-Sep-2025","23","76.26","74.99","0.13","-1.750","0.00","2.08","0.3711","0.0309","0.4091"
"WEP","02-Sep-2025","24","80.64","79.09","0.12","-1.460","0.00","2.08","0.3711","0.0309","0.4091"
"WEP","02-Sep-2025","25","80.75","78.90","0.14","-1.180","0.00","2.08","0.3711","0.0309","0.4091"
"WEP","02-Sep-2025","26","76.17","75.01","0.14","-1.870","0.00","2.08","0.3711","0.0309","0.4091"
"WEP","02-Sep-2025","27","83.54","81.49","0.13","-0.970","0.00","2.08","0.3711","0.0309","0.4091"
"WEP","02-Sep-2025","28","87.71","84.77","0.13","-0.080","0.00","2.08","0.3711","0.0309","0.4091"
"WEP","02-Sep-2025","29","82.73","79.96","0.10","-0.220","0.00","2.08","0.3711","0.0309","0.4091"
"WEP","02-Sep-2025","30","81.36","78.40","0.09","-0.020","0.00","2.08","0.3711","0.0309","0.4091"
"WEP","02-Sep-2025","31","77.74","76.04","0.10","-1.290","0.00","2.08","0.3711","0.0309","0.4091"
"WEP","02-Sep-2025","32","78.05","76.51","0.13","-1.480","0.00","2.08","0.3711","0.0309","0.4091"
"WEP","02-Sep-2025","33","80.81","79.10","0.10","-1.280","0.00","2.08","0.3711","0.0309","0.4091"
"WEP","02-Sep-2025","34","82.12","80.29","0.13","-1.190","0.00","2.08","0.3711","0.0309","0.4091"
"WEP","02-Sep-2025","35","84.10","81.50","0.22","-0.510","0.00","2.08","0.3711","0.0309","0.4091"
"WEP","02-Sep-2025","36","81.29","79.31","0.11","-1.020","0.00","2.08","0.3711","0.0309","0.4091"
"WEP","02-Sep-2025","37","81.96","80.23","0.15","-1.310","0.00","2.08","0.3711","0.0309","0.4091"
"WEP","02-Sep-2025","38","90.63","89.58","0.19","-2.030","0.00","2.08","0.3711","0.0309","0.4091"
"WEP","02-Sep-2025","39","88.81","87.22","0.16","-1.460","0.00","2.08","0.3711","0.0309","0.4091"
"WEP","02-Sep-2025","40","95.44","94.08","0.28","-1.810","0.00","2.08","0.3711","0.0309","0.4091"
"WEP","02-Sep-2025","41","103.65","102.19","0.14","-1.570","0.00","2.08","0.3711","0.0309","0.4091"
"WEP","02-Sep-2025","42","107.82","105.67","0.14","-0.880","0.00","2.08","0.3711","0.0309","0.4091"
"WEP","02-Sep-2025","43","109.04","107.04","0.14","-1.030","0.00","2.08","0.3711","0.0309","0.4091"
"WEP","02-Sep-2025","44","93.62","91.74","0.13","-1.140","0.00","2.08","0.3711","0.0309","0.4091"
"WEP","02-Sep-2025","45","89.57","87.24","0.13","-0.700","0.00","2.08","0.3711","0.0309","0.4091"
"WEP","02-Sep-2025","46","87.34","84.93","0.13","-0.610","0.00","2.08","0.3711","0.0309","0.4091"
"WEP","02-Sep-2025","47","82.49","80.12","0.09","-0.610","0.00","2.08","0.3711","0.0309","0.4091"
"WEP","02-Sep-2025","48","81.16","78.94","0.07","-0.740","0.00","2.08","0.3711","0.0309","0.4091"
"WEP","03-Sep-2025","1","81.96","78.85","0.13","0.090","0.00","2.08","0.3711","0.0307","0.4071"
"WEP","03-Sep-2025","2","81.51","78.84","0.07","-0.290","0.00","2.08","0.3711","0.0307","0.4071"
"WEP","03-Sep-2025","3","81.87","78.91","0.05","0.020","0.00","2.08","0.3711","0.0307","0.4071"
"WEP","03-Sep-2025","4","81.94","78.83","0.05","0.170","0.00","2.08","0.3711","0.0307","0.4071"
"WEP","03-Sep-2025","5","81.16","78.39","0.06","-0.180","0.00","2.08","0.3711","0.0307","0.4071"
"WEP","03-Sep-2025","6","79.50","76.57","0.06","-0.020","0.00","2.08","0.3711","0.0307","0.4071"
"WEP","03-Sep-2025","7","79.52","76.54","0.06","0.030","0.00","2.08","0.3711","0.0307","0.4071"
"WEP","03-Sep-2025","8","79.73","76.54","0.06","0.240","0.00","2.08","0.3711","0.0307","0.4071"
"WEP","03-Sep-2025","9","79.70","76.54","0.06","0.210","0.00","2.08","0.3711","0.0307","0.4071"
"WEP","03-Sep-2025","10","81.42","78.56","0.06","-0.090","0.00","2.08","0.3711","0.0307","0.4071"
"WEP","03-Sep-2025","11","84.22","81.19","0.06","0.080","0.00","2.08","0.3711","0.0307","0.4071"
"WEP","03-Sep-2025","12","87.82","84.70","0.09","0.140","0.00","2.08","0.3711","0.0307","0.4071"
"WEP","03-Sep-2025","13","89.36","86.45","0.16","-0.140","0.00","2.08","0.3711","0.0307","0.4071"
"WEP","03-Sep-2025","14","90.69","87.92","0.18","-0.290","0.00","2.08","0.3711","0.0307","0.4071"
"WEP","03-Sep-2025","15","90.56","88.13","0.20","-0.660","0.00","2.08","0.3711","0.0307","0.4071"
"WEP","03-Sep-2025","16","101.95","99.32","0.22","-0.480","0.00","2.08","0.3711","0.0307","0.4071"
"WEP","03-Sep-2025","17","108.65","105.87","0.28","-0.390","0.00","2.08","0.3711","0.0307","0.4071"
"WEP","03-Sep-2025","18","103.00","99.67","0.41","0.030","0.00","2.08","0.3711","0.0307","0.4071"
"WEP","03-Sep-2025","19","95.31","91.42","0.22","0.780","0.00","2.08","0.3711","0.0307","0.4071"
"WEP","03-Sep-2025","20","86.48","83.17","0.18","0.240","0.00","2.08","0.3711","0.0307","0.4071"
"WEP","03-Sep-2025","21","81.96","79.24","0.14","-0.310","0.00","2.08","0.3711","0.0307","0.4071"
"WEP","03-Sep-2025","22","81.20","78.82","0.13","-0.640","0.00","2.08","0.3711","0.0307","0.4071"
"WEP","03-Sep-2025","23","79.37","77.12","0.13","-0.770","0.00","2.08","0.3711","0.0307","0.4071"
"WEP","03-Sep-2025","24","77.85","75.58","0.12","-0.740","0.00","2.08","0.3711","0.0307","0.4071"
"WEP","03-Sep-2025","25","78.06","75.81","0.14","-0.770","0.00","2.08","0.3711","0.0307","0.4071"
"WEP","03-Sep-2025","26","75.38","73.43","0.15","-1.090","0.00","2.08","0.3711","0.0307","0.4071"
"WEP","03-Sep-2025","27","75.65","73.55","0.14","-0.930","0.00","2.08","0.3711","0.0307","0.4071"
"WEP","03-Sep-2025","28","75.60","73.55","0.14","-0.980","0.00","2.08","0.3711","0.0307","0.4071"
"WEP","03-Sep-2025","29","77.67","75.59","0.12","-0.930","0.00","2.08","0.3711","0.0307","0.4071"
"WEP","03-Sep-2025","30","75.22","73.55","0.11","-1.330","0.00","2.08","0.3711","0.0307","0.4071"
"WEP","03-Sep-2025","31","77.71","76.44","0.12","-1.740","0.00","2.08","0.3711","0.0307","0.4071"
"WEP","03-Sep-2025","32","80.35","78.88","0.14","-1.560","0.00","2.08","0.3711","0.0307","0.4071"
"WEP","03-Sep-2025","33","80.96","80.05","0.12","-2.100","0.00","2.08","0.3711","0.0307","0.4071"
"WEP","03-Sep-2025","34","82.13","81.49","0.14","-2.390","0.00","2.08","0.3711","0.0307","0.4071"
"WEP","03-Sep-2025","35","85.75","85.09","0.27","-2.500","0.00","2.08","0.3711","0.0307","0.4071"
"WEP","03-Sep-2025","36","92.65","91.97","0.16","-2.370","0.00","2.08","0.3711","0.0307","0.4071"
"WEP","03-Sep-2025","37","108.48","107.10","0.30","-1.800","0.00","2.08","0.3711","0.0307","0.4071"
"WEP","03-Sep-2025","38","112.55","111.16","0.38","-1.880","0.00","2.08","0.3711","0.0307","0.4071"
"WEP","03-Sep-2025","39","116.48","114.57","0.37","-1.350","0.00","2.08","0.3711","0.0307","0.4071"
"WEP","03-Sep-2025","40","120.44","117.49","0.36","-0.300","0.00","2.08","0.3711","0.0307","0.4071"
"WEP","03-Sep-2025","41","125.16","122.03","0.28","-0.040","0.00","2.08","0.3711","0.0307","0.4071"
"WEP","03-Sep-2025","42","115.45","112.29","0.25","0.020","0.00","2.08","0.3711","0.0307","0.4071"
"WEP","03-Sep-2025","43","113.73","111.13","0.17","-0.460","0.00","2.08","0.3711","0.0307","0.4071"
"WEP","03-Sep-2025","44","109.51","106.93","0.13","-0.440","0.00","2.08","0.3711","0.0307","0.4071"
"WEP","03-Sep-2025","45","100.17","97.37","0.13","-0.220","0.00","2.08","0.3711","0.0307","0.4071"
"WEP","03-Sep-2025","46","92.17","89.43","0.13","-0.280","0.00","2.08","0.3711","0.0307","0.4071"
"WEP","03-Sep-2025","47","87.69","84.95","0.14","-0.290","0.00","2.08","0.3711","0.0307","0.4071"
"WEP","03-Sep-2025","48","84.68","81.43","0.13","0.230","0.00","2.08","0.3711","0.0307","0.4071"
"WEP","04-Sep-2025","1","86.53","83.73","0.12","-0.200","0.00","2.08","0.3711","0.0307","0.4062"
"WEP","04-Sep-2025","2","83.76","81.43","0.07","-0.630","0.00","2.08","0.3711","0.0307","0.4062"
"WEP","04-Sep-2025","3","85.83","83.68","0.05","-0.790","0.00","2.08","0.3711","0.0307","0.4062"
"WEP","04-Sep-2025","4","83.51","81.42","0.05","-0.850","0.00","2.08","0.3711","0.0307","0.4062"
"WEP","04-Sep-2025","5","81.81","79.75","0.05","-0.880","0.00","2.08","0.3711","0.0307","0.4062"
"WEP","04-Sep-2025","6","82.65","80.34","0.06","-0.640","0.00","2.08","0.3711","0.0307","0.4062"
"WEP","04-Sep-2025","7","81.19","78.96","0.06","-0.720","0.00","2.08","0.3711","0.0307","0.4062"
"WEP","04-Sep-2025","8","81.31","78.96","0.06","-0.600","0.00","2.08","0.3711","0.0307","0.4062"
"WEP","04-Sep-2025","9","81.21","78.95","0.05","-0.680","0.00","2.08","0.3711","0.0307","0.4062"
"WEP","04-Sep-2025","10","83.61","81.41","0.05","-0.730","0.00","2.08","0.3711","0.0307","0.4062"
"WEP","04-Sep-2025","11","89.26","86.88","0.06","-0.560","0.00","2.08","0.3711","0.0307","0.4062"
"WEP","04-Sep-2025","12","93.10","90.12","0.13","-0.040","0.00","2.08","0.3711","0.0307","0.4062"
"WEP","04-Sep-2025","13","92.68","90.32","0.19","-0.720","0.00","2.08","0.3711","0.0307","0.4062"
"WEP","04-Sep-2025","14","100.72","98.49","0.37","-1.030","0.00","2.08","0.3711","0.0307","0.4062"
"WEP","04-Sep-2025","15","92.87","90.38","0.40","-0.800","0.00","2.08","0.3711","0.0307","0.4062"
"WEP","04-Sep-2025","16","101.33","98.83","0.43","-0.820","0.00","2.08","0.3711","0.0307","0.4062"
"WEP","04-Sep-2025","17","105.22","102.94","0.45","-1.060","0.00","2.08","0.3711","0.0307","0.4062"
"WEP","04-Sep-2025","18","96.79","94.26","0.46","-0.820","0.00","2.08","0.3711","0.0307","0.4062"
"WEP","04-Sep-2025","19","95.94","93.41","0.35","-0.710","0.00","2.08","0.3711","0.0307","0.4062"
"WEP","04-Sep-2025","20","92.26","90.54","0.36","-1.520","0.00","2.08","0.3711","0.0307","0.4062"
"WEP","04-Sep-2025","21","103.56","102.03","0.32","-1.680","0.00","2.08","0.3711","0.0307","0.4062"
"WEP","04-Sep-2025","22","103.74","101.73","0.32","-1.200","0.00","2.08","0.3711","0.0307","0.4062"
"WEP","04-Sep-2025","23","85.44","84.06","0.14","-1.640","0.00","2.08","0.3711","0.0307","0.4062"
"WEP","04-Sep-2025","24","92.04","90.56","0.15","-1.560","0.00","2.08","0.3711","0.0307","0.4062"
"WEP","04-Sep-2025","25","91.71","90.36","0.17","-1.710","0.00","2.08","0.3711","0.0307","0.4062"
"WEP","04-Sep-2025","26","91.81","90.46","0.18","-1.720","0.00","2.08","0.3711","0.0307","0.4062"
"WEP","04-Sep-2025","27","96.75","94.35","0.20","-0.690","0.00","2.08","0.3711","0.0307","0.4062"
"WEP","04-Sep-2025","28","94.34","90.96","0.17","0.320","0.00","2.08","0.3711","0.0307","0.4062"
"WEP","04-Sep-2025","29","87.09","84.05","0.14","0.010","0.00","2.08","0.3711","0.0307","0.4062"
"WEP","04-Sep-2025","30","78.14","76.59","0.12","-1.460","0.00","2.08","0.3711","0.0307","0.4062"
"WEP","04-Sep-2025","31","82.79","81.30","0.12","-1.510","0.00","2.08","0.3711","0.0307","0.4062"
"WEP","04-Sep-2025","32","81.81","80.44","0.15","-1.660","0.00","2.08","0.3711","0.0307","0.4062"
"WEP","04-Sep-2025","33","92.13","90.37","0.19","-1.320","0.00","2.08","0.3711","0.0307","0.4062"
"WEP","04-Sep-2025","34","96.10","93.94","0.24","-0.970","0.00","2.08","0.3711","0.0307","0.4062"
"WEP","04-Sep-2025","35","93.55","90.59","0.47","-0.400","0.00","2.08","0.3711","0.0307","0.4062"
"WEP","04-Sep-2025","36","86.24","84.10","0.30","-1.050","0.00","2.08","0.3711","0.0307","0.4062"
"WEP","04-Sep-2025","37","91.56","90.40","0.36","-2.090","0.00","2.08","0.3711","0.0307","0.4062"
"WEP","04-Sep-2025","38","94.96","93.30","0.42","-1.650","0.00","2.08","0.3711","0.0307","0.4062"
"WEP","04-Sep-2025","39","105.72","103.88","0.42","-1.470","0.00","2.08","0.3711","0.0307","0.4062"
"WEP","04-Sep-2025","40","108.40","107.09","0.46","-2.030","0.00","2.08","0.3711","0.0307","0.4062"
"WEP","04-Sep-2025","41","109.15","107.09","0.37","-1.200","0.00","2.08","0.3711","0.0307","0.4062"
"WEP","04-Sep-2025","42","108.86","106.66","0.34","-1.030","0.00","2.08","0.3711","0.0307","0.4062"
"WEP","04-Sep-2025","43","102.06","99.70","0.31","-0.840","0.00","2.08","0.3711","0.0307","0.4062"
"WEP","04-Sep-2025","44","92.78","90.48","0.19","-0.780","0.00","2.08","0.3711","0.0307","0.4062"
"WEP","04-Sep-2025","45","92.65","90.21","0.16","-0.610","0.00","2.08","0.3711","0.0307","0.4062"
"WEP","04-Sep-2025","46","90.96","88.80","0.14","-0.870","0.00","2.08","0.3711","0.0307","0.4062"
"WEP","04-Sep-2025","47","90.01","87.86","0.15","-0.890","0.00","2.08","0.3711","0.0307","0.4062"
"WEP","04-Sep-2025","48","85.73","83.80","0.13","-1.090","0.00","2.08","0.3711","0.0307","0.4062"
"WEP","05-Sep-2025","1","79.55","77.41","0.12","-0.870","0.00","2.08","0.3711","0.0309","0.4097"
"WEP","05-Sep-2025","2","78.61","76.48","0.11","-0.870","0.00","2.08","0.3711","0.0309","0.4097"
"WEP","05-Sep-2025","3","82.23","80.16","0.05","-0.870","0.00","2.08","0.3711","0.0309","0.4097"
"WEP","05-Sep-2025","4","85.61","83.67","0.05","-1.000","0.00","2.08","0.3711","0.0309","0.4097"
"WEP","05-Sep-2025","5","82.25","80.21","0.05","-0.900","0.00","2.08","0.3711","0.0309","0.4097"
"WEP","05-Sep-2025","6","80.90","78.82","0.06","-0.870","0.00","2.08","0.3711","0.0309","0.4097"
"WEP","05-Sep-2025","7","80.02","78.05","0.06","-0.980","0.00","2.08","0.3711","0.0309","0.4097"
"WEP","05-Sep-2025","8","81.88","79.80","0.06","-0.870","0.00","2.08","0.3711","0.0309","0.4097"
"WEP","05-Sep-2025","9","84.35","82.09","0.05","-0.690","0.00","2.08","0.3711","0.0309","0.4097"
"WEP","05-Sep-2025","10","85.46","83.23","0.05","-0.710","0.00","2.08","0.3711","0.0309","0.4097"
"WEP","05-Sep-2025","11","87.13","85.02","0.11","-0.890","0.00","2.08","0.3711","0.0309","0.4097"
"WEP","05-Sep-2025","12","92.53","90.12","0.14","-0.620","0.00","2.08","0.3711","0.0309","0.4097"
"WEP","05-Sep-2025","13","92.72","90.26","0.17","-0.600","0.00","2.08","0.3711","0.0309","0.4097"
"WEP","05-Sep-2025","14","101.61","99.32","0.25","-0.850","0.00","2.08","0.3711","0.0309","0.4097"
"WEP","05-Sep-2025","15","92.10","90.29","0.28","-1.360","0.00","2.08","0.3711","0.0309","0.4097"
"WEP","05-Sep-2025","16","92.51","90.86","0.34","-1.580","0.00","2.08","0.3711","0.0309","0.4097"
"WEP","05-Sep-2025","17","105.72","104.59","0.37","-2.130","0.00","2.08","0.3711","0.0309","0.4097"
"WEP","05-Sep-2025","18","97.24","96.16","0.41","-2.220","0.00","2.08","0.3711","0.0309","0.4097"
"WEP","05-Sep-2025","19","108.27","107.07","0.38","-2.070","0.00","2.08","0.3711","0.0309","0.4097"
"WEP","05-Sep-2025","20","112.54","110.80","0.42","-1.570","0.00","2.08","0.3711","0.0309","0.4097"
"WEP","05-Sep-2025","21","112.69","111.29","0.28","-1.780","0.00","2.08","0.3711","0.0309","0.4097"
"WEP","05-Sep-2025","22","113.54","111.87","0.28","-1.500","0.00","2.08","0.3711","0.0309","0.4097"
"WEP","05-Sep-2025","23","96.15","93.29","0.20","-0.240","0.00","2.08","0.3711","0.0309","0.4097"
"WEP","05-Sep-2025","24","92.76","90.39","0.16","-0.680","0.00","2.08","0.3711","0.0309","0.4097"
"WEP","05-Sep-2025","25","86.01","83.98","0.21","-1.070","0.00","2.08","0.3711","0.0309","0.4097"
"WEP","05-Sep-2025","26","85.87","83.85","0.21","-1.080","0.00","2.08","0.3711","0.0309","0.4097"
"WEP","05-Sep-2025","27","85.58","83.41","0.19","-0.910","0.00","2.08","0.3711","0.0309","0.4097"
"WEP","05-Sep-2025","28","83.89","81.62","0.15","-0.770","0.00","2.08","0.3711","0.0309","0.4097"
"WEP","05-Sep-2025","29","77.97","76.31","0.12","-1.360","0.00","2.08","0.3711","0.0309","0.4097"
"WEP","05-Sep-2025","30","80.40","78.82","0.12","-1.430","0.00","2.08","0.3711","0.0309","0.4097"
"WEP","05-Sep-2025","31","79.54","77.53","0.12","-1.000","0.00","2.08","0.3711","0.0309","0.4097"
"WEP","05-Sep-2025","32","81.33","79.53","0.15","-1.240","0.00","2.08","0.3711","0.0309","0.4097"
"WEP","05-Sep-2025","33","78.59","77.59","0.12","-2.010","0.00","2.08","0.3711","0.0309","0.4097"
"WEP","05-Sep-2025","34","84.59","83.91","0.19","-2.400","0.00","2.08","0.3711","0.0309","0.4097"
"WEP","05-Sep-2025","35","91.22","89.51","0.41","-1.600","0.00","2.08","0.3711","0.0309","0.4097"
"WEP","05-Sep-2025","36","86.64","85.03","0.17","-1.450","0.00","2.08","0.3711","0.0309","0.4097"
"WEP","05-Sep-2025","37","92.01","90.40","0.24","-1.520","0.00","2.08","0.3711","0.0309","0.4097"
"WEP","05-Sep-2025","38","99.45","97.65","0.32","-1.410","0.00","2.08","0.3711","0.0309","0.4097"
"WEP","05-Sep-2025","39","105.69","103.92","0.32","-1.450","0.00","2.08","0.3711","0.0309","0.4097"
"WEP","05-Sep-2025","40","106.19","103.92","0.31","-0.930","0.00","2.08","0.3711","0.0309","0.4097"
"WEP","05-Sep-2025","41","101.99","99.95","0.25","-1.100","0.00","2.08","0.3711","0.0309","0.4097"
"WEP","05-Sep-2025","42","99.03","97.12","0.24","-1.220","0.00","2.08","0.3711","0.0309","0.4097"
"WEP","05-Sep-2025","43","93.86","92.04","0.20","-1.270","0.00","2.08","0.3711","0.0309","0.4097"
"WEP","05-Sep-2025","44","92.10","90.26","0.16","-1.210","0.00","2.08","0.3711","0.0309","0.4097"
"WEP","05-Sep-2025","45","90.50","88.58","0.14","-1.120","0.00","2.08","0.3711","0.0309","0.4097"
"WEP","05-Sep-2025","46","86.75","84.96","0.13","-1.230","0.00","2.08","0.3711","0.0309","0.4097"
"WEP","05-Sep-2025","47","86.47","84.48","0.14","-1.040","0.00","2.08","0.3711","0.0309","0.4097"
"WEP","05-Sep-2025","48","92.41","90.17","0.13","-0.780","0.00","2.08","0.3711","0.0309","0.4097"
"WEP","06-Sep-2025","1","105.23","102.03","0.12","0.170","0.00","2.08","0.3711","0.0323","0.4275"
"WEP","06-Sep-2025","2","94.11","90.38","0.06","0.760","0.00","2.08","0.3711","0.0323","0.4275"
"WEP","06-Sep-2025","3","88.76","85.90","0.05","-0.100","0.00","2.08","0.3711","0.0323","0.4275"
"WEP","06-Sep-2025","4","92.85","90.05","0.05","-0.160","0.00","2.08","0.3711","0.0323","0.4275"
"WEP","06-Sep-2025","5","89.52","87.59","0.00","-0.980","0.00","2.08","0.3711","0.0323","0.4275"
"WEP","06-Sep-2025","6","88.63","86.39","0.00","-0.670","0.00","2.08","0.3711","0.0323","0.4275"
"WEP","06-Sep-2025","7","88.38","85.87","0.00","-0.400","0.00","2.08","0.3711","0.0323","0.4275"
"WEP","06-Sep-2025","8","88.56","86.39","0.00","-0.740","0.00","2.08","0.3711","0.0323","0.4275"
"WEP","06-Sep-2025","9","88.66","86.39","0.00","-0.640","0.00","2.08","0.3711","0.0323","0.4275"
"WEP","06-Sep-2025","10","90.10","87.67","0.00","-0.480","0.00","2.08","0.3711","0.0323","0.4275"
"WEP","06-Sep-2025","11","92.96","90.04","0.06","-0.050","0.00","2.08","0.3711","0.0323","0.4275"
"WEP","06-Sep-2025","12","93.21","90.04","0.14","0.110","0.00","2.08","0.3711","0.0323","0.4275"
"WEP","06-Sep-2025","13","93.36","90.14","0.16","0.150","0.00","2.08","0.3711","0.0323","0.4275"
"WEP","06-Sep-2025","14","93.46","90.24","0.19","0.110","0.00","2.08","0.3711","0.0323","0.4275"
"WEP","06-Sep-2025","15","93.02","90.24","0.22","-0.350","0.00","2.08","0.3711","0.0323","0.4275"
"WEP","06-Sep-2025","16","108.96","105.48","0.21","0.360","0.00","2.08","0.3711","0.0323","0.4275"
"WEP","06-Sep-2025","17","93.91","90.37","0.20","0.430","0.00","2.08","0.3711","0.0323","0.4275"
"WEP","06-Sep-2025","18","94.05","90.18","0.21","0.750","0.00","2.08","0.3711","0.0323","0.4275"
"WEP","06-Sep-2025","19","87.24","83.93","0.16","0.230","0.00","2.08","0.3711","0.0323","0.4275"
"WEP","06-Sep-2025","20","83.54","80.11","0.17","0.350","0.00","2.08","0.3711","0.0323","0.4275"
"WEP","06-Sep-2025","21","80.07","77.37","0.14","-0.360","0.00","2.08","0.3711","0.0323","0.4275"
"WEP","06-Sep-2025","22","80.37","77.27","0.14","0.040","0.00","2.08","0.3711","0.0323","0.4275"
"WEP","06-Sep-2025","23","72.87","70.42","0.13","-0.590","0.00","2.08","0.3711","0.0323","0.4275"
"WEP","06-Sep-2025","24","69.47","67.39","0.13","-0.960","0.00","2.08","0.3711","0.0323","0.4275"
"WEP","06-Sep-2025","25","63.69","61.59","0.14","-0.950","0.00","2.08","0.3711","0.0323","0.4275"
"WEP","06-Sep-2025","26","63.55","61.48","0.16","-1.000","0.00","2.08","0.3711","0.0323","0.4275"
"WEP","06-Sep-2025","27","63.50","61.47","0.14","-1.020","0.00","2.08","0.3711","0.0323","0.4275"
"WEP","06-Sep-2025","28","56.47","54.20","0.14","-0.780","0.00","2.08","0.3711","0.0323","0.4275"
"WEP","06-Sep-2025","29","56.35","54.30","0.13","-0.990","0.00","2.08","0.3711","0.0323","0.4275"
"WEP","06-Sep-2025","30","67.50","65.74","0.12","-1.270","0.00","2.08","0.3711","0.0323","0.4275"
"WEP","06-Sep-2025","31","67.10","65.24","0.13","-1.180","0.00","2.08","0.3711","0.0323","0.4275"
"WEP","06-Sep-2025","32","71.98","70.34","0.14","-1.410","0.00","2.08","0.3711","0.0323","0.4275"
"WEP","06-Sep-2025","33","72.79","71.18","0.13","-1.430","0.00","2.08","0.3711","0.0323","0.4275"
"WEP","06-Sep-2025","34","77.05","75.48","0.14","-1.480","0.00","2.08","0.3711","0.0323","0.4275"
"WEP","06-Sep-2025","35","81.65","80.09","0.25","-1.600","0.00","2.08","0.3711","0.0323","0.4275"
"WEP","06-Sep-2025","36","87.31","85.95","0.15","-1.700","0.00","2.08","0.3711","0.0323","0.4275"
"WEP","06-Sep-2025","37","92.52","90.52","0.20","-1.120","0.00","2.08","0.3711","0.0323","0.4275"
"WEP","06-Sep-2025","38","109.84","107.54","0.27","-0.880","0.00","2.08","0.3711","0.0323","0.4275"
"WEP","06-Sep-2025","39","110.78","108.10","0.27","-0.500","0.00","2.08","0.3711","0.0323","0.4275"
"WEP","06-Sep-2025","40","108.46","106.07","0.23","-0.750","0.00","2.08","0.3711","0.0323","0.4275"
"WEP","06-Sep-2025","41","110.19","108.09","0.19","-1.000","0.00","2.08","0.3711","0.0323","0.4275"
"WEP","06-Sep-2025","42","110.33","108.11","0.21","-0.900","0.00","2.08","0.3711","0.0323","0.4275"
"WEP","06-Sep-2025","43","108.99","106.85","0.20","-0.970","0.00","2.08","0.3711","0.0323","0.4275"
"WEP","06-Sep-2025","44","108.29","106.04","0.13","-0.790","0.00","2.08","0.3711","0.0323","0.4275"
"WEP","06-Sep-2025","45","110.99","107.94","0.13","0.010","0.00","2.08","0.3711","0.0323","0.4275"
"WEP","06-Sep-2025","46","108.83","105.90","0.13","-0.110","0.00","2.08","0.3711","0.0323","0.4275"
"WEP","06-Sep-2025","47","105.51","102.09","0.14","0.360","0.00","2.08","0.3711","0.0323","0.4275"
"WEP","06-Sep-2025","48","92.45","89.65","0.13","-0.240","0.00","2.08","0.3711","0.0323","0.4275"
"WEP","07-Sep-2025","1","93.21","90.29","0.13","-0.130","0.00","2.08","0.3711","0.0329","0.4361"
"WEP","07-Sep-2025","2","76.80","73.32","0.11","0.450","0.00","2.08","0.3711","0.0329","0.4361"
"WEP","07-Sep-2025","3","74.44","71.37","0.05","0.100","0.00","2.08","0.3711","0.0329","0.4361"
"WEP","07-Sep-2025","4","92.88","90.17","0.06","-0.270","0.00","2.08","0.3711","0.0329","0.4361"
"WEP","07-Sep-2025","5","91.54","89.13","0.06","-0.570","0.00","2.08","0.3711","0.0329","0.4361"
"WEP","07-Sep-2025","6","88.84","86.04","0.05","-0.170","0.00","2.08","0.3711","0.0329","0.4361"
"WEP","07-Sep-2025","7","84.79","82.11","0.05","-0.290","0.00","2.08","0.3711","0.0329","0.4361"
"WEP","07-Sep-2025","8","87.21","84.65","0.06","-0.420","0.00","2.08","0.3711","0.0329","0.4361"
"WEP","07-Sep-2025","9","88.02","85.16","0.05","-0.110","0.00","2.08","0.3711","0.0329","0.4361"
"WEP","07-Sep-2025","10","88.83","85.87","0.05","-0.010","0.00","2.08","0.3711","0.0329","0.4361"
"WEP","07-Sep-2025","11","90.18","87.11","0.11","0.040","0.00","2.08","0.3711","0.0329","0.4361"
"WEP","07-Sep-2025","12","88.94","85.87","0.14","0.010","0.00","2.08","0.3711","0.0329","0.4361"
"WEP","07-Sep-2025","13","92.56","89.43","0.17","0.040","0.00","2.08","0.3711","0.0329","0.4361"
"WEP","07-Sep-2025","14","93.26","89.97","0.20","0.170","0.00","2.08","0.3711","0.0329","0.4361"
"WEP","07-Sep-2025","15","92.79","89.39","0.22","0.260","0.00","2.08","0.3711","0.0329","0.4361"
"WEP","07-Sep-2025","16","75.59","71.87","0.22","0.580","0.00","2.08","0.3711","0.0329","0.4361"
"WEP","07-Sep-2025","17","77.00","73.81","0.21","0.060","0.00","2.08","0.3711","0.0329","0.4361"
"WEP","07-Sep-2025","18","90.59","87.94","0.28","-0.550","0.00","2.08","0.3711","0.0329","0.4361"
"WEP","07-Sep-2025","19","88.86","85.90","0.18","-0.140","0.00","2.08","0.3711","0.0329","0.4361"
"WEP","07-Sep-2025","20","88.91","85.90","0.18","-0.090","0.00","2.08","0.3711","0.0329","0.4361"
"WEP","07-Sep-2025","21","89.56","86.41","0.16","0.070","0.00","2.08","0.3711","0.0329","0.4361"
"WEP","07-Sep-2025","22","86.53","83.82","0.16","-0.370","0.00","2.08","0.3711","0.0329","0.4361"
"WEP","07-Sep-2025","23","83.11","80.25","0.15","-0.210","0.00","2.08","0.3711","0.0329","0.4361"
"WEP","07-Sep-2025","24","86.18","83.83","0.14","-0.710","0.00","2.08","0.3711","0.0329","0.4361"
"WEP","07-Sep-2025","25","82.61","80.24","0.17","-0.720","0.00","2.08","0.3711","0.0329","0.4361"
"WEP","07-Sep-2025","26","85.72","83.37","0.17","-0.740","0.00","2.08","0.3711","0.0329","0.4361"
"WEP","07-Sep-2025","27","85.94","83.33","0.17","-0.480","0.00","2.08","0.3711","0.0329","0.4361"
"WEP","07-Sep-2025","28","86.05","83.21","0.15","-0.230","0.00","2.08","0.3711","0.0329","0.4361"
"WEP","07-Sep-2025","29","86.37","83.37","0.14","-0.060","0.00","2.08","0.3711","0.0329","0.4361"
"WEP","07-Sep-2025","30","83.23","80.05","0.13","0.130","0.00","2.08","0.3711","0.0329","0.4361"
"WEP","07-Sep-2025","31","78.69","75.63","0.14","0.000","0.00","2.08","0.3711","0.0329","0.4361"
"WEP","07-Sep-2025","32","80.65","77.42","0.17","0.140","0.00","2.08","0.3711","0.0329","0.4361"
"WEP","07-Sep-2025","33","79.61","76.62","0.14","-0.070","0.00","2.08","0.3711","0.0329","0.4361"
"WEP","07-Sep-2025","34","82.31","79.54","0.16","-0.310","0.00","2.08","0.3711","0.0329","0.4361"
"WEP","07-Sep-2025","35","83.17","80.14","0.27","-0.160","0.00","2.08","0.3711","0.0329","0.4361"
"WEP","07-Sep-2025","36","86.76","83.94","0.16","-0.260","0.00","2.08","0.3711","0.0329","0.4361"
"WEP","07-Sep-2025","37","89.12","85.94","0.37","-0.110","0.00","2.08","0.3711","0.0329","0.4361"
"WEP","07-Sep-2025","38","94.38","91.39","0.57","-0.500","0.00","2.08","0.3711","0.0329","0.4361"
"WEP","07-Sep-2025","39","107.92","104.95","0.55","-0.500","0.00","2.08","0.3711","0.0329","0.4361"
"WEP","07-Sep-2025","40","108.07","104.94","0.60","-0.390","0.00","2.08","0.3711","0.0329","0.4361"
"WEP","07-Sep-2025","41","112.09","109.21","0.48","-0.520","0.00","2.08","0.3711","0.0329","0.4361"
"WEP","07-Sep-2025","42","114.07","110.75","0.49","-0.090","0.00","2.08","0.3711","0.0329","0.4361"
"WEP","07-Sep-2025","43","112.80","109.24","0.50","0.140","0.00","2.08","0.3711","0.0329","0.4361"
"WEP","07-Sep-2025","44","110.65","107.04","0.42","0.270","0.00","2.08","0.3711","0.0329","0.4361"
"WEP","07-Sep-2025","45","108.83","104.85","0.36","0.700","0.00","2.08","0.3711","0.0329","0.4361"
"WEP","07-Sep-2025","46","95.09","91.49","0.20","0.480","0.00","2.08","0.3711","0.0329","0.4361"
"WEP","07-Sep-2025","47","91.87","88.34","0.17","0.440","0.00","2.08","0.3711","0.0329","0.4361"
"WEP","07-Sep-2025","48","87.97","84.02","0.13","0.900","0.00","2.08","0.3711","0.0329","0.4361"
"WEP","08-Sep-2025","1","87.59","83.98","0.13","0.590","0.00","2.08","0.3711","0.0305","0.4043"
"WEP","08-Sep-2025","2","90.22","87.01","0.11","0.210","0.00","2.08","0.3711","0.0305","0.4043"
"WEP","08-Sep-2025","3","93.65","90.21","0.05","0.500","0.00","2.08","0.3711","0.0305","0.4043"
"WEP","08-Sep-2025","4","87.44","83.96","0.06","0.530","0.00","2.08","0.3711","0.0305","0.4043"
"WEP","08-Sep-2025","5","86.86","83.96","0.06","-0.050","0.00","2.08","0.3711","0.0305","0.4043"
"WEP","08-Sep-2025","6","87.04","83.96","0.06","0.130","0.00","2.08","0.3711","0.0305","0.4043"
"WEP","08-Sep-2025","7","86.76","83.95","0.06","-0.140","0.00","2.08","0.3711","0.0305","0.4043"
"WEP","08-Sep-2025","8","86.93","83.95","0.06","0.030","0.00","2.08","0.3711","0.0305","0.4043"
"WEP","08-Sep-2025","9","87.19","83.95","0.06","0.300","0.00","2.08","0.3711","0.0305","0.4043"
"WEP","08-Sep-2025","10","88.99","85.81","0.06","0.230","0.00","2.08","0.3711","0.0305","0.4043"
"WEP","08-Sep-2025","11","93.82","90.21","0.11","0.620","0.00","2.08","0.3711","0.0305","0.4043"
"WEP","08-Sep-2025","12","80.44","77.00","0.14","0.410","0.00","2.08","0.3711","0.0305","0.4043"
"WEP","08-Sep-2025","13","87.19","83.81","0.18","0.310","0.00","2.08","0.3711","0.0305","0.4043"
"WEP","08-Sep-2025","14","102.80","100.31","0.56","-0.960","0.00","2.08","0.3711","0.0305","0.4043"
"WEP","08-Sep-2025","15","96.74","94.75","0.20","-1.100","0.00","2.08","0.3711","0.0305","0.4043"
"WEP","08-Sep-2025","16","102.93","100.99","0.26","-1.200","0.00","2.08","0.3711","0.0305","0.4043"
"WEP","08-Sep-2025","17","105.57","103.51","0.37","-1.190","0.00","2.08","0.3711","0.0305","0.4043"
"WEP","08-Sep-2025","18","103.95","101.42","0.56","-0.910","0.00","2.08","0.3711","0.0305","0.4043"
"WEP","08-Sep-2025","19","104.56","102.21","0.37","-0.900","0.00","2.08","0.3711","0.0305","0.4043"
"WEP","08-Sep-2025","20","98.58","95.54","0.32","-0.160","0.00","2.08","0.3711","0.0305","0.4043"
"WEP","08-Sep-2025","21","92.43","90.45","0.19","-1.090","0.00","2.08","0.3711","0.0305","0.4043"
"WEP","08-Sep-2025","22","92.26","90.23","0.19","-1.040","0.00","2.08","0.3711","0.0305","0.4043"
"WEP","08-Sep-2025","23","85.97","84.11","0.14","-1.170","0.00","2.08","0.3711","0.0305","0.4043"
"WEP","08-Sep-2025","24","85.35","83.30","0.13","-0.960","0.00","2.08","0.3711","0.0305","0.4043"
"WEP","08-Sep-2025","25","81.03","79.80","0.19","-1.850","0.00","2.08","0.3711","0.0305","0.4043"
"WEP","08-Sep-2025","26","75.36","74.93","0.15","-2.600","0.00","2.08","0.3711","0.0305","0.4043"
"WEP","08-Sep-2025","27","88.25","86.49","0.17","-1.300","0.00","2.08","0.3711","0.0305","0.4043"
"WEP","08-Sep-2025","28","85.53","83.87","0.14","-1.370","0.00","2.08","0.3711","0.0305","0.4043"
"WEP","08-Sep-2025","29","85.35","83.93","0.13","-1.590","0.00","2.08","0.3711","0.0305","0.4043"
"WEP","08-Sep-2025","30","81.96","80.73","0.11","-1.770","0.00","2.08","0.3711","0.0305","0.4043"
"WEP","08-Sep-2025","31","91.28","89.56","0.17","-1.340","0.00","2.08","0.3711","0.0305","0.4043"
"WEP","08-Sep-2025","32","87.47","86.01","0.20","-1.630","0.00","2.08","0.3711","0.0305","0.4043"
"WEP","08-Sep-2025","33","87.36","86.51","0.15","-2.190","0.00","2.08","0.3711","0.0305","0.4043"
"WEP","08-Sep-2025","34","91.01","90.38","0.20","-2.460","0.00","2.08","0.3711","0.0305","0.4043"
"WEP","08-Sep-2025","35","93.25","92.28","0.44","-2.360","0.00","2.08","0.3711","0.0305","0.4043"
"WEP","08-Sep-2025","36","96.04","94.97","0.26","-2.080","0.00","2.08","0.3711","0.0305","0.4043"
"WEP","08-Sep-2025","37","109.81","108.48","0.49","-2.040","0.00","2.08","0.3711","0.0305","0.4043"
"WEP","08-Sep-2025","38","112.20","110.64","0.53","-1.860","0.00","2.08","0.3711","0.0305","0.4043"
"WEP","08-Sep-2025","39","113.10","111.30","0.43","-1.520","0.00","2.08","0.3711","0.0305","0.4043"
"WEP","08-Sep-2025","40","112.20","110.64","0.40","-1.730","0.00","2.08","0.3711","0.0305","0.4043"
"WEP","08-Sep-2025","41","113.89","112.33","0.35","-1.680","0.00","2.08","0.3711","0.0305","0.4043"
"WEP","08-Sep-2025","42","113.95","112.67","0.22","-1.830","0.00","2.08","0.3711","0.0305","0.4043"
"WEP","08-Sep-2025","43","110.34","108.41","0.22","-1.180","0.00","2.08","0.3711","0.0305","0.4043"
"WEP","08-Sep-2025","44","103.64","101.98","0.17","-1.400","0.00","2.08","0.3711","0.0305","0.4043"
"WEP","08-Sep-2025","45","96.94","94.78","0.14","-0.870","0.00","2.08","0.3711","0.0305","0.4043"
"WEP","08-Sep-2025","46","92.57","90.42","0.13","-0.870","0.00","2.08","0.3711","0.0305","0.4043"
"WEP","08-Sep-2025","47","92.46","90.19","0.14","-0.750","0.00","2.08","0.3711","0.0305","0.4043"
"WEP","08-Sep-2025","48","92.89","90.27","0.13","-0.400","0.00","2.08","0.3711","0.0305","0.4043"
"WEP","09-Sep-2025","1","93.78","92.06","0.12","-1.290","0.00","2.08","0.3711","0.0306","0.4048"
"WEP","09-Sep-2025","2","86.27","83.88","0.07","-0.570","0.00","2.08","0.3711","0.0306","0.4048"
"WEP","09-Sep-2025","3","85.87","83.87","0.05","-0.940","0.00","2.08","0.3711","0.0306","0.4048"
"WEP","09-Sep-2025","4","92.65","91.46","0.05","-1.750","0.00","2.08","0.3711","0.0306","0.4048"
"WEP","09-Sep-2025","5","92.24","90.31","0.05","-1.010","0.00","2.08","0.3711","0.0306","0.4048"
"WEP","09-Sep-2025","6","91.66","90.21","0.05","-1.490","0.00","2.08","0.3711","0.0306","0.4048"
"WEP","09-Sep-2025","7","91.67","90.20","0.06","-1.480","0.00","2.08","0.3711","0.0306","0.4048"
"WEP","09-Sep-2025","8","91.98","90.19","0.06","-1.150","0.00","2.08","0.3711","0.0306","0.4048"
"WEP","09-Sep-2025","9","91.90","90.18","0.05","-1.210","0.00","2.08","0.3711","0.0306","0.4048"
"WEP","09-Sep-2025","10","92.07","90.19","0.05","-1.050","0.00","2.08","0.3711","0.0306","0.4048"
"WEP","09-Sep-2025","11","92.86","90.88","0.11","-1.010","0.00","2.08","0.3711","0.0306","0.4048"
"WEP","09-Sep-2025","12","79.21","76.39","0.13","-0.190","0.00","2.08","0.3711","0.0306","0.4048"
"WEP","09-Sep-2025","13","88.63","86.57","0.17","-0.990","0.00","2.08","0.3711","0.0306","0.4048"
"WEP","09-Sep-2025","14","103.38","102.20","0.26","-1.970","0.00","2.08","0.3711","0.0306","0.4048"
"WEP","09-Sep-2025","15","100.98","99.14","0.41","-1.460","0.00","2.08","0.3711","0.0306","0.4048"
"WEP","09-Sep-2025","16","108.95","106.63","0.52","-1.090","0.00","2.08","0.3711","0.0306","0.4048"
"WEP","09-Sep-2025","17","114.52","112.13","0.39","-0.890","0.00","2.08","0.3711","0.0306","0.4048"
"WEP","09-Sep-2025","18","110.75","108.52","0.48","-1.140","0.00","2.08","0.3711","0.0306","0.4048"
"WEP","09-Sep-2025","19","141.87","141.43","0.59","-3.030","0.00","2.08","0.3711","0.0306","0.4048"
"WEP","09-Sep-2025","20","113.80","112.32","0.43","-1.830","0.00","2.08","0.3711","0.0306","0.4048"
"WEP","09-Sep-2025","21","203.29","200.80","1.47","-1.860","0.00","2.08","0.3711","0.0306","0.4048"
"WEP","09-Sep-2025","22","305.73","297.40","2.64","2.800","0.00","2.08","0.3711","0.0306","0.4048"
"WEP","09-Sep-2025","23","96.60","94.55","0.21","-1.040","0.00","2.08","0.3711","0.0306","0.4048"
"WEP","09-Sep-2025","24","88.21","87.80","0.17","-2.640","0.00","2.08","0.3711","0.0306","0.4048"
"WEP","09-Sep-2025","25","100.57","99.73","0.31","-2.360","0.00","2.08","0.3711","0.0306","0.4048"
"WEP","09-Sep-2025","26","110.71","109.83","0.49","-2.490","0.00","2.08","0.3711","0.0306","0.4048"
"WEP","09-Sep-2025","27","99.28","98.07","0.36","-2.030","0.00","2.08","0.3711","0.0306","0.4048"
"WEP","09-Sep-2025","28","102.22","101.79","0.35","-2.810","0.00","2.08","0.3711","0.0306","0.4048"
"WEP","09-Sep-2025","29","107.02","105.81","0.37","-2.040","0.00","2.08","0.3711","0.0306","0.4048"
"WEP","09-Sep-2025","30","113.66","112.31","0.30","-1.830","0.00","2.08","0.3711","0.0306","0.4048"
"WEP","09-Sep-2025","31","127.03","125.20","0.42","-1.470","0.00","2.08","0.3711","0.0306","0.4048"
"WEP","09-Sep-2025","32","139.37","136.87","0.60","-0.990","0.00","2.08","0.3711","0.0306","0.4048"
"WEP","09-Sep-2025","33","114.57","112.31","0.29","-0.920","0.00","2.08","0.3711","0.0306","0.4048"
"WEP","09-Sep-2025","34","108.32","106.17","0.28","-1.010","0.00","2.08","0.3711","0.0306","0.4048"
"WEP","09-Sep-2025","35","108.04","105.95","0.66","-1.450","0.00","2.08","0.3711","0.0306","0.4048"
"WEP","09-Sep-2025","36","101.90","99.83","0.31","-1.130","0.00","2.08","0.3711","0.0306","0.4048"
"WEP","09-Sep-2025","37","101.81","99.75","0.34","-1.160","0.00","2.08","0.3711","0.0306","0.4048"
"WEP","09-Sep-2025","38","105.02","103.50","0.44","-1.800","0.00","2.08","0.3711","0.0306","0.4048"
"WEP","09-Sep-2025","39","103.50","101.80","0.38","-1.560","0.00","2.08","0.3711","0.0306","0.4048"
"WEP","09-Sep-2025","40","102.64","100.97","0.36","-1.580","0.00","2.08","0.3711","0.0306","0.4048"
"WEP","09-Sep-2025","41","102.53","100.94","0.31","-1.600","0.00","2.08","0.3711","0.0306","0.4048"
"WEP","09-Sep-2025","42","102.44","100.90","0.28","-1.630","0.00","2.08","0.3711","0.0306","0.4048"
"WEP","09-Sep-2025","43","101.76","99.76","0.24","-1.120","0.00","2.08","0.3711","0.0306","0.4048"
"WEP","09-Sep-2025","44","96.94","95.16","0.16","-1.270","0.00","2.08","0.3711","0.0306","0.4048"
"WEP","09-Sep-2025","45","95.47","93.08","0.16","-0.660","0.00","2.08","0.3711","0.0306","0.4048"
"WEP","09-Sep-2025","46","92.43","90.37","0.15","-0.980","0.00","2.08","0.3711","0.0306","0.4048"
"WEP","09-Sep-2025","47","92.05","90.26","0.16","-1.260","0.00","2.08","0.3711","0.0306","0.4048"
"WEP","09-Sep-2025","48","90.99","88.71","0.14","-0.750","0.00","2.08","0.3711","0.0306","0.4048"
"WEP","10-Sep-2025","1","89.17","86.21","0.13","-0.060","0.00","2.08","0.3711","0.0309","0.4099"
"WEP","10-Sep-2025","2","88.70","86.36","0.07","-0.620","0.00","2.08","0.3711","0.0309","0.4099"
"WEP","10-Sep-2025","3","89.06","86.73","0.05","-0.610","0.00","2.08","0.3711","0.0309","0.4099"
"WEP","10-Sep-2025","4","86.03","83.40","0.05","-0.310","0.00","2.08","0.3711","0.0309","0.4099"
"WEP","10-Sep-2025","5","81.91","79.72","0.06","-0.760","0.00","2.08","0.3711","0.0309","0.4099"
"WEP","10-Sep-2025","6","82.61","79.95","0.06","-0.300","0.00","2.08","0.3711","0.0309","0.4099"
"WEP","10-Sep-2025","7","82.34","79.71","0.06","-0.330","0.00","2.08","0.3711","0.0309","0.4099"
"WEP","10-Sep-2025","8","77.73","75.14","0.06","-0.360","0.00","2.08","0.3711","0.0309","0.4099"
"WEP","10-Sep-2025","9","77.89","74.91","0.06","0.020","0.00","2.08","0.3711","0.0309","0.4099"
"WEP","10-Sep-2025","10","79.24","76.37","0.06","-0.090","0.00","2.08","0.3711","0.0309","0.4099"
"WEP","10-Sep-2025","11","91.07","88.44","0.06","-0.320","0.00","2.08","0.3711","0.0309","0.4099"
"WEP","10-Sep-2025","12","94.44","91.46","0.14","-0.050","0.00","2.08","0.3711","0.0309","0.4099"
"WEP","10-Sep-2025","13","96.93","94.34","0.20","-0.500","0.00","2.08","0.3711","0.0309","0.4099"
"WEP","10-Sep-2025","14","101.10","98.55","0.47","-0.820","0.00","2.08","0.3711","0.0309","0.4099"
"WEP","10-Sep-2025","15","98.79","96.55","0.42","-1.080","0.00","2.08","0.3711","0.0309","0.4099"
"WEP","10-Sep-2025","16","104.41","101.61","0.49","-0.580","0.00","2.08","0.3711","0.0309","0.4099"
"WEP","10-Sep-2025","17","109.31","105.87","0.44","0.110","0.00","2.08","0.3711","0.0309","0.4099"
"WEP","10-Sep-2025","18","107.23","103.34","0.46","0.540","0.00","2.08","0.3711","0.0309","0.4099"
"WEP","10-Sep-2025","19","98.14","95.16","0.32","-0.240","0.00","2.08","0.3711","0.0309","0.4099"
"WEP","10-Sep-2025","20","93.25","90.38","0.32","-0.350","0.00","2.08","0.3711","0.0309","0.4099"
"WEP","10-Sep-2025","21","91.57","89.29","0.16","-0.770","0.00","2.08","0.3711","0.0309","0.4099"
"WEP","10-Sep-2025","22","86.16","84.02","0.14","-0.890","0.00","2.08","0.3711","0.0309","0.4099"
"WEP","10-Sep-2025","23","81.38","79.21","0.13","-0.860","0.00","2.08","0.3711","0.0309","0.4099"
"WEP","10-Sep-2025","24","81.88","79.79","0.13","-0.930","0.00","2.08","0.3711","0.0309","0.4099"
"WEP","10-Sep-2025","25","79.55","77.47","0.14","-0.960","0.00","2.08","0.3711","0.0309","0.4099"
"WEP","10-Sep-2025","26","79.27","77.46","0.14","-1.220","0.00","2.08","0.3711","0.0309","0.4099"
"WEP","10-Sep-2025","27","78.85","77.45","0.13","-1.620","0.00","2.08","0.3711","0.0309","0.4099"
"WEP","10-Sep-2025","28","78.34","77.45","0.13","-2.140","0.00","2.08","0.3711","0.0309","0.4099"
"WEP","10-Sep-2025","29","77.92","77.48","0.12","-2.570","0.00","2.08","0.3711","0.0309","0.4099"
"WEP","10-Sep-2025","30","84.41","84.02","0.11","-2.610","0.00","2.08","0.3711","0.0309","0.4099"
"WEP","10-Sep-2025","31","90.78","90.29","0.15","-2.550","0.00","2.08","0.3711","0.0309","0.4099"
"WEP","10-Sep-2025","32","91.15","90.41","0.19","-2.340","0.00","2.08","0.3711","0.0309","0.4099"
"WEP","10-Sep-2025","33","105.83","103.68","0.16","-0.910","0.00","2.08","0.3711","0.0309","0.4099"
"WEP","10-Sep-2025","34","112.98","110.52","0.25","-0.680","0.00","2.08","0.3711","0.0309","0.4099"
"WEP","10-Sep-2025","35","100.92","98.61","0.48","-1.060","0.00","2.08","0.3711","0.0309","0.4099"
"WEP","10-Sep-2025","36","99.42","98.12","0.30","-1.890","0.00","2.08","0.3711","0.0309","0.4099"
"WEP","10-Sep-2025","37","105.97","103.65","0.34","-0.910","0.00","2.08","0.3711","0.0309","0.4099"
"WEP","10-Sep-2025","38","106.69","104.70","0.40","-1.310","0.00","2.08","0.3711","0.0309","0.4099"
"WEP","10-Sep-2025","39","106.25","103.70","0.38","-0.730","0.00","2.08","0.3711","0.0309","0.4099"
"WEP","10-Sep-2025","40","107.70","105.97","0.40","-1.560","0.00","2.08","0.3711","0.0309","0.4099"
"WEP","10-Sep-2025","41","105.29","103.43","0.31","-1.340","0.00","2.08","0.3711","0.0309","0.4099"
"WEP","10-Sep-2025","42","104.64","102.69","0.31","-1.250","0.00","2.08","0.3711","0.0309","0.4099"
"WEP","10-Sep-2025","43","105.84","103.40","0.35","-0.800","0.00","2.08","0.3711","0.0309","0.4099"
"WEP","10-Sep-2025","44","101.97","99.16","0.21","-0.290","0.00","2.08","0.3711","0.0309","0.4099"
"WEP","10-Sep-2025","45","98.45","95.16","0.20","0.200","0.00","2.08","0.3711","0.0309","0.4099"
"WEP","10-Sep-2025","46","93.28","89.77","0.17","0.440","0.00","2.08","0.3711","0.0309","0.4099"
"WEP","10-Sep-2025","47","89.57","87.00","0.17","-0.490","0.00","2.08","0.3711","0.0309","0.4099"
"WEP","10-Sep-2025","48","86.89","84.27","0.13","-0.400","0.00","2.08","0.3711","0.0309","0.4099"
"WEP","11-Sep-2025","1","79.16","76.66","0.12","-0.520","0.00","2.08","0.3711","0.0311","0.4122"
"WEP","11-Sep-2025","2","78.13","75.83","0.07","-0.660","0.00","2.08","0.3711","0.0311","0.4122"
"WEP","11-Sep-2025","3","81.41","79.06","0.05","-0.590","0.00","2.08","0.3711","0.0311","0.4122"
"WEP","11-Sep-2025","4","79.03","76.61","0.05","-0.520","0.00","2.08","0.3711","0.0311","0.4122"
"WEP","11-Sep-2025","5","78.59","76.38","0.06","-0.750","0.00","2.08","0.3711","0.0311","0.4122"
"WEP","11-Sep-2025","6","77.51","75.12","0.06","-0.570","0.00","2.08","0.3711","0.0311","0.4122"
"WEP","11-Sep-2025","7","77.15","74.68","0.06","-0.480","0.00","2.08","0.3711","0.0311","0.4122"
"WEP","11-Sep-2025","8","76.99","74.61","0.06","-0.570","0.00","2.08","0.3711","0.0311","0.4122"
"WEP","11-Sep-2025","9","77.50","75.11","0.06","-0.560","0.00","2.08","0.3711","0.0311","0.4122"
"WEP","11-Sep-2025","10","83.47","81.17","0.06","-0.650","0.00","2.08","0.3711","0.0311","0.4122"
"WEP","11-Sep-2025","11","88.87","86.37","0.07","-0.470","0.00","2.08","0.3711","0.0311","0.4122"
"WEP","11-Sep-2025","12","96.24","93.32","0.14","-0.120","0.00","2.08","0.3711","0.0311","0.4122"
"WEP","11-Sep-2025","13","97.98","95.15","0.20","-0.270","0.00","2.08","0.3711","0.0311","0.4122"
"WEP","11-Sep-2025","14","99.21","96.28","0.38","-0.350","0.00","2.08","0.3711","0.0311","0.4122"
"WEP","11-Sep-2025","15","98.97","96.33","0.41","-0.660","0.00","2.08","0.3711","0.0311","0.4122"
"WEP","11-Sep-2025","16","103.62","100.78","0.40","-0.460","0.00","2.08","0.3711","0.0311","0.4122"
"WEP","11-Sep-2025","17","106.78","103.65","0.41","-0.180","0.00","2.08","0.3711","0.0311","0.4122"
"WEP","11-Sep-2025","18","102.95","99.59","0.44","0.020","0.00","2.08","0.3711","0.0311","0.4122"
"WEP","11-Sep-2025","19","99.68","96.47","0.32","-0.010","0.00","2.08","0.3711","0.0311","0.4122"
"WEP","11-Sep-2025","20","96.55","93.64","0.32","-0.310","0.00","2.08","0.3711","0.0311","0.4122"
"WEP","11-Sep-2025","21","89.71","88.10","0.20","-1.480","0.00","2.08","0.3711","0.0311","0.4122"
"WEP","11-Sep-2025","22","94.39","92.51","0.19","-1.200","0.00","2.08","0.3711","0.0311","0.4122"
"WEP","11-Sep-2025","23","97.53","96.23","0.30","-1.890","0.00","2.08","0.3711","0.0311","0.4122"
"WEP","11-Sep-2025","24","94.63","93.54","0.24","-2.040","0.00","2.08","0.3711","0.0311","0.4122"
"WEP","11-Sep-2025","25","98.35","96.45","0.31","-1.310","0.00","2.08","0.3711","0.0311","0.4122"
"WEP","11-Sep-2025","26","97.60","96.24","0.27","-1.810","0.00","2.08","0.3711","0.0311","0.4122"
"WEP","11-Sep-2025","27","98.40","96.58","0.27","-1.340","0.00","2.08","0.3711","0.0311","0.4122"
"WEP","11-Sep-2025","28","97.60","96.43","0.25","-1.980","0.00","2.08","0.3711","0.0311","0.4122"
"WEP","11-Sep-2025","29","102.43","101.76","0.24","-2.470","0.00","2.08","0.3711","0.0311","0.4122"
"WEP","11-Sep-2025","30","104.41","103.66","0.20","-2.340","0.00","2.08","0.3711","0.0311","0.4122"
"WEP","11-Sep-2025","31","104.34","103.34","0.22","-2.110","0.00","2.08","0.3711","0.0311","0.4122"
"WEP","11-Sep-2025","32","103.32","101.82","0.34","-1.730","0.00","2.08","0.3711","0.0311","0.4122"
"WEP","11-Sep-2025","33","114.30","112.12","0.33","-1.050","0.00","2.08","0.3711","0.0311","0.4122"
"WEP","11-Sep-2025","34","99.82","97.78","0.27","-1.120","0.00","2.08","0.3711","0.0311","0.4122"
"WEP","11-Sep-2025","35","100.40","98.65","0.50","-1.640","0.00","2.08","0.3711","0.0311","0.4122"
"WEP","11-Sep-2025","36","98.47","96.51","0.25","-1.190","0.00","2.08","0.3711","0.0311","0.4122"
"WEP","11-Sep-2025","37","100.21","98.40","0.26","-1.350","0.00","2.08","0.3711","0.0311","0.4122"
"WEP","11-Sep-2025","38","103.82","101.92","0.47","-1.460","0.00","2.08","0.3711","0.0311","0.4122"
"WEP","11-Sep-2025","39","100.90","98.66","0.41","-1.070","0.00","2.08","0.3711","0.0311","0.4122"
"WEP","11-Sep-2025","40","99.82","97.78","0.38","-1.240","0.00","2.08","0.3711","0.0311","0.4122"
"WEP","11-Sep-2025","41","98.31","96.42","0.27","-1.270","0.00","2.08","0.3711","0.0311","0.4122"
"WEP","11-Sep-2025","42","100.65","98.72","0.31","-1.270","0.00","2.08","0.3711","0.0311","0.4122"
"WEP","11-Sep-2025","43","98.67","96.60","0.20","-1.020","0.00","2.08","0.3711","0.0311","0.4122"
"WEP","11-Sep-2025","44","95.61","93.56","0.15","-0.990","0.00","2.08","0.3711","0.0311","0.4122"
"WEP","11-Sep-2025","45","90.48","87.75","0.14","-0.310","0.00","2.08","0.3711","0.0311","0.4122"
"WEP","11-Sep-2025","46","88.75","85.95","0.14","-0.240","0.00","2.08","0.3711","0.0311","0.4122"
"WEP","11-Sep-2025","47","88.24","85.80","0.14","-0.600","0.00","2.08","0.3711","0.0311","0.4122"
"WEP","11-Sep-2025","48","81.92","78.84","0.14","0.040","0.00","2.08","0.3711","0.0311","0.4122"
"WEP","12-Sep-2025","1","81.70","79.07","0.13","-0.400","0.00","2.08","0.3711","0.0319","0.4232"
"WEP","12-Sep-2025","2","78.43","75.74","0.11","-0.320","0.00","2.08","0.3711","0.0319","0.4232"
"WEP","12-Sep-2025","3","78.86","76.39","0.06","-0.490","0.00","2.08","0.3711","0.0319","0.4232"
"WEP","12-Sep-2025","4","77.67","75.11","0.06","-0.400","0.00","2.08","0.3711","0.0319","0.4232"
"WEP","12-Sep-2025","5","77.02","74.61","0.06","-0.550","0.00","2.08","0.3711","0.0319","0.4232"
"WEP","12-Sep-2025","6","77.19","74.60","0.06","-0.380","0.00","2.08","0.3711","0.0319","0.4232"
"WEP","12-Sep-2025","7","76.65","74.13","0.06","-0.450","0.00","2.08","0.3711","0.0319","0.4232"
"WEP","12-Sep-2025","8","76.64","74.12","0.06","-0.450","0.00","2.08","0.3711","0.0319","0.4232"
"WEP","12-Sep-2025","9","76.57","74.12","0.06","-0.520","0.00","2.08","0.3711","0.0319","0.4232"
"WEP","12-Sep-2025","10","77.08","74.60","0.06","-0.490","0.00","2.08","0.3711","0.0319","0.4232"
"WEP","12-Sep-2025","11","77.01","74.69","0.11","-0.690","0.00","2.08","0.3711","0.0319","0.4232"
"WEP","12-Sep-2025","12","86.01","83.40","0.14","-0.440","0.00","2.08","0.3711","0.0319","0.4232"
"WEP","12-Sep-2025","13","88.26","85.79","0.16","-0.600","0.00","2.08","0.3711","0.0319","0.4232"
"WEP","12-Sep-2025","14","95.39","93.07","0.19","-0.770","0.00","2.08","0.3711","0.0319","0.4232"
"WEP","12-Sep-2025","15","94.79","92.58","0.21","-0.910","0.00","2.08","0.3711","0.0319","0.4232"
"WEP","12-Sep-2025","16","96.03","93.44","0.20","-0.520","0.00","2.08","0.3711","0.0319","0.4232"
"WEP","12-Sep-2025","17","96.35","93.57","0.21","-0.340","0.00","2.08","0.3711","0.0319","0.4232"
"WEP","12-Sep-2025","18","96.43","93.34","0.39","-0.210","0.00","2.08","0.3711","0.0319","0.4232"
"WEP","12-Sep-2025","19","95.81","93.34","0.24","-0.670","0.00","2.08","0.3711","0.0319","0.4232"
"WEP","12-Sep-2025","20","94.15","91.54","0.24","-0.540","0.00","2.08","0.3711","0.0319","0.4232"
"WEP","12-Sep-2025","21","95.83","92.55","0.21","0.160","0.00","2.08","0.3711","0.0319","0.4232"
"WEP","12-Sep-2025","22","88.90","85.95","0.20","-0.150","0.00","2.08","0.3711","0.0319","0.4232"
"WEP","12-Sep-2025","23","79.85","77.34","0.13","-0.520","0.00","2.08","0.3711","0.0319","0.4232"
"WEP","12-Sep-2025","24","77.75","75.78","0.13","-1.070","0.00","2.08","0.3711","0.0319","0.4232"
"WEP","12-Sep-2025","25","79.03","76.94","0.14","-0.950","0.00","2.08","0.3711","0.0319","0.4232"
"WEP","12-Sep-2025","26","78.94","76.33","0.15","-0.440","0.00","2.08","0.3711","0.0319","0.4232"
"WEP","12-Sep-2025","27","78.25","75.69","0.14","-0.480","0.00","2.08","0.3711","0.0319","0.4232"
"WEP","12-Sep-2025","28","77.17","74.71","0.13","-0.580","0.00","2.08","0.3711","0.0319","0.4232"
"WEP","12-Sep-2025","29","76.10","74.16","0.13","-1.100","0.00","2.08","0.3711","0.0319","0.4232"
"WEP","12-Sep-2025","30","74.37","72.69","0.12","-1.350","0.00","2.08","0.3711","0.0319","0.4232"
"WEP","12-Sep-2025","31","77.29","76.41","0.12","-2.140","0.00","2.08","0.3711","0.0319","0.4232"
"WEP","12-Sep-2025","32","80.87","79.80","0.17","-2.010","0.00","2.08","0.3711","0.0319","0.4232"
"WEP","12-Sep-2025","33","87.72","86.06","0.16","-1.410","0.00","2.08","0.3711","0.0319","0.4232"
"WEP","12-Sep-2025","34","87.95","86.06","0.19","-1.200","0.00","2.08","0.3711","0.0319","0.4232"
"WEP","12-Sep-2025","35","87.42","85.97","0.33","-1.780","0.00","2.08","0.3711","0.0319","0.4232"
"WEP","12-Sep-2025","36","90.11","89.08","0.19","-2.070","0.00","2.08","0.3711","0.0319","0.4232"
"WEP","12-Sep-2025","37","95.10","93.35","0.34","-1.500","0.00","2.08","0.3711","0.0319","0.4232"
"WEP","12-Sep-2025","38","96.90","94.70","0.39","-1.100","0.00","2.08","0.3711","0.0319","0.4232"
"WEP","12-Sep-2025","39","99.10","96.62","0.39","-0.810","0.00","2.08","0.3711","0.0319","0.4232"
"WEP","12-Sep-2025","40","97.03","94.71","0.35","-0.940","0.00","2.08","0.3711","0.0319","0.4232"
"WEP","12-Sep-2025","41","95.72","93.59","0.21","-0.980","0.00","2.08","0.3711","0.0319","0.4232"
"WEP","12-Sep-2025","42","95.48","93.44","0.22","-1.090","0.00","2.08","0.3711","0.0319","0.4232"
"WEP","12-Sep-2025","43","95.41","93.33","0.21","-1.040","0.00","2.08","0.3711","0.0319","0.4232"
"WEP","12-Sep-2025","44","93.29","91.33","0.15","-1.100","0.00","2.08","0.3711","0.0319","0.4232"
"WEP","12-Sep-2025","45","88.66","86.05","0.15","-0.440","0.00","2.08","0.3711","0.0319","0.4232"
"WEP","12-Sep-2025","46","88.21","85.82","0.15","-0.660","0.00","2.08","0.3711","0.0319","0.4232"
"WEP","12-Sep-2025","47","88.00","85.80","0.14","-0.850","0.00","2.08","0.3711","0.0319","0.4232"
"WEP","12-Sep-2025","48","92.32","89.93","0.13","-0.640","0.00","2.08","0.3711","0.0319","0.4232"
"WEP","13-Sep-2025","1","96.74","93.28","0.13","0.400","0.00","2.08","0.3711","0.0332","0.4402"
"WEP","13-Sep-2025","2","96.81","93.24","0.07","0.580","0.00","2.08","0.3711","0.0332","0.4402"
"WEP","13-Sep-2025","3","92.88","89.51","0.05","0.390","0.00","2.08","0.3711","0.0332","0.4402"
"WEP","13-Sep-2025","4","88.92","86.17","0.05","-0.220","0.00","2.08","0.3711","0.0332","0.4402"
"WEP","13-Sep-2025","5","88.34","85.76","0.05","-0.400","0.00","2.08","0.3711","0.0332","0.4402"
"WEP","13-Sep-2025","6","88.02","85.36","0.06","-0.320","0.00","2.08","0.3711","0.0332","0.4402"
"WEP","13-Sep-2025","7","87.98","85.13","0.06","-0.130","0.00","2.08","0.3711","0.0332","0.4402"
"WEP","13-Sep-2025","8","87.48","84.55","0.06","-0.060","0.00","2.08","0.3711","0.0332","0.4402"
"WEP","13-Sep-2025","9","87.60","84.54","0.05","0.090","0.00","2.08","0.3711","0.0332","0.4402"
"WEP","13-Sep-2025","10","88.05","85.12","0.06","-0.050","0.00","2.08","0.3711","0.0332","0.4402"
"WEP","13-Sep-2025","11","88.39","85.66","0.07","-0.260","0.00","2.08","0.3711","0.0332","0.4402"
"WEP","13-Sep-2025","12","92.36","89.52","0.14","-0.230","0.00","2.08","0.3711","0.0332","0.4402"
"WEP","13-Sep-2025","13","93.77","90.92","0.18","-0.260","0.00","2.08","0.3711","0.0332","0.4402"
"WEP","13-Sep-2025","14","95.24","92.54","0.20","-0.420","0.00","2.08","0.3711","0.0332","0.4402"
"WEP","13-Sep-2025","15","95.70","93.00","0.22","-0.440","0.00","2.08","0.3711","0.0332","0.4402"
"WEP","13-Sep-2025","16","96.05","93.25","0.22","-0.340","0.00","2.08","0.3711","0.0332","0.4402"
"WEP","13-Sep-2025","17","96.17","93.25","0.20","-0.210","0.00","2.08","0.3711","0.0332","0.4402"
"WEP","13-Sep-2025","18","94.87","93.02","0.20","-1.270","0.00","2.08","0.3711","0.0332","0.4402"
"WEP","13-Sep-2025","19","93.36","91.48","0.17","-1.220","0.00","2.08","0.3711","0.0332","0.4402"
"WEP","13-Sep-2025","20","96.68","94.58","0.18","-1.000","0.00","2.08","0.3711","0.0332","0.4402"
"WEP","13-Sep-2025","21","96.01","93.41","0.16","-0.490","0.00","2.08","0.3711","0.0332","0.4402"
"WEP","13-Sep-2025","22","96.06","93.19","0.15","-0.210","0.00","2.08","0.3711","0.0332","0.4402"
"WEP","13-Sep-2025","23","92.86","89.43","0.15","0.360","0.00","2.08","0.3711","0.0332","0.4402"
"WEP","13-Sep-2025","24","90.52","85.92","0.14","1.530","0.00","2.08","0.3711","0.0332","0.4402"
"WEP","13-Sep-2025","25","72.97","69.69","0.16","0.200","0.00","2.08","0.3711","0.0332","0.4402"
"WEP","13-Sep-2025","26","69.16","66.19","0.16","-0.110","0.00","2.08","0.3711","0.0332","0.4402"
"WEP","13-Sep-2025","27","63.04","60.33","0.16","-0.370","0.00","2.08","0.3711","0.0332","0.4402"
"WEP","13-Sep-2025","28","51.54","50.27","0.15","-1.800","0.00","2.08","0.3711","0.0332","0.4402"
"WEP","13-Sep-2025","29","67.57","66.80","0.14","-2.300","0.00","2.08","0.3711","0.0332","0.4402"
"WEP","13-Sep-2025","30","77.53","76.20","0.13","-1.730","0.00","2.08","0.3711","0.0332","0.4402"
"WEP","13-Sep-2025","31","79.76","77.50","0.14","-0.800","0.00","2.08","0.3711","0.0332","0.4402"
"WEP","13-Sep-2025","32","88.20","85.93","0.16","-0.820","0.00","2.08","0.3711","0.0332","0.4402"
"WEP","13-Sep-2025","33","89.36","85.81","0.14","0.490","0.00","2.08","0.3711","0.0332","0.4402"
"WEP","13-Sep-2025","34","82.22","79.10","0.16","0.040","0.00","2.08","0.3711","0.0332","0.4402"
"WEP","13-Sep-2025","35","85.22","83.34","0.47","-1.520","0.00","2.08","0.3711","0.0332","0.4402"
"WEP","13-Sep-2025","36","90.55","88.52","0.18","-1.070","0.00","2.08","0.3711","0.0332","0.4402"
"WEP","13-Sep-2025","37","95.84","93.21","0.19","-0.480","0.00","2.08","0.3711","0.0332","0.4402"
"WEP","13-Sep-2025","38","96.30","93.42","0.26","-0.300","0.00","2.08","0.3711","0.0332","0.4402"
"WEP","13-Sep-2025","39","95.83","93.31","0.25","-0.650","0.00","2.08","0.3711","0.0332","0.4402"
"WEP","13-Sep-2025","40","95.66","93.32","0.24","-0.820","0.00","2.08","0.3711","0.0332","0.4402"
"WEP","13-Sep-2025","41","96.06","93.44","0.22","-0.530","0.00","2.08","0.3711","0.0332","0.4402"
"WEP","13-Sep-2025","42","95.94","93.44","0.22","-0.650","0.00","2.08","0.3711","0.0332","0.4402"
"WEP","13-Sep-2025","43","96.59","93.33","0.22","0.110","0.00","2.08","0.3711","0.0332","0.4402"
"WEP","13-Sep-2025","44","96.07","93.07","0.15","-0.070","0.00","2.08","0.3711","0.0332","0.4402"
"WEP","13-Sep-2025","45","94.70","91.52","0.15","0.100","0.00","2.08","0.3711","0.0332","0.4402"
"WEP","13-Sep-2025","46","94.66","91.52","0.14","0.070","0.00","2.08","0.3711","0.0332","0.4402"
"WEP","13-Sep-2025","47","92.64","89.51","0.18","0.030","0.00","2.08","0.3711","0.0332","0.4402"
"WEP","13-Sep-2025","48","89.96","86.38","0.14","0.520","0.00","2.08","0.3711","0.0332","0.4402"
"WEP","14-Sep-2025","1","94.67","91.61","0.14","-0.010","0.00","2.08","0.3711","0.0337","0.4465"
"WEP","14-Sep-2025","2","76.86","73.35","0.11","0.470","0.00","2.08","0.3711","0.0337","0.4465"
"WEP","14-Sep-2025","3","75.15","71.95","0.06","0.210","0.00","2.08","0.3711","0.0337","0.4465"
"WEP","14-Sep-2025","4","88.72","85.82","0.06","-0.090","0.00","2.08","0.3711","0.0337","0.4465"
"WEP","14-Sep-2025","5","88.86","85.89","0.06","-0.020","0.00","2.08","0.3711","0.0337","0.4465"
"WEP","14-Sep-2025","6","88.82","85.87","0.10","-0.080","0.00","2.08","0.3711","0.0337","0.4465"
"WEP","14-Sep-2025","7","88.81","85.86","0.11","-0.090","0.00","2.08","0.3711","0.0337","0.4465"
"WEP","14-Sep-2025","8","88.81","85.87","0.11","-0.100","0.00","2.08","0.3711","0.0337","0.4465"
"WEP","14-Sep-2025","9","88.75","85.86","0.06","-0.100","0.00","2.08","0.3711","0.0337","0.4465"
"WEP","14-Sep-2025","10","88.74","85.87","0.06","-0.120","0.00","2.08","0.3711","0.0337","0.4465"
"WEP","14-Sep-2025","11","88.72","85.87","0.07","-0.150","0.00","2.08","0.3711","0.0337","0.4465"
"WEP","14-Sep-2025","12","89.00","85.87","0.15","0.050","0.00","2.08","0.3711","0.0337","0.4465"
"WEP","14-Sep-2025","13","92.48","89.53","0.19","-0.170","0.00","2.08","0.3711","0.0337","0.4465"
"WEP","14-Sep-2025","14","88.48","85.89","0.20","-0.540","0.00","2.08","0.3711","0.0337","0.4465"
"WEP","14-Sep-2025","15","82.97","80.17","0.23","-0.360","0.00","2.08","0.3711","0.0337","0.4465"
"WEP","14-Sep-2025","16","73.44","70.31","0.22","-0.020","0.00","2.08","0.3711","0.0337","0.4465"
"WEP","14-Sep-2025","17","73.23","70.42","0.21","-0.330","0.00","2.08","0.3711","0.0337","0.4465"
"WEP","14-Sep-2025","18","82.96","80.23","0.21","-0.410","0.00","2.08","0.3711","0.0337","0.4465"
"WEP","14-Sep-2025","19","80.95","77.45","0.18","0.390","0.00","2.08","0.3711","0.0337","0.4465"
"WEP","14-Sep-2025","20","78.35","74.99","0.18","0.250","0.00","2.08","0.3711","0.0337","0.4465"
"WEP","14-Sep-2025","21","74.67","71.50","0.15","0.090","0.00","2.08","0.3711","0.0337","0.4465"
"WEP","14-Sep-2025","22","73.02","70.40","0.15","-0.470","0.00","2.08","0.3711","0.0337","0.4465"
"WEP","14-Sep-2025","23","56.33","53.70","0.15","-0.450","0.00","2.08","0.3711","0.0337","0.4465"
"WEP","14-Sep-2025","24","55.81","53.29","0.15","-0.570","0.00","2.08","0.3711","0.0337","0.4465"
"WEP","14-Sep-2025","25","53.30","50.98","0.17","-0.780","0.00","2.08","0.3711","0.0337","0.4465"
"WEP","14-Sep-2025","26","54.76","52.57","0.17","-0.910","0.00","2.08","0.3711","0.0337","0.4465"
"WEP","14-Sep-2025","27","54.47","51.84","0.16","-0.460","0.00","2.08","0.3711","0.0337","0.4465"
"WEP","14-Sep-2025","28","53.66","50.95","0.16","-0.380","0.00","2.08","0.3711","0.0337","0.4465"
"WEP","14-Sep-2025","29","50.21","48.39","0.14","-1.250","0.00","2.08","0.3711","0.0337","0.4465"
"WEP","14-Sep-2025","30","52.35","50.85","0.13","-1.560","0.00","2.08","0.3711","0.0337","0.4465"
"WEP","14-Sep-2025","31","55.29","53.20","0.14","-0.980","0.00","2.08","0.3711","0.0337","0.4465"
"WEP","14-Sep-2025","32","63.29","61.08","0.16","-0.880","0.00","2.08","0.3711","0.0337","0.4465"
"WEP","14-Sep-2025","33","54.34","52.88","0.14","-1.610","0.00","2.08","0.3711","0.0337","0.4465"
"WEP","14-Sep-2025","34","62.40","61.09","0.16","-1.780","0.00","2.08","0.3711","0.0337","0.4465"
"WEP","14-Sep-2025","35","72.07","70.42","0.35","-1.630","0.00","2.08","0.3711","0.0337","0.4465"
"WEP","14-Sep-2025","36","91.72","90.33","0.18","-1.720","0.00","2.08","0.3711","0.0337","0.4465"
"WEP","14-Sep-2025","37","95.00","93.58","0.29","-1.800","0.00","2.08","0.3711","0.0337","0.4465"
"WEP","14-Sep-2025","38","103.25","101.51","0.44","-1.630","0.00","2.08","0.3711","0.0337","0.4465"
"WEP","14-Sep-2025","39","108.55","106.81","0.40","-1.590","0.00","2.08","0.3711","0.0337","0.4465"
"WEP","14-Sep-2025","40","108.16","107.25","0.39","-2.410","0.00","2.08","0.3711","0.0337","0.4465"
"WEP","14-Sep-2025","41","109.33","107.61","0.32","-1.530","0.00","2.08","0.3711","0.0337","0.4465"
"WEP","14-Sep-2025","42","111.89","109.69","0.35","-1.090","0.00","2.08","0.3711","0.0337","0.4465"
"WEP","14-Sep-2025","43","108.98","107.24","0.35","-1.540","0.00","2.08","0.3711","0.0337","0.4465"
"WEP","14-Sep-2025","44","105.45","103.52","0.21","-1.210","0.00","2.08","0.3711","0.0337","0.4465"
"WEP","14-Sep-2025","45","106.05","103.50","0.20","-0.580","0.00","2.08","0.3711","0.0337","0.4465"
"WEP","14-Sep-2025","46","102.42","99.76","0.15","-0.420","0.00","2.08","0.3711","0.0337","0.4465"
"WEP","14-Sep-2025","47","101.11","98.61","0.14","-0.570","0.00","2.08","0.3711","0.0337","0.4465"
"WEP","14-Sep-2025","48","96.80","94.64","0.13","-0.900","0.00","2.08","0.3711","0.0337","0.4465"
"WEP","15-Sep-2025","1","95.36","93.41","0.12","-1.060","0.00","2.08","0.3711","0.0312","0.4128"
"WEP","15-Sep-2025","2","77.29","74.72","0.07","-0.390","0.00","2.08","0.3711","0.0312","0.4128"
"WEP","15-Sep-2025","3","79.58","77.46","0.05","-0.820","0.00","2.08","0.3711","0.0312","0.4128"
"WEP","15-Sep-2025","4","94.47","93.38","0.05","-1.850","0.00","2.08","0.3711","0.0312","0.4128"
"WEP","15-Sep-2025","5","95.28","93.35","0.06","-1.020","0.00","2.08","0.3711","0.0312","0.4128"
"WEP","15-Sep-2025","6","95.38","93.26","0.06","-0.840","0.00","2.08","0.3711","0.0312","0.4128"
"WEP","15-Sep-2025","7","95.61","93.25","0.06","-0.590","0.00","2.08","0.3711","0.0312","0.4128"
"WEP","15-Sep-2025","8","95.82","93.26","0.06","-0.400","0.00","2.08","0.3711","0.0312","0.4128"
"WEP","15-Sep-2025","9","95.56","93.35","0.06","-0.750","0.00","2.08","0.3711","0.0312","0.4128"
"WEP","15-Sep-2025","10","102.38","100.42","0.06","-1.000","0.00","2.08","0.3711","0.0312","0.4128"
"WEP","15-Sep-2025","11","95.27","93.37","0.07","-1.070","0.00","2.08","0.3711","0.0312","0.4128"
"WEP","15-Sep-2025","12","88.33","85.90","0.14","-0.600","0.00","2.08","0.3711","0.0312","0.4128"
"WEP","15-Sep-2025","13","87.68","85.93","0.19","-1.340","0.00","2.08","0.3711","0.0312","0.4128"
"WEP","15-Sep-2025","14","112.64","110.38","0.44","-1.070","0.00","2.08","0.3711","0.0312","0.4128"
"WEP","15-Sep-2025","15","105.78","103.63","0.40","-1.150","0.00","2.08","0.3711","0.0312","0.4128"
"WEP","15-Sep-2025","16","118.82","116.91","0.46","-1.450","0.00","2.08","0.3711","0.0312","0.4128"
"WEP","15-Sep-2025","17","105.94","103.56","0.45","-0.960","0.00","2.08","0.3711","0.0312","0.4128"
"WEP","15-Sep-2025","18","100.25","97.69","0.46","-0.790","0.00","2.08","0.3711","0.0312","0.4128"
"WEP","15-Sep-2025","19","95.39","94.16","0.33","-1.990","0.00","2.08","0.3711","0.0312","0.4128"
"WEP","15-Sep-2025","20","93.71","92.54","0.32","-2.040","0.00","2.08","0.3711","0.0312","0.4128"
"WEP","15-Sep-2025","21","94.12","93.36","0.21","-2.350","0.00","2.08","0.3711","0.0312","0.4128"
"WEP","15-Sep-2025","22","95.04","93.61","0.21","-1.680","0.00","2.08","0.3711","0.0312","0.4128"
"WEP","15-Sep-2025","23","95.01","93.36","0.18","-1.420","0.00","2.08","0.3711","0.0312","0.4128"
"WEP","15-Sep-2025","24","91.82","89.74","0.21","-1.030","0.00","2.08","0.3711","0.0312","0.4128"
"WEP","15-Sep-2025","25","96.58","93.94","0.24","-0.490","0.00","2.08","0.3711","0.0312","0.4128"
"WEP","15-Sep-2025","26","95.87","93.33","0.23","-0.580","0.00","2.08","0.3711","0.0312","0.4128"
"WEP","15-Sep-2025","27","88.48","86.47","0.19","-1.080","0.00","2.08","0.3711","0.0312","0.4128"
"WEP","15-Sep-2025","28","83.75","81.77","0.15","-1.060","0.00","2.08","0.3711","0.0312","0.4128"
"WEP","15-Sep-2025","29","84.72","82.97","0.14","-1.280","0.00","2.08","0.3711","0.0312","0.4128"
"WEP","15-Sep-2025","30","83.86","81.75","0.12","-0.900","0.00","2.08","0.3711","0.0312","0.4128"
"WEP","15-Sep-2025","31","89.04","86.10","0.13","-0.080","0.00","2.08","0.3711","0.0312","0.4128"
"WEP","15-Sep-2025","32","79.52","77.48","0.15","-1.000","0.00","2.08","0.3711","0.0312","0.4128"
"WEP","15-Sep-2025","33","85.56","84.40","0.13","-1.860","0.00","2.08","0.3711","0.0312","0.4128"
"WEP","15-Sep-2025","34","87.47","85.96","0.17","-1.550","0.00","2.08","0.3711","0.0312","0.4128"
"WEP","15-Sep-2025","35","88.15","86.08","0.44","-1.260","0.00","2.08","0.3711","0.0312","0.4128"
"WEP","15-Sep-2025","36","88.26","86.07","0.19","-0.900","0.00","2.08","0.3711","0.0312","0.4128"
"WEP","15-Sep-2025","37","90.80","88.48","0.34","-0.910","0.00","2.08","0.3711","0.0312","0.4128"
"WEP","15-Sep-2025","38","93.97","91.88","0.36","-1.160","0.00","2.08","0.3711","0.0312","0.4128"
"WEP","15-Sep-2025","39","92.47","90.08","0.35","-0.850","0.00","2.08","0.3711","0.0312","0.4128"
"WEP","15-Sep-2025","40","92.35","90.07","0.34","-0.950","0.00","2.08","0.3711","0.0312","0.4128"
"WEP","15-Sep-2025","41","90.37","88.54","0.17","-1.240","0.00","2.08","0.3711","0.0312","0.4128"
"WEP","15-Sep-2025","42","90.38","88.53","0.18","-1.230","0.00","2.08","0.3711","0.0312","0.4128"
"WEP","15-Sep-2025","43","90.33","87.95","0.18","-0.700","0.00","2.08","0.3711","0.0312","0.4128"
"WEP","15-Sep-2025","44","88.58","86.09","0.15","-0.560","0.00","2.08","0.3711","0.0312","0.4128"
"WEP","15-Sep-2025","45","96.15","93.03","0.17","0.060","0.00","2.08","0.3711","0.0312","0.4128"
"WEP","15-Sep-2025","46","92.44","89.73","0.15","-0.340","0.00","2.08","0.3711","0.0312","0.4128"
"WEP","15-Sep-2025","47","89.51","86.44","0.16","0.020","0.00","2.08","0.3711","0.0312","0.4128"
"WEP","15-Sep-2025","48","88.70","85.93","0.14","-0.270","0.00","2.08","0.3711","0.0312","0.4128"
"WEP","16-Sep-2025","1","83.03","80.48","0.13","-0.470","0.00","2.08","0.3711","0.0312","0.4136"
"WEP","16-Sep-2025","2","64.53","61.25","0.06","0.320","0.00","2.08","0.3711","0.0312","0.4136"
"WEP","16-Sep-2025","3","58.33","55.23","0.06","0.150","0.00","2.08","0.3711","0.0312","0.4136"
"WEP","16-Sep-2025","4","72.21","70.38","0.06","-1.130","0.00","2.08","0.3711","0.0312","0.4136"
"WEP","16-Sep-2025","5","75.64","74.23","0.06","-1.550","0.00","2.08","0.3711","0.0312","0.4136"
"WEP","16-Sep-2025","6","75.51","73.95","0.06","-1.400","0.00","2.08","0.3711","0.0312","0.4136"
"WEP","16-Sep-2025","7","72.52","70.57","0.06","-1.000","0.00","2.08","0.3711","0.0312","0.4136"
"WEP","16-Sep-2025","8","72.60","70.48","0.06","-0.840","0.00","2.08","0.3711","0.0312","0.4136"
"WEP","16-Sep-2025","9","88.02","85.57","0.06","-0.510","0.00","2.08","0.3711","0.0312","0.4136"
"WEP","16-Sep-2025","10","88.65","85.57","0.06","0.120","0.00","2.08","0.3711","0.0312","0.4136"
"WEP","16-Sep-2025","11","89.36","86.75","0.06","-0.350","0.00","2.08","0.3711","0.0312","0.4136"
"WEP","16-Sep-2025","12","80.52","77.04","0.14","0.440","0.00","2.08","0.3711","0.0312","0.4136"
"WEP","16-Sep-2025","13","80.40","77.46","0.16","-0.120","0.00","2.08","0.3711","0.0312","0.4136"
"WEP","16-Sep-2025","14","95.86","93.63","0.20","-0.870","0.00","2.08","0.3711","0.0312","0.4136"
"WEP","16-Sep-2025","15","96.04","93.19","0.28","-0.320","0.00","2.08","0.3711","0.0312","0.4136"
"WEP","16-Sep-2025","16","96.86","93.23","0.38","0.360","0.00","2.08","0.3711","0.0312","0.4136"
"WEP","16-Sep-2025","17","96.94","94.07","0.37","-0.400","0.00","2.08","0.3711","0.0312","0.4136"
"WEP","16-Sep-2025","18","90.93","88.40","0.37","-0.740","0.00","2.08","0.3711","0.0312","0.4136"
"WEP","16-Sep-2025","19","90.01","88.15","0.31","-1.340","0.00","2.08","0.3711","0.0312","0.4136"
"WEP","16-Sep-2025","20","85.67","83.88","0.25","-1.350","0.00","2.08","0.3711","0.0312","0.4136"
"WEP","16-Sep-2025","21","90.94","89.38","0.18","-1.520","0.00","2.08","0.3711","0.0312","0.4136"
"WEP","16-Sep-2025","22","87.72","86.09","0.18","-1.450","0.00","2.08","0.3711","0.0312","0.4136"
"WEP","16-Sep-2025","23","87.40","85.68","0.14","-1.320","0.00","2.08","0.3711","0.0312","0.4136"
"WEP","16-Sep-2025","24","86.03","83.88","0.12","-0.870","0.00","2.08","0.3711","0.0312","0.4136"
"WEP","16-Sep-2025","25","82.39","79.72","0.15","-0.380","0.00","2.08","0.3711","0.0312","0.4136"
"WEP","16-Sep-2025","26","80.93","78.48","0.16","-0.610","0.00","2.08","0.3711","0.0312","0.4136"
"WEP","16-Sep-2025","27","81.29","78.55","0.15","-0.300","0.00","2.08","0.3711","0.0312","0.4136"
"WEP","16-Sep-2025","28","76.38","74.37","0.13","-1.020","0.00","2.08","0.3711","0.0312","0.4136"
"WEP","16-Sep-2025","29","78.27","76.11","0.12","-0.860","0.00","2.08","0.3711","0.0312","0.4136"
"WEP","16-Sep-2025","30","81.17","78.20","0.11","-0.030","0.00","2.08","0.3711","0.0312","0.4136"
"WEP","16-Sep-2025","31","70.86","69.07","0.12","-1.220","0.00","2.08","0.3711","0.0312","0.4136"
"WEP","16-Sep-2025","32","80.99","78.50","0.14","-0.540","0.00","2.08","0.3711","0.0312","0.4136"
"WEP","16-Sep-2025","33","82.87","80.73","0.12","-0.870","0.00","2.08","0.3711","0.0312","0.4136"
"WEP","16-Sep-2025","34","80.47","78.50","0.14","-1.070","0.00","2.08","0.3711","0.0312","0.4136"
"WEP","16-Sep-2025","35","82.51","80.72","0.38","-1.480","0.00","2.08","0.3711","0.0312","0.4136"
"WEP","16-Sep-2025","36","92.48","90.59","0.25","-1.250","0.00","2.08","0.3711","0.0312","0.4136"
"WEP","16-Sep-2025","37","100.57","98.07","0.31","-0.710","0.00","2.08","0.3711","0.0312","0.4136"
"WEP","16-Sep-2025","38","103.82","101.36","0.35","-0.790","0.00","2.08","0.3711","0.0312","0.4136"
"WEP","16-Sep-2025","39","103.74","101.60","0.34","-1.090","0.00","2.08","0.3711","0.0312","0.4136"
"WEP","16-Sep-2025","40","103.70","101.58","0.33","-1.110","0.00","2.08","0.3711","0.0312","0.4136"
"WEP","16-Sep-2025","41","103.39","101.36","0.25","-1.120","0.00","2.08","0.3711","0.0312","0.4136"
"WEP","16-Sep-2025","42","103.35","101.36","0.23","-1.130","0.00","2.08","0.3711","0.0312","0.4136"
"WEP","16-Sep-2025","43","102.25","99.83","0.22","-0.690","0.00","2.08","0.3711","0.0312","0.4136"
"WEP","16-Sep-2025","44","95.85","93.38","0.14","-0.570","0.00","2.08","0.3711","0.0312","0.4136"
"WEP","16-Sep-2025","45","93.43","90.50","0.14","-0.100","0.00","2.08","0.3711","0.0312","0.4136"
"WEP","16-Sep-2025","46","92.16","89.48","0.14","-0.350","0.00","2.08","0.3711","0.0312","0.4136"
"WEP","16-Sep-2025","47","95.01","92.06","0.15","-0.090","0.00","2.08","0.3711","0.0312","0.4136"
"WEP","16-Sep-2025","48","90.00","86.88","0.13","0.100","0.00","2.08","0.3711","0.0312","0.4136"
"WEP","17-Sep-2025","1","88.81","85.94","0.13","-0.150","0.00","2.08","0.3711","0.0311","0.4116"
"WEP","17-Sep-2025","2","88.87","85.93","0.11","-0.060","0.00","2.08","0.3711","0.0311","0.4116"
"WEP","17-Sep-2025","3","93.43","90.54","0.06","-0.070","0.00","2.08","0.3711","0.0311","0.4116"
"WEP","17-Sep-2025","4","95.78","92.73","0.06","0.100","0.00","2.08","0.3711","0.0311","0.4116"
"WEP","17-Sep-2025","5","90.96","88.53","0.06","-0.520","0.00","2.08","0.3711","0.0311","0.4116"
"WEP","17-Sep-2025","6","88.48","85.90","0.06","-0.370","0.00","2.08","0.3711","0.0311","0.4116"
"WEP","17-Sep-2025","7","84.69","81.81","0.06","-0.070","0.00","2.08","0.3711","0.0311","0.4116"
"WEP","17-Sep-2025","8","89.51","86.03","0.06","0.530","0.00","2.08","0.3711","0.0311","0.4116"
"WEP","17-Sep-2025","9","89.17","85.91","0.06","0.300","0.00","2.08","0.3711","0.0311","0.4116"
"WEP","17-Sep-2025","10","89.82","86.54","0.10","0.280","0.00","2.08","0.3711","0.0311","0.4116"
"WEP","17-Sep-2025","11","89.36","86.04","0.11","0.310","0.00","2.08","0.3711","0.0311","0.4116"
"WEP","17-Sep-2025","12","96.94","93.76","0.14","0.140","0.00","2.08","0.3711","0.0311","0.4116"
"WEP","17-Sep-2025","13","100.22","97.23","0.35","-0.250","0.00","2.08","0.3711","0.0311","0.4116"
"WEP","17-Sep-2025","14","108.52","105.44","0.52","-0.330","0.00","2.08","0.3711","0.0311","0.4116"
"WEP","17-Sep-2025","15","107.46","103.89","0.62","0.060","0.00","2.08","0.3711","0.0311","0.4116"
"WEP","17-Sep-2025","16","112.83","109.46","0.60","-0.130","0.00","2.08","0.3711","0.0311","0.4116"
"WEP","17-Sep-2025","17","116.60","113.38","0.56","-0.230","0.00","2.08","0.3711","0.0311","0.4116"
"WEP","17-Sep-2025","18","119.98","116.40","0.77","-0.080","0.00","2.08","0.3711","0.0311","0.4116"
"WEP","17-Sep-2025","19","112.36","109.40","0.56","-0.500","0.00","2.08","0.3711","0.0311","0.4116"
"WEP","17-Sep-2025","20","117.91","115.09","0.66","-0.730","0.00","2.08","0.3711","0.0311","0.4116"
"WEP","17-Sep-2025","21","114.41","112.15","0.46","-1.090","0.00","2.08","0.3711","0.0311","0.4116"
"WEP","17-Sep-2025","22","127.37","125.21","0.57","-1.300","0.00","2.08","0.3711","0.0311","0.4116"
"WEP","17-Sep-2025","23","97.49","95.72","0.31","-1.430","0.00","2.08","0.3711","0.0311","0.4116"
"WEP","17-Sep-2025","24","113.50","112.11","0.41","-1.920","0.00","2.08","0.3711","0.0311","0.4116"
"WEP","17-Sep-2025","25","107.25","105.38","0.42","-1.450","0.00","2.08","0.3711","0.0311","0.4116"
"WEP","17-Sep-2025","26","113.95","112.11","0.48","-1.530","0.00","2.08","0.3711","0.0311","0.4116"
"WEP","17-Sep-2025","27","107.84","105.37","0.37","-0.790","0.00","2.08","0.3711","0.0311","0.4116"
"WEP","17-Sep-2025","28","114.00","111.95","0.43","-1.270","0.00","2.08","0.3711","0.0311","0.4116"
"WEP","17-Sep-2025","29","108.31","105.37","0.38","-0.330","0.00","2.08","0.3711","0.0311","0.4116"
"WEP","17-Sep-2025","30","97.78","95.74","0.23","-1.080","0.00","2.08","0.3711","0.0311","0.4116"
"WEP","17-Sep-2025","31","88.01","86.11","0.19","-1.190","0.00","2.08","0.3711","0.0311","0.4116"
"WEP","17-Sep-2025","32","95.91","93.48","0.32","-0.780","0.00","2.08","0.3711","0.0311","0.4116"
"WEP","17-Sep-2025","33","95.97","93.03","0.17","-0.130","0.00","2.08","0.3711","0.0311","0.4116"
"WEP","17-Sep-2025","34","92.05","89.87","0.27","-0.990","0.00","2.08","0.3711","0.0311","0.4116"
"WEP","17-Sep-2025","35","94.70","92.71","0.45","-1.360","0.00","2.08","0.3711","0.0311","0.4116"
"WEP","17-Sep-2025","36","94.64","93.08","0.24","-1.570","0.00","2.08","0.3711","0.0311","0.4116"
"WEP","17-Sep-2025","37","98.17","95.74","0.18","-0.650","0.00","2.08","0.3711","0.0311","0.4116"
"WEP","17-Sep-2025","38","101.98","99.82","0.31","-1.040","0.00","2.08","0.3711","0.0311","0.4116"
"WEP","17-Sep-2025","39","102.78","99.82","0.30","-0.230","0.00","2.08","0.3711","0.0311","0.4116"
"WEP","17-Sep-2025","40","101.25","98.76","0.23","-0.630","0.00","2.08","0.3711","0.0311","0.4116"
"WEP","17-Sep-2025","41","99.64","97.22","0.14","-0.620","0.00","2.08","0.3711","0.0311","0.4116"
"WEP","17-Sep-2025","42","98.22","95.75","0.14","-0.560","0.00","2.08","0.3711","0.0311","0.4116"
"WEP","17-Sep-2025","43","95.99","93.50","0.15","-0.550","0.00","2.08","0.3711","0.0311","0.4116"
"WEP","17-Sep-2025","44","95.57","93.06","0.13","-0.520","0.00","2.08","0.3711","0.0311","0.4116"
"WEP","17-Sep-2025","45","91.17","88.25","0.14","-0.120","0.00","2.08","0.3711","0.0311","0.4116"
"WEP","17-Sep-2025","46","88.59","85.66","0.13","-0.100","0.00","2.08","0.3711","0.0311","0.4116"
"WEP","17-Sep-2025","47","86.02","82.95","0.14","0.040","0.00","2.08","0.3711","0.0311","0.4116"
"WEP","17-Sep-2025","48","85.35","81.94","0.14","0.380","0.00","2.08","0.3711","0.0311","0.4116"
"WEP","18-Sep-2025","1","89.95","86.47","0.13","0.460","0.00","2.08","0.3711","0.0308","0.4081"
"WEP","18-Sep-2025","2","89.71","85.95","0.11","0.760","0.00","2.08","0.3711","0.0308","0.4081"
"WEP","18-Sep-2025","3","88.42","85.19","0.05","0.290","0.00","2.08","0.3711","0.0308","0.4081"
"WEP","18-Sep-2025","4","88.89","85.95","0.06","-0.010","0.00","2.08","0.3711","0.0308","0.4081"
"WEP","18-Sep-2025","5","84.40","81.81","0.06","-0.360","0.00","2.08","0.3711","0.0308","0.4081"
"WEP","18-Sep-2025","6","83.23","80.46","0.06","-0.180","0.00","2.08","0.3711","0.0308","0.4081"
"WEP","18-Sep-2025","7","83.31","80.46","0.06","-0.100","0.00","2.08","0.3711","0.0308","0.4081"
"WEP","18-Sep-2025","8","82.58","79.72","0.06","-0.090","0.00","2.08","0.3711","0.0308","0.4081"
"WEP","18-Sep-2025","9","82.61","79.72","0.06","-0.060","0.00","2.08","0.3711","0.0308","0.4081"
"WEP","18-Sep-2025","10","88.10","85.18","0.06","-0.030","0.00","2.08","0.3711","0.0308","0.4081"
"WEP","18-Sep-2025","11","93.49","90.61","0.07","-0.080","0.00","2.08","0.3711","0.0308","0.4081"
"WEP","18-Sep-2025","12","95.46","92.76","0.14","-0.330","0.00","2.08","0.3711","0.0308","0.4081"
"WEP","18-Sep-2025","13","95.39","92.87","0.17","-0.540","0.00","2.08","0.3711","0.0308","0.4081"
"WEP","18-Sep-2025","14","99.69","97.20","0.19","-0.590","0.00","2.08","0.3711","0.0308","0.4081"
"WEP","18-Sep-2025","15","95.56","92.89","0.20","-0.420","0.00","2.08","0.3711","0.0308","0.4081"
"WEP","18-Sep-2025","16","97.70","94.78","0.20","-0.170","0.00","2.08","0.3711","0.0308","0.4081"
"WEP","18-Sep-2025","17","96.24","93.47","0.22","-0.340","0.00","2.08","0.3711","0.0308","0.4081"
"WEP","18-Sep-2025","18","96.29","92.93","0.32","0.150","0.00","2.08","0.3711","0.0308","0.4081"
"WEP","18-Sep-2025","19","95.63","92.08","0.27","0.390","0.00","2.08","0.3711","0.0308","0.4081"
"WEP","18-Sep-2025","20","89.87","86.01","0.26","0.710","0.00","2.08","0.3711","0.0308","0.4081"
"WEP","18-Sep-2025","21","85.15","81.98","0.18","0.100","0.00","2.08","0.3711","0.0308","0.4081"
"WEP","18-Sep-2025","22","81.15","78.58","0.16","-0.480","0.00","2.08","0.3711","0.0308","0.4081"
"WEP","18-Sep-2025","23","78.97","76.68","0.13","-0.730","0.00","2.08","0.3711","0.0308","0.4081"
"WEP","18-Sep-2025","24","78.53","76.23","0.12","-0.710","0.00","2.08","0.3711","0.0308","0.4081"
"WEP","18-Sep-2025","25","76.56","74.42","0.14","-0.890","0.00","2.08","0.3711","0.0308","0.4081"
"WEP","18-Sep-2025","26","75.68","73.98","0.15","-1.340","0.00","2.08","0.3711","0.0308","0.4081"
"WEP","18-Sep-2025","27","76.06","74.42","0.13","-1.380","0.00","2.08","0.3711","0.0308","0.4081"
"WEP","18-Sep-2025","28","78.06","76.46","0.13","-1.420","0.00","2.08","0.3711","0.0308","0.4081"
"WEP","18-Sep-2025","29","77.59","75.95","0.12","-1.370","0.00","2.08","0.3711","0.0308","0.4081"
"WEP","18-Sep-2025","30","77.86","76.34","0.11","-1.480","0.00","2.08","0.3711","0.0308","0.4081"
"WEP","18-Sep-2025","31","77.98","76.59","0.12","-1.620","0.00","2.08","0.3711","0.0308","0.4081"
"WEP","18-Sep-2025","32","78.05","77.08","0.13","-2.050","0.00","2.08","0.3711","0.0308","0.4081"
"WEP","18-Sep-2025","33","81.60","79.50","0.12","-0.910","0.00","2.08","0.3711","0.0308","0.4081"
"WEP","18-Sep-2025","34","85.68","83.12","0.17","-0.500","0.00","2.08","0.3711","0.0308","0.4081"
"WEP","18-Sep-2025","35","88.54","86.01","0.32","-0.680","0.00","2.08","0.3711","0.0308","0.4081"
"WEP","18-Sep-2025","36","94.43","92.69","0.21","-1.360","0.00","2.08","0.3711","0.0308","0.4081"
"WEP","18-Sep-2025","37","101.69","99.82","0.30","-1.320","0.00","2.08","0.3711","0.0308","0.4081"
"WEP","18-Sep-2025","38","114.00","112.09","0.35","-1.330","0.00","2.08","0.3711","0.0308","0.4081"
"WEP","18-Sep-2025","39","114.06","111.88","0.35","-1.060","0.00","2.08","0.3711","0.0308","0.4081"
"WEP","18-Sep-2025","40","113.65","111.63","0.32","-1.190","0.00","2.08","0.3711","0.0308","0.4081"
"WEP","18-Sep-2025","41","113.11","111.55","0.28","-1.610","0.00","2.08","0.3711","0.0308","0.4081"
"WEP","18-Sep-2025","42","122.98","121.78","0.29","-1.980","0.00","2.08","0.3711","0.0308","0.4081"
"WEP","18-Sep-2025","43","113.67","112.12","0.22","-1.560","0.00","2.08","0.3711","0.0308","0.4081"
"WEP","18-Sep-2025","44","102.25","100.62","0.14","-1.400","0.00","2.08","0.3711","0.0308","0.4081"
"WEP","18-Sep-2025","45","97.71","95.61","0.14","-0.930","0.00","2.08","0.3711","0.0308","0.4081"
"WEP","18-Sep-2025","46","95.44","92.93","0.13","-0.510","0.00","2.08","0.3711","0.0308","0.4081"
"WEP","18-Sep-2025","47","95.58","92.93","0.15","-0.390","0.00","2.08","0.3711","0.0308","0.4081"
"WEP","18-Sep-2025","48","93.61","91.64","0.13","-1.050","0.00","2.08","0.3711","0.0308","0.4081"
"WEP","19-Sep-2025","1","95.26","92.90","0.12","-0.640","0.00","2.08","0.3711","0.0302","0.3999"
"WEP","19-Sep-2025","2","95.37","92.90","0.07","-0.480","0.00","2.08","0.3711","0.0302","0.3999"
"WEP","19-Sep-2025","3","95.55","92.77","0.05","-0.150","0.00","2.08","0.3711","0.0302","0.3999"
"WEP","19-Sep-2025","4","95.34","92.46","0.05","-0.050","0.00","2.08","0.3711","0.0302","0.3999"
"WEP","19-Sep-2025","5","95.21","92.46","0.05","-0.180","0.00","2.08","0.3711","0.0302","0.3999"
"WEP","19-Sep-2025","6","93.97","91.32","0.06","-0.290","0.00","2.08","0.3711","0.0302","0.3999"
"WEP","19-Sep-2025","7","93.57","90.74","0.06","-0.110","0.00","2.08","0.3711","0.0302","0.3999"
"WEP","19-Sep-2025","8","90.66","88.14","0.06","-0.420","0.00","2.08","0.3711","0.0302","0.3999"
"WEP","19-Sep-2025","9","90.52","88.15","0.05","-0.560","0.00","2.08","0.3711","0.0302","0.3999"
"WEP","19-Sep-2025","10","93.59","91.03","0.05","-0.380","0.00","2.08","0.3711","0.0302","0.3999"
"WEP","19-Sep-2025","11","95.53","92.75","0.06","-0.160","0.00","2.08","0.3711","0.0302","0.3999"
"WEP","19-Sep-2025","12","109.82","107.41","0.13","-0.600","0.00","2.08","0.3711","0.0302","0.3999"
"WEP","19-Sep-2025","13","110.16","107.75","0.16","-0.630","0.00","2.08","0.3711","0.0302","0.3999"
"WEP","19-Sep-2025","14","114.57","112.06","0.18","-0.550","0.00","2.08","0.3711","0.0302","0.3999"
"WEP","19-Sep-2025","15","110.90","107.78","0.20","0.040","0.00","2.08","0.3711","0.0302","0.3999"
"WEP","19-Sep-2025","16","110.89","107.55","0.19","0.260","0.00","2.08","0.3711","0.0302","0.3999"
"WEP","19-Sep-2025","17","96.27","93.48","0.19","-0.280","0.00","2.08","0.3711","0.0302","0.3999"
"WEP","19-Sep-2025","18","95.25","92.93","0.26","-0.820","0.00","2.08","0.3711","0.0302","0.3999"
"WEP","19-Sep-2025","19","95.01","92.92","0.28","-1.070","0.00","2.08","0.3711","0.0302","0.3999"
"WEP","19-Sep-2025","20","94.43","92.63","0.28","-1.360","0.00","2.08","0.3711","0.0302","0.3999"
"WEP","19-Sep-2025","21","93.89","91.65","0.17","-0.810","0.00","2.08","0.3711","0.0302","0.3999"
"WEP","19-Sep-2025","22","94.66","92.92","0.19","-1.330","0.00","2.08","0.3711","0.0302","0.3999"
"WEP","19-Sep-2025","23","87.63","85.85","0.17","-1.270","0.00","2.08","0.3711","0.0302","0.3999"
"WEP","19-Sep-2025","24","85.20","82.98","0.13","-0.790","0.00","2.08","0.3711","0.0302","0.3999"
"WEP","19-Sep-2025","25","88.14","85.67","0.17","-0.580","0.00","2.08","0.3711","0.0302","0.3999"
"WEP","19-Sep-2025","26","83.42","80.80","0.15","-0.420","0.00","2.08","0.3711","0.0302","0.3999"
"WEP","19-Sep-2025","27","79.33","78.25","0.13","-1.940","0.00","2.08","0.3711","0.0302","0.3999"
"WEP","19-Sep-2025","28","84.93","83.81","0.13","-1.900","0.00","2.08","0.3711","0.0302","0.3999"
"WEP","19-Sep-2025","29","84.82","83.88","0.12","-2.060","0.00","2.08","0.3711","0.0302","0.3999"
"WEP","19-Sep-2025","30","86.48","85.61","0.11","-2.120","0.00","2.08","0.3711","0.0302","0.3999"
"WEP","19-Sep-2025","31","98.66","97.27","0.13","-1.620","0.00","2.08","0.3711","0.0302","0.3999"
"WEP","19-Sep-2025","32","94.46","92.94","0.22","-1.580","0.00","2.08","0.3711","0.0302","0.3999"
"WEP","19-Sep-2025","33","113.31","111.98","0.27","-1.820","0.00","2.08","0.3711","0.0302","0.3999"
"WEP","19-Sep-2025","34","113.13","111.98","0.39","-2.120","0.00","2.08","0.3711","0.0302","0.3999"
"WEP","19-Sep-2025","35","112.98","111.46","0.58","-1.940","0.00","2.08","0.3711","0.0302","0.3999"
"WEP","19-Sep-2025","36","123.13","121.58","0.48","-1.810","0.00","2.08","0.3711","0.0302","0.3999"
"WEP","19-Sep-2025","37","124.18","121.60","0.44","-0.740","0.00","2.08","0.3711","0.0302","0.3999"
"WEP","19-Sep-2025","38","121.93","119.23","0.54","-0.720","0.00","2.08","0.3711","0.0302","0.3999"
"WEP","19-Sep-2025","39","124.28","121.59","0.53","-0.720","0.00","2.08","0.3711","0.0302","0.3999"
"WEP","19-Sep-2025","40","116.30","113.72","0.49","-0.790","0.00","2.08","0.3711","0.0302","0.3999"
"WEP","19-Sep-2025","41","113.51","111.50","0.27","-1.140","0.00","2.08","0.3711","0.0302","0.3999"
"WEP","19-Sep-2025","42","123.66","122.32","0.22","-1.760","0.00","2.08","0.3711","0.0302","0.3999"
"WEP","19-Sep-2025","43","138.71","137.22","0.60","-1.990","0.00","2.08","0.3711","0.0302","0.3999"
"WEP","19-Sep-2025","44","163.87","162.56","0.63","-2.200","0.00","2.08","0.3711","0.0302","0.3999"
"WEP","19-Sep-2025","45","139.14","136.84","0.48","-1.070","0.00","2.08","0.3711","0.0302","0.3999"
"WEP","19-Sep-2025","46","116.07","113.90","0.14","-0.850","0.00","2.08","0.3711","0.0302","0.3999"
"WEP","19-Sep-2025","47","123.14","121.07","0.23","-1.040","0.00","2.08","0.3711","0.0302","0.3999"
"WEP","19-Sep-2025","48","124.20","122.01","0.14","-0.830","0.00","2.08","0.3711","0.0302","0.3999"
"WEP","20-Sep-2025","1","113.49","110.60","0.17","-0.180","0.00","2.08","0.3711","0.0319","0.4226"
"WEP","20-Sep-2025","2","115.42","111.83","0.11","0.570","0.00","2.08","0.3711","0.0319","0.4226"
"WEP","20-Sep-2025","3","116.65","112.96","0.09","0.690","0.00","2.08","0.3711","0.0319","0.4226"
"WEP","20-Sep-2025","4","105.65","102.41","0.09","0.240","0.00","2.08","0.3711","0.0319","0.4226"
"WEP","20-Sep-2025","5","102.78","99.54","0.06","0.270","0.00","2.08","0.3711","0.0319","0.4226"
"WEP","20-Sep-2025","6","100.43","97.34","0.08","0.110","0.00","2.08","0.3711","0.0319","0.4226"
"WEP","20-Sep-2025","7","97.16","94.03","0.06","0.160","0.00","2.08","0.3711","0.0319","0.4226"
"WEP","20-Sep-2025","8","96.80","93.40","0.06","0.430","0.00","2.08","0.3711","0.0319","0.4226"
"WEP","20-Sep-2025","9","98.92","95.32","0.06","0.640","0.00","2.08","0.3711","0.0319","0.4226"
"WEP","20-Sep-2025","10","100.82","97.30","0.06","0.550","0.00","2.08","0.3711","0.0319","0.4226"
"WEP","20-Sep-2025","11","100.81","97.32","0.11","0.470","0.00","2.08","0.3711","0.0319","0.4226"
"WEP","20-Sep-2025","12","105.00","101.64","0.14","0.320","0.00","2.08","0.3711","0.0319","0.4226"
"WEP","20-Sep-2025","13","102.47","99.45","0.18","-0.060","0.00","2.08","0.3711","0.0319","0.4226"
"WEP","20-Sep-2025","14","104.63","102.22","0.28","-0.780","0.00","2.08","0.3711","0.0319","0.4226"
"WEP","20-Sep-2025","15","101.16","98.10","0.41","-0.250","0.00","2.08","0.3711","0.0319","0.4226"
"WEP","20-Sep-2025","16","105.70","102.30","0.49","0.000","0.00","2.08","0.3711","0.0319","0.4226"
"WEP","20-Sep-2025","17","108.67","104.54","0.50","0.720","0.00","2.08","0.3711","0.0319","0.4226"
"WEP","20-Sep-2025","18","103.52","100.06","0.49","0.060","0.00","2.08","0.3711","0.0319","0.4226"
"WEP","20-Sep-2025","19","99.81","96.68","0.41","-0.190","0.00","2.08","0.3711","0.0319","0.4226"
"WEP","20-Sep-2025","20","95.84","93.53","0.41","-1.010","0.00","2.08","0.3711","0.0319","0.4226"
"WEP","20-Sep-2025","21","95.39","92.97","0.31","-0.790","0.00","2.08","0.3711","0.0319","0.4226"
"WEP","20-Sep-2025","22","88.84","86.30","0.21","-0.580","0.00","2.08","0.3711","0.0319","0.4226"
"WEP","20-Sep-2025","23","88.45","85.87","0.21","-0.540","0.00","2.08","0.3711","0.0319","0.4226"
"WEP","20-Sep-2025","24","82.73","80.70","0.17","-1.040","0.00","2.08","0.3711","0.0319","0.4226"
"WEP","20-Sep-2025","25","81.72","80.27","0.23","-1.680","0.00","2.08","0.3711","0.0319","0.4226"
"WEP","20-Sep-2025","26","81.51","80.66","0.24","-2.300","0.00","2.08","0.3711","0.0319","0.4226"
"WEP","20-Sep-2025","27","80.26","79.38","0.21","-2.230","0.00","2.08","0.3711","0.0319","0.4226"
"WEP","20-Sep-2025","28","86.15","84.03","0.23","-1.010","0.00","2.08","0.3711","0.0319","0.4226"
"WEP","20-Sep-2025","29","87.40","86.01","0.18","-1.690","0.00","2.08","0.3711","0.0319","0.4226"
"WEP","20-Sep-2025","30","82.28","85.60","0.14","-6.370","0.00","2.08","0.3711","0.0319","0.4226"
"WEP","20-Sep-2025","31","112.59","108.75","0.26","0.670","0.00","2.08","0.3711","0.0319","0.4226"
"WEP","20-Sep-2025","32","96.62","93.34","0.22","0.150","0.00","2.08","0.3711","0.0319","0.4226"
"WEP","20-Sep-2025","33","87.81","85.75","0.18","-1.020","0.00","2.08","0.3711","0.0319","0.4226"
"WEP","20-Sep-2025","34","87.33","85.84","0.21","-1.620","0.00","2.08","0.3711","0.0319","0.4226"
"WEP","20-Sep-2025","35","87.89","85.75","0.90","-1.670","0.00","2.08","0.3711","0.0319","0.4226"
"WEP","20-Sep-2025","36","91.32","89.53","0.32","-1.430","0.00","2.08","0.3711","0.0319","0.4226"
"WEP","20-Sep-2025","37","95.31","93.29","0.40","-1.280","0.00","2.08","0.3711","0.0319","0.4226"
"WEP","20-Sep-2025","38","107.16","104.71","0.74","-1.200","0.00","2.08","0.3711","0.0319","0.4226"
"WEP","20-Sep-2025","39","109.13","106.42","0.69","-0.880","0.00","2.08","0.3711","0.0319","0.4226"
"WEP","20-Sep-2025","40","102.38","99.48","0.58","-0.590","0.00","2.08","0.3711","0.0319","0.4226"
"WEP","20-Sep-2025","41","101.49","98.77","0.35","-0.540","0.00","2.08","0.3711","0.0319","0.4226"
"WEP","20-Sep-2025","42","100.95","98.77","0.39","-1.120","0.00","2.08","0.3711","0.0319","0.4226"
"WEP","20-Sep-2025","43","104.21","102.00","0.46","-1.150","0.00","2.08","0.3711","0.0319","0.4226"
"WEP","20-Sep-2025","44","100.99","98.88","0.26","-1.060","0.00","2.08","0.3711","0.0319","0.4226"
"WEP","20-Sep-2025","45","95.84","93.55","0.23","-0.850","0.00","2.08","0.3711","0.0319","0.4226"
"WEP","20-Sep-2025","46","95.51","93.03","0.15","-0.570","0.00","2.08","0.3711","0.0319","0.4226"
"WEP","20-Sep-2025","47","96.17","93.47","0.17","-0.380","0.00","2.08","0.3711","0.0319","0.4226"
"WEP","20-Sep-2025","48","95.99","93.22","0.13","-0.270","0.00","2.08","0.3711","0.0319","0.4226"
"WEP","21-Sep-2025","1","103.79","101.40","0.12","-0.640","0.00","2.08","0.3711","0.0322","0.4264"
"WEP","21-Sep-2025","2","84.97","81.45","0.06","0.550","0.00","2.08","0.3711","0.0322","0.4264"
"WEP","21-Sep-2025","3","80.94","78.28","0.00","-0.250","0.00","2.08","0.3711","0.0322","0.4264"
"WEP","21-Sep-2025","4","95.20","92.98","0.05","-0.740","0.00","2.08","0.3711","0.0322","0.4264"
"WEP","21-Sep-2025","5","95.26","92.14","0.05","0.160","0.00","2.08","0.3711","0.0322","0.4264"
"WEP","21-Sep-2025","6","93.05","89.55","0.06","0.530","0.00","2.08","0.3711","0.0322","0.4264"
"WEP","21-Sep-2025","7","89.32","86.54","0.00","-0.130","0.00","2.08","0.3711","0.0322","0.4264"
"WEP","21-Sep-2025","8","89.53","86.49","0.06","0.070","0.00","2.08","0.3711","0.0322","0.4264"
"WEP","21-Sep-2025","9","89.69","86.49","0.00","0.290","0.00","2.08","0.3711","0.0322","0.4264"
"WEP","21-Sep-2025","10","89.70","86.45","0.00","0.340","0.00","2.08","0.3711","0.0322","0.4264"
"WEP","21-Sep-2025","11","92.27","89.01","0.06","0.290","0.00","2.08","0.3711","0.0322","0.4264"
"WEP","21-Sep-2025","12","92.83","89.53","0.14","0.250","0.00","2.08","0.3711","0.0322","0.4264"
"WEP","21-Sep-2025","13","92.46","89.51","0.16","-0.120","0.00","2.08","0.3711","0.0322","0.4264"
"WEP","21-Sep-2025","14","92.26","89.52","0.24","-0.410","0.00","2.08","0.3711","0.0322","0.4264"
"WEP","21-Sep-2025","15","92.51","89.53","0.45","-0.380","0.00","2.08","0.3711","0.0322","0.4264"
"WEP","21-Sep-2025","16","81.22","77.28","0.44","0.590","0.00","2.08","0.3711","0.0322","0.4264"
"WEP","21-Sep-2025","17","82.04","78.30","0.20","0.630","0.00","2.08","0.3711","0.0322","0.4264"
"WEP","21-Sep-2025","18","89.41","86.53","0.42","-0.450","0.00","2.08","0.3711","0.0322","0.4264"
"WEP","21-Sep-2025","19","87.68","84.47","0.19","0.110","0.00","2.08","0.3711","0.0322","0.4264"
"WEP","21-Sep-2025","20","85.21","81.70","0.20","0.400","0.00","2.08","0.3711","0.0322","0.4264"
"WEP","21-Sep-2025","21","81.72","78.30","0.16","0.350","0.00","2.08","0.3711","0.0322","0.4264"
"WEP","21-Sep-2025","22","78.44","75.26","0.15","0.120","0.00","2.08","0.3711","0.0322","0.4264"
"WEP","21-Sep-2025","23","71.12","68.76","0.15","-0.700","0.00","2.08","0.3711","0.0322","0.4264"
"WEP","21-Sep-2025","24","70.84","68.77","0.13","-0.970","0.00","2.08","0.3711","0.0322","0.4264"
"WEP","21-Sep-2025","25","71.72","69.05","0.16","-0.400","0.00","2.08","0.3711","0.0322","0.4264"
"WEP","21-Sep-2025","26","63.47","61.18","0.16","-0.780","0.00","2.08","0.3711","0.0322","0.4264"
"WEP","21-Sep-2025","27","70.04","68.55","0.16","-1.580","0.00","2.08","0.3711","0.0322","0.4264"
"WEP","21-Sep-2025","28","70.05","68.95","0.15","-1.960","0.00","2.08","0.3711","0.0322","0.4264"
"WEP","21-Sep-2025","29","70.39","68.99","0.13","-1.640","0.00","2.08","0.3711","0.0322","0.4264"
"WEP","21-Sep-2025","30","73.25","71.52","0.12","-1.300","0.00","2.08","0.3711","0.0322","0.4264"
"WEP","21-Sep-2025","31","75.25","73.94","0.13","-1.730","0.00","2.08","0.3711","0.0322","0.4264"
"WEP","21-Sep-2025","32","74.93","74.24","0.16","-2.380","0.00","2.08","0.3711","0.0322","0.4264"
"WEP","21-Sep-2025","33","85.89","84.86","0.13","-2.010","0.00","2.08","0.3711","0.0322","0.4264"
"WEP","21-Sep-2025","34","87.74","85.84","0.24","-1.250","0.00","2.08","0.3711","0.0322","0.4264"
"WEP","21-Sep-2025","35","88.18","85.98","0.63","-1.340","0.00","2.08","0.3711","0.0322","0.4264"
"WEP","21-Sep-2025","36","91.68","89.62","0.29","-1.140","0.00","2.08","0.3711","0.0322","0.4264"
"WEP","21-Sep-2025","37","98.57","96.45","0.38","-1.170","0.00","2.08","0.3711","0.0322","0.4264"
"WEP","21-Sep-2025","38","113.91","111.74","0.56","-1.300","0.00","2.08","0.3711","0.0322","0.4264"
"WEP","21-Sep-2025","39","118.78","116.54","0.64","-1.310","0.00","2.08","0.3711","0.0322","0.4264"
"WEP","21-Sep-2025","40","113.26","110.79","0.52","-0.960","0.00","2.08","0.3711","0.0322","0.4264"
"WEP","21-Sep-2025","41","118.49","116.29","0.43","-1.140","0.00","2.08","0.3711","0.0322","0.4264"
"WEP","21-Sep-2025","42","118.76","116.54","0.44","-1.130","0.00","2.08","0.3711","0.0322","0.4264"
"WEP","21-Sep-2025","43","114.79","112.68","0.33","-1.130","0.00","2.08","0.3711","0.0322","0.4264"
"WEP","21-Sep-2025","44","102.04","100.07","0.13","-1.070","0.00","2.08","0.3711","0.0322","0.4264"
"WEP","21-Sep-2025","45","106.70","104.69","0.13","-1.030","0.00","2.08","0.3711","0.0322","0.4264"
"WEP","21-Sep-2025","46","106.95","104.68","0.13","-0.770","0.00","2.08","0.3711","0.0322","0.4264"
"WEP","21-Sep-2025","47","107.11","104.67","0.14","-0.610","0.00","2.08","0.3711","0.0322","0.4264"
"WEP","21-Sep-2025","48","110.58","107.43","0.13","0.110","0.00","2.08","0.3711","0.0322","0.4264"
"WEP","22-Sep-2025","1","104.88","102.19","0.12","-0.300","0.00","2.08","0.3711","0.0296","0.3918"
"WEP","22-Sep-2025","2","94.95","91.08","0.11","0.880","0.00","2.08","0.3711","0.0296","0.3918"
"WEP","22-Sep-2025","3","93.73","91.46","0.06","-0.660","0.00","2.08","0.3711","0.0296","0.3918"
"WEP","22-Sep-2025","4","111.36","110.04","0.09","-1.640","0.00","2.08","0.3711","0.0296","0.3918"
"WEP","22-Sep-2025","5","109.89","107.33","0.10","-0.410","0.00","2.08","0.3711","0.0296","0.3918"
"WEP","22-Sep-2025","6","104.94","102.25","0.10","-0.280","0.00","2.08","0.3711","0.0296","0.3918"
"WEP","22-Sep-2025","7","102.22","99.57","0.10","-0.320","0.00","2.08","0.3711","0.0296","0.3918"
"WEP","22-Sep-2025","8","100.06","97.35","0.08","-0.240","0.00","2.08","0.3711","0.0296","0.3918"
"WEP","22-Sep-2025","9","99.38","97.25","0.06","-0.800","0.00","2.08","0.3711","0.0296","0.3918"
"WEP","22-Sep-2025","10","101.52","99.55","0.06","-0.970","0.00","2.08","0.3711","0.0296","0.3918"
"WEP","22-Sep-2025","11","112.04","110.35","0.11","-1.290","0.00","2.08","0.3711","0.0296","0.3918"
"WEP","22-Sep-2025","12","95.97","93.34","0.13","-0.370","0.00","2.08","0.3711","0.0296","0.3918"
"WEP","22-Sep-2025","13","96.22","93.40","0.34","-0.390","0.00","2.08","0.3711","0.0296","0.3918"
"WEP","22-Sep-2025","14","96.03","93.44","0.37","-0.650","0.00","2.08","0.3711","0.0296","0.3918"
"WEP","22-Sep-2025","15","111.95","109.58","0.59","-1.090","0.00","2.08","0.3711","0.0296","0.3918"
"WEP","22-Sep-2025","16","118.92","116.42","0.57","-0.940","0.00","2.08","0.3711","0.0296","0.3918"
"WEP","22-Sep-2025","17","129.30","126.50","0.77","-0.850","0.00","2.08","0.3711","0.0296","0.3918"
"WEP","22-Sep-2025","18","124.94","121.63","0.84","-0.400","0.00","2.08","0.3711","0.0296","0.3918"
"WEP","22-Sep-2025","19","101.80","99.50","0.46","-1.040","0.00","2.08","0.3711","0.0296","0.3918"
"WEP","22-Sep-2025","20","116.45","113.85","0.65","-0.920","0.00","2.08","0.3711","0.0296","0.3918"
"WEP","22-Sep-2025","21","95.91","93.48","0.21","-0.650","0.00","2.08","0.3711","0.0296","0.3918"
"WEP","22-Sep-2025","22","95.12","92.66","0.20","-0.610","0.00","2.08","0.3711","0.0296","0.3918"
"WEP","22-Sep-2025","23","88.40","86.11","0.16","-0.750","0.00","2.08","0.3711","0.0296","0.3918"
"WEP","22-Sep-2025","24","87.43","85.70","0.15","-1.300","0.00","2.08","0.3711","0.0296","0.3918"
"WEP","22-Sep-2025","25","87.48","85.71","0.18","-1.290","0.00","2.08","0.3711","0.0296","0.3918"
"WEP","22-Sep-2025","26","87.54","85.70","0.19","-1.220","0.00","2.08","0.3711","0.0296","0.3918"
"WEP","22-Sep-2025","27","87.18","85.39","0.18","-1.260","0.00","2.08","0.3711","0.0296","0.3918"
"WEP","22-Sep-2025","28","87.60","86.16","0.17","-1.600","0.00","2.08","0.3711","0.0296","0.3918"
"WEP","22-Sep-2025","29","87.90","85.71","0.12","-0.800","0.00","2.08","0.3711","0.0296","0.3918"
"WEP","22-Sep-2025","30","85.87","84.41","0.11","-1.520","0.00","2.08","0.3711","0.0296","0.3918"
"WEP","22-Sep-2025","31","86.37","85.15","0.12","-1.780","0.00","2.08","0.3711","0.0296","0.3918"
"WEP","22-Sep-2025","32","86.49","85.37","0.16","-1.910","0.00","2.08","0.3711","0.0296","0.3918"
"WEP","22-Sep-2025","33","94.62","93.42","0.12","-1.790","0.00","2.08","0.3711","0.0296","0.3918"
"WEP","22-Sep-2025","34","94.19","92.65","0.14","-1.480","0.00","2.08","0.3711","0.0296","0.3918"
"WEP","22-Sep-2025","35","95.25","93.54","0.55","-1.710","0.00","2.08","0.3711","0.0296","0.3918"
"WEP","22-Sep-2025","36","100.29","98.24","0.16","-0.990","0.00","2.08","0.3711","0.0296","0.3918"
"WEP","22-Sep-2025","37","113.79","111.50","0.32","-0.900","0.00","2.08","0.3711","0.0296","0.3918"
"WEP","22-Sep-2025","38","124.35","122.21","0.34","-1.070","0.00","2.08","0.3711","0.0296","0.3918"
"WEP","22-Sep-2025","39","127.41","125.18","0.33","-0.970","0.00","2.08","0.3711","0.0296","0.3918"
"WEP","22-Sep-2025","40","134.12","132.23","0.18","-1.160","0.00","2.08","0.3711","0.0296","0.3918"
"WEP","22-Sep-2025","41","127.13","125.22","0.15","-1.110","0.00","2.08","0.3711","0.0296","0.3918"
"WEP","22-Sep-2025","42","124.51","122.35","0.14","-0.850","0.00","2.08","0.3711","0.0296","0.3918"
"WEP","22-Sep-2025","43","116.07","113.92","0.14","-0.860","0.00","2.08","0.3711","0.0296","0.3918"
"WEP","22-Sep-2025","44","105.93","103.64","0.12","-0.700","0.00","2.08","0.3711","0.0296","0.3918"
"WEP","22-Sep-2025","45","101.96","99.50","0.13","-0.550","0.00","2.08","0.3711","0.0296","0.3918"
"WEP","22-Sep-2025","46","96.65","94.09","0.13","-0.450","0.00","2.08","0.3711","0.0296","0.3918"
"WEP","22-Sep-2025","47","98.66","96.07","0.13","-0.420","0.00","2.08","0.3711","0.0296","0.3918"
"WEP","22-Sep-2025","48","99.95","97.26","0.07","-0.250","0.00","2.08","0.3711","0.0296","0.3918"
"WEP","23-Sep-2025","1","98.89","95.68","0.12","0.220","0.00","2.08","0.3711","0.0293","0.3885"
"WEP","23-Sep-2025","2","106.78","102.99","0.07","0.860","0.00","2.08","0.3711","0.0293","0.3885"
"WEP","23-Sep-2025","3","99.36","95.64","0.05","0.810","0.00","2.08","0.3711","0.0293","0.3885"
"WEP","23-Sep-2025","4","99.07","95.63","0.05","0.520","0.00","2.08","0.3711","0.0293","0.3885"
"WEP","23-Sep-2025","5","99.34","96.29","0.05","0.130","0.00","2.08","0.3711","0.0293","0.3885"
"WEP","23-Sep-2025","6","99.26","96.11","0.05","0.230","0.00","2.08","0.3711","0.0293","0.3885"
"WEP","23-Sep-2025","7","98.08","95.62","0.05","-0.460","0.00","2.08","0.3711","0.0293","0.3885"
"WEP","23-Sep-2025","8","128.39","124.49","0.05","0.980","0.00","2.08","0.3711","0.0293","0.3885"
"WEP","23-Sep-2025","9","127.21","123.59","0.06","0.690","0.00","2.08","0.3711","0.0293","0.3885"
"WEP","23-Sep-2025","10","117.62","114.41","0.10","0.240","0.00","2.08","0.3711","0.0293","0.3885"
"WEP","23-Sep-2025","11","128.06","124.99","0.11","0.090","0.00","2.08","0.3711","0.0293","0.3885"
"WEP","23-Sep-2025","12","203.78","199.96","0.16","0.790","0.00","2.08","0.3711","0.0293","0.3885"
"WEP","23-Sep-2025","13","153.40","149.89","0.50","0.140","0.00","2.08","0.3711","0.0293","0.3885"
"WEP","23-Sep-2025","14","204.09","199.95","1.03","0.240","0.00","2.08","0.3711","0.0293","0.3885"
"WEP","23-Sep-2025","15","218.54","213.55","1.63","0.490","0.00","2.08","0.3711","0.0293","0.3885"
"WEP","23-Sep-2025","16","282.29","276.40","1.73","1.290","0.00","2.08","0.3711","0.0293","0.3885"
"WEP","23-Sep-2025","17","206.78","201.31","1.96","0.650","0.00","2.08","0.3711","0.0293","0.3885"
"WEP","23-Sep-2025","18","297.14","288.25","4.44","1.580","0.00","2.08","0.3711","0.0293","0.3885"
"WEP","23-Sep-2025","19","266.11","257.40","2.49","3.360","0.00","2.08","0.3711","0.0293","0.3885"
"WEP","23-Sep-2025","20","143.77","138.19","0.78","1.930","0.00","2.08","0.3711","0.0293","0.3885"
"WEP","23-Sep-2025","21","104.93","100.94","0.21","0.910","0.00","2.08","0.3711","0.0293","0.3885"
"WEP","23-Sep-2025","22","100.07","96.52","0.19","0.490","0.00","2.08","0.3711","0.0293","0.3885"
"WEP","23-Sep-2025","23","97.02","93.78","0.17","0.200","0.00","2.08","0.3711","0.0293","0.3885"
"WEP","23-Sep-2025","24","95.62","93.07","0.33","-0.650","0.00","2.08","0.3711","0.0293","0.3885"
"WEP","23-Sep-2025","25","95.31","92.80","0.30","-0.660","0.00","2.08","0.3711","0.0293","0.3885"
"WEP","23-Sep-2025","26","88.87","86.97","0.28","-1.250","0.00","2.08","0.3711","0.0293","0.3885"
"WEP","23-Sep-2025","27","94.06","92.85","0.22","-1.880","0.00","2.08","0.3711","0.0293","0.3885"
"WEP","23-Sep-2025","28","95.15","93.46","0.21","-1.390","0.00","2.08","0.3711","0.0293","0.3885"
"WEP","23-Sep-2025","29","101.97","98.74","0.24","0.120","0.00","2.08","0.3711","0.0293","0.3885"
"WEP","23-Sep-2025","30","96.59","93.34","0.19","0.190","0.00","2.08","0.3711","0.0293","0.3885"
"WEP","23-Sep-2025","31","89.10","87.02","0.18","-0.960","0.00","2.08","0.3711","0.0293","0.3885"
"WEP","23-Sep-2025","32","94.89","93.13","0.26","-1.370","0.00","2.08","0.3711","0.0293","0.3885"
"WEP","23-Sep-2025","33","94.80","93.50","0.19","-1.750","0.00","2.08","0.3711","0.0293","0.3885"
"WEP","23-Sep-2025","34","101.10","99.42","0.22","-1.410","0.00","2.08","0.3711","0.0293","0.3885"
"WEP","23-Sep-2025","35","106.99","104.71","0.66","-1.250","0.00","2.08","0.3711","0.0293","0.3885"
"WEP","23-Sep-2025","36","110.72","108.85","0.35","-1.350","0.00","2.08","0.3711","0.0293","0.3885"
"WEP","23-Sep-2025","37","174.22","172.44","0.74","-1.830","0.00","2.08","0.3711","0.0293","0.3885"
"WEP","23-Sep-2025","38","304.40","303.12","1.69","-3.280","0.00","2.08","0.3711","0.0293","0.3885"
"WEP","23-Sep-2025","39","605.31","602.86","4.89","-5.310","0.00","2.08","0.3711","0.0293","0.3885"
"WEP","23-Sep-2025","40","474.92","473.10","3.99","-5.040","0.00","2.08","0.3711","0.0293","0.3885"
"WEP","23-Sep-2025","41","250.79","249.80","1.31","-3.180","0.00","2.08","0.3711","0.0293","0.3885"
"WEP","23-Sep-2025","42","213.83","212.21","0.81","-2.060","0.00","2.08","0.3711","0.0293","0.3885"
"WEP","23-Sep-2025","43","201.52","200.47","0.52","-2.340","0.00","2.08","0.3711","0.0293","0.3885"
"WEP","23-Sep-2025","44","197.11","195.87","0.40","-2.030","0.00","2.08","0.3711","0.0293","0.3885"
"WEP","23-Sep-2025","45","180.17","177.99","0.43","-1.120","0.00","2.08","0.3711","0.0293","0.3885"
"WEP","23-Sep-2025","46","179.19","176.53","0.48","-0.690","0.00","2.08","0.3711","0.0293","0.3885"
"WEP","23-Sep-2025","47","177.76","174.50","0.43","-0.040","0.00","2.08","0.3711","0.0293","0.3885"
"WEP","23-Sep-2025","48","174.89","171.33","0.15","0.540","0.00","2.08","0.3711","0.0293","0.3885"
"WEP","24-Sep-2025","1","125.67","122.39","0.13","0.290","0.00","2.08","0.3711","0.0291","0.3856"
"WEP","24-Sep-2025","2","116.69","113.55","0.10","0.170","0.00","2.08","0.3711","0.0291","0.3856"
"WEP","24-Sep-2025","3","116.33","113.53","0.09","-0.160","0.00","2.08","0.3711","0.0291","0.3856"
"WEP","24-Sep-2025","4","113.63","110.50","0.09","0.170","0.00","2.08","0.3711","0.0291","0.3856"
"WEP","24-Sep-2025","5","109.49","106.44","0.09","0.100","0.00","2.08","0.3711","0.0291","0.3856"
"WEP","24-Sep-2025","6","108.87","105.67","0.09","0.240","0.00","2.08","0.3711","0.0291","0.3856"
"WEP","24-Sep-2025","7","106.53","103.77","0.06","-0.160","0.00","2.08","0.3711","0.0291","0.3856"
"WEP","24-Sep-2025","8","106.94","103.76","0.10","0.210","0.00","2.08","0.3711","0.0291","0.3856"
"WEP","24-Sep-2025","9","106.83","103.77","0.06","0.130","0.00","2.08","0.3711","0.0291","0.3856"
"WEP","24-Sep-2025","10","108.49","105.66","0.07","-0.100","0.00","2.08","0.3711","0.0291","0.3856"
"WEP","24-Sep-2025","11","114.51","111.49","0.10","0.060","0.00","2.08","0.3711","0.0291","0.3856"
"WEP","24-Sep-2025","12","129.85","126.81","0.14","0.030","0.00","2.08","0.3711","0.0291","0.3856"
"WEP","24-Sep-2025","13","138.05","135.14","0.50","-0.460","0.00","2.08","0.3711","0.0291","0.3856"
"WEP","24-Sep-2025","14","147.91","145.20","0.77","-0.930","0.00","2.08","0.3711","0.0291","0.3856"
"WEP","24-Sep-2025","15","143.86","141.23","0.88","-1.110","0.00","2.08","0.3711","0.0291","0.3856"
"WEP","24-Sep-2025","16","206.12","201.82","1.32","0.110","0.00","2.08","0.3711","0.0291","0.3856"
"WEP","24-Sep-2025","17","295.84","288.16","3.28","1.540","0.00","2.08","0.3711","0.0291","0.3856"
"WEP","24-Sep-2025","18","237.41","230.65","2.84","1.060","0.00","2.08","0.3711","0.0291","0.3856"
"WEP","24-Sep-2025","19","135.55","131.87","0.89","-0.080","0.00","2.08","0.3711","0.0291","0.3856"
"WEP","24-Sep-2025","20","105.52","102.73","0.54","-0.610","0.00","2.08","0.3711","0.0291","0.3856"
"WEP","24-Sep-2025","21","107.47","106.46","0.21","-2.070","0.00","2.08","0.3711","0.0291","0.3856"
"WEP","24-Sep-2025","22","103.89","101.85","0.26","-1.080","0.00","2.08","0.3711","0.0291","0.3856"
"WEP","24-Sep-2025","23","101.79","99.93","0.23","-1.240","0.00","2.08","0.3711","0.0291","0.3856"
"WEP","24-Sep-2025","24","97.00","95.28","0.17","-1.310","0.00","2.08","0.3711","0.0291","0.3856"
"WEP","24-Sep-2025","25","94.92","93.32","0.20","-1.470","0.00","2.08","0.3711","0.0291","0.3856"
"WEP","24-Sep-2025","26","94.77","92.83","0.23","-1.160","0.00","2.08","0.3711","0.0291","0.3856"
"WEP","24-Sep-2025","27","94.46","92.86","0.20","-1.470","0.00","2.08","0.3711","0.0291","0.3856"
"WEP","24-Sep-2025","28","90.35","88.82","0.18","-1.520","0.00","2.08","0.3711","0.0291","0.3856"
"WEP","24-Sep-2025","29","91.87","92.84","0.18","-4.020","0.00","2.08","0.3711","0.0291","0.3856"
"WEP","24-Sep-2025","30","96.66","98.15","0.15","-4.500","0.00","2.08","0.3711","0.0291","0.3856"
"WEP","24-Sep-2025","31","648.61","655.49","1.30","-11.050","0.00","2.08","0.3711","0.0291","0.3856"
"WEP","24-Sep-2025","32","201.03","201.19","0.51","-3.540","0.00","2.08","0.3711","0.0291","0.3856"
"WEP","24-Sep-2025","33","4455.60","4483.33","3.90","-34.490","0.00","2.08","0.3711","0.0291","0.3856"
"WEP","24-Sep-2025","34","686.39","675.79","2.38","1.320","4.04","2.08","0.3711","0.0291","0.3856"
"WEP","24-Sep-2025","35","1156.72","1160.89","3.47","-14.160","3.65","2.08","0.3711","0.0291","0.3856"
"WEP","24-Sep-2025","36","175.87","173.65","0.88","-1.530","0.00","2.08","0.3711","0.0291","0.3856"
"WEP","24-Sep-2025","37","202.59","201.19","0.98","-2.450","0.00","2.08","0.3711","0.0291","0.3856"
"WEP","24-Sep-2025","38","341.54","339.97","1.70","-3.890","0.90","2.08","0.3711","0.0291","0.3856"
"WEP","24-Sep-2025","39","457.17","452.13","3.24","-3.390","2.32","2.08","0.3711","0.0291","0.3856"
"WEP","24-Sep-2025","40","291.30","288.70","1.48","-1.750","0.00","2.08","0.3711","0.0291","0.3856"
"WEP","24-Sep-2025","41","201.05","200.35","0.46","-2.630","0.00","2.08","0.3711","0.0291","0.3856"
"WEP","24-Sep-2025","42","149.43","148.46","0.44","-2.330","0.00","2.08","0.3711","0.0291","0.3856"
"WEP","24-Sep-2025","43","199.68","201.28","0.52","-4.990","0.00","2.08","0.3711","0.0291","0.3856"
"WEP","24-Sep-2025","44","147.15","146.47","0.28","-2.470","0.00","2.08","0.3711","0.0291","0.3856"
"WEP","24-Sep-2025","45","106.19","104.12","0.28","-1.080","0.00","2.08","0.3711","0.0291","0.3856"
"WEP","24-Sep-2025","46","104.01","101.87","0.15","-0.880","0.00","2.08","0.3711","0.0291","0.3856"
"WEP","24-Sep-2025","47","103.18","100.97","0.21","-0.870","0.00","2.08","0.3711","0.0291","0.3856"
"WEP","24-Sep-2025","48","103.26","100.96","0.14","-0.710","0.00","2.08","0.3711","0.0291","0.3856"
"WEP","25-Sep-2025","1","114.68","111.98","0.12","-0.290","0.00","2.08","0.3711","0.0294","0.3894"
"WEP","25-Sep-2025","2","117.16","114.12","0.10","0.070","0.00","2.08","0.3711","0.0294","0.3894"
"WEP","25-Sep-2025","3","109.55","106.69","0.05","-0.060","0.00","2.08","0.3711","0.0294","0.3894"
"WEP","25-Sep-2025","4","102.67","99.73","0.05","0.020","0.00","2.08","0.3711","0.0294","0.3894"
"WEP","25-Sep-2025","5","100.94","98.33","0.05","-0.310","0.00","2.08","0.3711","0.0294","0.3894"
"WEP","25-Sep-2025","6","99.19","96.30","0.05","-0.030","0.00","2.08","0.3711","0.0294","0.3894"
"WEP","25-Sep-2025","7","98.26","95.62","0.05","-0.280","0.00","2.08","0.3711","0.0294","0.3894"
"WEP","25-Sep-2025","8","98.83","95.98","0.05","-0.070","0.00","2.08","0.3711","0.0294","0.3894"
"WEP","25-Sep-2025","9","98.81","96.05","0.05","-0.160","0.00","2.08","0.3711","0.0294","0.3894"
"WEP","25-Sep-2025","10","99.13","96.29","0.05","-0.080","0.00","2.08","0.3711","0.0294","0.3894"
"WEP","25-Sep-2025","11","102.42","99.73","0.07","-0.250","0.00","2.08","0.3711","0.0294","0.3894"
"WEP","25-Sep-2025","12","114.20","111.38","0.13","-0.180","0.00","2.08","0.3711","0.0294","0.3894"
"WEP","25-Sep-2025","13","114.77","112.23","0.17","-0.500","0.00","2.08","0.3711","0.0294","0.3894"
"WEP","25-Sep-2025","14","119.34","116.69","0.20","-0.420","0.00","2.08","0.3711","0.0294","0.3894"
"WEP","25-Sep-2025","15","119.40","116.48","0.40","-0.350","0.00","2.08","0.3711","0.0294","0.3894"
"WEP","25-Sep-2025","16","125.76","122.59","0.39","-0.090","0.00","2.08","0.3711","0.0294","0.3894"
"WEP","25-Sep-2025","17","126.88","123.02","0.45","0.540","0.00","2.08","0.3711","0.0294","0.3894"
"WEP","25-Sep-2025","18","116.51","112.76","0.51","0.370","0.00","2.08","0.3711","0.0294","0.3894"
"WEP","25-Sep-2025","19","102.61","99.25","0.32","0.170","0.00","2.08","0.3711","0.0294","0.3894"
"WEP","25-Sep-2025","20","96.78","93.49","0.31","0.110","0.00","2.08","0.3711","0.0294","0.3894"
"WEP","25-Sep-2025","21","95.75","92.86","0.19","-0.170","0.00","2.08","0.3711","0.0294","0.3894"
"WEP","25-Sep-2025","22","89.58","86.98","0.17","-0.440","0.00","2.08","0.3711","0.0294","0.3894"
"WEP","25-Sep-2025","23","87.67","85.63","0.16","-0.990","0.00","2.08","0.3711","0.0294","0.3894"
"WEP","25-Sep-2025","24","87.82","85.81","0.14","-1.000","0.00","2.08","0.3711","0.0294","0.3894"
"WEP","25-Sep-2025","25","82.61","80.30","0.14","-0.700","0.00","2.08","0.3711","0.0294","0.3894"
"WEP","25-Sep-2025","26","83.64","81.50","0.16","-0.890","0.00","2.08","0.3711","0.0294","0.3894"
"WEP","25-Sep-2025","27","87.96","85.66","0.16","-0.730","0.00","2.08","0.3711","0.0294","0.3894"
"WEP","25-Sep-2025","28","84.50","81.78","0.14","-0.290","0.00","2.08","0.3711","0.0294","0.3894"
"WEP","25-Sep-2025","29","81.90","79.73","0.13","-0.830","0.00","2.08","0.3711","0.0294","0.3894"
"WEP","25-Sep-2025","30","81.24","79.83","0.11","-1.570","0.00","2.08","0.3711","0.0294","0.3894"
"WEP","25-Sep-2025","31","81.91","80.87","0.13","-1.960","0.00","2.08","0.3711","0.0294","0.3894"
"WEP","25-Sep-2025","32","92.04","91.28","0.21","-2.320","0.00","2.08","0.3711","0.0294","0.3894"
"WEP","25-Sep-2025","33","110.53","109.86","0.27","-2.470","0.00","2.08","0.3711","0.0294","0.3894"
"WEP","25-Sep-2025","34","247.46","246.32","1.29","-3.020","0.00","2.08","0.3711","0.0294","0.3894"
"WEP","25-Sep-2025","35","159.11","156.76","1.49","-2.010","0.00","2.08","0.3711","0.0294","0.3894"
"WEP","25-Sep-2025","36","158.92","156.80","0.94","-1.690","0.00","2.08","0.3711","0.0294","0.3894"
"WEP","25-Sep-2025","37","202.82","199.92","1.21","-1.180","0.00","2.08","0.3711","0.0294","0.3894"
"WEP","25-Sep-2025","38","280.70","276.30","1.84","-1.660","1.35","2.08","0.3711","0.0294","0.3894"
"WEP","25-Sep-2025","39","221.75","217.30","1.04","0.540","0.00","2.08","0.3711","0.0294","0.3894"
"WEP","25-Sep-2025","40","203.69","201.28","0.74","-1.200","0.00","2.08","0.3711","0.0294","0.3894"
"WEP","25-Sep-2025","41","202.93","201.28","0.63","-1.850","0.00","2.08","0.3711","0.0294","0.3894"
"WEP","25-Sep-2025","42","194.79","193.55","0.53","-2.160","0.00","2.08","0.3711","0.0294","0.3894"
"WEP","25-Sep-2025","43","171.30","169.65","0.54","-1.760","0.00","2.08","0.3711","0.0294","0.3894"
"WEP","25-Sep-2025","44","124.27","122.51","0.32","-1.430","0.00","2.08","0.3711","0.0294","0.3894"
"WEP","25-Sep-2025","45","114.80","112.18","0.14","-0.390","0.00","2.08","0.3711","0.0294","0.3894"
"WEP","25-Sep-2025","46","104.41","101.53","0.13","-0.120","0.00","2.08","0.3711","0.0294","0.3894"
"WEP","25-Sep-2025","47","102.29","99.78","0.13","-0.490","0.00","2.08","0.3711","0.0294","0.3894"
"WEP","25-Sep-2025","48","104.71","102.69","0.13","-0.980","0.00","2.08","0.3711","0.0294","0.3894"
"WEP","26-Sep-2025","1","114.49","111.98","0.12","-0.480","0.00","2.08","0.3711","0.0291","0.3854"
"WEP","26-Sep-2025","2","114.36","111.40","0.10","0.000","0.00","2.08","0.3711","0.0291","0.3854"
"WEP","26-Sep-2025","3","110.10","106.92","0.06","0.250","0.00","2.08","0.3711","0.0291","0.3854"
"WEP","26-Sep-2025","4","114.76","111.52","0.09","0.280","0.00","2.08","0.3711","0.0291","0.3854"
"WEP","26-Sep-2025","5","110.41","107.51","0.09","-0.050","0.00","2.08","0.3711","0.0291","0.3854"
"WEP","26-Sep-2025","6","114.56","111.76","0.10","-0.160","0.00","2.08","0.3711","0.0291","0.3854"
"WEP","26-Sep-2025","7","108.16","105.65","0.06","-0.420","0.00","2.08","0.3711","0.0291","0.3854"
"WEP","26-Sep-2025","8","114.99","111.76","0.11","0.250","0.00","2.08","0.3711","0.0291","0.3854"
"WEP","26-Sep-2025","9","119.93","116.31","0.07","0.690","0.00","2.08","0.3711","0.0291","0.3854"
"WEP","26-Sep-2025","10","110.16","107.03","0.10","0.160","0.00","2.08","0.3711","0.0291","0.3854"
"WEP","26-Sep-2025","11","176.14","173.55","0.11","-0.390","0.00","2.08","0.3711","0.0291","0.3854"
"WEP","26-Sep-2025","12","202.70","199.93","0.29","-0.390","0.00","2.08","0.3711","0.0291","0.3854"
"WEP","26-Sep-2025","13","138.61","136.14","0.43","-0.830","0.00","2.08","0.3711","0.0291","0.3854"
"WEP","26-Sep-2025","14","141.85","139.38","0.53","-0.930","0.00","2.08","0.3711","0.0291","0.3854"
"WEP","26-Sep-2025","15","183.20","180.91","0.79","-1.360","0.00","2.08","0.3711","0.0291","0.3854"
"WEP","26-Sep-2025","16","204.28","201.12","1.04","-0.740","0.00","2.08","0.3711","0.0291","0.3854"
"WEP","26-Sep-2025","17","205.62","201.17","0.78","0.800","0.00","2.08","0.3711","0.0291","0.3854"
"WEP","26-Sep-2025","18","159.66","155.53","0.79","0.480","0.00","2.08","0.3711","0.0291","0.3854"
"WEP","26-Sep-2025","19","115.37","112.00","0.52","-0.010","0.00","2.08","0.3711","0.0291","0.3854"
"WEP","26-Sep-2025","20","115.20","112.11","0.39","-0.160","0.00","2.08","0.3711","0.0291","0.3854"
"WEP","26-Sep-2025","21","109.06","106.50","0.21","-0.510","0.00","2.08","0.3711","0.0291","0.3854"
"WEP","26-Sep-2025","22","95.33","93.04","0.17","-0.750","0.00","2.08","0.3711","0.0291","0.3854"
"WEP","26-Sep-2025","23","92.59","91.11","0.15","-1.540","0.00","2.08","0.3711","0.0291","0.3854"
"WEP","26-Sep-2025","24","89.35","87.52","0.12","-1.150","0.00","2.08","0.3711","0.0291","0.3854"
"WEP","26-Sep-2025","25","91.52","89.20","0.16","-0.700","0.00","2.08","0.3711","0.0291","0.3854"
"WEP","26-Sep-2025","26","88.04","86.07","0.15","-1.050","0.00","2.08","0.3711","0.0291","0.3854"
"WEP","26-Sep-2025","27","89.01","87.22","0.14","-1.220","0.00","2.08","0.3711","0.0291","0.3854"
"WEP","26-Sep-2025","28","88.38","86.62","0.13","-1.230","0.00","2.08","0.3711","0.0291","0.3854"
"WEP","26-Sep-2025","29","87.51","86.07","0.12","-1.540","0.00","2.08","0.3711","0.0291","0.3854"
"WEP","26-Sep-2025","30","94.07","93.05","0.11","-1.960","0.00","2.08","0.3711","0.0291","0.3854"
"WEP","26-Sep-2025","31","103.00","100.21","0.11","-0.180","0.00","2.08","0.3711","0.0291","0.3854"
"WEP","26-Sep-2025","32","95.07","93.03","0.15","-0.980","0.00","2.08","0.3711","0.0291","0.3854"
"WEP","26-Sep-2025","33","94.74","93.17","0.12","-1.410","0.00","2.08","0.3711","0.0291","0.3854"
"WEP","26-Sep-2025","34","100.73","99.79","0.16","-2.080","0.00","2.08","0.3711","0.0291","0.3854"
"WEP","26-Sep-2025","35","112.62","111.59","0.46","-2.300","0.00","2.08","0.3711","0.0291","0.3854"
"WEP","26-Sep-2025","36","123.23","122.50","0.33","-2.460","0.00","2.08","0.3711","0.0291","0.3854"
"WEP","26-Sep-2025","37","288.55","288.05","0.40","-2.760","0.00","2.08","0.3711","0.0291","0.3854"
"WEP","26-Sep-2025","38","225.87","223.97","0.42","-1.380","0.00","2.08","0.3711","0.0291","0.3854"
"WEP","26-Sep-2025","39","208.68","205.79","0.42","-0.390","0.00","2.08","0.3711","0.0291","0.3854"
"WEP","26-Sep-2025","40","203.97","201.20","0.41","-0.500","0.00","2.08","0.3711","0.0291","0.3854"
"WEP","26-Sep-2025","41","203.83","200.31","0.36","0.290","0.00","2.08","0.3711","0.0291","0.3854"
"WEP","26-Sep-2025","42","179.91","177.50","0.36","-0.820","0.00","2.08","0.3711","0.0291","0.3854"
"WEP","26-Sep-2025","43","151.32","148.78","0.57","-0.900","0.00","2.08","0.3711","0.0291","0.3854"
"WEP","26-Sep-2025","44","123.36","121.28","0.30","-1.090","0.00","2.08","0.3711","0.0291","0.3854"
"WEP","26-Sep-2025","45","116.45","114.17","0.28","-0.870","0.00","2.08","0.3711","0.0291","0.3854"
"WEP","26-Sep-2025","46","113.23","111.45","0.14","-1.230","0.00","2.08","0.3711","0.0291","0.3854"
"WEP","26-Sep-2025","47","108.05","106.51","0.18","-1.510","0.00","2.08","0.3711","0.0291","0.3854"
"WEP","26-Sep-2025","48","98.44","97.27","0.08","-1.780","0.00","2.08","0.3711","0.0291","0.3854"
"WEP","27-Sep-2025","1","96.36","95.53","0.13","-2.190","0.00","2.08","0.3711","0.0307","0.4071"
"WEP","27-Sep-2025","2","103.54","102.93","0.11","-2.390","0.00","2.08","0.3711","0.0307","0.4071"
"WEP","27-Sep-2025","3","111.48","111.50","0.09","-3.000","0.00","2.08","0.3711","0.0307","0.4071"
"WEP","27-Sep-2025","4","621.64","625.00","0.45","-6.700","0.00","2.08","0.3711","0.0307","0.4071"
"WEP","27-Sep-2025","5","415.37","417.20","0.23","-4.950","0.00","2.08","0.3711","0.0307","0.4071"
"WEP","27-Sep-2025","6","136.63","136.31","0.11","-2.680","0.00","2.08","0.3711","0.0307","0.4071"
"WEP","27-Sep-2025","7","202.16","200.94","0.21","-1.880","0.00","2.08","0.3711","0.0307","0.4071"
"WEP","27-Sep-2025","8","130.38","128.75","0.10","-1.360","0.00","2.08","0.3711","0.0307","0.4071"
"WEP","27-Sep-2025","9","201.66","200.28","0.19","-1.690","0.00","2.08","0.3711","0.0307","0.4071"
"WEP","27-Sep-2025","10","149.07","147.67","0.11","-1.590","0.00","2.08","0.3711","0.0307","0.4071"
"WEP","27-Sep-2025","11","203.21","201.17","0.19","-1.040","0.00","2.08","0.3711","0.0307","0.4071"
"WEP","27-Sep-2025","12","150.07","148.39","0.29","-1.500","0.00","2.08","0.3711","0.0307","0.4071"
"WEP","27-Sep-2025","13","137.59","136.08","0.23","-1.610","0.00","2.08","0.3711","0.0307","0.4071"
"WEP","27-Sep-2025","14","148.90","147.53","0.42","-1.940","0.00","2.08","0.3711","0.0307","0.4071"
"WEP","27-Sep-2025","15","190.25","189.59","0.80","-3.030","0.00","2.08","0.3711","0.0307","0.4071"
"WEP","27-Sep-2025","16","223.65","221.90","1.33","-2.470","0.00","2.08","0.3711","0.0307","0.4071"
"WEP","27-Sep-2025","17","396.34","392.23","3.54","-2.320","0.00","2.08","0.3711","0.0307","0.4071"
"WEP","27-Sep-2025","18","259.15","254.42","2.49","-0.650","0.00","2.08","0.3711","0.0307","0.4071"
"WEP","27-Sep-2025","19","168.28","165.40","0.84","-0.850","0.00","2.08","0.3711","0.0307","0.4071"
"WEP","27-Sep-2025","20","117.08","114.20","0.50","-0.510","0.00","2.08","0.3711","0.0307","0.4071"
"WEP","27-Sep-2025","21","98.96","96.40","0.35","-0.680","0.00","2.08","0.3711","0.0307","0.4071"
"WEP","27-Sep-2025","22","95.48","93.02","0.33","-0.760","0.00","2.08","0.3711","0.0307","0.4071"
"WEP","27-Sep-2025","23","92.11","90.71","0.29","-1.780","0.00","2.08","0.3711","0.0307","0.4071"
"WEP","27-Sep-2025","24","87.40","85.96","0.22","-1.670","0.00","2.08","0.3711","0.0307","0.4071"
"WEP","27-Sep-2025","25","86.57","85.95","0.27","-2.540","0.00","2.08","0.3711","0.0307","0.4071"
"WEP","27-Sep-2025","26","86.35","85.77","0.28","-2.590","0.00","2.08","0.3711","0.0307","0.4071"
"WEP","27-Sep-2025","27","86.76","85.97","0.27","-2.370","0.00","2.08","0.3711","0.0307","0.4071"
"WEP","27-Sep-2025","28","86.19","85.94","0.24","-2.880","0.00","2.08","0.3711","0.0307","0.4071"
"WEP","27-Sep-2025","29","87.91","87.76","0.25","-2.990","0.00","2.08","0.3711","0.0307","0.4071"
"WEP","27-Sep-2025","30","172.68","172.81","0.66","-3.680","0.00","2.08","0.3711","0.0307","0.4071"
"WEP","27-Sep-2025","31","104.95","104.29","0.33","-2.560","0.00","2.08","0.3711","0.0307","0.4071"
"WEP","27-Sep-2025","32","104.95","103.81","0.39","-2.140","0.00","2.08","0.3711","0.0307","0.4071"
"WEP","27-Sep-2025","33","106.85","105.89","0.37","-2.290","0.00","2.08","0.3711","0.0307","0.4071"
"WEP","27-Sep-2025","34","99.16","98.42","0.36","-2.510","0.00","2.08","0.3711","0.0307","0.4071"
"WEP","27-Sep-2025","35","114.74","114.14","0.60","-2.890","0.00","2.08","0.3711","0.0307","0.4071"
"WEP","27-Sep-2025","36","596.74","600.82","0.66","-7.620","0.00","2.08","0.3711","0.0307","0.4071"
"WEP","27-Sep-2025","37","602.44","599.33","2.67","-2.450","0.00","2.08","0.3711","0.0307","0.4071"
"WEP","27-Sep-2025","38","420.46","417.83","0.66","-0.920","0.00","2.08","0.3711","0.0307","0.4071"
"WEP","27-Sep-2025","39","343.68","342.23","0.89","-2.330","0.00","2.08","0.3711","0.0307","0.4071"
"WEP","27-Sep-2025","40","344.18","342.57","1.27","-2.550","0.00","2.08","0.3711","0.0307","0.4071"
"WEP","27-Sep-2025","41","258.20","256.60","1.09","-2.380","0.00","2.08","0.3711","0.0307","0.4071"
"WEP","27-Sep-2025","42","235.95","234.54","0.79","-2.270","0.00","2.08","0.3711","0.0307","0.4071"
"WEP","27-Sep-2025","43","294.58","292.68","2.26","-3.250","0.00","2.08","0.3711","0.0307","0.4071"
"WEP","27-Sep-2025","44","202.03","201.08","0.57","-2.510","0.00","2.08","0.3711","0.0307","0.4071"
"WEP","27-Sep-2025","45","200.74","200.33","0.36","-2.840","0.00","2.08","0.3711","0.0307","0.4071"
"WEP","27-Sep-2025","46","174.17","172.63","0.26","-1.610","0.00","2.08","0.3711","0.0307","0.4071"
"WEP","27-Sep-2025","47","174.21","172.61","0.33","-1.620","0.00","2.08","0.3711","0.0307","0.4071"
"WEP","27-Sep-2025","48","203.00","200.24","0.27","-0.400","0.00","2.08","0.3711","0.0307","0.4071"
"WEP","28-Sep-2025","1","177.77","174.20","0.29","0.380","0.00","2.08","0.3711","0.0321","0.4245"
"WEP","28-Sep-2025","2","96.89","92.91","0.10","0.980","0.00","2.08","0.3711","0.0321","0.4245"
"WEP","28-Sep-2025","3","92.85","89.68","0.05","0.220","0.00","2.08","0.3711","0.0321","0.4245"
"WEP","28-Sep-2025","4","104.59","102.33","0.05","-0.700","0.00","2.08","0.3711","0.0321","0.4245"
"WEP","28-Sep-2025","5","105.28","102.23","0.05","0.100","0.00","2.08","0.3711","0.0321","0.4245"
"WEP","28-Sep-2025","6","99.06","95.71","0.05","0.390","0.00","2.08","0.3711","0.0321","0.4245"
"WEP","28-Sep-2025","7","97.97","94.76","0.05","0.250","0.00","2.08","0.3711","0.0321","0.4245"
"WEP","28-Sep-2025","8","95.81","92.74","0.06","0.100","0.00","2.08","0.3711","0.0321","0.4245"
"WEP","28-Sep-2025","9","96.07","92.44","0.05","0.670","0.00","2.08","0.3711","0.0321","0.4245"
"WEP","28-Sep-2025","10","94.18","90.48","0.05","0.740","0.00","2.08","0.3711","0.0321","0.4245"
"WEP","28-Sep-2025","11","86.08","82.42","0.11","0.650","0.00","2.08","0.3711","0.0321","0.4245"
"WEP","28-Sep-2025","12","89.89","86.45","0.15","0.380","0.00","2.08","0.3711","0.0321","0.4245"
"WEP","28-Sep-2025","13","90.15","86.89","0.18","0.170","0.00","2.08","0.3711","0.0321","0.4245"
"WEP","28-Sep-2025","14","94.17","91.28","0.19","-0.210","0.00","2.08","0.3711","0.0321","0.4245"
"WEP","28-Sep-2025","15","85.72","83.59","0.22","-1.000","0.00","2.08","0.3711","0.0321","0.4245"
"WEP","28-Sep-2025","16","63.84","60.59","0.21","0.130","0.00","2.08","0.3711","0.0321","0.4245"
"WEP","28-Sep-2025","17","71.61","68.63","0.20","-0.130","0.00","2.08","0.3711","0.0321","0.4245"
"WEP","28-Sep-2025","18","94.13","91.57","0.21","-0.560","0.00","2.08","0.3711","0.0321","0.4245"
"WEP","28-Sep-2025","19","88.29","85.50","0.18","-0.290","0.00","2.08","0.3711","0.0321","0.4245"
"WEP","28-Sep-2025","20","86.80","83.84","0.18","-0.130","0.00","2.08","0.3711","0.0321","0.4245"
"WEP","28-Sep-2025","21","80.21","78.42","0.16","-1.270","0.00","2.08","0.3711","0.0321","0.4245"
"WEP","28-Sep-2025","22","78.80","77.02","0.16","-1.290","0.00","2.08","0.3711","0.0321","0.4245"
"WEP","28-Sep-2025","23","85.45","83.57","0.15","-1.180","0.00","2.08","0.3711","0.0321","0.4245"
"WEP","28-Sep-2025","24","79.01","76.97","0.14","-1.000","0.00","2.08","0.3711","0.0321","0.4245"
"WEP","28-Sep-2025","25","79.52","76.90","0.17","-0.450","0.00","2.08","0.3711","0.0321","0.4245"
"WEP","28-Sep-2025","26","77.32","74.39","0.17","-0.150","0.00","2.08","0.3711","0.0321","0.4245"
"WEP","28-Sep-2025","27","70.74","68.54","0.16","-0.870","0.00","2.08","0.3711","0.0321","0.4245"
"WEP","28-Sep-2025","28","61.51","59.46","0.14","-0.990","0.00","2.08","0.3711","0.0321","0.4245"
"WEP","28-Sep-2025","29","59.54","58.30","0.13","-1.800","0.00","2.08","0.3711","0.0321","0.4245"
"WEP","28-Sep-2025","30","65.65","63.49","0.12","-0.870","0.00","2.08","0.3711","0.0321","0.4245"
"WEP","28-Sep-2025","31","65.54","63.39","0.13","-0.890","0.00","2.08","0.3711","0.0321","0.4245"
"WEP","28-Sep-2025","32","70.72","68.49","0.16","-0.840","0.00","2.08","0.3711","0.0321","0.4245"
"WEP","28-Sep-2025","33","72.53","70.57","0.13","-1.080","0.00","2.08","0.3711","0.0321","0.4245"
"WEP","28-Sep-2025","34","76.74","74.73","0.16","-1.050","0.00","2.08","0.3711","0.0321","0.4245"
"WEP","28-Sep-2025","35","78.35","76.94","0.21","-1.710","0.00","2.08","0.3711","0.0321","0.4245"
"WEP","28-Sep-2025","36","90.26","88.54","0.17","-1.360","0.00","2.08","0.3711","0.0321","0.4245"
"WEP","28-Sep-2025","37","97.13","94.37","0.36","-0.510","0.00","2.08","0.3711","0.0321","0.4245"
"WEP","28-Sep-2025","38","113.04","109.63","0.54","-0.040","0.00","2.08","0.3711","0.0321","0.4245"
"WEP","28-Sep-2025","39","117.99","114.15","0.60","0.330","0.00","2.08","0.3711","0.0321","0.4245"
"WEP","28-Sep-2025","40","115.68","112.10","0.55","0.130","0.00","2.08","0.3711","0.0321","0.4245"
"WEP","28-Sep-2025","41","111.78","108.82","0.37","-0.310","0.00","2.08","0.3711","0.0321","0.4245"
"WEP","28-Sep-2025","42","111.42","108.82","0.37","-0.680","0.00","2.08","0.3711","0.0321","0.4245"
"WEP","28-Sep-2025","43","106.34","103.74","0.32","-0.630","0.00","2.08","0.3711","0.0321","0.4245"
"WEP","28-Sep-2025","44","101.33","98.71","0.20","-0.490","0.00","2.08","0.3711","0.0321","0.4245"
"WEP","28-Sep-2025","45","98.38","95.77","0.17","-0.460","0.00","2.08","0.3711","0.0321","0.4245"
"WEP","28-Sep-2025","46","181.03","178.56","0.58","-1.020","0.00","2.08","0.3711","0.0321","0.4245"
"WEP","28-Sep-2025","47","162.17","158.17","0.34","0.750","0.00","2.08","0.3711","0.0321","0.4245"
"WEP","28-Sep-2025","48","113.08","108.76","0.22","1.190","0.00","2.08","0.3711","0.0321","0.4245"
"WEP","29-Sep-2025","1","109.84","106.42","0.13","0.410","0.00","2.08","0.3711","0.0302","0.4004"
"WEP","29-Sep-2025","2","88.69","84.99","0.11","0.710","0.00","2.08","0.3711","0.0302","0.4004"
"WEP","29-Sep-2025","3","83.05","79.66","0.06","0.450","0.00","2.08","0.3711","0.0302","0.4004"
"WEP","29-Sep-2025","4","91.11","88.03","0.05","0.150","0.00","2.08","0.3711","0.0302","0.4004"
"WEP","29-Sep-2025","5","88.81","85.76","0.05","0.120","0.00","2.08","0.3711","0.0302","0.4004"
"WEP","29-Sep-2025","6","88.28","85.75","0.06","-0.410","0.00","2.08","0.3711","0.0302","0.4004"
"WEP","29-Sep-2025","7","88.24","85.57","0.06","-0.280","0.00","2.08","0.3711","0.0302","0.4004"
"WEP","29-Sep-2025","8","88.35","85.66","0.06","-0.250","0.00","2.08","0.3711","0.0302","0.4004"
"WEP","29-Sep-2025","9","88.47","85.46","0.05","0.080","0.00","2.08","0.3711","0.0302","0.4004"
"WEP","29-Sep-2025","10","88.65","85.49","0.06","0.220","0.00","2.08","0.3711","0.0302","0.4004"
"WEP","29-Sep-2025","11","93.68","90.64","0.07","0.090","0.00","2.08","0.3711","0.0302","0.4004"
"WEP","29-Sep-2025","12","95.47","92.86","0.14","-0.410","0.00","2.08","0.3711","0.0302","0.4004"
"WEP","29-Sep-2025","13","95.18","92.96","0.17","-0.830","0.00","2.08","0.3711","0.0302","0.4004"
"WEP","29-Sep-2025","14","94.96","93.18","0.18","-1.280","0.00","2.08","0.3711","0.0302","0.4004"
"WEP","29-Sep-2025","15","95.27","93.18","0.20","-0.990","0.00","2.08","0.3711","0.0302","0.4004"
"WEP","29-Sep-2025","16","101.12","98.58","0.40","-0.740","0.00","2.08","0.3711","0.0302","0.4004"
"WEP","29-Sep-2025","17","98.77","96.25","0.36","-0.720","0.00","2.08","0.3711","0.0302","0.4004"
"WEP","29-Sep-2025","18","96.14","93.23","0.37","-0.340","0.00","2.08","0.3711","0.0302","0.4004"
"WEP","29-Sep-2025","19","91.20","88.64","0.28","-0.610","0.00","2.08","0.3711","0.0302","0.4004"
"WEP","29-Sep-2025","20","88.69","86.40","0.31","-0.900","0.00","2.08","0.3711","0.0302","0.4004"
"WEP","29-Sep-2025","21","88.06","86.03","0.13","-0.980","0.00","2.08","0.3711","0.0302","0.4004"
"WEP","29-Sep-2025","22","87.79","85.63","0.13","-0.850","0.00","2.08","0.3711","0.0302","0.4004"
"WEP","29-Sep-2025","23","87.37","85.23","0.12","-0.860","0.00","2.08","0.3711","0.0302","0.4004"
"WEP","29-Sep-2025","24","81.88","80.00","0.12","-1.120","0.00","2.08","0.3711","0.0302","0.4004"
"WEP","29-Sep-2025","25","81.50","79.82","0.14","-1.340","0.00","2.08","0.3711","0.0302","0.4004"
"WEP","29-Sep-2025","26","82.61","80.12","0.14","-0.530","0.00","2.08","0.3711","0.0302","0.4004"
"WEP","29-Sep-2025","27","81.43","78.95","0.13","-0.540","0.00","2.08","0.3711","0.0302","0.4004"
"WEP","29-Sep-2025","28","78.10","76.31","0.13","-1.220","0.00","2.08","0.3711","0.0302","0.4004"
"WEP","29-Sep-2025","29","73.96","73.08","0.12","-2.120","0.00","2.08","0.3711","0.0302","0.4004"
"WEP","29-Sep-2025","30","79.40","78.45","0.11","-2.040","0.00","2.08","0.3711","0.0302","0.4004"
"WEP","29-Sep-2025","31","80.76","79.57","0.12","-1.810","0.00","2.08","0.3711","0.0302","0.4004"
"WEP","29-Sep-2025","32","81.42","80.18","0.13","-1.770","0.00","2.08","0.3711","0.0302","0.4004"
"WEP","29-Sep-2025","33","84.60","83.44","0.12","-1.840","0.00","2.08","0.3711","0.0302","0.4004"
"WEP","29-Sep-2025","34","85.96","84.86","0.13","-1.910","0.00","2.08","0.3711","0.0302","0.4004"
"WEP","29-Sep-2025","35","86.83","86.15","0.41","-2.610","0.00","2.08","0.3711","0.0302","0.4004"
"WEP","29-Sep-2025","36","93.02","93.08","0.16","-3.100","0.00","2.08","0.3711","0.0302","0.4004"
"WEP","29-Sep-2025","37","115.18","114.46","0.34","-2.500","0.00","2.08","0.3711","0.0302","0.4004"
"WEP","29-Sep-2025","38","165.60","164.79","0.93","-3.010","0.00","2.08","0.3711","0.0302","0.4004"
"WEP","29-Sep-2025","39","174.21","172.80","0.83","-2.300","0.00","2.08","0.3711","0.0302","0.4004"
"WEP","29-Sep-2025","40","201.48","201.19","0.82","-3.410","0.00","2.08","0.3711","0.0302","0.4004"
"WEP","29-Sep-2025","41","201.63","201.19","0.66","-3.100","0.00","2.08","0.3711","0.0302","0.4004"
"WEP","29-Sep-2025","42","201.40","201.20","0.67","-3.360","0.00","2.08","0.3711","0.0302","0.4004"
"WEP","29-Sep-2025","43","200.87","200.34","0.67","-3.020","0.00","2.08","0.3711","0.0302","0.4004"
"WEP","29-Sep-2025","44","135.60","134.52","0.30","-2.100","0.00","2.08","0.3711","0.0302","0.4004"
"WEP","29-Sep-2025","45","109.83","108.00","0.26","-1.310","0.00","2.08","0.3711","0.0302","0.4004"
"WEP","29-Sep-2025","46","104.31","102.21","0.14","-0.920","0.00","2.08","0.3711","0.0302","0.4004"
"WEP","29-Sep-2025","47","98.32","96.49","0.15","-1.200","0.00","2.08","0.3711","0.0302","0.4004"
"WEP","29-Sep-2025","48","94.91","93.22","0.13","-1.320","0.00","2.08","0.3711","0.0302","0.4004"
"WEP","30-Sep-2025","1","91.90","90.52","0.12","-1.610","0.00","2.08","0.3711","0.0297","0.3929"
"WEP","30-Sep-2025","2","89.05","87.11","0.06","-0.990","0.00","2.08","0.3711","0.0297","0.3929"
"WEP","30-Sep-2025","3","94.08","91.97","0.05","-0.820","0.00","2.08","0.3711","0.0297","0.3929"
"WEP","30-Sep-2025","4","91.50","89.50","0.05","-0.930","0.00","2.08","0.3711","0.0297","0.3929"
"WEP","30-Sep-2025","5","95.24","93.20","0.05","-0.890","0.00","2.08","0.3711","0.0297","0.3929"
"WEP","30-Sep-2025","6","93.94","91.95","0.05","-0.930","0.00","2.08","0.3711","0.0297","0.3929"
"WEP","30-Sep-2025","7","90.95","88.93","0.05","-0.900","0.00","2.08","0.3711","0.0297","0.3929"
"WEP","30-Sep-2025","8","88.29","86.28","0.05","-0.920","0.00","2.08","0.3711","0.0297","0.3929"
"WEP","30-Sep-2025","9","87.19","85.70","0.05","-1.430","0.00","2.08","0.3711","0.0297","0.3929"
"WEP","30-Sep-2025","10","88.69","87.17","0.05","-1.410","0.00","2.08","0.3711","0.0297","0.3929"
"WEP","30-Sep-2025","11","91.53","89.70","0.07","-1.110","0.00","2.08","0.3711","0.0297","0.3929"
"WEP","30-Sep-2025","12","94.82","93.08","0.13","-1.270","0.00","2.08","0.3711","0.0297","0.3929"
"WEP","30-Sep-2025","13","94.91","93.32","0.20","-1.480","0.00","2.08","0.3711","0.0297","0.3929"
"WEP","30-Sep-2025","14","94.88","93.35","0.36","-1.710","0.00","2.08","0.3711","0.0297","0.3929"
"WEP","30-Sep-2025","15","102.59","101.29","0.41","-1.990","0.00","2.08","0.3711","0.0297","0.3929"
"WEP","30-Sep-2025","16","112.04","110.62","0.39","-1.840","0.00","2.08","0.3711","0.0297","0.3929"
"WEP","30-Sep-2025","17","111.92","110.68","0.40","-2.040","0.00","2.08","0.3711","0.0297","0.3929"
"WEP","30-Sep-2025","18","109.37","107.88","0.52","-1.910","0.00","2.08","0.3711","0.0297","0.3929"
"WEP","30-Sep-2025","19","105.50","103.99","0.29","-1.650","0.00","2.08","0.3711","0.0297","0.3929"
"WEP","30-Sep-2025","20","95.81","93.44","0.24","-0.740","0.00","2.08","0.3711","0.0297","0.3929"
"WEP","30-Sep-2025","21","90.42","88.84","0.13","-1.420","0.00","2.08","0.3711","0.0297","0.3929"
"WEP","30-Sep-2025","22","87.24","85.96","0.13","-1.720","0.00","2.08","0.3711","0.0297","0.3929"
"WEP","30-Sep-2025","23","86.90","85.97","0.12","-2.060","0.00","2.08","0.3711","0.0297","0.3929"
"WEP","30-Sep-2025","24","86.90","86.09","0.12","-2.180","0.00","2.08","0.3711","0.0297","0.3929"
"WEP","30-Sep-2025","25","84.98","84.06","0.13","-2.080","0.00","2.08","0.3711","0.0297","0.3929"
"WEP","30-Sep-2025","26","87.20","86.09","0.15","-1.910","0.00","2.08","0.3711","0.0297","0.3929"
"WEP","30-Sep-2025","27","88.01","86.34","0.13","-1.330","0.00","2.08","0.3711","0.0297","0.3929"
"WEP","30-Sep-2025","28","85.30","84.05","0.13","-1.750","0.00","2.08","0.3711","0.0297","0.3929"
"WEP","30-Sep-2025","29","81.49","80.97","0.12","-2.480","0.00","2.08","0.3711","0.0297","0.3929"
"WEP","30-Sep-2025","30","86.00","86.05","0.11","-3.030","0.00","2.08","0.3711","0.0297","0.3929"
"WEP","30-Sep-2025","31","94.40","93.47","0.12","-2.070","0.00","2.08","0.3711","0.0297","0.3929"
"WEP","30-Sep-2025","32","142.14","141.42","0.57","-2.720","0.00","2.08","0.3711","0.0297","0.3929"
"WEP","30-Sep-2025","33","214.00","214.50","0.60","-3.970","0.00","2.08","0.3711","0.0297","0.3929"
"WEP","30-Sep-2025","34","172.26","171.87","0.66","-3.150","0.00","2.08","0.3711","0.0297","0.3929"
"WEP","30-Sep-2025","35","171.64","170.41","1.50","-3.150","0.00","2.08","0.3711","0.0297","0.3929"
"WEP","30-Sep-2025","36","134.74","134.00","0.58","-2.710","0.00","2.08","0.3711","0.0297","0.3929"
"WEP","30-Sep-2025","37","142.49","141.25","0.72","-2.350","0.00","2.08","0.3711","0.0297","0.3929"
"WEP","30-Sep-2025","38","152.32","151.56","0.87","-2.990","0.00","2.08","0.3711","0.0297","0.3929"
"WEP","30-Sep-2025","39","174.25","173.01","1.07","-2.700","0.00","2.08","0.3711","0.0297","0.3929"
"WEP","30-Sep-2025","40","176.09","174.86","1.04","-2.680","0.00","2.08","0.3711","0.0297","0.3929"
"WEP","30-Sep-2025","41","173.73","173.12","0.75","-3.010","0.00","2.08","0.3711","0.0297","0.3929"
"WEP","30-Sep-2025","42","258.14","258.28","1.72","-4.740","0.00","2.08","0.3711","0.0297","0.3929"
"WEP","30-Sep-2025","43","181.55","181.44","1.06","-3.820","0.00","2.08","0.3711","0.0297","0.3929"
"WEP","30-Sep-2025","44","145.46","144.61","0.62","-2.640","0.00","2.08","0.3711","0.0297","0.3929"
"WEP","30-Sep-2025","45","119.57","118.49","0.37","-2.170","0.00","2.08","0.3711","0.0297","0.3929"
"WEP","30-Sep-2025","46","109.74","108.60","0.28","-2.010","0.00","2.08","0.3711","0.0297","0.3929"
"WEP","30-Sep-2025","47","94.77","93.44","0.19","-1.730","0.00","2.08","0.3711","0.0297","0.3929"
"WEP","30-Sep-2025","48","94.35","93.09","0.13","-1.740","0.00","2.08","0.3711","0.0297","0.3929"
