"INFORMATION TYPE","DATE","PERIOD","WEP ($/MWh)","USEP ($/MWh)","AFP ($/MWh)","HEUR ($/MWh)","HLCU ($/MWh)","MEUC ($/MWh)","EMC Price Cap Fees ($/MWh)","EMC Price Adj Fees ($/MWh)","PSO Fees ($/MWh)"
"WEP","01-Oct-2025","1","94.04","93.36","0.12","-2.480","0.00","2.26","0.3711","0.0288","0.3819"
"WEP","01-Oct-2025","2","94.15","93.29","0.07","-2.250","0.00","2.26","0.3711","0.0288","0.3819"
"WEP","01-Oct-2025","3","94.62","93.45","0.05","-1.930","0.00","2.26","0.3711","0.0288","0.3819"
"WEP","01-Oct-2025","4","94.46","93.20","0.05","-1.830","0.00","2.26","0.3711","0.0288","0.3819"
"WEP","01-Oct-2025","5","94.70","93.29","0.05","-1.680","0.00","2.26","0.3711","0.0288","0.3819"
"WEP","01-Oct-2025","6","94.91","93.17","0.05","-1.350","0.00","2.26","0.3711","0.0288","0.3819"
"WEP","01-Oct-2025","7","94.71","93.06","0.05","-1.440","0.00","2.26","0.3711","0.0288","0.3819"
"WEP","01-Oct-2025","8","94.61","93.05","0.05","-1.530","0.00","2.26","0.3711","0.0288","0.3819"
"WEP","01-Oct-2025","9","95.01","93.15","0.05","-1.230","0.00","2.26","0.3711","0.0288","0.3819"
"WEP","01-Oct-2025","10","95.17","93.25","0.05","-1.170","0.00","2.26","0.3711","0.0288","0.3819"
"WEP","01-Oct-2025","11","104.77","102.86","0.06","-1.190","0.00","2.26","0.3711","0.0288","0.3819"
"WEP","01-Oct-2025","12","118.09","116.63","0.13","-1.710","0.00","2.26","0.3711","0.0288","0.3819"
"WEP","01-Oct-2025","13","139.09","137.72","0.33","-2.010","0.00","2.26","0.3711","0.0288","0.3819"
"WEP","01-Oct-2025","14","141.77","140.44","0.46","-2.170","0.00","2.26","0.3711","0.0288","0.3819"
"WEP","01-Oct-2025","15","145.63","144.09","0.59","-2.100","0.00","2.26","0.3711","0.0288","0.3819"
"WEP","01-Oct-2025","16","140.58","138.68","0.51","-1.650","0.00","2.26","0.3711","0.0288","0.3819"
"WEP","01-Oct-2025","17","142.59","140.98","0.69","-2.120","0.00","2.26","0.3711","0.0288","0.3819"
"WEP","01-Oct-2025","18","114.90","112.69","0.47","-1.300","0.00","2.26","0.3711","0.0288","0.3819"
"WEP","01-Oct-2025","19","108.92","106.88","0.35","-1.350","0.00","2.26","0.3711","0.0288","0.3819"
"WEP","01-Oct-2025","20","97.04","94.58","0.31","-0.890","0.00","2.26","0.3711","0.0288","0.3819"
"WEP","01-Oct-2025","21","95.12","93.24","0.15","-1.310","0.00","2.26","0.3711","0.0288","0.3819"
"WEP","01-Oct-2025","22","87.29","85.98","0.13","-1.860","0.00","2.26","0.3711","0.0288","0.3819"
"WEP","01-Oct-2025","23","86.41","85.90","0.12","-2.650","0.00","2.26","0.3711","0.0288","0.3819"
"WEP","01-Oct-2025","24","87.24","85.99","0.12","-1.910","0.00","2.26","0.3711","0.0288","0.3819"
"WEP","01-Oct-2025","25","90.94","89.54","0.14","-1.780","0.00","2.26","0.3711","0.0288","0.3819"
"WEP","01-Oct-2025","26","92.08","89.54","0.15","-0.650","0.00","2.26","0.3711","0.0288","0.3819"
"WEP","01-Oct-2025","27","87.95","85.95","0.13","-1.170","0.00","2.26","0.3711","0.0288","0.3819"
"WEP","01-Oct-2025","28","83.00","82.37","0.13","-2.540","0.00","2.26","0.3711","0.0288","0.3819"
"WEP","01-Oct-2025","29","90.51","89.35","0.12","-2.000","0.00","2.26","0.3711","0.0288","0.3819"
"WEP","01-Oct-2025","30","90.65","89.55","0.11","-2.050","0.00","2.26","0.3711","0.0288","0.3819"
"WEP","01-Oct-2025","31","101.25","98.79","0.14","-0.720","0.00","2.26","0.3711","0.0288","0.3819"
"WEP","01-Oct-2025","32","95.55","93.36","0.15","-1.000","0.00","2.26","0.3711","0.0288","0.3819"
"WEP","01-Oct-2025","33","93.84","93.25","0.13","-2.580","0.00","2.26","0.3711","0.0288","0.3819"
"WEP","01-Oct-2025","34","93.11","93.51","0.13","-3.570","0.00","2.26","0.3711","0.0288","0.3819"
"WEP","01-Oct-2025","35","111.80","112.02","0.55","-3.810","0.00","2.26","0.3711","0.0288","0.3819"
"WEP","01-Oct-2025","36","122.01","122.07","0.41","-3.510","0.00","2.26","0.3711","0.0288","0.3819"
"WEP","01-Oct-2025","37","160.32","160.14","0.72","-3.580","0.00","2.26","0.3711","0.0288","0.3819"
"WEP","01-Oct-2025","38","174.39","172.94","0.90","-2.490","0.00","2.26","0.3711","0.0288","0.3819"
"WEP","01-Oct-2025","39","163.00","161.02","0.85","-1.910","0.00","2.26","0.3711","0.0288","0.3819"
"WEP","01-Oct-2025","40","160.13","157.89","0.74","-1.540","0.00","2.26","0.3711","0.0288","0.3819"
"WEP","01-Oct-2025","41","174.97","172.98","0.62","-1.670","0.00","2.26","0.3711","0.0288","0.3819"
"WEP","01-Oct-2025","42","131.85","130.09","0.31","-1.590","0.00","2.26","0.3711","0.0288","0.3819"
"WEP","01-Oct-2025","43","139.23","137.65","0.31","-1.770","0.00","2.26","0.3711","0.0288","0.3819"
"WEP","01-Oct-2025","44","110.18","108.02","0.17","-1.050","0.00","2.26","0.3711","0.0288","0.3819"
"WEP","01-Oct-2025","45","110.35","107.76","0.17","-0.620","0.00","2.26","0.3711","0.0288","0.3819"
"WEP","01-Oct-2025","46","100.28","97.88","0.14","-0.780","0.00","2.26","0.3711","0.0288","0.3819"
"WEP","01-Oct-2025","47","98.29","95.54","0.15","-0.440","0.00","2.26","0.3711","0.0288","0.3819"
"WEP","01-Oct-2025","48","96.59","93.41","0.13","0.000","0.00","2.26","0.3711","0.0288","0.3819"
"WEP","02-Oct-2025","1","90.14","87.14","0.12","-0.170","0.00","2.26","0.3711","0.0294","0.3896"
"WEP","02-Oct-2025","2","96.23","93.32","0.07","-0.210","0.00","2.26","0.3711","0.0294","0.3896"
"WEP","02-Oct-2025","3","96.38","94.06","0.05","-0.780","0.00","2.26","0.3711","0.0294","0.3896"
"WEP","02-Oct-2025","4","95.51","93.29","0.05","-0.880","0.00","2.26","0.3711","0.0294","0.3896"
"WEP","02-Oct-2025","5","95.15","93.08","0.05","-1.030","0.00","2.26","0.3711","0.0294","0.3896"
"WEP","02-Oct-2025","6","94.60","92.79","0.06","-1.300","0.00","2.26","0.3711","0.0294","0.3896"
"WEP","02-Oct-2025","7","94.69","92.60","0.06","-1.020","0.00","2.26","0.3711","0.0294","0.3896"
"WEP","02-Oct-2025","8","94.66","92.60","0.06","-1.050","0.00","2.26","0.3711","0.0294","0.3896"
"WEP","02-Oct-2025","9","94.90","92.84","0.05","-1.040","0.00","2.26","0.3711","0.0294","0.3896"
"WEP","02-Oct-2025","10","95.06","93.06","0.06","-1.110","0.00","2.26","0.3711","0.0294","0.3896"
"WEP","02-Oct-2025","11","94.98","93.16","0.06","-1.290","0.00","2.26","0.3711","0.0294","0.3896"
"WEP","02-Oct-2025","12","102.05","100.26","0.14","-1.400","0.00","2.26","0.3711","0.0294","0.3896"
"WEP","02-Oct-2025","13","174.19","172.40","0.43","-1.690","0.00","2.26","0.3711","0.0294","0.3896"
"WEP","02-Oct-2025","14","184.52","180.97","0.56","-0.060","0.00","2.26","0.3711","0.0294","0.3896"
"WEP","02-Oct-2025","15","175.51","172.65","0.91","-1.100","0.00","2.26","0.3711","0.0294","0.3896"
"WEP","02-Oct-2025","16","203.20","200.28","0.97","-1.100","0.00","2.26","0.3711","0.0294","0.3896"
"WEP","02-Oct-2025","17","186.16","182.47","0.96","-0.320","0.00","2.26","0.3711","0.0294","0.3896"
"WEP","02-Oct-2025","18","157.22","152.98","0.93","0.260","0.00","2.26","0.3711","0.0294","0.3896"
"WEP","02-Oct-2025","19","114.68","111.64","0.41","-0.420","0.00","2.26","0.3711","0.0294","0.3896"
"WEP","02-Oct-2025","20","96.09","93.35","0.32","-0.630","0.00","2.26","0.3711","0.0294","0.3896"
"WEP","02-Oct-2025","21","91.11","88.81","0.14","-0.890","0.00","2.26","0.3711","0.0294","0.3896"
"WEP","02-Oct-2025","22","89.40","87.73","0.14","-1.520","0.00","2.26","0.3711","0.0294","0.3896"
"WEP","02-Oct-2025","23","85.69","83.61","0.13","-1.100","0.00","2.26","0.3711","0.0294","0.3896"
"WEP","02-Oct-2025","24","82.03","80.10","0.12","-1.240","0.00","2.26","0.3711","0.0294","0.3896"
"WEP","02-Oct-2025","25","79.95","78.45","0.15","-1.700","0.00","2.26","0.3711","0.0294","0.3896"
"WEP","02-Oct-2025","26","79.90","78.69","0.14","-1.980","0.00","2.26","0.3711","0.0294","0.3896"
"WEP","02-Oct-2025","27","79.89","78.68","0.13","-1.970","0.00","2.26","0.3711","0.0294","0.3896"
"WEP","02-Oct-2025","28","80.16","78.77","0.13","-1.790","0.00","2.26","0.3711","0.0294","0.3896"
"WEP","02-Oct-2025","29","80.42","80.10","0.12","-2.850","0.00","2.26","0.3711","0.0294","0.3896"
"WEP","02-Oct-2025","30","83.75","83.99","0.11","-3.400","0.00","2.26","0.3711","0.0294","0.3896"
"WEP","02-Oct-2025","31","89.26","88.65","0.12","-2.560","0.00","2.26","0.3711","0.0294","0.3896"
"WEP","02-Oct-2025","32","156.53","153.02","0.67","-0.210","0.00","2.26","0.3711","0.0294","0.3896"
"WEP","02-Oct-2025","33","114.74","111.98","0.15","-0.440","0.00","2.26","0.3711","0.0294","0.3896"
"WEP","02-Oct-2025","34","111.44","108.96","0.22","-0.790","0.00","2.26","0.3711","0.0294","0.3896"
"WEP","02-Oct-2025","35","105.25","103.73","0.50","-2.030","0.00","2.26","0.3711","0.0294","0.3896"
"WEP","02-Oct-2025","36","96.88","96.35","0.23","-2.750","0.00","2.26","0.3711","0.0294","0.3896"
"WEP","02-Oct-2025","37","113.15","111.95","0.33","-2.180","0.00","2.26","0.3711","0.0294","0.3896"
"WEP","02-Oct-2025","38","136.92","136.46","0.60","-3.190","0.00","2.26","0.3711","0.0294","0.3896"
"WEP","02-Oct-2025","39","153.86","152.91","0.82","-2.920","0.00","2.26","0.3711","0.0294","0.3896"
"WEP","02-Oct-2025","40","154.07","153.03","0.73","-2.740","0.00","2.26","0.3711","0.0294","0.3896"
"WEP","02-Oct-2025","41","159.04","158.04","0.56","-2.610","0.00","2.26","0.3711","0.0294","0.3896"
"WEP","02-Oct-2025","42","154.12","153.09","0.53","-2.550","0.00","2.26","0.3711","0.0294","0.3896"
"WEP","02-Oct-2025","43","154.63","152.92","0.49","-1.830","0.00","2.26","0.3711","0.0294","0.3896"
"WEP","02-Oct-2025","44","114.49","112.75","0.23","-1.540","0.00","2.26","0.3711","0.0294","0.3896"
"WEP","02-Oct-2025","45","112.05","109.48","0.22","-0.700","0.00","2.26","0.3711","0.0294","0.3896"
"WEP","02-Oct-2025","46","111.60","108.68","0.16","-0.290","0.00","2.26","0.3711","0.0294","0.3896"
"WEP","02-Oct-2025","47","108.35","105.44","0.17","-0.310","0.00","2.26","0.3711","0.0294","0.3896"
"WEP","02-Oct-2025","48","91.88","88.66","0.08","0.090","0.00","2.26","0.3711","0.0294","0.3896"
"WEP","03-Oct-2025","1","87.86","85.83","0.12","-1.140","0.00","2.26","0.3711","0.0294","0.3895"
"WEP","03-Oct-2025","2","87.67","85.81","0.07","-1.260","0.00","2.26","0.3711","0.0294","0.3895"
"WEP","03-Oct-2025","3","89.64","87.72","0.05","-1.180","0.00","2.26","0.3711","0.0294","0.3895"
"WEP","03-Oct-2025","4","89.15","86.63","0.05","-0.580","0.00","2.26","0.3711","0.0294","0.3895"
"WEP","03-Oct-2025","5","89.02","86.47","0.05","-0.550","0.00","2.26","0.3711","0.0294","0.3895"
"WEP","03-Oct-2025","6","88.39","85.92","0.05","-0.630","0.00","2.26","0.3711","0.0294","0.3895"
"WEP","03-Oct-2025","7","88.29","85.79","0.05","-0.600","0.00","2.26","0.3711","0.0294","0.3895"
"WEP","03-Oct-2025","8","92.52","90.04","0.06","-0.630","0.00","2.26","0.3711","0.0294","0.3895"
"WEP","03-Oct-2025","9","93.34","90.66","0.05","-0.420","0.00","2.26","0.3711","0.0294","0.3895"
"WEP","03-Oct-2025","10","93.52","90.74","0.05","-0.320","0.00","2.26","0.3711","0.0294","0.3895"
"WEP","03-Oct-2025","11","94.87","92.15","0.07","-0.400","0.00","2.26","0.3711","0.0294","0.3895"
"WEP","03-Oct-2025","12","102.32","99.27","0.14","-0.140","0.00","2.26","0.3711","0.0294","0.3895"
"WEP","03-Oct-2025","13","105.57","102.95","0.16","-0.590","0.00","2.26","0.3711","0.0294","0.3895"
"WEP","03-Oct-2025","14","106.94","104.71","0.18","-1.000","0.00","2.26","0.3711","0.0294","0.3895"
"WEP","03-Oct-2025","15","104.76","104.88","0.34","-3.510","0.00","2.26","0.3711","0.0294","0.3895"
"WEP","03-Oct-2025","16","88.30","108.85","0.39","-23.990","0.00","2.26","0.3711","0.0294","0.3895"
"WEP","03-Oct-2025","17","86.97","107.06","0.38","-23.520","0.00","2.26","0.3711","0.0294","0.3895"
"WEP","03-Oct-2025","18","89.20","108.76","0.41","-23.020","0.00","2.26","0.3711","0.0294","0.3895"
"WEP","03-Oct-2025","19","89.33","108.86","0.33","-22.910","0.00","2.26","0.3711","0.0294","0.3895"
"WEP","03-Oct-2025","20","92.65","110.59","0.40","-21.390","0.00","2.26","0.3711","0.0294","0.3895"
"WEP","03-Oct-2025","21","112.54","109.94","0.19","-0.640","0.00","2.26","0.3711","0.0294","0.3895"
"WEP","03-Oct-2025","22","92.73","89.94","0.13","-0.390","0.00","2.26","0.3711","0.0294","0.3895"
"WEP","03-Oct-2025","23","87.58","85.85","0.13","-1.450","0.00","2.26","0.3711","0.0294","0.3895"
"WEP","03-Oct-2025","24","85.25","83.57","0.12","-1.490","0.00","2.26","0.3711","0.0294","0.3895"
"WEP","03-Oct-2025","25","83.49","81.53","0.15","-1.240","0.00","2.26","0.3711","0.0294","0.3895"
"WEP","03-Oct-2025","26","83.11","81.37","0.15","-1.460","0.00","2.26","0.3711","0.0294","0.3895"
"WEP","03-Oct-2025","27","83.86","82.29","0.13","-1.610","0.00","2.26","0.3711","0.0294","0.3895"
"WEP","03-Oct-2025","28","79.99","79.95","0.13","-3.140","0.00","2.26","0.3711","0.0294","0.3895"
"WEP","03-Oct-2025","29","90.34","89.79","0.12","-2.620","0.00","2.26","0.3711","0.0294","0.3895"
"WEP","03-Oct-2025","30","94.18","93.38","0.12","-2.370","0.00","2.26","0.3711","0.0294","0.3895"
"WEP","03-Oct-2025","31","100.57","98.72","0.12","-1.320","0.00","2.26","0.3711","0.0294","0.3895"
"WEP","03-Oct-2025","32","94.14","93.27","0.16","-2.340","0.00","2.26","0.3711","0.0294","0.3895"
"WEP","03-Oct-2025","33","92.64","93.28","0.13","-3.820","0.00","2.26","0.3711","0.0294","0.3895"
"WEP","03-Oct-2025","34","106.79","106.97","0.17","-3.400","0.00","2.26","0.3711","0.0294","0.3895"
"WEP","03-Oct-2025","35","112.43","111.98","0.57","-3.170","0.00","2.26","0.3711","0.0294","0.3895"
"WEP","03-Oct-2025","36","110.29","109.91","0.27","-2.940","0.00","2.26","0.3711","0.0294","0.3895"
"WEP","03-Oct-2025","37","112.21","112.10","0.33","-3.270","0.00","2.26","0.3711","0.0294","0.3895"
"WEP","03-Oct-2025","38","111.66","111.99","0.36","-3.740","0.00","2.26","0.3711","0.0294","0.3895"
"WEP","03-Oct-2025","39","111.95","112.02","0.36","-3.480","0.00","2.26","0.3711","0.0294","0.3895"
"WEP","03-Oct-2025","40","114.66","114.78","0.38","-3.550","0.00","2.26","0.3711","0.0294","0.3895"
"WEP","03-Oct-2025","41","121.15","121.06","0.31","-3.270","0.00","2.26","0.3711","0.0294","0.3895"
"WEP","03-Oct-2025","42","113.31","112.73","0.29","-2.760","0.00","2.26","0.3711","0.0294","0.3895"
"WEP","03-Oct-2025","43","111.84","110.52","0.26","-1.990","0.00","2.26","0.3711","0.0294","0.3895"
"WEP","03-Oct-2025","44","107.08","105.77","0.14","-1.880","0.00","2.26","0.3711","0.0294","0.3895"
"WEP","03-Oct-2025","45","100.60","98.83","0.13","-1.410","0.00","2.26","0.3711","0.0294","0.3895"
"WEP","03-Oct-2025","46","98.42","96.58","0.13","-1.340","0.00","2.26","0.3711","0.0294","0.3895"
"WEP","03-Oct-2025","47","95.09","93.43","0.14","-1.530","0.00","2.26","0.3711","0.0294","0.3895"
"WEP","03-Oct-2025","48","94.14","92.23","0.08","-1.220","0.00","2.26","0.3711","0.0294","0.3895"
"WEP","04-Oct-2025","1","88.31","85.93","0.12","-0.820","0.00","2.26","0.3711","0.0313","0.4140"
"WEP","04-Oct-2025","2","87.68","85.83","0.07","-1.290","0.00","2.26","0.3711","0.0313","0.4140"
"WEP","04-Oct-2025","3","88.46","85.90","0.05","-0.570","0.00","2.26","0.3711","0.0313","0.4140"
"WEP","04-Oct-2025","4","88.44","85.74","0.05","-0.420","0.00","2.26","0.3711","0.0313","0.4140"
"WEP","04-Oct-2025","5","88.46","85.79","0.05","-0.450","0.00","2.26","0.3711","0.0313","0.4140"
"WEP","04-Oct-2025","6","88.44","85.69","0.06","-0.390","0.00","2.26","0.3711","0.0313","0.4140"
"WEP","04-Oct-2025","7","87.70","84.91","0.06","-0.350","0.00","2.26","0.3711","0.0313","0.4140"
"WEP","04-Oct-2025","8","85.90","83.08","0.06","-0.320","0.00","2.26","0.3711","0.0313","0.4140"
"WEP","04-Oct-2025","9","87.84","85.02","0.05","-0.310","0.00","2.26","0.3711","0.0313","0.4140"
"WEP","04-Oct-2025","10","87.95","85.19","0.06","-0.380","0.00","2.26","0.3711","0.0313","0.4140"
"WEP","04-Oct-2025","11","88.36","85.53","0.06","-0.310","0.00","2.26","0.3711","0.0313","0.4140"
"WEP","04-Oct-2025","12","88.76","85.75","0.14","-0.210","0.00","2.26","0.3711","0.0313","0.4140"
"WEP","04-Oct-2025","13","88.38","85.79","0.16","-0.650","0.00","2.26","0.3711","0.0313","0.4140"
"WEP","04-Oct-2025","14","88.44","85.89","0.19","-0.720","0.00","2.26","0.3711","0.0313","0.4140"
"WEP","04-Oct-2025","15","89.19","86.47","0.22","-0.570","0.00","2.26","0.3711","0.0313","0.4140"
"WEP","04-Oct-2025","16","93.40","90.05","0.22","0.050","0.00","2.26","0.3711","0.0313","0.4140"
"WEP","04-Oct-2025","17","89.12","85.91","0.20","-0.070","0.00","2.26","0.3711","0.0313","0.4140"
"WEP","04-Oct-2025","18","88.73","85.43","0.22","0.000","0.00","2.26","0.3711","0.0313","0.4140"
"WEP","04-Oct-2025","19","83.04","80.08","0.17","-0.290","0.00","2.26","0.3711","0.0313","0.4140"
"WEP","04-Oct-2025","20","81.50","78.56","0.17","-0.300","0.00","2.26","0.3711","0.0313","0.4140"
"WEP","04-Oct-2025","21","78.25","75.89","0.14","-0.850","0.00","2.26","0.3711","0.0313","0.4140"
"WEP","04-Oct-2025","22","76.59","74.37","0.13","-0.980","0.00","2.26","0.3711","0.0313","0.4140"
"WEP","04-Oct-2025","23","73.78","71.41","0.13","-0.840","0.00","2.26","0.3711","0.0313","0.4140"
"WEP","04-Oct-2025","24","68.53","66.34","0.13","-1.020","0.00","2.26","0.3711","0.0313","0.4140"
"WEP","04-Oct-2025","25","66.89","65.13","0.15","-1.470","0.00","2.26","0.3711","0.0313","0.4140"
"WEP","04-Oct-2025","26","73.31","71.41","0.16","-1.340","0.00","2.26","0.3711","0.0313","0.4140"
"WEP","04-Oct-2025","27","73.17","71.13","0.14","-1.180","0.00","2.26","0.3711","0.0313","0.4140"
"WEP","04-Oct-2025","28","75.24","73.45","0.14","-1.420","0.00","2.26","0.3711","0.0313","0.4140"
"WEP","04-Oct-2025","29","77.03","74.55","0.13","-0.720","0.00","2.26","0.3711","0.0313","0.4140"
"WEP","04-Oct-2025","30","74.98","73.36","0.12","-1.570","0.00","2.26","0.3711","0.0313","0.4140"
"WEP","04-Oct-2025","31","74.26","73.37","0.13","-2.310","0.00","2.26","0.3711","0.0313","0.4140"
"WEP","04-Oct-2025","32","79.31","78.17","0.15","-2.080","0.00","2.26","0.3711","0.0313","0.4140"
"WEP","04-Oct-2025","33","81.12","79.97","0.13","-2.060","0.00","2.26","0.3711","0.0313","0.4140"
"WEP","04-Oct-2025","34","82.56","81.54","0.15","-2.210","0.00","2.26","0.3711","0.0313","0.4140"
"WEP","04-Oct-2025","35","88.26","86.50","0.23","-1.540","0.00","2.26","0.3711","0.0313","0.4140"
"WEP","04-Oct-2025","36","95.39","93.20","0.15","-1.040","0.00","2.26","0.3711","0.0313","0.4140"
"WEP","04-Oct-2025","37","95.60","93.32","0.17","-0.960","0.00","2.26","0.3711","0.0313","0.4140"
"WEP","04-Oct-2025","38","100.05","97.72","0.26","-1.000","0.00","2.26","0.3711","0.0313","0.4140"
"WEP","04-Oct-2025","39","101.85","99.29","0.28","-0.800","0.00","2.26","0.3711","0.0313","0.4140"
"WEP","04-Oct-2025","40","101.97","99.84","0.23","-1.180","0.00","2.26","0.3711","0.0313","0.4140"
"WEP","04-Oct-2025","41","103.24","101.36","0.16","-1.360","0.00","2.26","0.3711","0.0313","0.4140"
"WEP","04-Oct-2025","42","101.61","99.84","0.14","-1.450","0.00","2.26","0.3711","0.0313","0.4140"
"WEP","04-Oct-2025","43","101.26","99.40","0.18","-1.400","0.00","2.26","0.3711","0.0313","0.4140"
"WEP","04-Oct-2025","44","95.25","93.34","0.13","-1.290","0.00","2.26","0.3711","0.0313","0.4140"
"WEP","04-Oct-2025","45","95.11","93.16","0.13","-1.250","0.00","2.26","0.3711","0.0313","0.4140"
"WEP","04-Oct-2025","46","93.46","90.94","0.13","-0.690","0.00","2.26","0.3711","0.0313","0.4140"
"WEP","04-Oct-2025","47","95.14","93.14","0.14","-1.210","0.00","2.26","0.3711","0.0313","0.4140"
"WEP","04-Oct-2025","48","92.89","90.66","0.11","-0.960","0.00","2.26","0.3711","0.0313","0.4140"
"WEP","05-Oct-2025","1","95.73","93.14","0.09","-0.580","0.00","2.26","0.3711","0.0314","0.4162"
"WEP","05-Oct-2025","2","101.13","97.60","0.11","0.340","0.00","2.26","0.3711","0.0314","0.4162"
"WEP","05-Oct-2025","3","96.54","93.45","0.07","-0.060","0.00","2.26","0.3711","0.0314","0.4162"
"WEP","05-Oct-2025","4","96.55","93.34","0.07","0.060","0.00","2.26","0.3711","0.0314","0.4162"
"WEP","05-Oct-2025","5","95.41","93.22","0.07","-0.960","0.00","2.26","0.3711","0.0314","0.4162"
"WEP","05-Oct-2025","6","91.88","89.99","0.06","-1.250","0.00","2.26","0.3711","0.0314","0.4162"
"WEP","05-Oct-2025","7","88.94","87.18","0.06","-1.380","0.00","2.26","0.3711","0.0314","0.4162"
"WEP","05-Oct-2025","8","89.18","87.18","0.06","-1.140","0.00","2.26","0.3711","0.0314","0.4162"
"WEP","05-Oct-2025","9","88.98","86.93","0.06","-1.090","0.00","2.26","0.3711","0.0314","0.4162"
"WEP","05-Oct-2025","10","89.04","87.16","0.06","-1.260","0.00","2.26","0.3711","0.0314","0.4162"
"WEP","05-Oct-2025","11","90.31","88.15","0.09","-1.010","0.00","2.26","0.3711","0.0314","0.4162"
"WEP","05-Oct-2025","12","92.60","90.29","0.14","-0.910","0.00","2.26","0.3711","0.0314","0.4162"
"WEP","05-Oct-2025","13","92.42","90.20","0.18","-1.040","0.00","2.26","0.3711","0.0314","0.4162"
"WEP","05-Oct-2025","14","93.78","91.86","0.22","-1.380","0.00","2.26","0.3711","0.0314","0.4162"
"WEP","05-Oct-2025","15","89.56","87.49","0.34","-1.350","0.00","2.26","0.3711","0.0314","0.4162"
"WEP","05-Oct-2025","16","92.17","89.73","0.35","-0.990","0.00","2.26","0.3711","0.0314","0.4162"
"WEP","05-Oct-2025","17","91.31","88.70","0.32","-0.790","0.00","2.26","0.3711","0.0314","0.4162"
"WEP","05-Oct-2025","18","89.46","86.95","0.31","-0.870","0.00","2.26","0.3711","0.0314","0.4162"
"WEP","05-Oct-2025","19","87.88","85.74","0.20","-1.130","0.00","2.26","0.3711","0.0314","0.4162"
"WEP","05-Oct-2025","20","87.86","85.70","0.20","-1.120","0.00","2.26","0.3711","0.0314","0.4162"
"WEP","05-Oct-2025","21","84.30","82.55","0.16","-1.490","0.00","2.26","0.3711","0.0314","0.4162"
"WEP","05-Oct-2025","22","82.16","79.93","0.16","-1.010","0.00","2.26","0.3711","0.0314","0.4162"
"WEP","05-Oct-2025","23","82.29","79.89","0.15","-0.830","0.00","2.26","0.3711","0.0314","0.4162"
"WEP","05-Oct-2025","24","75.82","73.71","0.14","-1.100","0.00","2.26","0.3711","0.0314","0.4162"
"WEP","05-Oct-2025","25","75.84","73.70","0.16","-1.100","0.00","2.26","0.3711","0.0314","0.4162"
"WEP","05-Oct-2025","26","74.78","72.67","0.16","-1.130","0.00","2.26","0.3711","0.0314","0.4162"
"WEP","05-Oct-2025","27","74.53","73.35","0.16","-2.050","0.00","2.26","0.3711","0.0314","0.4162"
"WEP","05-Oct-2025","28","74.88","73.35","0.15","-1.700","0.00","2.26","0.3711","0.0314","0.4162"
"WEP","05-Oct-2025","29","75.17","73.36","0.14","-1.410","0.00","2.26","0.3711","0.0314","0.4162"
"WEP","05-Oct-2025","30","74.25","73.36","0.12","-2.310","0.00","2.26","0.3711","0.0314","0.4162"
"WEP","05-Oct-2025","31","74.40","73.71","0.14","-2.530","0.00","2.26","0.3711","0.0314","0.4162"
"WEP","05-Oct-2025","32","86.70","85.72","0.17","-2.270","0.00","2.26","0.3711","0.0314","0.4162"
"WEP","05-Oct-2025","33","87.39","85.75","0.15","-1.590","0.00","2.26","0.3711","0.0314","0.4162"
"WEP","05-Oct-2025","34","88.07","86.04","0.17","-1.220","0.00","2.26","0.3711","0.0314","0.4162"
"WEP","05-Oct-2025","35","91.74","90.03","0.42","-1.790","0.00","2.26","0.3711","0.0314","0.4162"
"WEP","05-Oct-2025","36","88.82","87.36","0.16","-1.780","0.00","2.26","0.3711","0.0314","0.4162"
"WEP","05-Oct-2025","37","95.13","93.51","0.21","-1.660","0.00","2.26","0.3711","0.0314","0.4162"
"WEP","05-Oct-2025","38","110.74","108.50","0.54","-1.370","0.00","2.26","0.3711","0.0314","0.4162"
"WEP","05-Oct-2025","39","112.70","110.67","0.41","-1.460","0.00","2.26","0.3711","0.0314","0.4162"
"WEP","05-Oct-2025","40","126.48","124.65","0.60","-1.850","0.00","2.26","0.3711","0.0314","0.4162"
"WEP","05-Oct-2025","41","114.37","112.30","0.32","-1.330","0.00","2.26","0.3711","0.0314","0.4162"
"WEP","05-Oct-2025","42","114.22","112.30","0.35","-1.510","0.00","2.26","0.3711","0.0314","0.4162"
"WEP","05-Oct-2025","43","114.72","112.33","0.35","-1.040","0.00","2.26","0.3711","0.0314","0.4162"
"WEP","05-Oct-2025","44","112.55","109.98","0.28","-0.790","0.00","2.26","0.3711","0.0314","0.4162"
"WEP","05-Oct-2025","45","100.41","98.39","0.18","-1.230","0.00","2.26","0.3711","0.0314","0.4162"
"WEP","05-Oct-2025","46","95.18","93.45","0.14","-1.490","0.00","2.26","0.3711","0.0314","0.4162"
"WEP","05-Oct-2025","47","95.40","93.24","0.13","-1.050","0.00","2.26","0.3711","0.0314","0.4162"
"WEP","05-Oct-2025","48","95.60","93.35","0.13","-0.960","0.00","2.26","0.3711","0.0314","0.4162"
"WEP","06-Oct-2025","1","96.14","93.42","0.12","-0.440","0.00","2.26","0.3711","0.0289","0.3829"
"WEP","06-Oct-2025","2","95.99","93.21","0.08","-0.340","0.00","2.26","0.3711","0.0289","0.3829"
"WEP","06-Oct-2025","3","94.25","91.70","0.05","-0.550","0.00","2.26","0.3711","0.0289","0.3829"
"WEP","06-Oct-2025","4","84.52","81.53","0.06","-0.110","0.00","2.26","0.3711","0.0289","0.3829"
"WEP","06-Oct-2025","5","82.60","79.86","0.06","-0.360","0.00","2.26","0.3711","0.0289","0.3829"
"WEP","06-Oct-2025","6","88.03","85.90","0.06","-0.970","0.00","2.26","0.3711","0.0289","0.3829"
"WEP","06-Oct-2025","7","88.38","85.79","0.06","-0.520","0.00","2.26","0.3711","0.0289","0.3829"
"WEP","06-Oct-2025","8","89.22","86.90","0.06","-0.790","0.00","2.26","0.3711","0.0289","0.3829"
"WEP","06-Oct-2025","9","89.66","87.12","0.06","-0.560","0.00","2.26","0.3711","0.0289","0.3829"
"WEP","06-Oct-2025","10","89.77","87.13","0.05","-0.450","0.00","2.26","0.3711","0.0289","0.3829"
"WEP","06-Oct-2025","11","94.66","91.70","0.08","-0.160","0.00","2.26","0.3711","0.0289","0.3829"
"WEP","06-Oct-2025","12","84.08","80.08","0.13","0.830","0.00","2.26","0.3711","0.0289","0.3829"
"WEP","06-Oct-2025","13","84.72","81.56","0.17","-0.050","0.00","2.26","0.3711","0.0289","0.3829"
"WEP","06-Oct-2025","14","95.86","93.41","0.19","-0.790","0.00","2.26","0.3711","0.0289","0.3829"
"WEP","06-Oct-2025","15","95.83","93.22","0.40","-0.840","0.00","2.26","0.3711","0.0289","0.3829"
"WEP","06-Oct-2025","16","103.79","100.72","0.38","-0.360","0.00","2.26","0.3711","0.0289","0.3829"
"WEP","06-Oct-2025","17","108.52","105.45","0.36","-0.330","0.00","2.26","0.3711","0.0289","0.3829"
"WEP","06-Oct-2025","18","96.39","93.31","0.36","-0.330","0.00","2.26","0.3711","0.0289","0.3829"
"WEP","06-Oct-2025","19","93.63","90.61","0.29","-0.310","0.00","2.26","0.3711","0.0289","0.3829"
"WEP","06-Oct-2025","20","91.02","88.59","0.22","-0.830","0.00","2.26","0.3711","0.0289","0.3829"
"WEP","06-Oct-2025","21","89.35","87.54","0.13","-1.370","0.00","2.26","0.3711","0.0289","0.3829"
"WEP","06-Oct-2025","22","88.96","87.39","0.13","-1.600","0.00","2.26","0.3711","0.0289","0.3829"
"WEP","06-Oct-2025","23","90.97","88.64","0.12","-0.830","0.00","2.26","0.3711","0.0289","0.3829"
"WEP","06-Oct-2025","24","91.81","89.95","0.12","-1.300","0.00","2.26","0.3711","0.0289","0.3829"
"WEP","06-Oct-2025","25","93.33","90.63","0.15","-0.490","0.00","2.26","0.3711","0.0289","0.3829"
"WEP","06-Oct-2025","26","96.97","93.27","0.16","0.500","0.00","2.26","0.3711","0.0289","0.3829"
"WEP","06-Oct-2025","27","96.21","93.38","0.13","-0.340","0.00","2.26","0.3711","0.0289","0.3829"
"WEP","06-Oct-2025","28","87.45","85.87","0.13","-1.590","0.00","2.26","0.3711","0.0289","0.3829"
"WEP","06-Oct-2025","29","89.24","88.22","0.12","-2.140","0.00","2.26","0.3711","0.0289","0.3829"
"WEP","06-Oct-2025","30","112.69","111.42","0.15","-1.930","0.00","2.26","0.3711","0.0289","0.3829"
"WEP","06-Oct-2025","31","94.36","92.35","0.12","-1.150","0.00","2.26","0.3711","0.0289","0.3829"
"WEP","06-Oct-2025","32","94.07","93.22","0.17","-2.360","0.00","2.26","0.3711","0.0289","0.3829"
"WEP","06-Oct-2025","33","114.23","112.15","0.19","-1.150","0.00","2.26","0.3711","0.0289","0.3829"
"WEP","06-Oct-2025","34","112.59","109.96","0.21","-0.620","0.00","2.26","0.3711","0.0289","0.3829"
"WEP","06-Oct-2025","35","109.17","106.87","0.52","-1.260","0.00","2.26","0.3711","0.0289","0.3829"
"WEP","06-Oct-2025","36","109.59","107.93","0.31","-1.690","0.00","2.26","0.3711","0.0289","0.3829"
"WEP","06-Oct-2025","37","114.12","111.98","0.32","-1.230","0.00","2.26","0.3711","0.0289","0.3829"
"WEP","06-Oct-2025","38","114.99","112.83","0.39","-1.270","0.00","2.26","0.3711","0.0289","0.3829"
"WEP","06-Oct-2025","39","118.64","116.13","0.42","-0.950","0.00","2.26","0.3711","0.0289","0.3829"
"WEP","06-Oct-2025","40","118.61","116.14","0.41","-0.980","0.00","2.26","0.3711","0.0289","0.3829"
"WEP","06-Oct-2025","41","126.49","124.13","0.39","-1.070","0.00","2.26","0.3711","0.0289","0.3829"
"WEP","06-Oct-2025","42","126.73","124.15","0.37","-0.830","0.00","2.26","0.3711","0.0289","0.3829"
"WEP","06-Oct-2025","43","119.71","117.32","0.31","-0.970","0.00","2.26","0.3711","0.0289","0.3829"
"WEP","06-Oct-2025","44","96.30","93.44","0.12","-0.310","0.00","2.26","0.3711","0.0289","0.3829"
"WEP","06-Oct-2025","45","91.29","88.52","0.13","-0.400","0.00","2.26","0.3711","0.0289","0.3829"
"WEP","06-Oct-2025","46","88.77","86.11","0.13","-0.510","0.00","2.26","0.3711","0.0289","0.3829"
"WEP","06-Oct-2025","47","88.99","85.97","0.14","-0.170","0.00","2.26","0.3711","0.0289","0.3829"
"WEP","06-Oct-2025","48","89.45","86.97","0.11","-0.670","0.00","2.26","0.3711","0.0289","0.3829"
"WEP","07-Oct-2025","1","88.46","85.93","0.10","-0.620","0.00","2.26","0.3711","0.0292","0.3864"
"WEP","07-Oct-2025","2","82.32","79.79","0.07","-0.580","0.00","2.26","0.3711","0.0292","0.3864"
"WEP","07-Oct-2025","3","80.87","77.81","0.05","-0.030","0.00","2.26","0.3711","0.0292","0.3864"
"WEP","07-Oct-2025","4","88.67","85.95","0.05","-0.380","0.00","2.26","0.3711","0.0292","0.3864"
"WEP","07-Oct-2025","5","88.46","85.89","0.05","-0.530","0.00","2.26","0.3711","0.0292","0.3864"
"WEP","07-Oct-2025","6","88.31","85.80","0.06","-0.600","0.00","2.26","0.3711","0.0292","0.3864"
"WEP","07-Oct-2025","7","88.86","85.79","0.06","-0.030","0.00","2.26","0.3711","0.0292","0.3864"
"WEP","07-Oct-2025","8","88.40","85.79","0.06","-0.490","0.00","2.26","0.3711","0.0292","0.3864"
"WEP","07-Oct-2025","9","88.82","85.79","0.05","-0.060","0.00","2.26","0.3711","0.0292","0.3864"
"WEP","07-Oct-2025","10","88.79","85.92","0.05","-0.230","0.00","2.26","0.3711","0.0292","0.3864"
"WEP","07-Oct-2025","11","95.56","92.34","0.07","0.100","0.00","2.26","0.3711","0.0292","0.3864"
"WEP","07-Oct-2025","12","83.36","79.79","0.11","0.410","0.00","2.26","0.3711","0.0292","0.3864"
"WEP","07-Oct-2025","13","83.58","80.13","0.15","0.250","0.00","2.26","0.3711","0.0292","0.3864"
"WEP","07-Oct-2025","14","96.60","94.20","0.17","-0.820","0.00","2.26","0.3711","0.0292","0.3864"
"WEP","07-Oct-2025","15","96.00","94.00","0.21","-1.260","0.00","2.26","0.3711","0.0292","0.3864"
"WEP","07-Oct-2025","16","109.66","106.86","0.21","-0.460","0.00","2.26","0.3711","0.0292","0.3864"
"WEP","07-Oct-2025","17","100.18","96.91","0.19","0.040","0.00","2.26","0.3711","0.0292","0.3864"
"WEP","07-Oct-2025","18","97.13","93.35","0.28","0.460","0.00","2.26","0.3711","0.0292","0.3864"
"WEP","07-Oct-2025","19","93.30","90.23","0.18","-0.150","0.00","2.26","0.3711","0.0292","0.3864"
"WEP","07-Oct-2025","20","88.47","85.86","0.18","-0.620","0.00","2.26","0.3711","0.0292","0.3864"
"WEP","07-Oct-2025","21","87.06","85.12","0.13","-1.230","0.00","2.26","0.3711","0.0292","0.3864"
"WEP","07-Oct-2025","22","83.44","81.44","0.13","-1.180","0.00","2.26","0.3711","0.0292","0.3864"
"WEP","07-Oct-2025","23","81.74","80.10","0.13","-1.540","0.00","2.26","0.3711","0.0292","0.3864"
"WEP","07-Oct-2025","24","81.45","80.18","0.12","-1.900","0.00","2.26","0.3711","0.0292","0.3864"
"WEP","07-Oct-2025","25","88.44","87.06","0.14","-1.810","0.00","2.26","0.3711","0.0292","0.3864"
"WEP","07-Oct-2025","26","92.84","90.60","0.14","-0.950","0.00","2.26","0.3711","0.0292","0.3864"
"WEP","07-Oct-2025","27","88.10","85.99","0.13","-1.070","0.00","2.26","0.3711","0.0292","0.3864"
"WEP","07-Oct-2025","28","91.08","89.14","0.13","-1.230","0.00","2.26","0.3711","0.0292","0.3864"
"WEP","07-Oct-2025","29","93.92","91.41","0.12","-0.660","0.00","2.26","0.3711","0.0292","0.3864"
"WEP","07-Oct-2025","30","89.98","86.90","0.11","-0.080","0.00","2.26","0.3711","0.0292","0.3864"
"WEP","07-Oct-2025","31","82.75","81.22","0.12","-1.640","0.00","2.26","0.3711","0.0292","0.3864"
"WEP","07-Oct-2025","32","85.03","83.65","0.14","-1.800","0.00","2.26","0.3711","0.0292","0.3864"
"WEP","07-Oct-2025","33","91.79","90.25","0.13","-1.630","0.00","2.26","0.3711","0.0292","0.3864"
"WEP","07-Oct-2025","34","95.63","93.49","0.22","-1.130","0.00","2.26","0.3711","0.0292","0.3864"
"WEP","07-Oct-2025","35","95.97","93.37","0.43","-0.880","0.00","2.26","0.3711","0.0292","0.3864"
"WEP","07-Oct-2025","36","95.68","93.37","0.27","-1.010","0.00","2.26","0.3711","0.0292","0.3864"
"WEP","07-Oct-2025","37","108.82","106.86","0.33","-1.420","0.00","2.26","0.3711","0.0292","0.3864"
"WEP","07-Oct-2025","38","109.47","106.90","0.37","-0.850","0.00","2.26","0.3711","0.0292","0.3864"
"WEP","07-Oct-2025","39","112.58","110.00","0.39","-0.860","0.00","2.26","0.3711","0.0292","0.3864"
"WEP","07-Oct-2025","40","112.69","109.97","0.37","-0.700","0.00","2.26","0.3711","0.0292","0.3864"
"WEP","07-Oct-2025","41","111.32","108.74","0.34","-0.810","0.00","2.26","0.3711","0.0292","0.3864"
"WEP","07-Oct-2025","42","109.40","106.93","0.30","-0.880","0.00","2.26","0.3711","0.0292","0.3864"
"WEP","07-Oct-2025","43","107.07","104.66","0.14","-0.780","0.00","2.26","0.3711","0.0292","0.3864"
"WEP","07-Oct-2025","44","98.77","96.17","0.12","-0.560","0.00","2.26","0.3711","0.0292","0.3864"
"WEP","07-Oct-2025","45","96.91","94.05","0.13","-0.310","0.00","2.26","0.3711","0.0292","0.3864"
"WEP","07-Oct-2025","46","95.45","93.40","0.13","-1.130","0.00","2.26","0.3711","0.0292","0.3864"
"WEP","07-Oct-2025","47","95.46","93.25","0.13","-0.970","0.00","2.26","0.3711","0.0292","0.3864"
"WEP","07-Oct-2025","48","93.95","91.21","0.11","-0.420","0.00","2.26","0.3711","0.0292","0.3864"
"WEP","08-Oct-2025","1","95.87","93.22","0.10","-0.500","0.00","2.26","0.3711","0.0292","0.3862"
"WEP","08-Oct-2025","2","91.65","89.48","0.06","-0.940","0.00","2.26","0.3711","0.0292","0.3862"
"WEP","08-Oct-2025","3","88.17","85.94","0.05","-0.870","0.00","2.26","0.3711","0.0292","0.3862"
"WEP","08-Oct-2025","4","87.79","85.80","0.05","-1.110","0.00","2.26","0.3711","0.0292","0.3862"
"WEP","08-Oct-2025","5","87.75","85.70","0.06","-1.050","0.00","2.26","0.3711","0.0292","0.3862"
"WEP","08-Oct-2025","6","87.66","85.80","0.08","-1.260","0.00","2.26","0.3711","0.0292","0.3862"
"WEP","08-Oct-2025","7","88.08","85.79","0.10","-0.850","0.00","2.26","0.3711","0.0292","0.3862"
"WEP","08-Oct-2025","8","88.20","85.69","0.09","-0.630","0.00","2.26","0.3711","0.0292","0.3862"
"WEP","08-Oct-2025","9","88.26","85.69","0.08","-0.560","0.00","2.26","0.3711","0.0292","0.3862"
"WEP","08-Oct-2025","10","87.97","85.79","0.08","-0.950","0.00","2.26","0.3711","0.0292","0.3862"
"WEP","08-Oct-2025","11","92.67","90.51","0.07","-0.960","0.00","2.26","0.3711","0.0292","0.3862"
"WEP","08-Oct-2025","12","95.39","93.18","0.11","-0.950","0.00","2.26","0.3711","0.0292","0.3862"
"WEP","08-Oct-2025","13","94.95","93.32","0.17","-1.580","0.00","2.26","0.3711","0.0292","0.3862"
"WEP","08-Oct-2025","14","92.71","90.94","0.18","-1.460","0.00","2.26","0.3711","0.0292","0.3862"
"WEP","08-Oct-2025","15","92.81","90.96","0.40","-1.600","0.00","2.26","0.3711","0.0292","0.3862"
"WEP","08-Oct-2025","16","95.65","93.23","0.39","-1.020","0.00","2.26","0.3711","0.0292","0.3862"
"WEP","08-Oct-2025","17","96.17","93.35","0.36","-0.590","0.00","2.26","0.3711","0.0292","0.3862"
"WEP","08-Oct-2025","18","96.05","93.12","0.36","-0.480","0.00","2.26","0.3711","0.0292","0.3862"
"WEP","08-Oct-2025","19","88.41","85.99","0.21","-0.840","0.00","2.26","0.3711","0.0292","0.3862"
"WEP","08-Oct-2025","20","86.54","84.00","0.19","-0.700","0.00","2.26","0.3711","0.0292","0.3862"
"WEP","08-Oct-2025","21","82.23","80.31","0.13","-1.250","0.00","2.26","0.3711","0.0292","0.3862"
"WEP","08-Oct-2025","22","81.98","79.99","0.12","-1.180","0.00","2.26","0.3711","0.0292","0.3862"
"WEP","08-Oct-2025","23","82.45","79.97","0.12","-0.680","0.00","2.26","0.3711","0.0292","0.3862"
"WEP","08-Oct-2025","24","78.33","76.18","0.12","-1.020","0.00","2.26","0.3711","0.0292","0.3862"
"WEP","08-Oct-2025","25","76.47","74.99","0.13","-1.690","0.00","2.26","0.3711","0.0292","0.3862"
"WEP","08-Oct-2025","26","76.56","74.99","0.14","-1.610","0.00","2.26","0.3711","0.0292","0.3862"
"WEP","08-Oct-2025","27","77.49","76.83","0.13","-2.520","0.00","2.26","0.3711","0.0292","0.3862"
"WEP","08-Oct-2025","28","80.15","79.47","0.13","-2.500","0.00","2.26","0.3711","0.0292","0.3862"
"WEP","08-Oct-2025","29","86.86","85.98","0.12","-2.290","0.00","2.26","0.3711","0.0292","0.3862"
"WEP","08-Oct-2025","30","95.30","93.33","0.11","-1.190","0.00","2.26","0.3711","0.0292","0.3862"
"WEP","08-Oct-2025","31","91.32","88.61","0.12","-0.460","0.00","2.26","0.3711","0.0292","0.3862"
"WEP","08-Oct-2025","32","84.36","82.52","0.13","-1.330","0.00","2.26","0.3711","0.0292","0.3862"
"WEP","08-Oct-2025","33","83.70","82.53","0.12","-1.990","0.00","2.26","0.3711","0.0292","0.3862"
"WEP","08-Oct-2025","34","90.65","89.53","0.13","-2.050","0.00","2.26","0.3711","0.0292","0.3862"
"WEP","08-Oct-2025","35","91.25","89.58","0.38","-1.760","0.00","2.26","0.3711","0.0292","0.3862"
"WEP","08-Oct-2025","36","94.50","93.27","0.25","-2.070","0.00","2.26","0.3711","0.0292","0.3862"
"WEP","08-Oct-2025","37","111.43","109.90","0.33","-1.850","0.00","2.26","0.3711","0.0292","0.3862"
"WEP","08-Oct-2025","38","113.73","111.98","0.37","-1.660","0.00","2.26","0.3711","0.0292","0.3862"
"WEP","08-Oct-2025","39","113.19","111.60","0.34","-1.790","0.00","2.26","0.3711","0.0292","0.3862"
"WEP","08-Oct-2025","40","113.90","112.44","0.33","-1.920","0.00","2.26","0.3711","0.0292","0.3862"
"WEP","08-Oct-2025","41","122.07","120.76","0.30","-2.040","0.00","2.26","0.3711","0.0292","0.3862"
"WEP","08-Oct-2025","42","114.15","112.79","0.30","-1.980","0.00","2.26","0.3711","0.0292","0.3862"
"WEP","08-Oct-2025","43","113.98","112.07","0.30","-1.440","0.00","2.26","0.3711","0.0292","0.3862"
"WEP","08-Oct-2025","44","103.23","101.63","0.14","-1.580","0.00","2.26","0.3711","0.0292","0.3862"
"WEP","08-Oct-2025","45","99.92","97.72","0.17","-1.010","0.00","2.26","0.3711","0.0292","0.3862"
"WEP","08-Oct-2025","46","95.71","93.25","0.14","-0.720","0.00","2.26","0.3711","0.0292","0.3862"
"WEP","08-Oct-2025","47","93.16","91.25","0.15","-1.290","0.00","2.26","0.3711","0.0292","0.3862"
"WEP","08-Oct-2025","48","92.02","89.56","0.11","-0.700","0.00","2.26","0.3711","0.0292","0.3862"
"WEP","09-Oct-2025","1","92.79","90.67","0.12","-1.040","0.00","2.26","0.3711","0.0293","0.3886"
"WEP","09-Oct-2025","2","91.63","89.75","0.06","-1.230","0.00","2.26","0.3711","0.0293","0.3886"
"WEP","09-Oct-2025","3","91.58","89.74","0.05","-1.260","0.00","2.26","0.3711","0.0293","0.3886"
"WEP","09-Oct-2025","4","89.80","87.94","0.05","-1.240","0.00","2.26","0.3711","0.0293","0.3886"
"WEP","09-Oct-2025","5","89.55","87.78","0.06","-1.340","0.00","2.26","0.3711","0.0293","0.3886"
"WEP","09-Oct-2025","6","88.92","87.49","0.09","-1.710","0.00","2.26","0.3711","0.0293","0.3886"
"WEP","09-Oct-2025","7","96.53","95.60","0.10","-2.220","0.00","2.26","0.3711","0.0293","0.3886"
"WEP","09-Oct-2025","8","98.36","97.33","0.10","-2.120","0.00","2.26","0.3711","0.0293","0.3886"
"WEP","09-Oct-2025","9","89.31","87.72","0.10","-1.560","0.00","2.26","0.3711","0.0293","0.3886"
"WEP","09-Oct-2025","10","87.15","85.88","0.08","-1.860","0.00","2.26","0.3711","0.0293","0.3886"
"WEP","09-Oct-2025","11","91.60","89.73","0.07","-1.250","0.00","2.26","0.3711","0.0293","0.3886"
"WEP","09-Oct-2025","12","93.53","91.54","0.13","-1.190","0.00","2.26","0.3711","0.0293","0.3886"
"WEP","09-Oct-2025","13","95.66","93.61","0.34","-1.340","0.00","2.26","0.3711","0.0293","0.3886"
"WEP","09-Oct-2025","14","102.78","100.92","0.45","-1.640","0.00","2.26","0.3711","0.0293","0.3886"
"WEP","09-Oct-2025","15","113.38","111.81","0.59","-2.070","0.00","2.26","0.3711","0.0293","0.3886"
"WEP","09-Oct-2025","16","128.04","125.98","0.77","-1.760","0.00","2.26","0.3711","0.0293","0.3886"
"WEP","09-Oct-2025","17","166.50","164.15","1.08","-1.770","0.00","2.26","0.3711","0.0293","0.3886"
"WEP","09-Oct-2025","18","161.67","159.36","1.14","-1.880","0.00","2.26","0.3711","0.0293","0.3886"
"WEP","09-Oct-2025","19","142.46","142.01","0.77","-3.370","0.00","2.26","0.3711","0.0293","0.3886"
"WEP","09-Oct-2025","20","152.16","152.29","0.92","-4.100","0.00","2.26","0.3711","0.0293","0.3886"
"WEP","09-Oct-2025","21","213.85","212.85","1.02","-3.070","0.00","2.26","0.3711","0.0293","0.3886"
"WEP","09-Oct-2025","22","335.82","331.80","2.05","-1.070","0.00","2.26","0.3711","0.0293","0.3886"
"WEP","09-Oct-2025","23","147.79","145.21","0.66","-1.130","0.00","2.26","0.3711","0.0293","0.3886"
"WEP","09-Oct-2025","24","101.00","98.65","0.28","-0.980","0.00","2.26","0.3711","0.0293","0.3886"
"WEP","09-Oct-2025","25","102.15","98.62","0.32","0.160","0.00","2.26","0.3711","0.0293","0.3886"
"WEP","09-Oct-2025","26","78.08","76.19","0.17","-1.330","0.00","2.26","0.3711","0.0293","0.3886"
"WEP","09-Oct-2025","27","81.16","79.96","0.17","-2.010","0.00","2.26","0.3711","0.0293","0.3886"
"WEP","09-Oct-2025","28","107.50","105.80","0.36","-1.710","0.00","2.26","0.3711","0.0293","0.3886"
"WEP","09-Oct-2025","29","100.29","97.75","0.27","-0.780","0.00","2.26","0.3711","0.0293","0.3886"
"WEP","09-Oct-2025","30","89.38","87.32","0.13","-1.120","0.00","2.26","0.3711","0.0293","0.3886"
"WEP","09-Oct-2025","31","82.25","80.02","0.14","-0.960","0.00","2.26","0.3711","0.0293","0.3886"
"WEP","09-Oct-2025","32","79.13","77.57","0.16","-1.650","0.00","2.26","0.3711","0.0293","0.3886"
"WEP","09-Oct-2025","33","85.38","83.97","0.13","-1.770","0.00","2.26","0.3711","0.0293","0.3886"
"WEP","09-Oct-2025","34","90.79","89.57","0.23","-2.060","0.00","2.26","0.3711","0.0293","0.3886"
"WEP","09-Oct-2025","35","91.91","90.25","0.63","-2.020","0.00","2.26","0.3711","0.0293","0.3886"
"WEP","09-Oct-2025","36","107.41","106.77","0.36","-2.770","0.00","2.26","0.3711","0.0293","0.3886"
"WEP","09-Oct-2025","37","113.63","112.67","0.49","-2.580","0.00","2.26","0.3711","0.0293","0.3886"
"WEP","09-Oct-2025","38","147.85","146.30","0.91","-2.400","0.00","2.26","0.3711","0.0293","0.3886"
"WEP","09-Oct-2025","39","172.91","171.19","1.15","-2.480","0.00","2.26","0.3711","0.0293","0.3886"
"WEP","09-Oct-2025","40","154.65","152.88","0.91","-2.180","0.00","2.26","0.3711","0.0293","0.3886"
"WEP","09-Oct-2025","41","122.62","120.73","0.49","-1.650","0.00","2.26","0.3711","0.0293","0.3886"
"WEP","09-Oct-2025","42","119.27","117.60","0.46","-1.840","0.00","2.26","0.3711","0.0293","0.3886"
"WEP","09-Oct-2025","43","114.16","112.10","0.40","-1.380","0.00","2.26","0.3711","0.0293","0.3886"
"WEP","09-Oct-2025","44","108.42","106.59","0.29","-1.500","0.00","2.26","0.3711","0.0293","0.3886"
"WEP","09-Oct-2025","45","95.23","93.09","0.27","-1.180","0.00","2.26","0.3711","0.0293","0.3886"
"WEP","09-Oct-2025","46","93.59","91.25","0.20","-0.910","0.00","2.26","0.3711","0.0293","0.3886"
"WEP","09-Oct-2025","47","93.74","91.24","0.20","-0.750","0.00","2.26","0.3711","0.0293","0.3886"
"WEP","09-Oct-2025","48","93.02","90.70","0.13","-0.860","0.00","2.26","0.3711","0.0293","0.3886"
"WEP","10-Oct-2025","1","93.85","91.23","0.14","-0.570","0.00","2.26","0.3711","0.0294","0.3893"
"WEP","10-Oct-2025","2","92.03","89.31","0.11","-0.440","0.00","2.26","0.3711","0.0294","0.3893"
"WEP","10-Oct-2025","3","90.54","87.94","0.09","-0.540","0.00","2.26","0.3711","0.0294","0.3893"
"WEP","10-Oct-2025","4","90.33","87.56","0.10","-0.380","0.00","2.26","0.3711","0.0294","0.3893"
"WEP","10-Oct-2025","5","90.10","87.54","0.10","-0.590","0.00","2.26","0.3711","0.0294","0.3893"
"WEP","10-Oct-2025","6","90.07","87.48","0.10","-0.560","0.00","2.26","0.3711","0.0294","0.3893"
"WEP","10-Oct-2025","7","89.40","86.85","0.10","-0.600","0.00","2.26","0.3711","0.0294","0.3893"
"WEP","10-Oct-2025","8","88.31","85.78","0.10","-0.620","0.00","2.26","0.3711","0.0294","0.3893"
"WEP","10-Oct-2025","9","88.09","85.78","0.08","-0.820","0.00","2.26","0.3711","0.0294","0.3893"
"WEP","10-Oct-2025","10","88.03","85.78","0.10","-0.900","0.00","2.26","0.3711","0.0294","0.3893"
"WEP","10-Oct-2025","11","88.99","87.04","0.11","-1.210","0.00","2.26","0.3711","0.0294","0.3893"
"WEP","10-Oct-2025","12","90.81","88.41","0.15","-0.800","0.00","2.26","0.3711","0.0294","0.3893"
"WEP","10-Oct-2025","13","92.17","90.15","0.17","-1.200","0.00","2.26","0.3711","0.0294","0.3893"
"WEP","10-Oct-2025","14","92.74","90.64","0.20","-1.150","0.00","2.26","0.3711","0.0294","0.3893"
"WEP","10-Oct-2025","15","91.68","89.54","0.41","-1.320","0.00","2.26","0.3711","0.0294","0.3893"
"WEP","10-Oct-2025","16","93.47","90.79","0.40","-0.770","0.00","2.26","0.3711","0.0294","0.3893"
"WEP","10-Oct-2025","17","94.02","90.78","0.37","-0.180","0.00","2.26","0.3711","0.0294","0.3893"
"WEP","10-Oct-2025","18","94.20","90.67","0.38","0.100","0.00","2.26","0.3711","0.0294","0.3893"
"WEP","10-Oct-2025","19","91.24","88.46","0.21","-0.480","0.00","2.26","0.3711","0.0294","0.3893"
"WEP","10-Oct-2025","20","88.73","85.92","0.32","-0.560","0.00","2.26","0.3711","0.0294","0.3893"
"WEP","10-Oct-2025","21","88.49","85.74","0.13","-0.430","0.00","2.26","0.3711","0.0294","0.3893"
"WEP","10-Oct-2025","22","82.56","79.98","0.13","-0.600","0.00","2.26","0.3711","0.0294","0.3893"
"WEP","10-Oct-2025","23","80.95","79.36","0.13","-1.590","0.00","2.26","0.3711","0.0294","0.3893"
"WEP","10-Oct-2025","24","76.92","76.20","0.12","-2.450","0.00","2.26","0.3711","0.0294","0.3893"
"WEP","10-Oct-2025","25","81.28","79.49","0.15","-1.410","0.00","2.26","0.3711","0.0294","0.3893"
"WEP","10-Oct-2025","26","82.76","80.04","0.15","-0.480","0.00","2.26","0.3711","0.0294","0.3893"
"WEP","10-Oct-2025","27","80.98","79.27","0.14","-1.480","0.00","2.26","0.3711","0.0294","0.3893"
"WEP","10-Oct-2025","28","81.39","79.54","0.13","-1.320","0.00","2.26","0.3711","0.0294","0.3893"
"WEP","10-Oct-2025","29","83.13","80.90","0.12","-0.940","0.00","2.26","0.3711","0.0294","0.3893"
"WEP","10-Oct-2025","30","82.42","79.87","0.11","-0.610","0.00","2.26","0.3711","0.0294","0.3893"
"WEP","10-Oct-2025","31","81.49","79.50","0.12","-1.180","0.00","2.26","0.3711","0.0294","0.3893"
"WEP","10-Oct-2025","32","80.85","79.44","0.13","-1.770","0.00","2.26","0.3711","0.0294","0.3893"
"WEP","10-Oct-2025","33","81.33","79.97","0.12","-1.810","0.00","2.26","0.3711","0.0294","0.3893"
"WEP","10-Oct-2025","34","85.39","84.59","0.13","-2.380","0.00","2.26","0.3711","0.0294","0.3893"
"WEP","10-Oct-2025","35","90.32","88.63","0.62","-1.980","0.00","2.26","0.3711","0.0294","0.3893"
"WEP","10-Oct-2025","36","100.23","98.85","0.24","-1.910","0.00","2.26","0.3711","0.0294","0.3893"
"WEP","10-Oct-2025","37","112.16","109.91","0.35","-1.150","0.00","2.26","0.3711","0.0294","0.3893"
"WEP","10-Oct-2025","38","123.38","120.73","0.75","-1.150","0.00","2.26","0.3711","0.0294","0.3893"
"WEP","10-Oct-2025","39","123.74","120.76","0.72","-0.790","0.00","2.26","0.3711","0.0294","0.3893"
"WEP","10-Oct-2025","40","115.20","112.64","0.50","-0.990","0.00","2.26","0.3711","0.0294","0.3893"
"WEP","10-Oct-2025","41","115.43","112.63","0.36","-0.610","0.00","2.26","0.3711","0.0294","0.3893"
"WEP","10-Oct-2025","42","113.05","110.60","0.36","-0.960","0.00","2.26","0.3711","0.0294","0.3893"
"WEP","10-Oct-2025","43","109.19","106.92","0.27","-1.050","0.00","2.26","0.3711","0.0294","0.3893"
"WEP","10-Oct-2025","44","92.87","90.84","0.13","-1.150","0.00","2.26","0.3711","0.0294","0.3893"
"WEP","10-Oct-2025","45","93.20","90.75","0.12","-0.720","0.00","2.26","0.3711","0.0294","0.3893"
"WEP","10-Oct-2025","46","93.13","90.60","0.10","-0.620","0.00","2.26","0.3711","0.0294","0.3893"
"WEP","10-Oct-2025","47","91.01","88.59","0.10","-0.730","0.00","2.26","0.3711","0.0294","0.3893"
"WEP","10-Oct-2025","48","93.05","90.76","0.10","-0.860","0.00","2.26","0.3711","0.0294","0.3893"
"WEP","11-Oct-2025","1","90.09","87.67","0.12","-0.760","0.00","2.26","0.3711","0.0305","0.4034"
"WEP","11-Oct-2025","2","95.73","92.75","0.09","-0.180","0.00","2.26","0.3711","0.0305","0.4034"
"WEP","11-Oct-2025","3","90.55","87.58","0.05","-0.140","0.00","2.26","0.3711","0.0305","0.4034"
"WEP","11-Oct-2025","4","90.31","87.98","0.05","-0.780","0.00","2.26","0.3711","0.0305","0.4034"
"WEP","11-Oct-2025","5","89.60","87.10","0.05","-0.610","0.00","2.26","0.3711","0.0305","0.4034"
"WEP","11-Oct-2025","6","88.57","85.66","0.06","-0.210","0.00","2.26","0.3711","0.0305","0.4034"
"WEP","11-Oct-2025","7","88.47","85.67","0.05","-0.320","0.00","2.26","0.3711","0.0305","0.4034"
"WEP","11-Oct-2025","8","88.47","85.65","0.06","-0.300","0.00","2.26","0.3711","0.0305","0.4034"
"WEP","11-Oct-2025","9","88.44","85.65","0.05","-0.330","0.00","2.26","0.3711","0.0305","0.4034"
"WEP","11-Oct-2025","10","88.33","85.65","0.05","-0.430","0.00","2.26","0.3711","0.0305","0.4034"
"WEP","11-Oct-2025","11","88.66","85.77","0.06","-0.230","0.00","2.26","0.3711","0.0305","0.4034"
"WEP","11-Oct-2025","12","88.56","85.88","0.08","-0.460","0.00","2.26","0.3711","0.0305","0.4034"
"WEP","11-Oct-2025","13","89.10","86.29","0.16","-0.420","0.00","2.26","0.3711","0.0305","0.4034"
"WEP","11-Oct-2025","14","89.81","87.07","0.17","-0.490","0.00","2.26","0.3711","0.0305","0.4034"
"WEP","11-Oct-2025","15","90.20","87.55","0.21","-0.620","0.00","2.26","0.3711","0.0305","0.4034"
"WEP","11-Oct-2025","16","93.76","90.66","0.51","-0.480","0.00","2.26","0.3711","0.0305","0.4034"
"WEP","11-Oct-2025","17","94.22","90.91","0.44","-0.190","0.00","2.26","0.3711","0.0305","0.4034"
"WEP","11-Oct-2025","18","90.79","87.62","0.21","-0.110","0.00","2.26","0.3711","0.0305","0.4034"
"WEP","11-Oct-2025","19","90.51","87.66","0.22","-0.430","0.00","2.26","0.3711","0.0305","0.4034"
"WEP","11-Oct-2025","20","90.35","87.69","0.18","-0.590","0.00","2.26","0.3711","0.0305","0.4034"
"WEP","11-Oct-2025","21","90.68","87.69","0.15","-0.230","0.00","2.26","0.3711","0.0305","0.4034"
"WEP","11-Oct-2025","22","84.70","81.96","0.15","-0.470","0.00","2.26","0.3711","0.0305","0.4034"
"WEP","11-Oct-2025","23","81.80","79.88","0.14","-1.280","0.00","2.26","0.3711","0.0305","0.4034"
"WEP","11-Oct-2025","24","81.76","79.51","0.13","-0.950","0.00","2.26","0.3711","0.0305","0.4034"
"WEP","11-Oct-2025","25","81.57","78.60","0.14","-0.240","0.00","2.26","0.3711","0.0305","0.4034"
"WEP","11-Oct-2025","26","76.99","74.55","0.14","-0.760","0.00","2.26","0.3711","0.0305","0.4034"
"WEP","11-Oct-2025","27","75.85","73.79","0.14","-1.150","0.00","2.26","0.3711","0.0305","0.4034"
"WEP","11-Oct-2025","28","77.53","75.33","0.13","-0.990","0.00","2.26","0.3711","0.0305","0.4034"
"WEP","11-Oct-2025","29","76.18","73.79","0.13","-0.800","0.00","2.26","0.3711","0.0305","0.4034"
"WEP","11-Oct-2025","30","74.30","72.93","0.12","-1.810","0.00","2.26","0.3711","0.0305","0.4034"
"WEP","11-Oct-2025","31","75.08","73.77","0.12","-1.870","0.00","2.26","0.3711","0.0305","0.4034"
"WEP","11-Oct-2025","32","80.37","79.48","0.15","-2.320","0.00","2.26","0.3711","0.0305","0.4034"
"WEP","11-Oct-2025","33","83.28","81.91","0.14","-1.830","0.00","2.26","0.3711","0.0305","0.4034"
"WEP","11-Oct-2025","34","91.61","89.87","0.16","-1.480","0.00","2.26","0.3711","0.0305","0.4034"
"WEP","11-Oct-2025","35","93.38","90.83","0.42","-0.930","0.00","2.26","0.3711","0.0305","0.4034"
"WEP","11-Oct-2025","36","92.68","90.72","0.16","-1.270","0.00","2.26","0.3711","0.0305","0.4034"
"WEP","11-Oct-2025","37","94.45","92.66","0.20","-1.480","0.00","2.26","0.3711","0.0305","0.4034"
"WEP","11-Oct-2025","38","109.53","107.72","0.47","-1.730","0.00","2.26","0.3711","0.0305","0.4034"
"WEP","11-Oct-2025","39","112.07","109.96","0.50","-1.460","0.00","2.26","0.3711","0.0305","0.4034"
"WEP","11-Oct-2025","40","113.65","111.83","0.50","-1.740","0.00","2.26","0.3711","0.0305","0.4034"
"WEP","11-Oct-2025","41","113.83","112.02","0.34","-1.600","0.00","2.26","0.3711","0.0305","0.4034"
"WEP","11-Oct-2025","42","113.95","112.02","0.34","-1.470","0.00","2.26","0.3711","0.0305","0.4034"
"WEP","11-Oct-2025","43","113.75","111.99","0.35","-1.650","0.00","2.26","0.3711","0.0305","0.4034"
"WEP","11-Oct-2025","44","108.85","106.91","0.25","-1.380","0.00","2.26","0.3711","0.0305","0.4034"
"WEP","11-Oct-2025","45","101.79","99.69","0.16","-1.130","0.00","2.26","0.3711","0.0305","0.4034"
"WEP","11-Oct-2025","46","97.31","95.14","0.14","-1.030","0.00","2.26","0.3711","0.0305","0.4034"
"WEP","11-Oct-2025","47","110.16","107.95","0.32","-1.170","0.00","2.26","0.3711","0.0305","0.4034"
"WEP","11-Oct-2025","48","100.16","97.05","0.14","-0.100","0.00","2.26","0.3711","0.0305","0.4034"
"WEP","12-Oct-2025","1","94.00","91.03","0.13","-0.230","0.00","2.26","0.3711","0.0313","0.4145"
"WEP","12-Oct-2025","2","89.75","86.02","0.10","0.550","0.00","2.26","0.3711","0.0313","0.4145"
"WEP","12-Oct-2025","3","89.79","87.06","0.06","-0.410","0.00","2.26","0.3711","0.0313","0.4145"
"WEP","12-Oct-2025","4","103.24","101.44","0.10","-1.380","0.00","2.26","0.3711","0.0313","0.4145"
"WEP","12-Oct-2025","5","101.48","98.64","0.10","-0.340","0.00","2.26","0.3711","0.0313","0.4145"
"WEP","12-Oct-2025","6","93.68","90.86","0.10","-0.360","0.00","2.26","0.3711","0.0313","0.4145"
"WEP","12-Oct-2025","7","93.65","90.76","0.10","-0.290","0.00","2.26","0.3711","0.0313","0.4145"
"WEP","12-Oct-2025","8","93.33","90.70","0.10","-0.550","0.00","2.26","0.3711","0.0313","0.4145"
"WEP","12-Oct-2025","9","93.34","90.64","0.08","-0.460","0.00","2.26","0.3711","0.0313","0.4145"
"WEP","12-Oct-2025","10","93.68","90.64","0.08","-0.120","0.00","2.26","0.3711","0.0313","0.4145"
"WEP","12-Oct-2025","11","93.63","90.73","0.11","-0.290","0.00","2.26","0.3711","0.0313","0.4145"
"WEP","12-Oct-2025","12","93.82","90.87","0.15","-0.280","0.00","2.26","0.3711","0.0313","0.4145"
"WEP","12-Oct-2025","13","96.21","93.23","0.22","-0.320","0.00","2.26","0.3711","0.0313","0.4145"
"WEP","12-Oct-2025","14","97.12","94.55","0.40","-0.900","0.00","2.26","0.3711","0.0313","0.4145"
"WEP","12-Oct-2025","15","97.43","94.66","0.66","-0.970","0.00","2.26","0.3711","0.0313","0.4145"
"WEP","12-Oct-2025","16","88.63","85.94","0.21","-0.600","0.00","2.26","0.3711","0.0313","0.4145"
"WEP","12-Oct-2025","17","88.31","85.96","0.20","-0.930","0.00","2.26","0.3711","0.0313","0.4145"
"WEP","12-Oct-2025","18","100.54","98.66","0.79","-1.990","0.00","2.26","0.3711","0.0313","0.4145"
"WEP","12-Oct-2025","19","108.78","106.39","0.36","-1.050","0.00","2.26","0.3711","0.0313","0.4145"
"WEP","12-Oct-2025","20","103.55","100.81","0.46","-0.800","0.00","2.26","0.3711","0.0313","0.4145"
"WEP","12-Oct-2025","21","109.76","106.30","0.39","-0.010","0.00","2.26","0.3711","0.0313","0.4145"
"WEP","12-Oct-2025","22","94.39","90.73","0.28","0.310","0.00","2.26","0.3711","0.0313","0.4145"
"WEP","12-Oct-2025","23","85.97","82.99","0.16","-0.250","0.00","2.26","0.3711","0.0313","0.4145"
"WEP","12-Oct-2025","24","82.84","80.04","0.15","-0.430","0.00","2.26","0.3711","0.0313","0.4145"
"WEP","12-Oct-2025","25","82.02","79.27","0.18","-0.510","0.00","2.26","0.3711","0.0313","0.4145"
"WEP","12-Oct-2025","26","81.28","78.58","0.18","-0.560","0.00","2.26","0.3711","0.0313","0.4145"
"WEP","12-Oct-2025","27","82.77","79.83","0.16","-0.300","0.00","2.26","0.3711","0.0313","0.4145"
"WEP","12-Oct-2025","28","80.89","78.78","0.16","-1.130","0.00","2.26","0.3711","0.0313","0.4145"
"WEP","12-Oct-2025","29","76.37","74.77","0.15","-1.630","0.00","2.26","0.3711","0.0313","0.4145"
"WEP","12-Oct-2025","30","81.72","79.86","0.13","-1.340","0.00","2.26","0.3711","0.0313","0.4145"
"WEP","12-Oct-2025","31","82.75","79.77","0.13","-0.230","0.00","2.26","0.3711","0.0313","0.4145"
"WEP","12-Oct-2025","32","77.27","75.51","0.16","-1.470","0.00","2.26","0.3711","0.0313","0.4145"
"WEP","12-Oct-2025","33","79.26","78.20","0.14","-2.160","0.00","2.26","0.3711","0.0313","0.4145"
"WEP","12-Oct-2025","34","81.58","80.61","0.16","-2.270","0.00","2.26","0.3711","0.0313","0.4145"
"WEP","12-Oct-2025","35","87.35","85.84","0.43","-2.000","0.00","2.26","0.3711","0.0313","0.4145"
"WEP","12-Oct-2025","36","87.85","86.29","0.16","-1.680","0.00","2.26","0.3711","0.0313","0.4145"
"WEP","12-Oct-2025","37","92.61","90.67","0.19","-1.330","0.00","2.26","0.3711","0.0313","0.4145"
"WEP","12-Oct-2025","38","92.43","90.62","0.25","-1.510","0.00","2.26","0.3711","0.0313","0.4145"
"WEP","12-Oct-2025","39","92.47","90.82","0.19","-1.610","0.00","2.26","0.3711","0.0313","0.4145"
"WEP","12-Oct-2025","40","103.54","101.92","0.39","-1.850","0.00","2.26","0.3711","0.0313","0.4145"
"WEP","12-Oct-2025","41","104.53","102.37","0.24","-1.160","0.00","2.26","0.3711","0.0313","0.4145"
"WEP","12-Oct-2025","42","108.97","106.89","0.31","-1.310","0.00","2.26","0.3711","0.0313","0.4145"
"WEP","12-Oct-2025","43","110.68","108.67","0.54","-1.610","0.00","2.26","0.3711","0.0313","0.4145"
"WEP","12-Oct-2025","44","94.87","92.54","0.14","-0.880","0.00","2.26","0.3711","0.0313","0.4145"
"WEP","12-Oct-2025","45","93.24","90.74","0.13","-0.710","0.00","2.26","0.3711","0.0313","0.4145"
"WEP","12-Oct-2025","46","98.41","96.09","0.18","-0.940","0.00","2.26","0.3711","0.0313","0.4145"
"WEP","12-Oct-2025","47","92.29","89.53","0.15","-0.460","0.00","2.26","0.3711","0.0313","0.4145"
"WEP","12-Oct-2025","48","90.99","88.22","0.13","-0.440","0.00","2.26","0.3711","0.0313","0.4145"
"WEP","13-Oct-2025","1","94.35","92.13","0.12","-0.940","0.00","2.26","0.3711","0.0289","0.3830"
"WEP","13-Oct-2025","2","87.91","85.28","0.11","-0.520","0.00","2.26","0.3711","0.0289","0.3830"
"WEP","13-Oct-2025","3","85.42","83.06","0.05","-0.740","0.00","2.26","0.3711","0.0289","0.3830"
"WEP","13-Oct-2025","4","92.40","90.55","0.05","-1.240","0.00","2.26","0.3711","0.0289","0.3830"
"WEP","13-Oct-2025","5","90.54","87.72","0.05","-0.280","0.00","2.26","0.3711","0.0289","0.3830"
"WEP","13-Oct-2025","6","90.33","87.48","0.06","-0.250","0.00","2.26","0.3711","0.0289","0.3830"
"WEP","13-Oct-2025","7","89.76","86.94","0.06","-0.280","0.00","2.26","0.3711","0.0289","0.3830"
"WEP","13-Oct-2025","8","89.35","86.94","0.06","-0.690","0.00","2.26","0.3711","0.0289","0.3830"
"WEP","13-Oct-2025","9","89.62","86.96","0.05","-0.440","0.00","2.26","0.3711","0.0289","0.3830"
"WEP","13-Oct-2025","10","89.81","87.50","0.06","-0.800","0.00","2.26","0.3711","0.0289","0.3830"
"WEP","13-Oct-2025","11","93.54","90.75","0.07","-0.320","0.00","2.26","0.3711","0.0289","0.3830"
"WEP","13-Oct-2025","12","86.27","82.94","0.13","0.150","0.00","2.26","0.3711","0.0289","0.3830"
"WEP","13-Oct-2025","13","87.20","84.53","0.17","-0.550","0.00","2.26","0.3711","0.0289","0.3830"
"WEP","13-Oct-2025","14","107.02","105.12","0.37","-1.510","0.00","2.26","0.3711","0.0289","0.3830"
"WEP","13-Oct-2025","15","106.93","104.77","0.45","-1.330","0.00","2.26","0.3711","0.0289","0.3830"
"WEP","13-Oct-2025","16","114.12","111.81","0.41","-1.140","0.00","2.26","0.3711","0.0289","0.3830"
"WEP","13-Oct-2025","17","110.75","108.55","0.43","-1.270","0.00","2.26","0.3711","0.0289","0.3830"
"WEP","13-Oct-2025","18","110.72","108.52","0.53","-1.370","0.00","2.26","0.3711","0.0289","0.3830"
"WEP","13-Oct-2025","19","173.30","172.62","0.87","-3.230","0.00","2.26","0.3711","0.0289","0.3830"
"WEP","13-Oct-2025","20","178.01","176.42","0.92","-2.370","0.00","2.26","0.3711","0.0289","0.3830"
"WEP","13-Oct-2025","21","138.61","136.94","0.57","-1.940","0.00","2.26","0.3711","0.0289","0.3830"
"WEP","13-Oct-2025","22","114.64","112.76","0.42","-1.580","0.00","2.26","0.3711","0.0289","0.3830"
"WEP","13-Oct-2025","23","109.54","106.94","0.35","-0.800","0.00","2.26","0.3711","0.0289","0.3830"
"WEP","13-Oct-2025","24","88.28","86.17","0.19","-1.120","0.00","2.26","0.3711","0.0289","0.3830"
"WEP","13-Oct-2025","25","81.70","80.64","0.18","-2.160","0.00","2.26","0.3711","0.0289","0.3830"
"WEP","13-Oct-2025","26","80.80","79.32","0.31","-1.870","0.00","2.26","0.3711","0.0289","0.3830"
"WEP","13-Oct-2025","27","90.96","88.61","0.22","-0.910","0.00","2.26","0.3711","0.0289","0.3830"
"WEP","13-Oct-2025","28","82.96","80.65","0.16","-0.890","0.00","2.26","0.3711","0.0289","0.3830"
"WEP","13-Oct-2025","29","80.87","79.32","0.13","-1.620","0.00","2.26","0.3711","0.0289","0.3830"
"WEP","13-Oct-2025","30","78.70","77.51","0.12","-1.980","0.00","2.26","0.3711","0.0289","0.3830"
"WEP","13-Oct-2025","31","81.18","80.66","0.13","-2.650","0.00","2.26","0.3711","0.0289","0.3830"
"WEP","13-Oct-2025","32","86.72","86.28","0.20","-2.810","0.00","2.26","0.3711","0.0289","0.3830"
"WEP","13-Oct-2025","33","112.18","112.10","0.35","-3.310","0.00","2.26","0.3711","0.0289","0.3830"
"WEP","13-Oct-2025","34","211.50","212.76","1.02","-5.320","0.00","2.26","0.3711","0.0289","0.3830"
"WEP","13-Oct-2025","35","277.00","276.80","3.00","-5.840","0.00","2.26","0.3711","0.0289","0.3830"
"WEP","13-Oct-2025","36","212.09","211.60","1.06","-3.620","0.00","2.26","0.3711","0.0289","0.3830"
"WEP","13-Oct-2025","37","197.55","195.50","1.19","-2.180","0.00","2.26","0.3711","0.0289","0.3830"
"WEP","13-Oct-2025","38","214.08","211.99","1.50","-2.450","0.00","2.26","0.3711","0.0289","0.3830"
"WEP","13-Oct-2025","39","213.87","211.87","1.48","-2.530","0.00","2.26","0.3711","0.0289","0.3830"
"WEP","13-Oct-2025","40","186.03","183.79","1.08","-1.880","0.00","2.26","0.3711","0.0289","0.3830"
"WEP","13-Oct-2025","41","210.96","210.33","1.03","-3.440","0.00","2.26","0.3711","0.0289","0.3830"
"WEP","13-Oct-2025","42","195.91","194.77","1.04","-2.950","0.00","2.26","0.3711","0.0289","0.3830"
"WEP","13-Oct-2025","43","174.27","172.75","0.83","-2.350","0.00","2.26","0.3711","0.0289","0.3830"
"WEP","13-Oct-2025","44","97.51","95.17","0.27","-0.970","0.00","2.26","0.3711","0.0289","0.3830"
"WEP","13-Oct-2025","45","93.08","90.74","0.28","-0.980","0.00","2.26","0.3711","0.0289","0.3830"
"WEP","13-Oct-2025","46","92.83","90.53","0.22","-0.960","0.00","2.26","0.3711","0.0289","0.3830"
"WEP","13-Oct-2025","47","88.71","86.26","0.18","-0.770","0.00","2.26","0.3711","0.0289","0.3830"
"WEP","13-Oct-2025","48","92.48","90.50","0.13","-1.190","0.00","2.26","0.3711","0.0289","0.3830"
"WEP","14-Oct-2025","1","90.50","88.38","0.09","-1.010","0.00","2.26","0.3711","0.0285","0.3781"
"WEP","14-Oct-2025","2","83.21","80.66","0.07","-0.560","0.00","2.26","0.3711","0.0285","0.3781"
"WEP","14-Oct-2025","3","87.56","85.22","0.05","-0.750","0.00","2.26","0.3711","0.0285","0.3781"
"WEP","14-Oct-2025","4","92.05","90.26","0.05","-1.300","0.00","2.26","0.3711","0.0285","0.3781"
"WEP","14-Oct-2025","5","91.84","89.46","0.05","-0.710","0.00","2.26","0.3711","0.0285","0.3781"
"WEP","14-Oct-2025","6","88.40","86.13","0.05","-0.820","0.00","2.26","0.3711","0.0285","0.3781"
"WEP","14-Oct-2025","7","88.48","86.13","0.06","-0.750","0.00","2.26","0.3711","0.0285","0.3781"
"WEP","14-Oct-2025","8","88.57","86.02","0.06","-0.550","0.00","2.26","0.3711","0.0285","0.3781"
"WEP","14-Oct-2025","9","88.40","86.02","0.05","-0.710","0.00","2.26","0.3711","0.0285","0.3781"
"WEP","14-Oct-2025","10","89.39","86.99","0.05","-0.680","0.00","2.26","0.3711","0.0285","0.3781"
"WEP","14-Oct-2025","11","91.77","89.46","0.07","-0.800","0.00","2.26","0.3711","0.0285","0.3781"
"WEP","14-Oct-2025","12","87.49","84.33","0.13","0.000","0.00","2.26","0.3711","0.0285","0.3781"
"WEP","14-Oct-2025","13","88.48","85.86","0.24","-0.660","0.00","2.26","0.3711","0.0285","0.3781"
"WEP","14-Oct-2025","14","99.34","97.68","0.36","-1.740","0.00","2.26","0.3711","0.0285","0.3781"
"WEP","14-Oct-2025","15","103.15","100.73","0.41","-1.030","0.00","2.26","0.3711","0.0285","0.3781"
"WEP","14-Oct-2025","16","109.33","106.64","0.39","-0.730","0.00","2.26","0.3711","0.0285","0.3781"
"WEP","14-Oct-2025","17","113.43","110.58","0.46","-0.650","0.00","2.26","0.3711","0.0285","0.3781"
"WEP","14-Oct-2025","18","109.91","106.84","0.73","-0.700","0.00","2.26","0.3711","0.0285","0.3781"
"WEP","14-Oct-2025","19","103.42","100.80","0.31","-0.730","0.00","2.26","0.3711","0.0285","0.3781"
"WEP","14-Oct-2025","20","103.55","100.69","0.31","-0.490","0.00","2.26","0.3711","0.0285","0.3781"
"WEP","14-Oct-2025","21","92.91","90.57","0.19","-0.880","0.00","2.26","0.3711","0.0285","0.3781"
"WEP","14-Oct-2025","22","87.29","85.33","0.16","-1.230","0.00","2.26","0.3711","0.0285","0.3781"
"WEP","14-Oct-2025","23","86.87","84.37","0.15","-0.690","0.00","2.26","0.3711","0.0285","0.3781"
"WEP","14-Oct-2025","24","81.07","79.30","0.13","-1.400","0.00","2.26","0.3711","0.0285","0.3781"
"WEP","14-Oct-2025","25","80.67","79.76","0.15","-2.280","0.00","2.26","0.3711","0.0285","0.3781"
"WEP","14-Oct-2025","26","82.56","81.72","0.16","-2.360","0.00","2.26","0.3711","0.0285","0.3781"
"WEP","14-Oct-2025","27","85.15","84.39","0.17","-2.450","0.00","2.26","0.3711","0.0285","0.3781"
"WEP","14-Oct-2025","28","102.22","100.71","0.33","-1.860","0.00","2.26","0.3711","0.0285","0.3781"
"WEP","14-Oct-2025","29","96.11","93.88","0.23","-1.040","0.00","2.26","0.3711","0.0285","0.3781"
"WEP","14-Oct-2025","30","93.50","91.16","0.18","-0.880","0.00","2.26","0.3711","0.0285","0.3781"
"WEP","14-Oct-2025","31","88.22","85.86","0.15","-0.820","0.00","2.26","0.3711","0.0285","0.3781"
"WEP","14-Oct-2025","32","87.68","85.93","0.19","-1.480","0.00","2.26","0.3711","0.0285","0.3781"
"WEP","14-Oct-2025","33","87.17","86.16","0.18","-2.200","0.00","2.26","0.3711","0.0285","0.3781"
"WEP","14-Oct-2025","34","101.37","100.77","0.34","-2.780","0.00","2.26","0.3711","0.0285","0.3781"
"WEP","14-Oct-2025","35","122.03","120.72","0.92","-2.650","0.00","2.26","0.3711","0.0285","0.3781"
"WEP","14-Oct-2025","36","150.98","150.63","0.73","-3.420","0.00","2.26","0.3711","0.0285","0.3781"
"WEP","14-Oct-2025","37","202.04","201.30","1.36","-3.660","0.00","2.26","0.3711","0.0285","0.3781"
"WEP","14-Oct-2025","38","260.25","257.59","2.22","-2.600","0.00","2.26","0.3711","0.0285","0.3781"
"WEP","14-Oct-2025","39","272.84","271.21","2.37","-3.780","0.00","2.26","0.3711","0.0285","0.3781"
"WEP","14-Oct-2025","40","212.64","211.47","1.45","-3.320","0.00","2.26","0.3711","0.0285","0.3781"
"WEP","14-Oct-2025","41","211.11","210.69","1.06","-3.680","0.00","2.26","0.3711","0.0285","0.3781"
"WEP","14-Oct-2025","42","210.44","209.55","1.24","-3.390","0.00","2.26","0.3711","0.0285","0.3781"
"WEP","14-Oct-2025","43","182.56","180.87","1.04","-2.380","0.00","2.26","0.3711","0.0285","0.3781"
"WEP","14-Oct-2025","44","144.54","142.84","0.58","-1.920","0.00","2.26","0.3711","0.0285","0.3781"
"WEP","14-Oct-2025","45","114.68","112.53","0.31","-1.200","0.00","2.26","0.3711","0.0285","0.3781"
"WEP","14-Oct-2025","46","109.42","106.79","0.28","-0.680","0.00","2.26","0.3711","0.0285","0.3781"
"WEP","14-Oct-2025","47","103.43","101.26","0.25","-1.120","0.00","2.26","0.3711","0.0285","0.3781"
"WEP","14-Oct-2025","48","100.92","98.53","0.13","-0.770","0.00","2.26","0.3711","0.0285","0.3781"
"WEP","15-Oct-2025","1","93.23","90.71","0.09","-0.600","0.00","2.26","0.3711","0.0283","0.3750"
"WEP","15-Oct-2025","2","92.47","90.31","0.06","-0.940","0.00","2.26","0.3711","0.0283","0.3750"
"WEP","15-Oct-2025","3","92.55","90.57","0.05","-1.100","0.00","2.26","0.3711","0.0283","0.3750"
"WEP","15-Oct-2025","4","92.36","90.29","0.05","-1.010","0.00","2.26","0.3711","0.0283","0.3750"
"WEP","15-Oct-2025","5","92.50","90.28","0.05","-0.870","0.00","2.26","0.3711","0.0283","0.3750"
"WEP","15-Oct-2025","6","92.43","90.26","0.05","-0.910","0.00","2.26","0.3711","0.0283","0.3750"
"WEP","15-Oct-2025","7","92.31","90.26","0.05","-1.030","0.00","2.26","0.3711","0.0283","0.3750"
"WEP","15-Oct-2025","8","92.06","90.25","0.05","-1.280","0.00","2.26","0.3711","0.0283","0.3750"
"WEP","15-Oct-2025","9","92.55","90.25","0.05","-0.780","0.00","2.26","0.3711","0.0283","0.3750"
"WEP","15-Oct-2025","10","93.08","90.67","0.05","-0.670","0.00","2.26","0.3711","0.0283","0.3750"
"WEP","15-Oct-2025","11","93.16","90.66","0.06","-0.590","0.00","2.26","0.3711","0.0283","0.3750"
"WEP","15-Oct-2025","12","97.88","95.50","0.10","-0.760","0.00","2.26","0.3711","0.0283","0.3750"
"WEP","15-Oct-2025","13","95.63","93.27","0.15","-0.830","0.00","2.26","0.3711","0.0283","0.3750"
"WEP","15-Oct-2025","14","98.51","96.18","0.16","-0.870","0.00","2.26","0.3711","0.0283","0.3750"
"WEP","15-Oct-2025","15","106.72","104.78","0.21","-1.310","0.00","2.26","0.3711","0.0283","0.3750"
"WEP","15-Oct-2025","16","113.41","110.58","0.36","-0.560","0.00","2.26","0.3711","0.0283","0.3750"
"WEP","15-Oct-2025","17","115.33","111.93","0.40","-0.040","0.00","2.26","0.3711","0.0283","0.3750"
"WEP","15-Oct-2025","18","110.19","106.85","0.59","-0.280","0.00","2.26","0.3711","0.0283","0.3750"
"WEP","15-Oct-2025","19","96.57","94.04","0.35","-0.860","0.00","2.26","0.3711","0.0283","0.3750"
"WEP","15-Oct-2025","20","93.20","90.64","0.34","-0.810","0.00","2.26","0.3711","0.0283","0.3750"
"WEP","15-Oct-2025","21","90.56","88.24","0.18","-0.900","0.00","2.26","0.3711","0.0283","0.3750"
"WEP","15-Oct-2025","22","89.31","87.89","0.22","-1.830","0.00","2.26","0.3711","0.0283","0.3750"
"WEP","15-Oct-2025","23","89.84","88.18","0.22","-1.590","0.00","2.26","0.3711","0.0283","0.3750"
"WEP","15-Oct-2025","24","86.09","84.36","0.16","-1.470","0.00","2.26","0.3711","0.0283","0.3750"
"WEP","15-Oct-2025","25","83.64","82.72","0.18","-2.290","0.00","2.26","0.3711","0.0283","0.3750"
"WEP","15-Oct-2025","26","86.87","85.23","0.26","-1.660","0.00","2.26","0.3711","0.0283","0.3750"
"WEP","15-Oct-2025","27","86.94","85.81","0.15","-2.060","0.00","2.26","0.3711","0.0283","0.3750"
"WEP","15-Oct-2025","28","89.57","87.36","0.16","-0.980","0.00","2.26","0.3711","0.0283","0.3750"
"WEP","15-Oct-2025","29","90.56","88.56","0.19","-1.220","0.00","2.26","0.3711","0.0283","0.3750"
"WEP","15-Oct-2025","30","89.71","88.36","0.12","-1.800","0.00","2.26","0.3711","0.0283","0.3750"
"WEP","15-Oct-2025","31","92.25","90.60","0.14","-1.520","0.00","2.26","0.3711","0.0283","0.3750"
"WEP","15-Oct-2025","32","109.55","106.88","0.32","-0.680","0.00","2.26","0.3711","0.0283","0.3750"
"WEP","15-Oct-2025","33","163.89","152.84","0.59","7.430","0.00","2.26","0.3711","0.0283","0.3750"
"WEP","15-Oct-2025","34","153.11","139.72","0.59","9.760","0.00","2.26","0.3711","0.0283","0.3750"
"WEP","15-Oct-2025","35","115.12","110.68","0.56","0.850","0.00","2.26","0.3711","0.0283","0.3750"
"WEP","15-Oct-2025","36","112.09","110.69","0.32","-1.960","0.00","2.26","0.3711","0.0283","0.3750"
"WEP","15-Oct-2025","37","144.00","142.03","0.57","-1.640","0.00","2.26","0.3711","0.0283","0.3750"
"WEP","15-Oct-2025","38","154.76","152.86","0.76","-1.890","0.00","2.26","0.3711","0.0283","0.3750"
"WEP","15-Oct-2025","39","155.23","152.28","0.73","-0.810","0.00","2.26","0.3711","0.0283","0.3750"
"WEP","15-Oct-2025","40","124.65","122.01","0.36","-0.760","0.00","2.26","0.3711","0.0283","0.3750"
"WEP","15-Oct-2025","41","137.08","135.18","0.44","-1.570","0.00","2.26","0.3711","0.0283","0.3750"
"WEP","15-Oct-2025","42","126.98","124.64","0.33","-1.020","0.00","2.26","0.3711","0.0283","0.3750"
"WEP","15-Oct-2025","43","123.56","121.17","0.33","-0.980","0.00","2.26","0.3711","0.0283","0.3750"
"WEP","15-Oct-2025","44","113.45","112.02","0.23","-1.840","0.00","2.26","0.3711","0.0283","0.3750"
"WEP","15-Oct-2025","45","110.51","108.69","0.25","-1.470","0.00","2.26","0.3711","0.0283","0.3750"
"WEP","15-Oct-2025","46","108.75","106.63","0.17","-1.080","0.00","2.26","0.3711","0.0283","0.3750"
"WEP","15-Oct-2025","47","101.00","98.48","0.15","-0.660","0.00","2.26","0.3711","0.0283","0.3750"
"WEP","15-Oct-2025","48","96.12","94.00","0.12","-1.030","0.00","2.26","0.3711","0.0283","0.3750"
"WEP","16-Oct-2025","1","117.88","115.02","0.13","-0.310","0.00","2.26","0.3711","0.0286","0.3790"
"WEP","16-Oct-2025","2","129.46","127.28","0.11","-0.970","0.00","2.26","0.3711","0.0286","0.3790"
"WEP","16-Oct-2025","3","116.57","114.22","0.09","-0.780","0.00","2.26","0.3711","0.0286","0.3790"
"WEP","16-Oct-2025","4","116.23","114.23","0.09","-1.120","0.00","2.26","0.3711","0.0286","0.3790"
"WEP","16-Oct-2025","5","116.16","114.22","0.09","-1.190","0.00","2.26","0.3711","0.0286","0.3790"
"WEP","16-Oct-2025","6","116.48","113.88","0.10","-0.540","0.00","2.26","0.3711","0.0286","0.3790"
"WEP","16-Oct-2025","7","115.79","113.56","0.10","-0.910","0.00","2.26","0.3711","0.0286","0.3790"
"WEP","16-Oct-2025","8","116.10","113.92","0.10","-0.950","0.00","2.26","0.3711","0.0286","0.3790"
"WEP","16-Oct-2025","9","115.70","113.60","0.09","-1.030","0.00","2.26","0.3711","0.0286","0.3790"
"WEP","16-Oct-2025","10","115.95","113.60","0.09","-0.780","0.00","2.26","0.3711","0.0286","0.3790"
"WEP","16-Oct-2025","11","116.39","114.15","0.11","-0.900","0.00","2.26","0.3711","0.0286","0.3790"
"WEP","16-Oct-2025","12","118.72","115.63","0.15","-0.100","0.00","2.26","0.3711","0.0286","0.3790"
"WEP","16-Oct-2025","13","118.59","115.36","0.37","-0.180","0.00","2.26","0.3711","0.0286","0.3790"
"WEP","16-Oct-2025","14","125.77","123.24","0.45","-0.960","0.00","2.26","0.3711","0.0286","0.3790"
"WEP","16-Oct-2025","15","136.03","133.35","0.67","-1.030","0.00","2.26","0.3711","0.0286","0.3790"
"WEP","16-Oct-2025","16","146.94","143.43","0.79","-0.320","0.00","2.26","0.3711","0.0286","0.3790"
"WEP","16-Oct-2025","17","152.14","148.83","0.80","-0.530","0.00","2.26","0.3711","0.0286","0.3790"
"WEP","16-Oct-2025","18","147.22","142.95","0.80","0.430","0.00","2.26","0.3711","0.0286","0.3790"
"WEP","16-Oct-2025","19","117.42","114.15","0.41","-0.180","0.00","2.26","0.3711","0.0286","0.3790"
"WEP","16-Oct-2025","20","116.37","113.44","0.42","-0.530","0.00","2.26","0.3711","0.0286","0.3790"
"WEP","16-Oct-2025","21","107.72","105.88","0.31","-1.510","0.00","2.26","0.3711","0.0286","0.3790"
"WEP","16-Oct-2025","22","101.98","100.73","0.28","-2.070","0.00","2.26","0.3711","0.0286","0.3790"
"WEP","16-Oct-2025","23","96.07","94.79","0.21","-1.970","0.00","2.26","0.3711","0.0286","0.3790"
"WEP","16-Oct-2025","24","92.27","90.77","0.16","-1.700","0.00","2.26","0.3711","0.0286","0.3790"
"WEP","16-Oct-2025","25","96.15","95.39","0.24","-2.520","0.00","2.26","0.3711","0.0286","0.3790"
"WEP","16-Oct-2025","26","105.52","103.97","0.30","-1.790","0.00","2.26","0.3711","0.0286","0.3790"
"WEP","16-Oct-2025","27","103.92","103.05","0.29","-2.460","0.00","2.26","0.3711","0.0286","0.3790"
"WEP","16-Oct-2025","28","114.99","114.34","0.34","-2.730","0.00","2.26","0.3711","0.0286","0.3790"
"WEP","16-Oct-2025","29","114.03","113.69","0.33","-3.030","0.00","2.26","0.3711","0.0286","0.3790"
"WEP","16-Oct-2025","30","211.82","211.81","0.66","-3.690","0.00","2.26","0.3711","0.0286","0.3790"
"WEP","16-Oct-2025","31","312.57","311.65","0.68","-2.800","0.00","2.26","0.3711","0.0286","0.3790"
"WEP","16-Oct-2025","32","111.99","109.58","0.34","-0.970","0.00","2.26","0.3711","0.0286","0.3790"
"WEP","16-Oct-2025","33","90.15","88.07","0.12","-1.070","0.00","2.26","0.3711","0.0286","0.3790"
"WEP","16-Oct-2025","34","87.58","85.92","0.14","-1.520","0.00","2.26","0.3711","0.0286","0.3790"
"WEP","16-Oct-2025","35","87.40","85.86","0.56","-2.060","0.00","2.26","0.3711","0.0286","0.3790"
"WEP","16-Oct-2025","36","111.00","109.91","0.30","-2.250","0.00","2.26","0.3711","0.0286","0.3790"
"WEP","16-Oct-2025","37","110.43","108.98","0.36","-1.950","0.00","2.26","0.3711","0.0286","0.3790"
"WEP","16-Oct-2025","38","114.86","113.40","0.42","-2.000","0.00","2.26","0.3711","0.0286","0.3790"
"WEP","16-Oct-2025","39","116.03","114.13","0.35","-1.490","0.00","2.26","0.3711","0.0286","0.3790"
"WEP","16-Oct-2025","40","116.01","114.15","0.36","-1.540","0.00","2.26","0.3711","0.0286","0.3790"
"WEP","16-Oct-2025","41","115.46","114.09","0.33","-2.000","0.00","2.26","0.3711","0.0286","0.3790"
"WEP","16-Oct-2025","42","115.06","113.63","0.33","-1.940","0.00","2.26","0.3711","0.0286","0.3790"
"WEP","16-Oct-2025","43","115.06","113.42","0.31","-1.710","0.00","2.26","0.3711","0.0286","0.3790"
"WEP","16-Oct-2025","44","112.65","111.03","0.27","-1.680","0.00","2.26","0.3711","0.0286","0.3790"
"WEP","16-Oct-2025","45","112.22","109.94","0.27","-1.030","0.00","2.26","0.3711","0.0286","0.3790"
"WEP","16-Oct-2025","46","110.26","108.10","0.24","-1.120","0.00","2.26","0.3711","0.0286","0.3790"
"WEP","16-Oct-2025","47","107.41","105.35","0.23","-1.210","0.00","2.26","0.3711","0.0286","0.3790"
"WEP","16-Oct-2025","48","106.42","104.02","0.12","-0.760","0.00","2.26","0.3711","0.0286","0.3790"
"WEP","17-Oct-2025","1","102.04","100.41","0.10","-1.520","0.00","2.26","0.3711","0.0289","0.3826"
"WEP","17-Oct-2025","2","100.51","98.63","0.06","-1.220","0.00","2.26","0.3711","0.0289","0.3826"
"WEP","17-Oct-2025","3","103.24","100.40","0.06","-0.270","0.00","2.26","0.3711","0.0289","0.3826"
"WEP","17-Oct-2025","4","100.62","98.62","0.05","-1.090","0.00","2.26","0.3711","0.0289","0.3826"
"WEP","17-Oct-2025","5","106.19","103.87","0.05","-0.770","0.00","2.26","0.3711","0.0289","0.3826"
"WEP","17-Oct-2025","6","103.02","100.46","0.05","-0.530","0.00","2.26","0.3711","0.0289","0.3826"
"WEP","17-Oct-2025","7","102.77","100.38","0.05","-0.700","0.00","2.26","0.3711","0.0289","0.3826"
"WEP","17-Oct-2025","8","102.23","99.94","0.06","-0.810","0.00","2.26","0.3711","0.0289","0.3826"
"WEP","17-Oct-2025","9","95.03","92.43","0.05","-0.490","0.00","2.26","0.3711","0.0289","0.3826"
"WEP","17-Oct-2025","10","94.74","92.38","0.05","-0.730","0.00","2.26","0.3711","0.0289","0.3826"
"WEP","17-Oct-2025","11","102.48","100.28","0.07","-0.910","0.00","2.26","0.3711","0.0289","0.3826"
"WEP","17-Oct-2025","12","114.31","111.59","0.13","-0.450","0.00","2.26","0.3711","0.0289","0.3826"
"WEP","17-Oct-2025","13","103.43","100.49","0.17","-0.280","0.00","2.26","0.3711","0.0289","0.3826"
"WEP","17-Oct-2025","14","102.98","100.43","0.37","-0.860","0.00","2.26","0.3711","0.0289","0.3826"
"WEP","17-Oct-2025","15","111.46","108.54","0.41","-0.530","0.00","2.26","0.3711","0.0289","0.3826"
"WEP","17-Oct-2025","16","114.78","111.91","0.40","-0.580","0.00","2.26","0.3711","0.0289","0.3826"
"WEP","17-Oct-2025","17","116.28","113.17","0.43","-0.360","0.00","2.26","0.3711","0.0289","0.3826"
"WEP","17-Oct-2025","18","110.22","106.82","0.49","-0.130","0.00","2.26","0.3711","0.0289","0.3826"
"WEP","17-Oct-2025","19","97.34","94.43","0.31","-0.440","0.00","2.26","0.3711","0.0289","0.3826"
"WEP","17-Oct-2025","20","92.06","89.43","0.31","-0.720","0.00","2.26","0.3711","0.0289","0.3826"
"WEP","17-Oct-2025","21","89.66","88.20","0.14","-1.720","0.00","2.26","0.3711","0.0289","0.3826"
"WEP","17-Oct-2025","22","92.91","91.27","0.16","-1.560","0.00","2.26","0.3711","0.0289","0.3826"
"WEP","17-Oct-2025","23","90.76","88.63","0.13","-1.050","0.00","2.26","0.3711","0.0289","0.3826"
"WEP","17-Oct-2025","24","87.63","85.92","0.12","-1.450","0.00","2.26","0.3711","0.0289","0.3826"
"WEP","17-Oct-2025","25","87.01","85.85","0.13","-2.010","0.00","2.26","0.3711","0.0289","0.3826"
"WEP","17-Oct-2025","26","87.07","85.50","0.15","-1.620","0.00","2.26","0.3711","0.0289","0.3826"
"WEP","17-Oct-2025","27","86.31","85.06","0.13","-1.920","0.00","2.26","0.3711","0.0289","0.3826"
"WEP","17-Oct-2025","28","86.96","85.91","0.13","-2.120","0.00","2.26","0.3711","0.0289","0.3826"
"WEP","17-Oct-2025","29","86.96","85.82","0.12","-2.020","0.00","2.26","0.3711","0.0289","0.3826"
"WEP","17-Oct-2025","30","88.90","87.92","0.12","-2.180","0.00","2.26","0.3711","0.0289","0.3826"
"WEP","17-Oct-2025","31","90.17","88.45","0.13","-1.450","0.00","2.26","0.3711","0.0289","0.3826"
"WEP","17-Oct-2025","32","91.90","89.86","0.16","-1.160","0.00","2.26","0.3711","0.0289","0.3826"
"WEP","17-Oct-2025","33","92.68","90.61","0.13","-1.100","0.00","2.26","0.3711","0.0289","0.3826"
"WEP","17-Oct-2025","34","89.57","88.22","0.14","-1.840","0.00","2.26","0.3711","0.0289","0.3826"
"WEP","17-Oct-2025","35","92.60","90.76","0.42","-1.620","0.00","2.26","0.3711","0.0289","0.3826"
"WEP","17-Oct-2025","36","98.14","96.55","0.27","-1.720","0.00","2.26","0.3711","0.0289","0.3826"
"WEP","17-Oct-2025","37","111.69","109.91","0.37","-1.640","0.00","2.26","0.3711","0.0289","0.3826"
"WEP","17-Oct-2025","38","115.73","113.59","0.41","-1.320","0.00","2.26","0.3711","0.0289","0.3826"
"WEP","17-Oct-2025","39","116.59","114.07","0.38","-0.910","0.00","2.26","0.3711","0.0289","0.3826"
"WEP","17-Oct-2025","40","116.86","114.08","0.40","-0.670","0.00","2.26","0.3711","0.0289","0.3826"
"WEP","17-Oct-2025","41","116.55","113.40","0.27","-0.160","0.00","2.26","0.3711","0.0289","0.3826"
"WEP","17-Oct-2025","42","111.46","109.97","0.18","-1.740","0.00","2.26","0.3711","0.0289","0.3826"
"WEP","17-Oct-2025","43","109.97","106.91","0.32","-0.310","0.00","2.26","0.3711","0.0289","0.3826"
"WEP","17-Oct-2025","44","102.75","100.66","0.13","-1.080","0.00","2.26","0.3711","0.0289","0.3826"
"WEP","17-Oct-2025","45","102.50","100.32","0.13","-0.990","0.00","2.26","0.3711","0.0289","0.3826"
"WEP","17-Oct-2025","46","95.79","93.28","0.13","-0.660","0.00","2.26","0.3711","0.0289","0.3826"
"WEP","17-Oct-2025","47","93.97","91.23","0.14","-0.440","0.00","2.26","0.3711","0.0289","0.3826"
"WEP","17-Oct-2025","48","93.11","90.46","0.13","-0.520","0.00","2.26","0.3711","0.0289","0.3826"
"WEP","18-Oct-2025","1","96.30","93.84","0.12","-0.730","0.00","2.26","0.3711","0.0308","0.4073"
"WEP","18-Oct-2025","2","92.43","90.20","0.07","-0.910","0.00","2.26","0.3711","0.0308","0.4073"
"WEP","18-Oct-2025","3","91.54","89.41","0.05","-0.990","0.00","2.26","0.3711","0.0308","0.4073"
"WEP","18-Oct-2025","4","88.28","85.83","0.05","-0.670","0.00","2.26","0.3711","0.0308","0.4073"
"WEP","18-Oct-2025","5","87.92","85.62","0.05","-0.810","0.00","2.26","0.3711","0.0308","0.4073"
"WEP","18-Oct-2025","6","87.98","85.78","0.05","-0.920","0.00","2.26","0.3711","0.0308","0.4073"
"WEP","18-Oct-2025","7","88.09","85.77","0.06","-0.800","0.00","2.26","0.3711","0.0308","0.4073"
"WEP","18-Oct-2025","8","88.00","85.77","0.06","-0.890","0.00","2.26","0.3711","0.0308","0.4073"
"WEP","18-Oct-2025","9","88.21","85.77","0.05","-0.680","0.00","2.26","0.3711","0.0308","0.4073"
"WEP","18-Oct-2025","10","91.94","89.36","0.05","-0.540","0.00","2.26","0.3711","0.0308","0.4073"
"WEP","18-Oct-2025","11","91.88","89.36","0.07","-0.620","0.00","2.26","0.3711","0.0308","0.4073"
"WEP","18-Oct-2025","12","92.92","90.31","0.14","-0.600","0.00","2.26","0.3711","0.0308","0.4073"
"WEP","18-Oct-2025","13","92.30","89.79","0.16","-0.720","0.00","2.26","0.3711","0.0308","0.4073"
"WEP","18-Oct-2025","14","92.17","89.77","0.20","-0.870","0.00","2.26","0.3711","0.0308","0.4073"
"WEP","18-Oct-2025","15","88.93","86.41","0.22","-0.770","0.00","2.26","0.3711","0.0308","0.4073"
"WEP","18-Oct-2025","16","93.27","90.51","0.21","-0.520","0.00","2.26","0.3711","0.0308","0.4073"
"WEP","18-Oct-2025","17","93.35","90.52","0.24","-0.480","0.00","2.26","0.3711","0.0308","0.4073"
"WEP","18-Oct-2025","18","92.73","89.40","0.31","-0.050","0.00","2.26","0.3711","0.0308","0.4073"
"WEP","18-Oct-2025","19","88.38","85.42","0.17","-0.280","0.00","2.26","0.3711","0.0308","0.4073"
"WEP","18-Oct-2025","20","86.48","83.44","0.17","-0.200","0.00","2.26","0.3711","0.0308","0.4073"
"WEP","18-Oct-2025","21","83.63","80.65","0.15","-0.240","0.00","2.26","0.3711","0.0308","0.4073"
"WEP","18-Oct-2025","22","83.01","79.86","0.15","-0.070","0.00","2.26","0.3711","0.0308","0.4073"
"WEP","18-Oct-2025","23","76.74","74.06","0.13","-0.520","0.00","2.26","0.3711","0.0308","0.4073"
"WEP","18-Oct-2025","24","70.85","69.01","0.13","-1.360","0.00","2.26","0.3711","0.0308","0.4073"
"WEP","18-Oct-2025","25","66.86","65.36","0.16","-1.730","0.00","2.26","0.3711","0.0308","0.4073"
"WEP","18-Oct-2025","26","75.32","73.94","0.16","-1.850","0.00","2.26","0.3711","0.0308","0.4073"
"WEP","18-Oct-2025","27","75.20","73.30","0.15","-1.320","0.00","2.26","0.3711","0.0308","0.4073"
"WEP","18-Oct-2025","28","75.22","73.00","0.14","-0.990","0.00","2.26","0.3711","0.0308","0.4073"
"WEP","18-Oct-2025","29","74.87","73.00","0.13","-1.330","0.00","2.26","0.3711","0.0308","0.4073"
"WEP","18-Oct-2025","30","75.00","73.00","0.12","-1.190","0.00","2.26","0.3711","0.0308","0.4073"
"WEP","18-Oct-2025","31","75.94","73.94","0.13","-1.200","0.00","2.26","0.3711","0.0308","0.4073"
"WEP","18-Oct-2025","32","74.82","73.00","0.15","-1.400","0.00","2.26","0.3711","0.0308","0.4073"
"WEP","18-Oct-2025","33","77.49","75.85","0.13","-1.560","0.00","2.26","0.3711","0.0308","0.4073"
"WEP","18-Oct-2025","34","81.29","80.11","0.14","-2.030","0.00","2.26","0.3711","0.0308","0.4073"
"WEP","18-Oct-2025","35","85.52","83.94","0.31","-1.800","0.00","2.26","0.3711","0.0308","0.4073"
"WEP","18-Oct-2025","36","89.09","87.82","0.15","-1.950","0.00","2.26","0.3711","0.0308","0.4073"
"WEP","18-Oct-2025","37","108.28","106.85","0.35","-1.980","0.00","2.26","0.3711","0.0308","0.4073"
"WEP","18-Oct-2025","38","115.43","113.40","0.56","-1.600","0.00","2.26","0.3711","0.0308","0.4073"
"WEP","18-Oct-2025","39","115.62","113.39","0.54","-1.380","0.00","2.26","0.3711","0.0308","0.4073"
"WEP","18-Oct-2025","40","115.52","113.59","0.41","-1.550","0.00","2.26","0.3711","0.0308","0.4073"
"WEP","18-Oct-2025","41","115.50","113.57","0.36","-1.500","0.00","2.26","0.3711","0.0308","0.4073"
"WEP","18-Oct-2025","42","115.45","113.58","0.36","-1.560","0.00","2.26","0.3711","0.0308","0.4073"
"WEP","18-Oct-2025","43","115.63","113.59","0.36","-1.390","0.00","2.26","0.3711","0.0308","0.4073"
"WEP","18-Oct-2025","44","114.14","111.95","0.30","-1.180","0.00","2.26","0.3711","0.0308","0.4073"
"WEP","18-Oct-2025","45","111.98","109.76","0.28","-1.130","0.00","2.26","0.3711","0.0308","0.4073"
"WEP","18-Oct-2025","46","108.58","106.22","0.15","-0.860","0.00","2.26","0.3711","0.0308","0.4073"
"WEP","18-Oct-2025","47","101.85","99.51","0.13","-0.860","0.00","2.26","0.3711","0.0308","0.4073"
"WEP","18-Oct-2025","48","101.47","98.94","0.09","-0.630","0.00","2.26","0.3711","0.0308","0.4073"
"WEP","19-Oct-2025","1","98.06","95.17","0.12","-0.310","0.00","2.26","0.3711","0.0316","0.4185"
"WEP","19-Oct-2025","2","83.45","80.11","0.06","0.190","0.00","2.26","0.3711","0.0316","0.4185"
"WEP","19-Oct-2025","3","82.70","79.86","0.05","-0.290","0.00","2.26","0.3711","0.0316","0.4185"
"WEP","19-Oct-2025","4","88.48","86.55","0.05","-1.200","0.00","2.26","0.3711","0.0316","0.4185"
"WEP","19-Oct-2025","5","87.96","85.78","0.05","-0.950","0.00","2.26","0.3711","0.0316","0.4185"
"WEP","19-Oct-2025","6","88.06","85.69","0.06","-0.770","0.00","2.26","0.3711","0.0316","0.4185"
"WEP","19-Oct-2025","7","88.34","85.60","0.06","-0.400","0.00","2.26","0.3711","0.0316","0.4185"
"WEP","19-Oct-2025","8","88.21","85.54","0.06","-0.470","0.00","2.26","0.3711","0.0316","0.4185"
"WEP","19-Oct-2025","9","88.15","85.36","0.05","-0.340","0.00","2.26","0.3711","0.0316","0.4185"
"WEP","19-Oct-2025","10","80.31","77.26","0.05","-0.080","0.00","2.26","0.3711","0.0316","0.4185"
"WEP","19-Oct-2025","11","80.46","77.99","0.06","-0.670","0.00","2.26","0.3711","0.0316","0.4185"
"WEP","19-Oct-2025","12","87.49","85.59","0.14","-1.320","0.00","2.26","0.3711","0.0316","0.4185"
"WEP","19-Oct-2025","13","87.81","85.68","0.16","-1.120","0.00","2.26","0.3711","0.0316","0.4185"
"WEP","19-Oct-2025","14","88.11","85.71","0.18","-0.860","0.00","2.26","0.3711","0.0316","0.4185"
"WEP","19-Oct-2025","15","88.63","85.61","0.22","-0.290","0.00","2.26","0.3711","0.0316","0.4185"
"WEP","19-Oct-2025","16","88.86","85.74","0.22","-0.180","0.00","2.26","0.3711","0.0316","0.4185"
"WEP","19-Oct-2025","17","83.41","79.75","0.21","0.360","0.00","2.26","0.3711","0.0316","0.4185"
"WEP","19-Oct-2025","18","82.10","79.25","0.21","-0.440","0.00","2.26","0.3711","0.0316","0.4185"
"WEP","19-Oct-2025","19","85.46","82.71","0.17","-0.510","0.00","2.26","0.3711","0.0316","0.4185"
"WEP","19-Oct-2025","20","83.20","79.94","0.18","0.000","0.00","2.26","0.3711","0.0316","0.4185"
"WEP","19-Oct-2025","21","77.49","74.38","0.14","-0.110","0.00","2.26","0.3711","0.0316","0.4185"
"WEP","19-Oct-2025","22","70.95","68.20","0.14","-0.470","0.00","2.26","0.3711","0.0316","0.4185"
"WEP","19-Oct-2025","23","66.88","64.65","0.14","-0.990","0.00","2.26","0.3711","0.0316","0.4185"
"WEP","19-Oct-2025","24","64.90","63.02","0.13","-1.330","0.00","2.26","0.3711","0.0316","0.4185"
"WEP","19-Oct-2025","25","64.82","62.93","0.16","-1.350","0.00","2.26","0.3711","0.0316","0.4185"
"WEP","19-Oct-2025","26","67.85","65.36","0.17","-0.760","0.00","2.26","0.3711","0.0316","0.4185"
"WEP","19-Oct-2025","27","65.35","63.01","0.15","-0.890","0.00","2.26","0.3711","0.0316","0.4185"
"WEP","19-Oct-2025","28","65.16","63.69","0.14","-1.760","0.00","2.26","0.3711","0.0316","0.4185"
"WEP","19-Oct-2025","29","65.37","63.35","0.13","-1.190","0.00","2.26","0.3711","0.0316","0.4185"
"WEP","19-Oct-2025","30","66.94","64.86","0.12","-1.120","0.00","2.26","0.3711","0.0316","0.4185"
"WEP","19-Oct-2025","31","66.64","64.86","0.13","-1.430","0.00","2.26","0.3711","0.0316","0.4185"
"WEP","19-Oct-2025","32","70.41","68.73","0.15","-1.550","0.00","2.26","0.3711","0.0316","0.4185"
"WEP","19-Oct-2025","33","74.24","72.83","0.13","-1.800","0.00","2.26","0.3711","0.0316","0.4185"
"WEP","19-Oct-2025","34","77.20","75.77","0.15","-1.800","0.00","2.26","0.3711","0.0316","0.4185"
"WEP","19-Oct-2025","35","81.70","80.09","0.43","-1.910","0.00","2.26","0.3711","0.0316","0.4185"
"WEP","19-Oct-2025","36","87.01","85.25","0.16","-1.480","0.00","2.26","0.3711","0.0316","0.4185"
"WEP","19-Oct-2025","37","92.69","90.58","0.32","-1.300","0.00","2.26","0.3711","0.0316","0.4185"
"WEP","19-Oct-2025","38","108.84","106.88","0.42","-1.550","0.00","2.26","0.3711","0.0316","0.4185"
"WEP","19-Oct-2025","39","113.58","111.37","0.41","-1.280","0.00","2.26","0.3711","0.0316","0.4185"
"WEP","19-Oct-2025","40","115.99","113.42","0.43","-0.940","0.00","2.26","0.3711","0.0316","0.4185"
"WEP","19-Oct-2025","41","115.75","113.42","0.36","-1.110","0.00","2.26","0.3711","0.0316","0.4185"
"WEP","19-Oct-2025","42","115.63","113.41","0.36","-1.230","0.00","2.26","0.3711","0.0316","0.4185"
"WEP","19-Oct-2025","43","114.50","111.98","0.35","-0.910","0.00","2.26","0.3711","0.0316","0.4185"
"WEP","19-Oct-2025","44","110.60","108.60","0.26","-1.340","0.00","2.26","0.3711","0.0316","0.4185"
"WEP","19-Oct-2025","45","101.45","99.53","0.16","-1.320","0.00","2.26","0.3711","0.0316","0.4185"
"WEP","19-Oct-2025","46","92.84","90.60","0.13","-0.970","0.00","2.26","0.3711","0.0316","0.4185"
"WEP","19-Oct-2025","47","90.40","88.26","0.14","-1.090","0.00","2.26","0.3711","0.0316","0.4185"
"WEP","19-Oct-2025","48","90.29","88.25","0.08","-1.120","0.00","2.26","0.3711","0.0316","0.4185"
"WEP","20-Oct-2025","1","93.43","91.09","0.12","-0.850","0.00","2.26","0.3711","0.0311","0.4119"
"WEP","20-Oct-2025","2","82.46","79.78","0.07","-0.460","0.00","2.26","0.3711","0.0311","0.4119"
"WEP","20-Oct-2025","3","80.69","78.22","0.05","-0.660","0.00","2.26","0.3711","0.0311","0.4119"
"WEP","20-Oct-2025","4","86.89","85.40","0.05","-1.630","0.00","2.26","0.3711","0.0311","0.4119"
"WEP","20-Oct-2025","5","87.35","85.17","0.00","-0.890","0.00","2.26","0.3711","0.0311","0.4119"
"WEP","20-Oct-2025","6","86.34","84.29","0.05","-1.070","0.00","2.26","0.3711","0.0311","0.4119"
"WEP","20-Oct-2025","7","87.08","85.07","0.06","-1.130","0.00","2.26","0.3711","0.0311","0.4119"
"WEP","20-Oct-2025","8","86.56","84.28","0.06","-0.850","0.00","2.26","0.3711","0.0311","0.4119"
"WEP","20-Oct-2025","9","86.19","84.27","0.00","-1.150","0.00","2.26","0.3711","0.0311","0.4119"
"WEP","20-Oct-2025","10","86.26","84.27","0.00","-1.090","0.00","2.26","0.3711","0.0311","0.4119"
"WEP","20-Oct-2025","11","86.41","84.28","0.06","-1.000","0.00","2.26","0.3711","0.0311","0.4119"
"WEP","20-Oct-2025","12","88.08","85.16","0.14","-0.300","0.00","2.26","0.3711","0.0311","0.4119"
"WEP","20-Oct-2025","13","87.71","85.17","0.16","-0.700","0.00","2.26","0.3711","0.0311","0.4119"
"WEP","20-Oct-2025","14","85.23","83.53","0.18","-1.550","0.00","2.26","0.3711","0.0311","0.4119"
"WEP","20-Oct-2025","15","84.06","82.15","0.22","-1.380","0.00","2.26","0.3711","0.0311","0.4119"
"WEP","20-Oct-2025","16","87.63","85.17","0.22","-0.840","0.00","2.26","0.3711","0.0311","0.4119"
"WEP","20-Oct-2025","17","86.80","84.15","0.21","-0.640","0.00","2.26","0.3711","0.0311","0.4119"
"WEP","20-Oct-2025","18","82.52","80.15","0.19","-0.890","0.00","2.26","0.3711","0.0311","0.4119"
"WEP","20-Oct-2025","19","82.41","79.76","0.15","-0.570","0.00","2.26","0.3711","0.0311","0.4119"
"WEP","20-Oct-2025","20","80.68","78.37","0.15","-0.910","0.00","2.26","0.3711","0.0311","0.4119"
"WEP","20-Oct-2025","21","79.32","77.30","0.13","-1.180","0.00","2.26","0.3711","0.0311","0.4119"
"WEP","20-Oct-2025","22","77.31","75.07","0.13","-0.960","0.00","2.26","0.3711","0.0311","0.4119"
"WEP","20-Oct-2025","23","74.89","73.20","0.12","-1.500","0.00","2.26","0.3711","0.0311","0.4119"
"WEP","20-Oct-2025","24","74.05","72.25","0.12","-1.400","0.00","2.26","0.3711","0.0311","0.4119"
"WEP","20-Oct-2025","25","73.38","71.72","0.13","-1.550","0.00","2.26","0.3711","0.0311","0.4119"
"WEP","20-Oct-2025","26","71.34","69.66","0.14","-1.530","0.00","2.26","0.3711","0.0311","0.4119"
"WEP","20-Oct-2025","27","73.32","71.73","0.13","-1.610","0.00","2.26","0.3711","0.0311","0.4119"
"WEP","20-Oct-2025","28","74.78","73.38","0.13","-1.800","0.00","2.26","0.3711","0.0311","0.4119"
"WEP","20-Oct-2025","29","74.89","73.19","0.12","-1.490","0.00","2.26","0.3711","0.0311","0.4119"
"WEP","20-Oct-2025","30","75.25","73.77","0.11","-1.700","0.00","2.26","0.3711","0.0311","0.4119"
"WEP","20-Oct-2025","31","75.96","74.60","0.12","-1.830","0.00","2.26","0.3711","0.0311","0.4119"
"WEP","20-Oct-2025","32","77.01","75.49","0.13","-1.680","0.00","2.26","0.3711","0.0311","0.4119"
"WEP","20-Oct-2025","33","80.91","79.34","0.12","-1.620","0.00","2.26","0.3711","0.0311","0.4119"
"WEP","20-Oct-2025","34","81.12","79.87","0.14","-1.960","0.00","2.26","0.3711","0.0311","0.4119"
"WEP","20-Oct-2025","35","85.21","83.84","0.40","-2.110","0.00","2.26","0.3711","0.0311","0.4119"
"WEP","20-Oct-2025","36","86.76","85.88","0.14","-2.330","0.00","2.26","0.3711","0.0311","0.4119"
"WEP","20-Oct-2025","37","104.51","103.52","0.35","-2.440","0.00","2.26","0.3711","0.0311","0.4119"
"WEP","20-Oct-2025","38","115.01","114.10","0.44","-2.610","0.00","2.26","0.3711","0.0311","0.4119"
"WEP","20-Oct-2025","39","118.02","116.37","0.45","-1.870","0.00","2.26","0.3711","0.0311","0.4119"
"WEP","20-Oct-2025","40","126.28","124.20","0.57","-1.570","0.00","2.26","0.3711","0.0311","0.4119"
"WEP","20-Oct-2025","41","124.39","122.78","0.49","-1.950","0.00","2.26","0.3711","0.0311","0.4119"
"WEP","20-Oct-2025","42","124.26","122.78","0.49","-2.080","0.00","2.26","0.3711","0.0311","0.4119"
"WEP","20-Oct-2025","43","116.63","115.37","0.38","-2.200","0.00","2.26","0.3711","0.0311","0.4119"
"WEP","20-Oct-2025","44","114.71","113.48","0.29","-2.140","0.00","2.26","0.3711","0.0311","0.4119"
"WEP","20-Oct-2025","45","112.50","110.62","0.29","-1.490","0.00","2.26","0.3711","0.0311","0.4119"
"WEP","20-Oct-2025","46","100.48","98.67","0.15","-1.410","0.00","2.26","0.3711","0.0311","0.4119"
"WEP","20-Oct-2025","47","92.57","90.61","0.13","-1.240","0.00","2.26","0.3711","0.0311","0.4119"
"WEP","20-Oct-2025","48","90.39","88.53","0.08","-1.300","0.00","2.26","0.3711","0.0311","0.4119"
"WEP","21-Oct-2025","1","98.01","95.57","0.12","-0.720","0.00","2.26","0.3711","0.0290","0.3842"
"WEP","21-Oct-2025","2","93.31","90.80","0.09","-0.630","0.00","2.26","0.3711","0.0290","0.3842"
"WEP","21-Oct-2025","3","90.43","88.02","0.05","-0.680","0.00","2.26","0.3711","0.0290","0.3842"
"WEP","21-Oct-2025","4","88.33","85.80","0.05","-0.570","0.00","2.26","0.3711","0.0290","0.3842"
"WEP","21-Oct-2025","5","83.00","80.07","0.06","-0.170","0.00","2.26","0.3711","0.0290","0.3842"
"WEP","21-Oct-2025","6","87.87","85.97","0.08","-1.220","0.00","2.26","0.3711","0.0290","0.3842"
"WEP","21-Oct-2025","7","88.25","85.83","0.08","-0.710","0.00","2.26","0.3711","0.0290","0.3842"
"WEP","21-Oct-2025","8","87.99","85.79","0.08","-0.930","0.00","2.26","0.3711","0.0290","0.3842"
"WEP","21-Oct-2025","9","88.52","85.82","0.06","-0.410","0.00","2.26","0.3711","0.0290","0.3842"
"WEP","21-Oct-2025","10","88.48","85.90","0.06","-0.520","0.00","2.26","0.3711","0.0290","0.3842"
"WEP","21-Oct-2025","11","88.45","85.94","0.11","-0.640","0.00","2.26","0.3711","0.0290","0.3842"
"WEP","21-Oct-2025","12","91.35","88.46","0.13","-0.290","0.00","2.26","0.3711","0.0290","0.3842"
"WEP","21-Oct-2025","13","90.97","88.47","0.17","-0.720","0.00","2.26","0.3711","0.0290","0.3842"
"WEP","21-Oct-2025","14","94.96","92.48","0.18","-0.750","0.00","2.26","0.3711","0.0290","0.3842"
"WEP","21-Oct-2025","15","94.80","92.10","0.40","-0.750","0.00","2.26","0.3711","0.0290","0.3842"
"WEP","21-Oct-2025","16","103.16","100.46","0.38","-0.720","0.00","2.26","0.3711","0.0290","0.3842"
"WEP","21-Oct-2025","17","106.05","103.99","0.36","-1.340","0.00","2.26","0.3711","0.0290","0.3842"
"WEP","21-Oct-2025","18","110.11","107.71","0.52","-1.160","0.00","2.26","0.3711","0.0290","0.3842"
"WEP","21-Oct-2025","19","109.45","106.82","0.44","-0.860","0.00","2.26","0.3711","0.0290","0.3842"
"WEP","21-Oct-2025","20","100.87","98.60","0.33","-1.100","0.00","2.26","0.3711","0.0290","0.3842"
"WEP","21-Oct-2025","21","92.92","91.25","0.12","-1.500","0.00","2.26","0.3711","0.0290","0.3842"
"WEP","21-Oct-2025","22","99.83","93.43","0.17","3.180","0.00","2.26","0.3711","0.0290","0.3842"
"WEP","21-Oct-2025","23","90.43","88.38","0.12","-1.120","0.00","2.26","0.3711","0.0290","0.3842"
"WEP","21-Oct-2025","24","87.32","85.91","0.11","-1.750","0.00","2.26","0.3711","0.0290","0.3842"
"WEP","21-Oct-2025","25","87.48","86.12","0.13","-1.820","0.00","2.26","0.3711","0.0290","0.3842"
"WEP","21-Oct-2025","26","90.05","88.49","0.13","-1.620","0.00","2.26","0.3711","0.0290","0.3842"
"WEP","21-Oct-2025","27","89.77","88.46","0.12","-1.850","0.00","2.26","0.3711","0.0290","0.3842"
"WEP","21-Oct-2025","28","92.65","91.30","0.12","-1.810","0.00","2.26","0.3711","0.0290","0.3842"
"WEP","21-Oct-2025","29","94.23","92.25","0.13","-1.190","0.00","2.26","0.3711","0.0290","0.3842"
"WEP","21-Oct-2025","30","89.92","88.38","0.10","-1.610","0.00","2.26","0.3711","0.0290","0.3842"
"WEP","21-Oct-2025","31","89.92","88.44","0.11","-1.670","0.00","2.26","0.3711","0.0290","0.3842"
"WEP","21-Oct-2025","32","90.07","88.47","0.15","-1.600","0.00","2.26","0.3711","0.0290","0.3842"
"WEP","21-Oct-2025","33","92.51","90.53","0.12","-1.180","0.00","2.26","0.3711","0.0290","0.3842"
"WEP","21-Oct-2025","34","90.82","89.43","0.14","-1.800","0.00","2.26","0.3711","0.0290","0.3842"
"WEP","21-Oct-2025","35","108.73","106.85","0.55","-1.710","0.00","2.26","0.3711","0.0290","0.3842"
"WEP","21-Oct-2025","36","111.31","109.92","0.30","-1.950","0.00","2.26","0.3711","0.0290","0.3842"
"WEP","21-Oct-2025","37","113.68","111.99","0.39","-1.750","0.00","2.26","0.3711","0.0290","0.3842"
"WEP","21-Oct-2025","38","115.96","114.22","0.44","-1.740","0.00","2.26","0.3711","0.0290","0.3842"
"WEP","21-Oct-2025","39","116.41","114.24","0.44","-1.320","0.00","2.26","0.3711","0.0290","0.3842"
"WEP","21-Oct-2025","40","119.53","117.90","0.47","-1.890","0.00","2.26","0.3711","0.0290","0.3842"
"WEP","21-Oct-2025","41","115.91","114.28","0.30","-1.710","0.00","2.26","0.3711","0.0290","0.3842"
"WEP","21-Oct-2025","42","115.98","114.28","0.30","-1.650","0.00","2.26","0.3711","0.0290","0.3842"
"WEP","21-Oct-2025","43","115.88","114.07","0.31","-1.540","0.00","2.26","0.3711","0.0290","0.3842"
"WEP","21-Oct-2025","44","113.06","111.17","0.14","-1.290","0.00","2.26","0.3711","0.0290","0.3842"
"WEP","21-Oct-2025","45","104.52","102.15","0.14","-0.810","0.00","2.26","0.3711","0.0290","0.3842"
"WEP","21-Oct-2025","46","102.45","100.44","0.14","-1.170","0.00","2.26","0.3711","0.0290","0.3842"
"WEP","21-Oct-2025","47","95.29","93.20","0.14","-1.090","0.00","2.26","0.3711","0.0290","0.3842"
"WEP","21-Oct-2025","48","95.94","93.57","0.10","-0.770","0.00","2.26","0.3711","0.0290","0.3842"
"WEP","22-Oct-2025","1","96.72","94.26","0.10","-0.690","0.00","2.26","0.3711","0.0292","0.3869"
"WEP","22-Oct-2025","2","94.24","92.44","0.06","-1.310","0.00","2.26","0.3711","0.0292","0.3869"
"WEP","22-Oct-2025","3","96.21","94.01","0.05","-0.900","0.00","2.26","0.3711","0.0292","0.3869"
"WEP","22-Oct-2025","4","96.70","94.49","0.05","-0.890","0.00","2.26","0.3711","0.0292","0.3869"
"WEP","22-Oct-2025","5","93.88","91.85","0.05","-1.070","0.00","2.26","0.3711","0.0292","0.3869"
"WEP","22-Oct-2025","6","91.85","89.31","0.05","-0.550","0.00","2.26","0.3711","0.0292","0.3869"
"WEP","22-Oct-2025","7","92.59","89.33","0.05","0.160","0.00","2.26","0.3711","0.0292","0.3869"
"WEP","22-Oct-2025","8","92.03","89.01","0.06","-0.090","0.00","2.26","0.3711","0.0292","0.3869"
"WEP","22-Oct-2025","9","89.35","86.10","0.05","0.150","0.00","2.26","0.3711","0.0292","0.3869"
"WEP","22-Oct-2025","10","91.73","88.72","0.05","-0.080","0.00","2.26","0.3711","0.0292","0.3869"
"WEP","22-Oct-2025","11","91.27","88.73","0.07","-0.580","0.00","2.26","0.3711","0.0292","0.3869"
"WEP","22-Oct-2025","12","91.99","89.44","0.13","-0.630","0.00","2.26","0.3711","0.0292","0.3869"
"WEP","22-Oct-2025","13","91.86","89.39","0.17","-0.740","0.00","2.26","0.3711","0.0292","0.3869"
"WEP","22-Oct-2025","14","95.29","92.38","0.37","-0.510","0.00","2.26","0.3711","0.0292","0.3869"
"WEP","22-Oct-2025","15","97.37","94.64","0.41","-0.720","0.00","2.26","0.3711","0.0292","0.3869"
"WEP","22-Oct-2025","16","103.19","100.46","0.39","-0.710","0.00","2.26","0.3711","0.0292","0.3869"
"WEP","22-Oct-2025","17","106.32","103.54","0.35","-0.620","0.00","2.26","0.3711","0.0292","0.3869"
"WEP","22-Oct-2025","18","97.67","94.94","0.36","-0.680","0.00","2.26","0.3711","0.0292","0.3869"
"WEP","22-Oct-2025","19","97.11","94.78","0.30","-1.020","0.00","2.26","0.3711","0.0292","0.3869"
"WEP","22-Oct-2025","20","96.65","94.78","0.31","-1.490","0.00","2.26","0.3711","0.0292","0.3869"
"WEP","22-Oct-2025","21","95.99","94.77","0.18","-2.000","0.00","2.26","0.3711","0.0292","0.3869"
"WEP","22-Oct-2025","22","100.20","98.60","0.18","-1.630","0.00","2.26","0.3711","0.0292","0.3869"
"WEP","22-Oct-2025","23","96.59","94.98","0.16","-1.590","0.00","2.26","0.3711","0.0292","0.3869"
"WEP","22-Oct-2025","24","100.22","98.75","0.15","-1.730","0.00","2.26","0.3711","0.0292","0.3869"
"WEP","22-Oct-2025","25","102.69","100.62","0.14","-1.120","0.00","2.26","0.3711","0.0292","0.3869"
"WEP","22-Oct-2025","26","101.09","98.64","0.13","-0.730","0.00","2.26","0.3711","0.0292","0.3869"
"WEP","22-Oct-2025","27","109.37","106.88","0.22","-0.780","0.00","2.26","0.3711","0.0292","0.3869"
"WEP","22-Oct-2025","28","96.89","94.55","0.12","-0.820","0.00","2.26","0.3711","0.0292","0.3869"
"WEP","22-Oct-2025","29","97.00","94.32","0.17","-0.540","0.00","2.26","0.3711","0.0292","0.3869"
"WEP","22-Oct-2025","30","91.05","88.86","0.12","-0.970","0.00","2.26","0.3711","0.0292","0.3869"
"WEP","22-Oct-2025","31","84.16","82.94","0.13","-1.950","0.00","2.26","0.3711","0.0292","0.3869"
"WEP","22-Oct-2025","32","90.97","89.47","0.20","-1.750","0.00","2.26","0.3711","0.0292","0.3869"
"WEP","22-Oct-2025","33","96.80","94.82","0.14","-1.210","0.00","2.26","0.3711","0.0292","0.3869"
"WEP","22-Oct-2025","34","96.22","94.54","0.22","-1.590","0.00","2.26","0.3711","0.0292","0.3869"
"WEP","22-Oct-2025","35","96.78","94.97","0.43","-1.670","0.00","2.26","0.3711","0.0292","0.3869"
"WEP","22-Oct-2025","36","96.67","94.98","0.30","-1.650","0.00","2.26","0.3711","0.0292","0.3869"
"WEP","22-Oct-2025","37","110.58","108.36","0.36","-1.190","0.00","2.26","0.3711","0.0292","0.3869"
"WEP","22-Oct-2025","38","111.00","108.62","0.35","-1.010","0.00","2.26","0.3711","0.0292","0.3869"
"WEP","22-Oct-2025","39","111.21","109.21","0.35","-1.400","0.00","2.26","0.3711","0.0292","0.3869"
"WEP","22-Oct-2025","40","111.97","109.94","0.34","-1.360","0.00","2.26","0.3711","0.0292","0.3869"
"WEP","22-Oct-2025","41","112.76","110.69","0.30","-1.280","0.00","2.26","0.3711","0.0292","0.3869"
"WEP","22-Oct-2025","42","110.66","108.19","0.31","-0.890","0.00","2.26","0.3711","0.0292","0.3869"
"WEP","22-Oct-2025","43","105.19","102.67","0.31","-0.830","0.00","2.26","0.3711","0.0292","0.3869"
"WEP","22-Oct-2025","44","97.05","94.79","0.12","-0.910","0.00","2.26","0.3711","0.0292","0.3869"
"WEP","22-Oct-2025","45","96.35","93.64","0.10","-0.430","0.00","2.26","0.3711","0.0292","0.3869"
"WEP","22-Oct-2025","46","93.45","90.69","0.10","-0.390","0.00","2.26","0.3711","0.0292","0.3869"
"WEP","22-Oct-2025","47","92.58","89.61","0.11","-0.190","0.00","2.26","0.3711","0.0292","0.3869"
"WEP","22-Oct-2025","48","92.27","89.04","0.08","0.100","0.00","2.26","0.3711","0.0292","0.3869"
"WEP","23-Oct-2025","1","81.76","78.76","0.12","-0.160","0.00","2.26","0.3711","0.0293","0.3877"
"WEP","23-Oct-2025","2","88.31","85.55","0.06","-0.350","0.00","2.26","0.3711","0.0293","0.3877"
"WEP","23-Oct-2025","3","88.15","85.51","0.00","-0.410","0.00","2.26","0.3711","0.0293","0.3877"
"WEP","23-Oct-2025","4","88.05","85.29","0.00","-0.290","0.00","2.26","0.3711","0.0293","0.3877"
"WEP","23-Oct-2025","5","86.00","83.29","0.00","-0.330","0.00","2.26","0.3711","0.0293","0.3877"
"WEP","23-Oct-2025","6","85.58","82.88","0.06","-0.410","0.00","2.26","0.3711","0.0293","0.3877"
"WEP","23-Oct-2025","7","85.41","82.86","0.06","-0.560","0.00","2.26","0.3711","0.0293","0.3877"
"WEP","23-Oct-2025","8","85.57","82.86","0.06","-0.400","0.00","2.26","0.3711","0.0293","0.3877"
"WEP","23-Oct-2025","9","85.34","82.86","0.00","-0.570","0.00","2.26","0.3711","0.0293","0.3877"
"WEP","23-Oct-2025","10","85.66","83.14","0.00","-0.530","0.00","2.26","0.3711","0.0293","0.3877"
"WEP","23-Oct-2025","11","88.02","85.49","0.06","-0.580","0.00","2.26","0.3711","0.0293","0.3877"
"WEP","23-Oct-2025","12","91.48","89.13","0.13","-0.830","0.00","2.26","0.3711","0.0293","0.3877"
"WEP","23-Oct-2025","13","91.88","89.61","0.17","-0.950","0.00","2.26","0.3711","0.0293","0.3877"
"WEP","23-Oct-2025","14","88.01","85.73","0.19","-0.960","0.00","2.26","0.3711","0.0293","0.3877"
"WEP","23-Oct-2025","15","92.24","89.65","0.40","-0.850","0.00","2.26","0.3711","0.0293","0.3877"
"WEP","23-Oct-2025","16","95.66","92.69","0.38","-0.460","0.00","2.26","0.3711","0.0293","0.3877"
"WEP","23-Oct-2025","17","95.66","92.64","0.35","-0.370","0.00","2.26","0.3711","0.0293","0.3877"
"WEP","23-Oct-2025","18","93.47","90.55","0.35","-0.480","0.00","2.26","0.3711","0.0293","0.3877"
"WEP","23-Oct-2025","19","90.95","88.86","0.31","-1.260","0.00","2.26","0.3711","0.0293","0.3877"
"WEP","23-Oct-2025","20","94.00","91.40","0.31","-0.760","0.00","2.26","0.3711","0.0293","0.3877"
"WEP","23-Oct-2025","21","92.53","89.66","0.15","-0.330","0.00","2.26","0.3711","0.0293","0.3877"
"WEP","23-Oct-2025","22","91.22","88.60","0.14","-0.570","0.00","2.26","0.3711","0.0293","0.3877"
"WEP","23-Oct-2025","23","85.81","82.93","0.11","-0.280","0.00","2.26","0.3711","0.0293","0.3877"
"WEP","23-Oct-2025","24","80.91","78.43","0.11","-0.670","0.00","2.26","0.3711","0.0293","0.3877"
"WEP","23-Oct-2025","25","79.83","78.34","0.12","-1.670","0.00","2.26","0.3711","0.0293","0.3877"
"WEP","23-Oct-2025","26","79.75","78.36","0.13","-1.790","0.00","2.26","0.3711","0.0293","0.3877"
"WEP","23-Oct-2025","27","83.46","81.53","0.12","-1.230","0.00","2.26","0.3711","0.0293","0.3877"
"WEP","23-Oct-2025","28","80.84","78.76","0.13","-1.090","0.00","2.26","0.3711","0.0293","0.3877"
"WEP","23-Oct-2025","29","80.29","78.62","0.12","-1.500","0.00","2.26","0.3711","0.0293","0.3877"
"WEP","23-Oct-2025","30","79.92","78.75","0.10","-1.970","0.00","2.26","0.3711","0.0293","0.3877"
"WEP","23-Oct-2025","31","82.63","81.56","0.11","-2.090","0.00","2.26","0.3711","0.0293","0.3877"
"WEP","23-Oct-2025","32","81.77","81.25","0.13","-2.660","0.00","2.26","0.3711","0.0293","0.3877"
"WEP","23-Oct-2025","33","87.24","86.13","0.13","-2.070","0.00","2.26","0.3711","0.0293","0.3877"
"WEP","23-Oct-2025","34","95.53","93.28","0.17","-0.970","0.00","2.26","0.3711","0.0293","0.3877"
"WEP","23-Oct-2025","35","111.27","108.62","0.45","-0.850","0.00","2.26","0.3711","0.0293","0.3877"
"WEP","23-Oct-2025","36","94.80","92.99","0.24","-1.480","0.00","2.26","0.3711","0.0293","0.3877"
"WEP","23-Oct-2025","37","106.47","104.47","0.32","-1.370","0.00","2.26","0.3711","0.0293","0.3877"
"WEP","23-Oct-2025","38","112.26","110.67","0.38","-1.840","0.00","2.26","0.3711","0.0293","0.3877"
"WEP","23-Oct-2025","39","113.90","112.00","0.39","-1.540","0.00","2.26","0.3711","0.0293","0.3877"
"WEP","23-Oct-2025","40","113.99","112.03","0.38","-1.470","0.00","2.26","0.3711","0.0293","0.3877"
"WEP","23-Oct-2025","41","114.11","112.03","0.34","-1.310","0.00","2.26","0.3711","0.0293","0.3877"
"WEP","23-Oct-2025","42","111.71","109.96","0.33","-1.630","0.00","2.26","0.3711","0.0293","0.3877"
"WEP","23-Oct-2025","43","108.91","106.90","0.30","-1.330","0.00","2.26","0.3711","0.0293","0.3877"
"WEP","23-Oct-2025","44","98.85","97.15","0.15","-1.500","0.00","2.26","0.3711","0.0293","0.3877"
"WEP","23-Oct-2025","45","95.68","93.24","0.15","-0.750","0.00","2.26","0.3711","0.0293","0.3877"
"WEP","23-Oct-2025","46","95.21","92.71","0.14","-0.690","0.00","2.26","0.3711","0.0293","0.3877"
"WEP","23-Oct-2025","47","93.61","91.20","0.15","-0.790","0.00","2.26","0.3711","0.0293","0.3877"
"WEP","23-Oct-2025","48","91.76","88.85","0.08","-0.220","0.00","2.26","0.3711","0.0293","0.3877"
"WEP","24-Oct-2025","1","88.15","86.10","0.10","-1.100","0.00","2.26","0.3711","0.0292","0.3866"
"WEP","24-Oct-2025","2","85.54","84.19","0.07","-1.760","0.00","2.26","0.3711","0.0292","0.3866"
"WEP","24-Oct-2025","3","87.72","85.93","0.05","-1.310","0.00","2.26","0.3711","0.0292","0.3866"
"WEP","24-Oct-2025","4","86.18","84.17","0.06","-1.100","0.00","2.26","0.3711","0.0292","0.3866"
"WEP","24-Oct-2025","5","85.38","83.57","0.05","-1.280","0.00","2.26","0.3711","0.0292","0.3866"
"WEP","24-Oct-2025","6","84.95","83.36","0.05","-1.510","0.00","2.26","0.3711","0.0292","0.3866"
"WEP","24-Oct-2025","7","84.32","82.85","0.06","-1.630","0.00","2.26","0.3711","0.0292","0.3866"
"WEP","24-Oct-2025","8","84.49","82.85","0.06","-1.470","0.00","2.26","0.3711","0.0292","0.3866"
"WEP","24-Oct-2025","9","84.78","83.27","0.05","-1.590","0.00","2.26","0.3711","0.0292","0.3866"
"WEP","24-Oct-2025","10","85.04","83.27","0.05","-1.330","0.00","2.26","0.3711","0.0292","0.3866"
"WEP","24-Oct-2025","11","85.14","83.47","0.07","-1.450","0.00","2.26","0.3711","0.0292","0.3866"
"WEP","24-Oct-2025","12","85.56","83.89","0.11","-1.480","0.00","2.26","0.3711","0.0292","0.3866"
"WEP","24-Oct-2025","13","91.30","89.64","0.17","-1.560","0.00","2.26","0.3711","0.0292","0.3866"
"WEP","24-Oct-2025","14","91.89","90.16","0.37","-1.690","0.00","2.26","0.3711","0.0292","0.3866"
"WEP","24-Oct-2025","15","91.15","89.66","0.40","-1.960","0.00","2.26","0.3711","0.0292","0.3866"
"WEP","24-Oct-2025","16","92.59","90.68","0.38","-1.520","0.00","2.26","0.3711","0.0292","0.3866"
"WEP","24-Oct-2025","17","92.37","90.74","0.35","-1.760","0.00","2.26","0.3711","0.0292","0.3866"
"WEP","24-Oct-2025","18","93.15","91.38","0.36","-1.630","0.00","2.26","0.3711","0.0292","0.3866"
"WEP","24-Oct-2025","19","91.61","89.91","0.30","-1.650","0.00","2.26","0.3711","0.0292","0.3866"
"WEP","24-Oct-2025","20","91.32","89.66","0.31","-1.700","0.00","2.26","0.3711","0.0292","0.3866"
"WEP","24-Oct-2025","21","91.65","89.53","0.16","-1.090","0.00","2.26","0.3711","0.0292","0.3866"
"WEP","24-Oct-2025","22","86.17","83.92","0.12","-0.910","0.00","2.26","0.3711","0.0292","0.3866"
"WEP","24-Oct-2025","23","82.07","80.57","0.12","-1.660","0.00","2.26","0.3711","0.0292","0.3866"
"WEP","24-Oct-2025","24","77.45","76.12","0.11","-1.830","0.00","2.26","0.3711","0.0292","0.3866"
"WEP","24-Oct-2025","25","77.25","75.97","0.12","-1.890","0.00","2.26","0.3711","0.0292","0.3866"
"WEP","24-Oct-2025","26","76.53","75.49","0.12","-2.130","0.00","2.26","0.3711","0.0292","0.3866"
"WEP","24-Oct-2025","27","76.27","75.62","0.12","-2.520","0.00","2.26","0.3711","0.0292","0.3866"
"WEP","24-Oct-2025","28","76.34","75.71","0.12","-2.540","0.00","2.26","0.3711","0.0292","0.3866"
"WEP","24-Oct-2025","29","76.73","75.96","0.11","-2.380","0.00","2.26","0.3711","0.0292","0.3866"
"WEP","24-Oct-2025","30","76.61","75.94","0.10","-2.480","0.00","2.26","0.3711","0.0292","0.3866"
"WEP","24-Oct-2025","31","78.88","78.43","0.11","-2.710","0.00","2.26","0.3711","0.0292","0.3866"
"WEP","24-Oct-2025","32","79.47","78.93","0.12","-2.630","0.00","2.26","0.3711","0.0292","0.3866"
"WEP","24-Oct-2025","33","84.65","84.09","0.11","-2.590","0.00","2.26","0.3711","0.0292","0.3866"
"WEP","24-Oct-2025","34","86.45","85.95","0.13","-2.680","0.00","2.26","0.3711","0.0292","0.3866"
"WEP","24-Oct-2025","35","90.82","90.30","0.37","-2.900","0.00","2.26","0.3711","0.0292","0.3866"
"WEP","24-Oct-2025","36","96.79","96.75","0.29","-3.290","0.00","2.26","0.3711","0.0292","0.3866"
"WEP","24-Oct-2025","37","113.90","112.76","0.35","-2.250","0.00","2.26","0.3711","0.0292","0.3866"
"WEP","24-Oct-2025","38","146.18","145.56","0.65","-3.070","0.00","2.26","0.3711","0.0292","0.3866"
"WEP","24-Oct-2025","39","121.13","120.44","0.50","-2.860","0.00","2.26","0.3711","0.0292","0.3866"
"WEP","24-Oct-2025","40","113.21","112.77","0.38","-2.990","0.00","2.26","0.3711","0.0292","0.3866"
"WEP","24-Oct-2025","41","121.02","120.47","0.31","-2.800","0.00","2.26","0.3711","0.0292","0.3866"
"WEP","24-Oct-2025","42","112.58","112.03","0.30","-2.800","0.00","2.26","0.3711","0.0292","0.3866"
"WEP","24-Oct-2025","43","107.89","106.79","0.30","-2.240","0.00","2.26","0.3711","0.0292","0.3866"
"WEP","24-Oct-2025","44","92.16","90.83","0.17","-1.880","0.00","2.26","0.3711","0.0292","0.3866"
"WEP","24-Oct-2025","45","92.17","90.21","0.17","-1.250","0.00","2.26","0.3711","0.0292","0.3866"
"WEP","24-Oct-2025","46","92.26","90.22","0.15","-1.160","0.00","2.26","0.3711","0.0292","0.3866"
"WEP","24-Oct-2025","47","90.56","88.43","0.15","-1.070","0.00","2.26","0.3711","0.0292","0.3866"
"WEP","24-Oct-2025","48","88.46","86.16","0.07","-0.820","0.00","2.26","0.3711","0.0292","0.3866"
"WEP","25-Oct-2025","1","92.20","89.70","0.12","-0.690","0.00","2.26","0.3711","0.0306","0.4052"
"WEP","25-Oct-2025","2","92.72","89.80","0.07","-0.210","0.00","2.26","0.3711","0.0306","0.4052"
"WEP","25-Oct-2025","3","88.42","85.98","0.05","-0.680","0.00","2.26","0.3711","0.0306","0.4052"
"WEP","25-Oct-2025","4","91.37","88.81","0.00","-0.500","0.00","2.26","0.3711","0.0306","0.4052"
"WEP","25-Oct-2025","5","88.76","85.93","0.05","-0.290","0.00","2.26","0.3711","0.0306","0.4052"
"WEP","25-Oct-2025","6","89.51","86.47","0.06","-0.080","0.00","2.26","0.3711","0.0306","0.4052"
"WEP","25-Oct-2025","7","92.12","88.81","0.06","0.180","0.00","2.26","0.3711","0.0306","0.4052"
"WEP","25-Oct-2025","8","92.81","89.43","0.06","0.260","0.00","2.26","0.3711","0.0306","0.4052"
"WEP","25-Oct-2025","9","88.66","85.55","0.06","-0.020","0.00","2.26","0.3711","0.0306","0.4052"
"WEP","25-Oct-2025","10","86.98","83.94","0.06","-0.090","0.00","2.26","0.3711","0.0306","0.4052"
"WEP","25-Oct-2025","11","88.57","85.76","0.06","-0.320","0.00","2.26","0.3711","0.0306","0.4052"
"WEP","25-Oct-2025","12","89.22","85.91","0.12","0.130","0.00","2.26","0.3711","0.0306","0.4052"
"WEP","25-Oct-2025","13","92.84","89.78","0.17","-0.180","0.00","2.26","0.3711","0.0306","0.4052"
"WEP","25-Oct-2025","14","93.01","90.17","0.19","-0.410","0.00","2.26","0.3711","0.0306","0.4052"
"WEP","25-Oct-2025","15","92.94","90.17","0.22","-0.510","0.00","2.26","0.3711","0.0306","0.4052"
"WEP","25-Oct-2025","16","93.45","90.52","0.21","-0.350","0.00","2.26","0.3711","0.0306","0.4052"
"WEP","25-Oct-2025","17","95.41","91.69","0.19","0.470","0.00","2.26","0.3711","0.0306","0.4052"
"WEP","25-Oct-2025","18","97.00","93.02","0.24","0.680","0.00","2.26","0.3711","0.0306","0.4052"
"WEP","25-Oct-2025","19","92.82","89.78","0.16","-0.190","0.00","2.26","0.3711","0.0306","0.4052"
"WEP","25-Oct-2025","20","94.43","90.16","0.17","1.030","0.00","2.26","0.3711","0.0306","0.4052"
"WEP","25-Oct-2025","21","88.12","83.95","0.13","0.970","0.00","2.26","0.3711","0.0306","0.4052"
"WEP","25-Oct-2025","22","86.46","83.59","0.13","-0.330","0.00","2.26","0.3711","0.0306","0.4052"
"WEP","25-Oct-2025","23","86.88","83.11","0.12","0.580","0.00","2.26","0.3711","0.0306","0.4052"
"WEP","25-Oct-2025","24","82.43","78.85","0.12","0.390","0.00","2.26","0.3711","0.0306","0.4052"
"WEP","25-Oct-2025","25","80.01","76.85","0.14","-0.050","0.00","2.26","0.3711","0.0306","0.4052"
"WEP","25-Oct-2025","26","78.40","75.63","0.15","-0.450","0.00","2.26","0.3711","0.0306","0.4052"
"WEP","25-Oct-2025","27","76.95","74.27","0.14","-0.520","0.00","2.26","0.3711","0.0306","0.4052"
"WEP","25-Oct-2025","28","79.71","76.85","0.14","-0.350","0.00","2.26","0.3711","0.0306","0.4052"
"WEP","25-Oct-2025","29","77.99","75.03","0.13","-0.240","0.00","2.26","0.3711","0.0306","0.4052"
"WEP","25-Oct-2025","30","79.37","76.83","0.11","-0.640","0.00","2.26","0.3711","0.0306","0.4052"
"WEP","25-Oct-2025","31","80.24","77.86","0.12","-0.810","0.00","2.26","0.3711","0.0306","0.4052"
"WEP","25-Oct-2025","32","80.76","78.76","0.14","-1.200","0.00","2.26","0.3711","0.0306","0.4052"
"WEP","25-Oct-2025","33","85.69","83.59","0.13","-1.100","0.00","2.26","0.3711","0.0306","0.4052"
"WEP","25-Oct-2025","34","91.56","89.66","0.15","-1.310","0.00","2.26","0.3711","0.0306","0.4052"
"WEP","25-Oct-2025","35","93.74","91.07","0.41","-0.810","0.00","2.26","0.3711","0.0306","0.4052"
"WEP","25-Oct-2025","36","101.46","98.96","0.21","-0.770","0.00","2.26","0.3711","0.0306","0.4052"
"WEP","25-Oct-2025","37","111.38","108.53","0.35","-0.570","0.00","2.26","0.3711","0.0306","0.4052"
"WEP","25-Oct-2025","38","123.36","120.43","0.57","-0.700","0.00","2.26","0.3711","0.0306","0.4052"
"WEP","25-Oct-2025","39","137.02","134.05","0.78","-0.880","0.00","2.26","0.3711","0.0306","0.4052"
"WEP","25-Oct-2025","40","147.17","144.28","0.87","-1.050","0.00","2.26","0.3711","0.0306","0.4052"
"WEP","25-Oct-2025","41","138.34","135.47","0.65","-0.840","0.00","2.26","0.3711","0.0306","0.4052"
"WEP","25-Oct-2025","42","141.93","138.57","0.71","-0.410","0.00","2.26","0.3711","0.0306","0.4052"
"WEP","25-Oct-2025","43","129.04","126.01","0.52","-0.560","0.00","2.26","0.3711","0.0306","0.4052"
"WEP","25-Oct-2025","44","115.18","112.48","0.31","-0.680","0.00","2.26","0.3711","0.0306","0.4052"
"WEP","25-Oct-2025","45","108.96","105.91","0.23","-0.250","0.00","2.26","0.3711","0.0306","0.4052"
"WEP","25-Oct-2025","46","104.39","101.11","0.15","0.060","0.00","2.26","0.3711","0.0306","0.4052"
"WEP","25-Oct-2025","47","100.61","97.50","0.15","-0.110","0.00","2.26","0.3711","0.0306","0.4052"
"WEP","25-Oct-2025","48","94.84","91.28","0.13","0.360","0.00","2.26","0.3711","0.0306","0.4052"
"WEP","26-Oct-2025","1","94.38","91.25","0.12","-0.060","0.00","2.26","0.3711","0.0306","0.4058"
"WEP","26-Oct-2025","2","89.48","86.02","0.11","0.280","0.00","2.26","0.3711","0.0306","0.4058"
"WEP","26-Oct-2025","3","87.91","84.74","0.06","0.050","0.00","2.26","0.3711","0.0306","0.4058"
"WEP","26-Oct-2025","4","87.14","83.93","0.06","0.080","0.00","2.26","0.3711","0.0306","0.4058"
"WEP","26-Oct-2025","5","95.19","92.79","0.06","-0.720","0.00","2.26","0.3711","0.0306","0.4058"
"WEP","26-Oct-2025","6","93.61","90.28","0.09","0.180","0.00","2.26","0.3711","0.0306","0.4058"
"WEP","26-Oct-2025","7","93.15","89.90","0.09","0.090","0.00","2.26","0.3711","0.0306","0.4058"
"WEP","26-Oct-2025","8","93.30","89.90","0.06","0.270","0.00","2.26","0.3711","0.0306","0.4058"
"WEP","26-Oct-2025","9","93.12","89.89","0.06","0.110","0.00","2.26","0.3711","0.0306","0.4058"
"WEP","26-Oct-2025","10","92.87","89.90","0.06","-0.160","0.00","2.26","0.3711","0.0306","0.4058"
"WEP","26-Oct-2025","11","93.33","89.92","0.11","0.230","0.00","2.26","0.3711","0.0306","0.4058"
"WEP","26-Oct-2025","12","93.74","90.28","0.14","0.250","0.00","2.26","0.3711","0.0306","0.4058"
"WEP","26-Oct-2025","13","94.16","90.30","0.23","0.560","0.00","2.26","0.3711","0.0306","0.4058"
"WEP","26-Oct-2025","14","96.22","92.80","0.40","-0.050","0.00","2.26","0.3711","0.0306","0.4058"
"WEP","26-Oct-2025","15","94.08","90.30","0.49","0.220","0.00","2.26","0.3711","0.0306","0.4058"
"WEP","26-Oct-2025","16","90.74","86.61","0.47","0.590","0.00","2.26","0.3711","0.0306","0.4058"
"WEP","26-Oct-2025","17","88.70","84.91","0.40","0.330","0.00","2.26","0.3711","0.0306","0.4058"
"WEP","26-Oct-2025","18","96.15","93.05","0.48","-0.450","0.00","2.26","0.3711","0.0306","0.4058"
"WEP","26-Oct-2025","19","93.33","89.85","0.34","0.070","0.00","2.26","0.3711","0.0306","0.4058"
"WEP","26-Oct-2025","20","91.07","87.67","0.32","0.010","0.00","2.26","0.3711","0.0306","0.4058"
"WEP","26-Oct-2025","21","87.98","84.75","0.18","-0.010","0.00","2.26","0.3711","0.0306","0.4058"
"WEP","26-Oct-2025","22","87.30","84.07","0.17","-0.010","0.00","2.26","0.3711","0.0306","0.4058"
"WEP","26-Oct-2025","23","82.69","79.54","0.14","-0.050","0.00","2.26","0.3711","0.0306","0.4058"
"WEP","26-Oct-2025","24","80.63","78.05","0.13","-0.620","0.00","2.26","0.3711","0.0306","0.4058"
"WEP","26-Oct-2025","25","78.89","76.41","0.15","-0.740","0.00","2.26","0.3711","0.0306","0.4058"
"WEP","26-Oct-2025","26","78.80","76.40","0.15","-0.810","0.00","2.26","0.3711","0.0306","0.4058"
"WEP","26-Oct-2025","27","78.98","76.40","0.14","-0.630","0.00","2.26","0.3711","0.0306","0.4058"
"WEP","26-Oct-2025","28","81.22","78.69","0.13","-0.670","0.00","2.26","0.3711","0.0306","0.4058"
"WEP","26-Oct-2025","29","80.72","78.28","0.12","-0.750","0.00","2.26","0.3711","0.0306","0.4058"
"WEP","26-Oct-2025","30","80.97","78.69","0.11","-0.900","0.00","2.26","0.3711","0.0306","0.4058"
"WEP","26-Oct-2025","31","81.82","79.57","0.12","-0.940","0.00","2.26","0.3711","0.0306","0.4058"
"WEP","26-Oct-2025","32","83.34","81.60","0.15","-1.480","0.00","2.26","0.3711","0.0306","0.4058"
"WEP","26-Oct-2025","33","85.22","83.50","0.13","-1.480","0.00","2.26","0.3711","0.0306","0.4058"
"WEP","26-Oct-2025","34","88.81","86.78","0.15","-1.180","0.00","2.26","0.3711","0.0306","0.4058"
"WEP","26-Oct-2025","35","92.43","89.95","0.44","-1.030","0.00","2.26","0.3711","0.0306","0.4058"
"WEP","26-Oct-2025","36","92.35","90.25","0.17","-1.140","0.00","2.26","0.3711","0.0306","0.4058"
"WEP","26-Oct-2025","37","102.15","99.89","0.33","-1.140","0.00","2.26","0.3711","0.0306","0.4058"
"WEP","26-Oct-2025","38","112.28","110.05","0.41","-1.250","0.00","2.26","0.3711","0.0306","0.4058"
"WEP","26-Oct-2025","39","121.16","118.84","0.40","-1.140","0.00","2.26","0.3711","0.0306","0.4058"
"WEP","26-Oct-2025","40","155.28","152.80","0.73","-1.310","0.00","2.26","0.3711","0.0306","0.4058"
"WEP","26-Oct-2025","41","155.08","152.85","0.54","-1.380","0.00","2.26","0.3711","0.0306","0.4058"
"WEP","26-Oct-2025","42","173.86","172.04","0.76","-2.000","0.00","2.26","0.3711","0.0306","0.4058"
"WEP","26-Oct-2025","43","156.18","152.87","0.55","-0.310","0.00","2.26","0.3711","0.0306","0.4058"
"WEP","26-Oct-2025","44","119.69","116.40","0.29","-0.070","0.00","2.26","0.3711","0.0306","0.4058"
"WEP","26-Oct-2025","45","156.36","152.82","0.33","0.140","0.00","2.26","0.3711","0.0306","0.4058"
"WEP","26-Oct-2025","46","118.35","114.85","0.30","0.130","0.00","2.26","0.3711","0.0306","0.4058"
"WEP","26-Oct-2025","47","114.09","110.08","0.18","0.760","0.00","2.26","0.3711","0.0306","0.4058"
"WEP","26-Oct-2025","48","104.27","100.47","0.11","0.630","0.00","2.26","0.3711","0.0306","0.4058"
"WEP","27-Oct-2025","1","105.93","102.51","0.12","0.260","0.00","2.26","0.3711","0.0282","0.3734"
"WEP","27-Oct-2025","2","92.35","89.77","0.06","-0.510","0.00","2.26","0.3711","0.0282","0.3734"
"WEP","27-Oct-2025","3","95.56","92.69","0.05","-0.220","0.00","2.26","0.3711","0.0282","0.3734"
"WEP","27-Oct-2025","4","100.57","98.03","0.05","-0.540","0.00","2.26","0.3711","0.0282","0.3734"
"WEP","27-Oct-2025","5","101.78","98.55","0.05","0.140","0.00","2.26","0.3711","0.0282","0.3734"
"WEP","27-Oct-2025","6","100.80","97.86","0.05","-0.140","0.00","2.26","0.3711","0.0282","0.3734"
"WEP","27-Oct-2025","7","100.26","97.79","0.05","-0.610","0.00","2.26","0.3711","0.0282","0.3734"
"WEP","27-Oct-2025","8","100.96","97.79","0.06","0.080","0.00","2.26","0.3711","0.0282","0.3734"
"WEP","27-Oct-2025","9","98.68","94.66","0.05","0.940","0.00","2.26","0.3711","0.0282","0.3734"
"WEP","27-Oct-2025","10","99.81","95.38","0.06","1.340","0.00","2.26","0.3711","0.0282","0.3734"
"WEP","27-Oct-2025","11","99.27","94.67","0.07","1.500","0.00","2.26","0.3711","0.0282","0.3734"
"WEP","27-Oct-2025","12","89.19","84.72","0.14","1.290","0.00","2.26","0.3711","0.0282","0.3734"
"WEP","27-Oct-2025","13","95.77","92.66","0.21","-0.130","0.00","2.26","0.3711","0.0282","0.3734"
"WEP","27-Oct-2025","14","108.64","105.76","0.42","-0.570","0.00","2.26","0.3711","0.0282","0.3734"
"WEP","27-Oct-2025","15","111.34","108.36","0.60","-0.650","0.00","2.26","0.3711","0.0282","0.3734"
"WEP","27-Oct-2025","16","174.41","170.49","1.47","-0.580","0.00","2.26","0.3711","0.0282","0.3734"
"WEP","27-Oct-2025","17","210.69","207.19","1.98","-1.510","0.00","2.26","0.3711","0.0282","0.3734"
"WEP","27-Oct-2025","18","345.56","338.26","3.71","0.560","0.00","2.26","0.3711","0.0282","0.3734"
"WEP","27-Oct-2025","19","338.14","331.63","3.03","0.440","0.00","2.26","0.3711","0.0282","0.3734"
"WEP","27-Oct-2025","20","211.12","207.17","1.80","-0.890","0.00","2.26","0.3711","0.0282","0.3734"
"WEP","27-Oct-2025","21","127.66","126.04","0.53","-1.940","0.00","2.26","0.3711","0.0282","0.3734"
"WEP","27-Oct-2025","22","172.32","170.85","0.90","-2.460","0.00","2.26","0.3711","0.0282","0.3734"
"WEP","27-Oct-2025","23","222.58","220.41","1.42","-2.290","0.00","2.26","0.3711","0.0282","0.3734"
"WEP","27-Oct-2025","24","211.19","207.33","1.02","-0.190","0.00","2.26","0.3711","0.0282","0.3734"
"WEP","27-Oct-2025","25","132.65","128.85","0.31","0.460","0.00","2.26","0.3711","0.0282","0.3734"
"WEP","27-Oct-2025","26","98.02","96.12","0.13","-1.260","0.00","2.26","0.3711","0.0282","0.3734"
"WEP","27-Oct-2025","27","108.71","106.73","0.19","-1.240","0.00","2.26","0.3711","0.0282","0.3734"
"WEP","27-Oct-2025","28","132.88","130.27","0.27","-0.690","0.00","2.26","0.3711","0.0282","0.3734"
"WEP","27-Oct-2025","29","112.91","109.68","0.16","0.030","0.00","2.26","0.3711","0.0282","0.3734"
"WEP","27-Oct-2025","30","95.02","92.72","0.11","-0.840","0.00","2.26","0.3711","0.0282","0.3734"
"WEP","27-Oct-2025","31","95.84","93.08","0.11","-0.390","0.00","2.26","0.3711","0.0282","0.3734"
"WEP","27-Oct-2025","32","93.76","90.22","0.13","0.380","0.00","2.26","0.3711","0.0282","0.3734"
"WEP","27-Oct-2025","33","86.65","84.61","0.12","-1.110","0.00","2.26","0.3711","0.0282","0.3734"
"WEP","27-Oct-2025","34","92.20","90.20","0.13","-1.160","0.00","2.26","0.3711","0.0282","0.3734"
"WEP","27-Oct-2025","35","110.94","108.09","0.56","-0.740","0.00","2.26","0.3711","0.0282","0.3734"
"WEP","27-Oct-2025","36","115.31","112.76","0.30","-0.790","0.00","2.26","0.3711","0.0282","0.3734"
"WEP","27-Oct-2025","37","216.95","213.11","1.01","-0.200","0.00","2.26","0.3711","0.0282","0.3734"
"WEP","27-Oct-2025","38","218.07","213.19","1.34","0.500","0.00","2.26","0.3711","0.0282","0.3734"
"WEP","27-Oct-2025","39","216.63","213.21","1.16","-0.770","0.00","2.26","0.3711","0.0282","0.3734"
"WEP","27-Oct-2025","40","216.57","213.11","1.03","-0.600","0.00","2.26","0.3711","0.0282","0.3734"
"WEP","27-Oct-2025","41","174.70","172.06","0.50","-0.900","0.00","2.26","0.3711","0.0282","0.3734"
"WEP","27-Oct-2025","42","208.45","206.02","0.71","-1.310","0.00","2.26","0.3711","0.0282","0.3734"
"WEP","27-Oct-2025","43","176.16","172.71","0.61","-0.190","0.00","2.26","0.3711","0.0282","0.3734"
"WEP","27-Oct-2025","44","114.70","112.01","0.17","-0.520","0.00","2.26","0.3711","0.0282","0.3734"
"WEP","27-Oct-2025","45","111.78","108.41","0.15","0.180","0.00","2.26","0.3711","0.0282","0.3734"
"WEP","27-Oct-2025","46","107.76","104.68","0.14","-0.090","0.00","2.26","0.3711","0.0282","0.3734"
"WEP","27-Oct-2025","47","98.61","95.69","0.15","-0.260","0.00","2.26","0.3711","0.0282","0.3734"
"WEP","27-Oct-2025","48","94.43","91.30","0.07","0.030","0.00","2.26","0.3711","0.0282","0.3734"
"WEP","28-Oct-2025","1","103.26","100.16","0.12","-0.050","0.00","2.26","0.3711","0.0281","0.3727"
"WEP","28-Oct-2025","2","96.88","93.65","0.06","0.140","0.00","2.26","0.3711","0.0281","0.3727"
"WEP","28-Oct-2025","3","106.38","102.86","0.00","0.490","0.00","2.26","0.3711","0.0281","0.3727"
"WEP","28-Oct-2025","4","103.65","100.52","0.00","0.100","0.00","2.26","0.3711","0.0281","0.3727"
"WEP","28-Oct-2025","5","103.66","100.38","0.06","0.190","0.00","2.26","0.3711","0.0281","0.3727"
"WEP","28-Oct-2025","6","103.21","99.97","0.06","0.150","0.00","2.26","0.3711","0.0281","0.3727"
"WEP","28-Oct-2025","7","98.90","95.60","0.06","0.210","0.00","2.26","0.3711","0.0281","0.3727"
"WEP","28-Oct-2025","8","95.30","91.60","0.06","0.600","0.00","2.26","0.3711","0.0281","0.3727"
"WEP","28-Oct-2025","9","94.02","90.88","0.05","0.060","0.00","2.26","0.3711","0.0281","0.3727"
"WEP","28-Oct-2025","10","96.32","93.55","0.06","-0.320","0.00","2.26","0.3711","0.0281","0.3727"
"WEP","28-Oct-2025","11","105.78","102.69","0.06","0.000","0.00","2.26","0.3711","0.0281","0.3727"
"WEP","28-Oct-2025","12","110.63","107.17","0.13","0.300","0.00","2.26","0.3711","0.0281","0.3727"
"WEP","28-Oct-2025","13","117.87","114.70","0.17","-0.040","0.00","2.26","0.3711","0.0281","0.3727"
"WEP","28-Oct-2025","14","122.83","119.74","0.37","-0.310","0.00","2.26","0.3711","0.0281","0.3727"
"WEP","28-Oct-2025","15","127.57","124.14","0.60","-0.200","0.00","2.26","0.3711","0.0281","0.3727"
"WEP","28-Oct-2025","16","159.41","154.94","0.74","0.690","0.00","2.26","0.3711","0.0281","0.3727"
"WEP","28-Oct-2025","17","138.43","134.09","0.65","0.660","0.00","2.26","0.3711","0.0281","0.3727"
"WEP","28-Oct-2025","18","109.19","106.07","0.52","-0.430","0.00","2.26","0.3711","0.0281","0.3727"
"WEP","28-Oct-2025","19","98.46","96.29","0.30","-1.170","0.00","2.26","0.3711","0.0281","0.3727"
"WEP","28-Oct-2025","20","92.51","90.63","0.33","-1.480","0.00","2.26","0.3711","0.0281","0.3727"
"WEP","28-Oct-2025","21","92.63","90.71","0.13","-1.240","0.00","2.26","0.3711","0.0281","0.3727"
"WEP","28-Oct-2025","22","91.82","89.60","0.13","-0.940","0.00","2.26","0.3711","0.0281","0.3727"
"WEP","28-Oct-2025","23","88.59","86.75","0.11","-1.300","0.00","2.26","0.3711","0.0281","0.3727"
"WEP","28-Oct-2025","24","85.99","83.96","0.11","-1.110","0.00","2.26","0.3711","0.0281","0.3727"
"WEP","28-Oct-2025","25","85.33","83.74","0.13","-1.580","0.00","2.26","0.3711","0.0281","0.3727"
"WEP","28-Oct-2025","26","82.76","81.39","0.13","-1.800","0.00","2.26","0.3711","0.0281","0.3727"
"WEP","28-Oct-2025","27","79.66","78.58","0.13","-2.080","0.00","2.26","0.3711","0.0281","0.3727"
"WEP","28-Oct-2025","28","81.60","80.58","0.12","-2.130","0.00","2.26","0.3711","0.0281","0.3727"
"WEP","28-Oct-2025","29","84.88","83.32","0.11","-1.580","0.00","2.26","0.3711","0.0281","0.3727"
"WEP","28-Oct-2025","30","84.80","83.37","0.10","-1.700","0.00","2.26","0.3711","0.0281","0.3727"
"WEP","28-Oct-2025","31","85.69","83.88","0.11","-1.330","0.00","2.26","0.3711","0.0281","0.3727"
"WEP","28-Oct-2025","32","85.48","84.08","0.12","-1.760","0.00","2.26","0.3711","0.0281","0.3727"
"WEP","28-Oct-2025","33","87.96","86.89","0.11","-2.070","0.00","2.26","0.3711","0.0281","0.3727"
"WEP","28-Oct-2025","34","91.15","89.64","0.15","-1.670","0.00","2.26","0.3711","0.0281","0.3727"
"WEP","28-Oct-2025","35","100.64","99.18","0.53","-2.100","0.00","2.26","0.3711","0.0281","0.3727"
"WEP","28-Oct-2025","36","108.13","106.90","0.34","-2.140","0.00","2.26","0.3711","0.0281","0.3727"
"WEP","28-Oct-2025","37","170.88","169.71","0.78","-2.640","0.00","2.26","0.3711","0.0281","0.3727"
"WEP","28-Oct-2025","38","248.76","247.83","1.58","-3.680","0.00","2.26","0.3711","0.0281","0.3727"
"WEP","28-Oct-2025","39","237.07","236.20","1.24","-3.400","0.00","2.26","0.3711","0.0281","0.3727"
"WEP","28-Oct-2025","40","217.14","216.52","1.00","-3.410","0.00","2.26","0.3711","0.0281","0.3727"
"WEP","28-Oct-2025","41","244.04","242.75","1.01","-2.750","0.00","2.26","0.3711","0.0281","0.3727"
"WEP","28-Oct-2025","42","216.80","215.61","0.81","-2.650","0.00","2.26","0.3711","0.0281","0.3727"
"WEP","28-Oct-2025","43","210.62","208.92","0.75","-2.080","0.00","2.26","0.3711","0.0281","0.3727"
"WEP","28-Oct-2025","44","172.67","171.81","0.55","-2.730","0.00","2.26","0.3711","0.0281","0.3727"
"WEP","28-Oct-2025","45","163.05","161.45","0.41","-1.840","0.00","2.26","0.3711","0.0281","0.3727"
"WEP","28-Oct-2025","46","137.81","136.20","0.25","-1.670","0.00","2.26","0.3711","0.0281","0.3727"
"WEP","28-Oct-2025","47","117.02","115.93","0.18","-2.120","0.00","2.26","0.3711","0.0281","0.3727"
"WEP","28-Oct-2025","48","116.45","114.52","0.12","-1.220","0.00","2.26","0.3711","0.0281","0.3727"
"WEP","29-Oct-2025","1","137.54","134.85","0.12","-0.460","0.00","2.26","0.3711","0.0278","0.3684"
"WEP","29-Oct-2025","2","118.69","115.74","0.06","-0.140","0.00","2.26","0.3711","0.0278","0.3684"
"WEP","29-Oct-2025","3","119.90","117.40","0.02","-0.550","0.00","2.26","0.3711","0.0278","0.3684"
"WEP","29-Oct-2025","4","116.78","114.09","0.00","-0.340","0.00","2.26","0.3711","0.0278","0.3684"
"WEP","29-Oct-2025","5","116.63","113.88","0.09","-0.370","0.00","2.26","0.3711","0.0278","0.3684"
"WEP","29-Oct-2025","6","116.27","113.85","0.10","-0.710","0.00","2.26","0.3711","0.0278","0.3684"
"WEP","29-Oct-2025","7","116.24","113.73","0.10","-0.620","0.00","2.26","0.3711","0.0278","0.3684"
"WEP","29-Oct-2025","8","116.54","113.85","0.10","-0.440","0.00","2.26","0.3711","0.0278","0.3684"
"WEP","29-Oct-2025","9","113.77","110.90","0.09","-0.250","0.00","2.26","0.3711","0.0278","0.3684"
"WEP","29-Oct-2025","10","116.61","113.83","0.09","-0.340","0.00","2.26","0.3711","0.0278","0.3684"
"WEP","29-Oct-2025","11","116.36","113.89","0.10","-0.660","0.00","2.26","0.3711","0.0278","0.3684"
"WEP","29-Oct-2025","12","117.33","114.82","0.15","-0.670","0.00","2.26","0.3711","0.0278","0.3684"
"WEP","29-Oct-2025","13","135.35","132.64","0.50","-0.820","0.00","2.26","0.3711","0.0278","0.3684"
"WEP","29-Oct-2025","14","157.19","154.95","0.55","-1.340","0.00","2.26","0.3711","0.0278","0.3684"
"WEP","29-Oct-2025","15","157.42","154.94","0.87","-1.410","0.00","2.26","0.3711","0.0278","0.3684"
"WEP","29-Oct-2025","16","191.80","189.09","0.98","-1.300","0.00","2.26","0.3711","0.0278","0.3684"
"WEP","29-Oct-2025","17","208.46","204.92","1.11","-0.600","0.00","2.26","0.3711","0.0278","0.3684"
"WEP","29-Oct-2025","18","176.17","171.83","1.11","0.200","0.00","2.26","0.3711","0.0278","0.3684"
"WEP","29-Oct-2025","19","170.64","166.94","0.73","-0.060","0.00","2.26","0.3711","0.0278","0.3684"
"WEP","29-Oct-2025","20","116.78","113.94","0.57","-0.760","0.00","2.26","0.3711","0.0278","0.3684"
"WEP","29-Oct-2025","21","113.85","112.08","0.31","-1.570","0.00","2.26","0.3711","0.0278","0.3684"
"WEP","29-Oct-2025","22","126.67","124.04","0.35","-0.750","0.00","2.26","0.3711","0.0278","0.3684"
"WEP","29-Oct-2025","23","109.35","106.78","0.24","-0.690","0.00","2.26","0.3711","0.0278","0.3684"
"WEP","29-Oct-2025","24","97.67","95.68","0.15","-1.190","0.00","2.26","0.3711","0.0278","0.3684"
"WEP","29-Oct-2025","25","89.45","87.28","0.12","-0.970","0.00","2.26","0.3711","0.0278","0.3684"
"WEP","29-Oct-2025","26","91.53","89.21","0.12","-0.820","0.00","2.26","0.3711","0.0278","0.3684"
"WEP","29-Oct-2025","27","93.01","90.23","0.14","-0.390","0.00","2.26","0.3711","0.0278","0.3684"
"WEP","29-Oct-2025","28","89.97","87.27","0.12","-0.440","0.00","2.26","0.3711","0.0278","0.3684"
"WEP","29-Oct-2025","29","86.56","84.07","0.11","-0.640","0.00","2.26","0.3711","0.0278","0.3684"
"WEP","29-Oct-2025","30","85.56","83.97","0.10","-1.540","0.00","2.26","0.3711","0.0278","0.3684"
"WEP","29-Oct-2025","31","87.70","85.86","0.11","-1.300","0.00","2.26","0.3711","0.0278","0.3684"
"WEP","29-Oct-2025","32","88.97","87.28","0.13","-1.460","0.00","2.26","0.3711","0.0278","0.3684"
"WEP","29-Oct-2025","33","91.64","90.22","0.11","-1.710","0.00","2.26","0.3711","0.0278","0.3684"
"WEP","29-Oct-2025","34","94.57","93.17","0.17","-1.800","0.00","2.26","0.3711","0.0278","0.3684"
"WEP","29-Oct-2025","35","105.68","104.44","0.40","-2.190","0.00","2.26","0.3711","0.0278","0.3684"
"WEP","29-Oct-2025","36","111.03","109.95","0.35","-2.300","0.00","2.26","0.3711","0.0278","0.3684"
"WEP","29-Oct-2025","37","176.31","174.77","0.79","-2.270","0.00","2.26","0.3711","0.0278","0.3684"
"WEP","29-Oct-2025","38","208.19","205.84","1.26","-1.940","0.00","2.26","0.3711","0.0278","0.3684"
"WEP","29-Oct-2025","39","182.10","179.82","0.86","-1.610","0.00","2.26","0.3711","0.0278","0.3684"
"WEP","29-Oct-2025","40","182.77","180.44","0.81","-1.510","0.00","2.26","0.3711","0.0278","0.3684"
"WEP","29-Oct-2025","41","209.33","208.76","0.73","-3.190","0.00","2.26","0.3711","0.0278","0.3684"
"WEP","29-Oct-2025","42","205.97","204.84","0.72","-2.620","0.00","2.26","0.3711","0.0278","0.3684"
"WEP","29-Oct-2025","43","205.59","203.61","0.66","-1.700","0.00","2.26","0.3711","0.0278","0.3684"
"WEP","29-Oct-2025","44","147.77","146.44","0.40","-2.100","0.00","2.26","0.3711","0.0278","0.3684"
"WEP","29-Oct-2025","45","114.45","112.66","0.25","-1.490","0.00","2.26","0.3711","0.0278","0.3684"
"WEP","29-Oct-2025","46","110.59","108.47","0.18","-1.090","0.00","2.26","0.3711","0.0278","0.3684"
"WEP","29-Oct-2025","47","110.44","108.45","0.19","-1.230","0.00","2.26","0.3711","0.0278","0.3684"
"WEP","29-Oct-2025","48","114.36","112.50","0.10","-1.270","0.00","2.26","0.3711","0.0278","0.3684"
"WEP","30-Oct-2025","1","174.32","171.53","0.12","-0.360","0.00","2.26","0.3711","0.0281","0.3716"
"WEP","30-Oct-2025","2","158.19","154.86","0.10","0.200","0.00","2.26","0.3711","0.0281","0.3716"
"WEP","30-Oct-2025","3","115.19","112.51","0.05","-0.400","0.00","2.26","0.3711","0.0281","0.3716"
"WEP","30-Oct-2025","4","113.10","110.46","0.05","-0.440","0.00","2.26","0.3711","0.0281","0.3716"
"WEP","30-Oct-2025","5","112.98","110.21","0.05","-0.310","0.00","2.26","0.3711","0.0281","0.3716"
"WEP","30-Oct-2025","6","112.88","110.24","0.05","-0.440","0.00","2.26","0.3711","0.0281","0.3716"
"WEP","30-Oct-2025","7","111.67","108.81","0.05","-0.220","0.00","2.26","0.3711","0.0281","0.3716"
"WEP","30-Oct-2025","8","108.18","105.96","0.05","-0.860","0.00","2.26","0.3711","0.0281","0.3716"
"WEP","30-Oct-2025","9","102.76","100.46","0.05","-0.780","0.00","2.26","0.3711","0.0281","0.3716"
"WEP","30-Oct-2025","10","101.28","99.95","0.05","-1.750","0.00","2.26","0.3711","0.0281","0.3716"
"WEP","30-Oct-2025","11","101.53","100.37","0.06","-1.940","0.00","2.26","0.3711","0.0281","0.3716"
"WEP","30-Oct-2025","12","103.22","101.42","0.11","-1.340","0.00","2.26","0.3711","0.0281","0.3716"
"WEP","30-Oct-2025","13","107.72","106.52","0.16","-1.990","0.00","2.26","0.3711","0.0281","0.3716"
"WEP","30-Oct-2025","14","110.42","108.93","0.35","-1.890","0.00","2.26","0.3711","0.0281","0.3716"
"WEP","30-Oct-2025","15","113.20","111.88","0.39","-2.100","0.00","2.26","0.3711","0.0281","0.3716"
"WEP","30-Oct-2025","16","134.16","131.95","0.43","-1.250","0.00","2.26","0.3711","0.0281","0.3716"
"WEP","30-Oct-2025","17","114.53","111.94","0.42","-0.860","0.00","2.26","0.3711","0.0281","0.3716"
"WEP","30-Oct-2025","18","104.14","101.35","0.39","-0.630","0.00","2.26","0.3711","0.0281","0.3716"
"WEP","30-Oct-2025","19","98.55","96.35","0.29","-1.120","0.00","2.26","0.3711","0.0281","0.3716"
"WEP","30-Oct-2025","20","97.07","95.58","0.29","-1.830","0.00","2.26","0.3711","0.0281","0.3716"
"WEP","30-Oct-2025","21","98.41","96.37","0.12","-1.110","0.00","2.26","0.3711","0.0281","0.3716"
"WEP","30-Oct-2025","22","97.81","95.27","0.12","-0.610","0.00","2.26","0.3711","0.0281","0.3716"
"WEP","30-Oct-2025","23","89.44","87.29","0.11","-0.990","0.00","2.26","0.3711","0.0281","0.3716"
"WEP","30-Oct-2025","24","87.90","86.01","0.11","-1.250","0.00","2.26","0.3711","0.0281","0.3716"
"WEP","30-Oct-2025","25","85.41","83.73","0.12","-1.470","0.00","2.26","0.3711","0.0281","0.3716"
"WEP","30-Oct-2025","26","85.57","83.73","0.12","-1.310","0.00","2.26","0.3711","0.0281","0.3716"
"WEP","30-Oct-2025","27","85.31","83.69","0.12","-1.530","0.00","2.26","0.3711","0.0281","0.3716"
"WEP","30-Oct-2025","28","82.80","81.34","0.11","-1.680","0.00","2.26","0.3711","0.0281","0.3716"
"WEP","30-Oct-2025","29","78.47","77.34","0.11","-2.010","0.00","2.26","0.3711","0.0281","0.3716"
"WEP","30-Oct-2025","30","81.53","80.73","0.10","-2.330","0.00","2.26","0.3711","0.0281","0.3716"
"WEP","30-Oct-2025","31","78.41","77.86","0.11","-2.590","0.00","2.26","0.3711","0.0281","0.3716"
"WEP","30-Oct-2025","32","84.58","83.97","0.12","-2.540","0.00","2.26","0.3711","0.0281","0.3716"
"WEP","30-Oct-2025","33","90.45","89.93","0.11","-2.620","0.00","2.26","0.3711","0.0281","0.3716"
"WEP","30-Oct-2025","34","95.56","95.09","0.12","-2.680","0.00","2.26","0.3711","0.0281","0.3716"
"WEP","30-Oct-2025","35","101.30","100.59","0.42","-2.740","0.00","2.26","0.3711","0.0281","0.3716"
"WEP","30-Oct-2025","36","107.28","106.91","0.28","-2.940","0.00","2.26","0.3711","0.0281","0.3716"
"WEP","30-Oct-2025","37","145.03","145.72","0.45","-4.170","0.00","2.26","0.3711","0.0281","0.3716"
"WEP","30-Oct-2025","38","206.94","207.87","0.80","-4.760","0.00","2.26","0.3711","0.0281","0.3716"
"WEP","30-Oct-2025","39","170.94","171.84","0.87","-4.800","0.00","2.26","0.3711","0.0281","0.3716"
"WEP","30-Oct-2025","40","170.77","171.83","0.76","-4.850","0.00","2.26","0.3711","0.0281","0.3716"
"WEP","30-Oct-2025","41","332.69","335.85","1.15","-7.340","0.00","2.26","0.3711","0.0281","0.3716"
"WEP","30-Oct-2025","42","171.64","172.03","0.72","-4.140","0.00","2.26","0.3711","0.0281","0.3716"
"WEP","30-Oct-2025","43","171.67","172.00","0.65","-4.010","0.00","2.26","0.3711","0.0281","0.3716"
"WEP","30-Oct-2025","44","121.39","121.57","0.13","-3.340","0.00","2.26","0.3711","0.0281","0.3716"
"WEP","30-Oct-2025","45","119.34","118.51","0.12","-2.320","0.00","2.26","0.3711","0.0281","0.3716"
"WEP","30-Oct-2025","46","113.71","112.92","0.09","-2.330","0.00","2.26","0.3711","0.0281","0.3716"
"WEP","30-Oct-2025","47","113.46","112.80","0.10","-2.470","0.00","2.26","0.3711","0.0281","0.3716"
"WEP","30-Oct-2025","48","115.95","115.21","0.09","-2.380","0.00","2.26","0.3711","0.0281","0.3716"
"WEP","31-Oct-2025","1","141.98","140.81","0.11","-1.960","0.00","2.26","0.3711","0.0276","0.3649"
"WEP","31-Oct-2025","2","132.25","130.52","0.05","-1.350","0.00","2.26","0.3711","0.0276","0.3649"
"WEP","31-Oct-2025","3","114.56","112.56","0.05","-1.080","0.00","2.26","0.3711","0.0276","0.3649"
"WEP","31-Oct-2025","4","111.58","109.85","0.05","-1.340","0.00","2.26","0.3711","0.0276","0.3649"
"WEP","31-Oct-2025","5","109.65","108.08","0.05","-1.500","0.00","2.26","0.3711","0.0276","0.3649"
"WEP","31-Oct-2025","6","109.80","108.19","0.05","-1.460","0.00","2.26","0.3711","0.0276","0.3649"
"WEP","31-Oct-2025","7","108.79","106.51","0.05","-0.800","0.00","2.26","0.3711","0.0276","0.3649"
"WEP","31-Oct-2025","8","108.67","106.50","0.05","-0.910","0.00","2.26","0.3711","0.0276","0.3649"
"WEP","31-Oct-2025","9","104.15","102.07","0.05","-0.990","0.00","2.26","0.3711","0.0276","0.3649"
"WEP","31-Oct-2025","10","105.15","103.31","0.05","-1.230","0.00","2.26","0.3711","0.0276","0.3649"
"WEP","31-Oct-2025","11","109.84","107.98","0.06","-1.220","0.00","2.26","0.3711","0.0276","0.3649"
"WEP","31-Oct-2025","12","114.65","112.78","0.13","-1.280","0.00","2.26","0.3711","0.0276","0.3649"
"WEP","31-Oct-2025","13","116.55","114.81","0.16","-1.440","0.00","2.26","0.3711","0.0276","0.3649"
"WEP","31-Oct-2025","14","124.79","122.88","0.35","-1.470","0.00","2.26","0.3711","0.0276","0.3649"
"WEP","31-Oct-2025","15","147.20","145.37","0.43","-1.630","0.00","2.26","0.3711","0.0276","0.3649"
"WEP","31-Oct-2025","16","173.82","171.62","0.64","-1.460","0.00","2.26","0.3711","0.0276","0.3649"
"WEP","31-Oct-2025","17","129.39","127.02","0.48","-1.140","0.00","2.26","0.3711","0.0276","0.3649"
"WEP","31-Oct-2025","18","114.31","111.98","0.46","-1.150","0.00","2.26","0.3711","0.0276","0.3649"
"WEP","31-Oct-2025","19","112.50","110.65","0.29","-1.460","0.00","2.26","0.3711","0.0276","0.3649"
"WEP","31-Oct-2025","20","109.14","106.88","0.32","-1.080","0.00","2.26","0.3711","0.0276","0.3649"
"WEP","31-Oct-2025","21","107.24","105.92","0.15","-1.850","0.00","2.26","0.3711","0.0276","0.3649"
"WEP","31-Oct-2025","22","96.51","95.63","0.15","-2.300","0.00","2.26","0.3711","0.0276","0.3649"
"WEP","31-Oct-2025","23","98.44","97.23","0.13","-1.940","0.00","2.26","0.3711","0.0276","0.3649"
"WEP","31-Oct-2025","24","95.19","93.54","0.11","-1.480","0.00","2.26","0.3711","0.0276","0.3649"
"WEP","31-Oct-2025","25","93.30","91.38","0.12","-1.220","0.00","2.26","0.3711","0.0276","0.3649"
"WEP","31-Oct-2025","26","90.81","89.28","0.12","-1.610","0.00","2.26","0.3711","0.0276","0.3649"
"WEP","31-Oct-2025","27","91.11","90.31","0.13","-2.350","0.00","2.26","0.3711","0.0276","0.3649"
"WEP","31-Oct-2025","28","90.98","89.97","0.12","-2.140","0.00","2.26","0.3711","0.0276","0.3649"
"WEP","31-Oct-2025","29","91.50","90.27","0.11","-1.900","0.00","2.26","0.3711","0.0276","0.3649"
"WEP","31-Oct-2025","30","91.30","89.95","0.10","-1.770","0.00","2.26","0.3711","0.0276","0.3649"
"WEP","31-Oct-2025","31","91.65","90.75","0.10","-2.230","0.00","2.26","0.3711","0.0276","0.3649"
"WEP","31-Oct-2025","32","98.52","97.24","0.16","-1.910","0.00","2.26","0.3711","0.0276","0.3649"
"WEP","31-Oct-2025","33","111.95","111.08","0.16","-2.310","0.00","2.26","0.3711","0.0276","0.3649"
"WEP","31-Oct-2025","34","110.06","110.01","0.17","-3.150","0.00","2.26","0.3711","0.0276","0.3649"
"WEP","31-Oct-2025","35","255.61","254.16","1.46","-3.030","0.00","2.26","0.3711","0.0276","0.3649"
"WEP","31-Oct-2025","36","275.19","273.99","0.93","-2.750","0.00","2.26","0.3711","0.0276","0.3649"
"WEP","31-Oct-2025","37","242.92","241.20","0.80","-2.110","0.00","2.26","0.3711","0.0276","0.3649"
"WEP","31-Oct-2025","38","178.84","177.42","0.64","-2.250","0.00","2.26","0.3711","0.0276","0.3649"
"WEP","31-Oct-2025","39","173.62","172.12","0.57","-2.090","0.00","2.26","0.3711","0.0276","0.3649"
"WEP","31-Oct-2025","40","172.98","172.11","0.47","-2.630","0.00","2.26","0.3711","0.0276","0.3649"
"WEP","31-Oct-2025","41","208.36","208.84","0.51","-4.010","0.00","2.26","0.3711","0.0276","0.3649"
"WEP","31-Oct-2025","42","208.03","208.58","0.56","-4.130","0.00","2.26","0.3711","0.0276","0.3649"
"WEP","31-Oct-2025","43","209.82","209.67","0.56","-3.430","0.00","2.26","0.3711","0.0276","0.3649"
"WEP","31-Oct-2025","44","111.43","109.96","0.16","-1.710","0.00","2.26","0.3711","0.0276","0.3649"
"WEP","31-Oct-2025","45","209.35","208.82","0.70","-3.200","0.00","2.26","0.3711","0.0276","0.3649"
"WEP","31-Oct-2025","46","138.04","136.67","0.29","-1.940","0.00","2.26","0.3711","0.0276","0.3649"
"WEP","31-Oct-2025","47","114.12","112.70","0.13","-1.730","0.00","2.26","0.3711","0.0276","0.3649"
"WEP","31-Oct-2025","48","105.78","104.60","0.12","-1.960","0.00","2.26","0.3711","0.0276","0.3649"
