"INFORMATION TYPE","DATE","PERIOD","WEP ($/MWh)","USEP ($/MWh)","AFP ($/MWh)","HEUR ($/MWh)","HLCU ($/MWh)","MEUC ($/MWh)","EMC Price Cap Fees ($/MWh)","EMC Price Adj Fees ($/MWh)","PSO Fees ($/MWh)"
"WEP","01-Mar-2025","1","101.38","100.50","0.22","-0.280","0.00","0.20","0.3686","0.0394","0.3309"
"WEP","01-Mar-2025","2","99.91","99.84","0.13","-0.990","0.00","0.20","0.3686","0.0394","0.3309"
"WEP","01-Mar-2025","3","100.09","99.84","0.10","-0.790","0.00","0.20","0.3686","0.0394","0.3309"
"WEP","01-Mar-2025","4","97.79","97.36","0.10","-0.610","0.00","0.20","0.3686","0.0394","0.3309"
"WEP","01-Mar-2025","5","96.74","96.79","0.10","-1.090","0.00","0.20","0.3686","0.0394","0.3309"
"WEP","01-Mar-2025","6","94.11","94.22","0.10","-1.150","0.00","0.20","0.3686","0.0394","0.3309"
"WEP","01-Mar-2025","7","91.92","91.85","0.10","-0.970","0.00","0.20","0.3686","0.0394","0.3309"
"WEP","01-Mar-2025","8","90.53","91.19","0.10","-1.690","0.00","0.20","0.3686","0.0394","0.3309"
"WEP","01-Mar-2025","9","90.10","89.73","0.10","-0.670","0.00","0.20","0.3686","0.0394","0.3309"
"WEP","01-Mar-2025","10","92.36","91.83","0.10","-0.510","0.00","0.20","0.3686","0.0394","0.3309"
"WEP","01-Mar-2025","11","97.26","96.77","0.11","-0.560","0.00","0.20","0.3686","0.0394","0.3309"
"WEP","01-Mar-2025","12","99.51","98.67","0.17","-0.270","0.00","0.20","0.3686","0.0394","0.3309"
"WEP","01-Mar-2025","13","100.97","99.82","0.36","-0.140","0.00","0.20","0.3686","0.0394","0.3309"
"WEP","01-Mar-2025","14","102.11","100.38","0.43","0.360","0.00","0.20","0.3686","0.0394","0.3309"
"WEP","01-Mar-2025","15","102.02","100.38","0.72","-0.020","0.00","0.20","0.3686","0.0394","0.3309"
"WEP","01-Mar-2025","16","102.58","100.89","0.71","0.040","0.00","0.20","0.3686","0.0394","0.3309"
"WEP","01-Mar-2025","17","119.56","118.17","0.69","-0.240","0.00","0.20","0.3686","0.0394","0.3309"
"WEP","01-Mar-2025","18","125.51","124.21","0.87","-0.510","0.00","0.20","0.3686","0.0394","0.3309"
"WEP","01-Mar-2025","19","110.14","108.53","0.48","0.190","0.00","0.20","0.3686","0.0394","0.3309"
"WEP","01-Mar-2025","20","102.33","101.10","0.41","-0.120","0.00","0.20","0.3686","0.0394","0.3309"
"WEP","01-Mar-2025","21","101.49","100.72","0.29","-0.450","0.00","0.20","0.3686","0.0394","0.3309"
"WEP","01-Mar-2025","22","100.68","100.38","0.29","-0.930","0.00","0.20","0.3686","0.0394","0.3309"
"WEP","01-Mar-2025","23","99.61","99.76","0.28","-1.370","0.00","0.20","0.3686","0.0394","0.3309"
"WEP","01-Mar-2025","24","98.51","99.79","0.15","-2.370","0.00","0.20","0.3686","0.0394","0.3309"
"WEP","01-Mar-2025","25","99.83","100.70","0.21","-2.010","0.00","0.20","0.3686","0.0394","0.3309"
"WEP","01-Mar-2025","26","100.69","100.59","0.21","-1.050","0.00","0.20","0.3686","0.0394","0.3309"
"WEP","01-Mar-2025","27","100.62","99.77","0.20","-0.290","0.00","0.20","0.3686","0.0394","0.3309"
"WEP","01-Mar-2025","28","100.33","99.78","0.19","-0.580","0.00","0.20","0.3686","0.0394","0.3309"
"WEP","01-Mar-2025","29","93.08","93.30","0.14","-1.300","0.00","0.20","0.3686","0.0394","0.3309"
"WEP","01-Mar-2025","30","93.41","93.71","0.13","-1.370","0.00","0.20","0.3686","0.0394","0.3309"
"WEP","01-Mar-2025","31","96.30","96.76","0.13","-1.530","0.00","0.20","0.3686","0.0394","0.3309"
"WEP","01-Mar-2025","32","91.74","93.32","0.16","-2.670","0.00","0.20","0.3686","0.0394","0.3309"
"WEP","01-Mar-2025","33","92.67","94.13","0.13","-2.520","0.00","0.20","0.3686","0.0394","0.3309"
"WEP","01-Mar-2025","34","97.48","98.81","0.16","-2.430","0.00","0.20","0.3686","0.0394","0.3309"
"WEP","01-Mar-2025","35","101.18","100.88","0.73","-1.370","0.00","0.20","0.3686","0.0394","0.3309"
"WEP","01-Mar-2025","36","101.43","101.53","0.28","-1.310","0.00","0.20","0.3686","0.0394","0.3309"
"WEP","01-Mar-2025","37","109.17","109.30","0.36","-1.430","0.00","0.20","0.3686","0.0394","0.3309"
"WEP","01-Mar-2025","38","100.20","101.07","0.41","-2.220","0.00","0.20","0.3686","0.0394","0.3309"
"WEP","01-Mar-2025","39","128.44","128.87","0.60","-1.970","0.00","0.20","0.3686","0.0394","0.3309"
"WEP","01-Mar-2025","40","124.29","124.86","0.52","-2.030","0.00","0.20","0.3686","0.0394","0.3309"
"WEP","01-Mar-2025","41","129.46","130.34","0.36","-2.180","0.00","0.20","0.3686","0.0394","0.3309"
"WEP","01-Mar-2025","42","146.85","147.72","0.52","-2.330","0.00","0.20","0.3686","0.0394","0.3309"
"WEP","01-Mar-2025","43","147.14","147.73","0.54","-2.070","0.00","0.20","0.3686","0.0394","0.3309"
"WEP","01-Mar-2025","44","148.17","147.36","0.45","-0.580","0.00","0.20","0.3686","0.0394","0.3309"
"WEP","01-Mar-2025","45","131.50","130.23","0.33","0.000","0.00","0.20","0.3686","0.0394","0.3309"
"WEP","01-Mar-2025","46","131.39","130.18","0.32","-0.050","0.00","0.20","0.3686","0.0394","0.3309"
"WEP","01-Mar-2025","47","122.02","120.44","0.30","0.350","0.00","0.20","0.3686","0.0394","0.3309"
"WEP","01-Mar-2025","48","114.03","112.43","0.18","0.480","0.00","0.20","0.3686","0.0394","0.3309"
"WEP","02-Mar-2025","1","110.85","108.90","0.30","0.700","0.00","0.20","0.3686","0.0404","0.3399"
"WEP","02-Mar-2025","2","102.51","100.94","0.11","0.510","0.00","0.20","0.3686","0.0404","0.3399"
"WEP","02-Mar-2025","3","102.22","100.68","0.10","0.490","0.00","0.20","0.3686","0.0404","0.3399"
"WEP","02-Mar-2025","4","101.74","100.44","0.10","0.250","0.00","0.20","0.3686","0.0404","0.3399"
"WEP","02-Mar-2025","5","102.03","100.64","0.10","0.340","0.00","0.20","0.3686","0.0404","0.3399"
"WEP","02-Mar-2025","6","101.69","100.23","0.06","0.450","0.00","0.20","0.3686","0.0404","0.3399"
"WEP","02-Mar-2025","7","99.91","98.87","0.00","0.090","0.00","0.20","0.3686","0.0404","0.3399"
"WEP","02-Mar-2025","8","95.56","94.23","0.10","0.280","0.00","0.20","0.3686","0.0404","0.3399"
"WEP","02-Mar-2025","9","94.31","93.08","0.06","0.220","0.00","0.20","0.3686","0.0404","0.3399"
"WEP","02-Mar-2025","10","94.45","93.09","0.06","0.350","0.00","0.20","0.3686","0.0404","0.3399"
"WEP","02-Mar-2025","11","100.18","98.88","0.11","0.240","0.00","0.20","0.3686","0.0404","0.3399"
"WEP","02-Mar-2025","12","102.40","100.84","0.38","0.230","0.00","0.20","0.3686","0.0404","0.3399"
"WEP","02-Mar-2025","13","103.45","101.72","0.49","0.290","0.00","0.20","0.3686","0.0404","0.3399"
"WEP","02-Mar-2025","14","105.87","103.73","0.65","0.540","0.00","0.20","0.3686","0.0404","0.3399"
"WEP","02-Mar-2025","15","104.05","101.71","1.00","0.400","0.00","0.20","0.3686","0.0404","0.3399"
"WEP","02-Mar-2025","16","107.32","104.36","1.12","0.890","0.00","0.20","0.3686","0.0404","0.3399"
"WEP","02-Mar-2025","17","109.25","106.79","0.75","0.760","0.00","0.20","0.3686","0.0404","0.3399"
"WEP","02-Mar-2025","18","104.04","101.00","0.95","1.140","0.00","0.20","0.3686","0.0404","0.3399"
"WEP","02-Mar-2025","19","103.54","100.70","0.49","1.400","0.00","0.20","0.3686","0.0404","0.3399"
"WEP","02-Mar-2025","20","102.64","100.51","0.63","0.550","0.00","0.20","0.3686","0.0404","0.3399"
"WEP","02-Mar-2025","21","101.24","99.49","0.38","0.430","0.00","0.20","0.3686","0.0404","0.3399"
"WEP","02-Mar-2025","22","93.14","92.45","0.40","-0.650","0.00","0.20","0.3686","0.0404","0.3399"
"WEP","02-Mar-2025","23","85.40","85.16","0.33","-1.040","0.00","0.20","0.3686","0.0404","0.3399"
"WEP","02-Mar-2025","24","84.25","83.60","0.30","-0.600","0.00","0.20","0.3686","0.0404","0.3399"
"WEP","02-Mar-2025","25","83.94","82.98","0.42","-0.410","0.00","0.20","0.3686","0.0404","0.3399"
"WEP","02-Mar-2025","26","83.33","82.10","0.43","-0.150","0.00","0.20","0.3686","0.0404","0.3399"
"WEP","02-Mar-2025","27","83.01","81.86","0.41","-0.210","0.00","0.20","0.3686","0.0404","0.3399"
"WEP","02-Mar-2025","28","84.56","84.02","0.32","-0.730","0.00","0.20","0.3686","0.0404","0.3399"
"WEP","02-Mar-2025","29","90.63","89.97","0.33","-0.620","0.00","0.20","0.3686","0.0404","0.3399"
"WEP","02-Mar-2025","30","94.01","93.32","0.21","-0.470","0.00","0.20","0.3686","0.0404","0.3399"
"WEP","02-Mar-2025","31","99.92","100.03","0.27","-1.330","0.00","0.20","0.3686","0.0404","0.3399"
"WEP","02-Mar-2025","32","102.03","100.52","0.41","0.150","0.00","0.20","0.3686","0.0404","0.3399"
"WEP","02-Mar-2025","33","101.64","100.46","0.29","-0.060","0.00","0.20","0.3686","0.0404","0.3399"
"WEP","02-Mar-2025","34","100.52","100.45","0.37","-1.250","0.00","0.20","0.3686","0.0404","0.3399"
"WEP","02-Mar-2025","35","111.65","110.55","1.05","-0.900","0.00","0.20","0.3686","0.0404","0.3399"
"WEP","02-Mar-2025","36","120.74","120.06","0.55","-0.810","0.00","0.20","0.3686","0.0404","0.3399"
"WEP","02-Mar-2025","37","131.58","130.20","0.79","-0.360","0.00","0.20","0.3686","0.0404","0.3399"
"WEP","02-Mar-2025","38","148.31","147.57","1.04","-1.250","0.00","0.20","0.3686","0.0404","0.3399"
"WEP","02-Mar-2025","39","201.61","201.95","1.52","-2.810","0.00","0.20","0.3686","0.0404","0.3399"
"WEP","02-Mar-2025","40","147.60","147.76","0.79","-1.900","0.00","0.20","0.3686","0.0404","0.3399"
"WEP","02-Mar-2025","41","148.47","147.73","0.57","-0.780","0.00","0.20","0.3686","0.0404","0.3399"
"WEP","02-Mar-2025","42","149.51","147.74","0.57","0.250","0.00","0.20","0.3686","0.0404","0.3399"
"WEP","02-Mar-2025","43","174.94","173.51","0.84","-0.360","0.00","0.20","0.3686","0.0404","0.3399"
"WEP","02-Mar-2025","44","149.52","147.60","0.52","0.450","0.00","0.20","0.3686","0.0404","0.3399"
"WEP","02-Mar-2025","45","132.65","130.22","0.49","0.990","0.00","0.20","0.3686","0.0404","0.3399"
"WEP","02-Mar-2025","46","124.46","122.84","0.33","0.340","0.00","0.20","0.3686","0.0404","0.3399"
"WEP","02-Mar-2025","47","118.34","116.48","0.39","0.520","0.00","0.20","0.3686","0.0404","0.3399"
"WEP","02-Mar-2025","48","118.48","116.97","0.30","0.260","0.00","0.20","0.3686","0.0404","0.3399"
"WEP","03-Mar-2025","1","130.36","128.84","0.32","0.280","0.00","0.20","0.3686","0.0374","0.3146"
"WEP","03-Mar-2025","2","125.46","123.95","0.12","0.470","0.00","0.20","0.3686","0.0374","0.3146"
"WEP","03-Mar-2025","3","106.65","105.75","0.10","-0.120","0.00","0.20","0.3686","0.0374","0.3146"
"WEP","03-Mar-2025","4","103.24","101.28","0.10","0.940","0.00","0.20","0.3686","0.0374","0.3146"
"WEP","03-Mar-2025","5","101.81","100.49","0.10","0.300","0.00","0.20","0.3686","0.0374","0.3146"
"WEP","03-Mar-2025","6","100.71","99.79","0.10","-0.100","0.00","0.20","0.3686","0.0374","0.3146"
"WEP","03-Mar-2025","7","96.87","95.64","0.10","0.210","0.00","0.20","0.3686","0.0374","0.3146"
"WEP","03-Mar-2025","8","100.84","100.02","0.10","-0.200","0.00","0.20","0.3686","0.0374","0.3146"
"WEP","03-Mar-2025","9","91.99","90.81","0.10","0.160","0.00","0.20","0.3686","0.0374","0.3146"
"WEP","03-Mar-2025","10","91.79","90.25","0.10","0.520","0.00","0.20","0.3686","0.0374","0.3146"
"WEP","03-Mar-2025","11","110.99","109.06","0.11","0.900","0.00","0.20","0.3686","0.0374","0.3146"
"WEP","03-Mar-2025","12","141.32","139.48","0.37","0.550","0.00","0.20","0.3686","0.0374","0.3146"
"WEP","03-Mar-2025","13","155.35","153.05","0.47","0.910","0.00","0.20","0.3686","0.0374","0.3146"
"WEP","03-Mar-2025","14","151.70","149.69","0.56","0.530","0.00","0.20","0.3686","0.0374","0.3146"
"WEP","03-Mar-2025","15","149.28","147.77","0.91","-0.320","0.00","0.20","0.3686","0.0374","0.3146"
"WEP","03-Mar-2025","16","196.06","193.71","0.88","0.550","0.00","0.20","0.3686","0.0374","0.3146"
"WEP","03-Mar-2025","17","209.30","206.59","0.82","0.970","0.00","0.20","0.3686","0.0374","0.3146"
"WEP","03-Mar-2025","18","149.66","147.39","0.80","0.550","0.00","0.20","0.3686","0.0374","0.3146"
"WEP","03-Mar-2025","19","110.69","109.40","0.40","-0.040","0.00","0.20","0.3686","0.0374","0.3146"
"WEP","03-Mar-2025","20","101.22","100.59","0.32","-0.610","0.00","0.20","0.3686","0.0374","0.3146"
"WEP","03-Mar-2025","21","100.48","100.39","0.19","-1.020","0.00","0.20","0.3686","0.0374","0.3146"
"WEP","03-Mar-2025","22","101.00","100.65","0.19","-0.760","0.00","0.20","0.3686","0.0374","0.3146"
"WEP","03-Mar-2025","23","99.57","99.33","0.16","-0.840","0.00","0.20","0.3686","0.0374","0.3146"
"WEP","03-Mar-2025","24","93.47","93.36","0.12","-0.930","0.00","0.20","0.3686","0.0374","0.3146"
"WEP","03-Mar-2025","25","90.83","91.13","0.15","-1.370","0.00","0.20","0.3686","0.0374","0.3146"
"WEP","03-Mar-2025","26","94.06","93.92","0.15","-0.930","0.00","0.20","0.3686","0.0374","0.3146"
"WEP","03-Mar-2025","27","100.45","100.26","0.19","-0.920","0.00","0.20","0.3686","0.0374","0.3146"
"WEP","03-Mar-2025","28","93.98","93.89","0.13","-0.960","0.00","0.20","0.3686","0.0374","0.3146"
"WEP","03-Mar-2025","29","93.11","93.76","0.12","-1.690","0.00","0.20","0.3686","0.0374","0.3146"
"WEP","03-Mar-2025","30","98.48","99.39","0.13","-1.970","0.00","0.20","0.3686","0.0374","0.3146"
"WEP","03-Mar-2025","31","99.38","100.47","0.17","-2.180","0.00","0.20","0.3686","0.0374","0.3146"
"WEP","03-Mar-2025","32","99.97","100.93","0.23","-2.110","0.00","0.20","0.3686","0.0374","0.3146"
"WEP","03-Mar-2025","33","99.58","101.11","0.18","-2.630","0.00","0.20","0.3686","0.0374","0.3146"
"WEP","03-Mar-2025","34","107.94","109.69","0.33","-3.000","0.00","0.20","0.3686","0.0374","0.3146"
"WEP","03-Mar-2025","35","130.93","132.15","0.83","-2.970","0.00","0.20","0.3686","0.0374","0.3146"
"WEP","03-Mar-2025","36","130.95","132.13","0.36","-2.460","0.00","0.20","0.3686","0.0374","0.3146"
"WEP","03-Mar-2025","37","148.14","148.38","0.54","-1.710","0.00","0.20","0.3686","0.0374","0.3146"
"WEP","03-Mar-2025","38","205.62","206.95","0.76","-3.010","0.00","0.20","0.3686","0.0374","0.3146"
"WEP","03-Mar-2025","39","206.97","206.94","0.60","-1.490","0.00","0.20","0.3686","0.0374","0.3146"
"WEP","03-Mar-2025","40","208.52","207.14","0.50","-0.050","0.00","0.20","0.3686","0.0374","0.3146"
"WEP","03-Mar-2025","41","208.21","207.45","0.36","-0.520","0.00","0.20","0.3686","0.0374","0.3146"
"WEP","03-Mar-2025","42","208.10","206.94","0.37","-0.130","0.00","0.20","0.3686","0.0374","0.3146"
"WEP","03-Mar-2025","43","208.18","207.12","0.38","-0.240","0.00","0.20","0.3686","0.0374","0.3146"
"WEP","03-Mar-2025","44","149.11","148.34","0.15","-0.300","0.00","0.20","0.3686","0.0374","0.3146"
"WEP","03-Mar-2025","45","132.80","132.09","0.19","-0.400","0.00","0.20","0.3686","0.0374","0.3146"
"WEP","03-Mar-2025","46","128.06","127.95","0.13","-0.950","0.00","0.20","0.3686","0.0374","0.3146"
"WEP","03-Mar-2025","47","126.18","125.68","0.15","-0.570","0.00","0.20","0.3686","0.0374","0.3146"
"WEP","03-Mar-2025","48","110.63","109.44","0.14","0.130","0.00","0.20","0.3686","0.0374","0.3146"
"WEP","04-Mar-2025","1","112.76","110.87","0.13","0.840","0.00","0.20","0.3686","0.0372","0.3124"
"WEP","04-Mar-2025","2","102.35","101.49","0.11","-0.170","0.00","0.20","0.3686","0.0372","0.3124"
"WEP","04-Mar-2025","3","100.93","100.89","0.05","-0.930","0.00","0.20","0.3686","0.0372","0.3124"
"WEP","04-Mar-2025","4","100.86","100.69","0.05","-0.790","0.00","0.20","0.3686","0.0372","0.3124"
"WEP","04-Mar-2025","5","101.00","100.56","0.05","-0.530","0.00","0.20","0.3686","0.0372","0.3124"
"WEP","04-Mar-2025","6","100.06","100.44","0.05","-1.350","0.00","0.20","0.3686","0.0372","0.3124"
"WEP","04-Mar-2025","7","95.60","95.16","0.05","-0.530","0.00","0.20","0.3686","0.0372","0.3124"
"WEP","04-Mar-2025","8","96.99","97.53","0.06","-1.520","0.00","0.20","0.3686","0.0372","0.3124"
"WEP","04-Mar-2025","9","96.25","96.29","0.05","-1.010","0.00","0.20","0.3686","0.0372","0.3124"
"WEP","04-Mar-2025","10","100.78","100.46","0.05","-0.650","0.00","0.20","0.3686","0.0372","0.3124"
"WEP","04-Mar-2025","11","101.33","100.77","0.06","-0.420","0.00","0.20","0.3686","0.0372","0.3124"
"WEP","04-Mar-2025","12","126.45","125.49","0.14","-0.100","0.00","0.20","0.3686","0.0372","0.3124"
"WEP","04-Mar-2025","13","128.89","127.69","0.16","0.120","0.00","0.20","0.3686","0.0372","0.3124"
"WEP","04-Mar-2025","14","131.08","129.98","0.17","0.020","0.00","0.20","0.3686","0.0372","0.3124"
"WEP","04-Mar-2025","15","128.78","128.71","0.20","-1.050","0.00","0.20","0.3686","0.0372","0.3124"
"WEP","04-Mar-2025","16","132.78","131.90","0.20","-0.240","0.00","0.20","0.3686","0.0372","0.3124"
"WEP","04-Mar-2025","17","148.63","147.41","0.17","0.130","0.00","0.20","0.3686","0.0372","0.3124"
"WEP","04-Mar-2025","18","133.67","132.08","0.28","0.390","0.00","0.20","0.3686","0.0372","0.3124"
"WEP","04-Mar-2025","19","102.41","101.60","0.16","-0.270","0.00","0.20","0.3686","0.0372","0.3124"
"WEP","04-Mar-2025","20","100.70","100.62","0.16","-1.000","0.00","0.20","0.3686","0.0372","0.3124"
"WEP","04-Mar-2025","21","100.55","100.92","0.13","-1.420","0.00","0.20","0.3686","0.0372","0.3124"
"WEP","04-Mar-2025","22","100.54","101.06","0.13","-1.570","0.00","0.20","0.3686","0.0372","0.3124"
"WEP","04-Mar-2025","23","100.90","100.97","0.13","-1.120","0.00","0.20","0.3686","0.0372","0.3124"
"WEP","04-Mar-2025","24","100.96","100.66","0.12","-0.730","0.00","0.20","0.3686","0.0372","0.3124"
"WEP","04-Mar-2025","25","96.23","95.51","0.14","-0.340","0.00","0.20","0.3686","0.0372","0.3124"
"WEP","04-Mar-2025","26","94.48","94.09","0.14","-0.670","0.00","0.20","0.3686","0.0372","0.3124"
"WEP","04-Mar-2025","27","94.23","94.08","0.13","-0.900","0.00","0.20","0.3686","0.0372","0.3124"
"WEP","04-Mar-2025","28","93.84","94.08","0.13","-1.290","0.00","0.20","0.3686","0.0372","0.3124"
"WEP","04-Mar-2025","29","91.35","92.67","0.12","-2.360","0.00","0.20","0.3686","0.0372","0.3124"
"WEP","04-Mar-2025","30","99.12","100.91","0.11","-2.810","0.00","0.20","0.3686","0.0372","0.3124"
"WEP","04-Mar-2025","31","100.57","101.08","0.12","-1.550","0.00","0.20","0.3686","0.0372","0.3124"
"WEP","04-Mar-2025","32","100.72","101.08","0.13","-1.410","0.00","0.20","0.3686","0.0372","0.3124"
"WEP","04-Mar-2025","33","109.92","112.01","0.12","-3.130","0.00","0.20","0.3686","0.0372","0.3124"
"WEP","04-Mar-2025","34","128.58","130.23","0.13","-2.700","0.00","0.20","0.3686","0.0372","0.3124"
"WEP","04-Mar-2025","35","145.29","146.83","0.53","-2.990","0.00","0.20","0.3686","0.0372","0.3124"
"WEP","04-Mar-2025","36","147.31","147.76","0.32","-1.680","0.00","0.20","0.3686","0.0372","0.3124"
"WEP","04-Mar-2025","37","167.42","166.94","0.35","-0.780","0.00","0.20","0.3686","0.0372","0.3124"
"WEP","04-Mar-2025","38","148.30","147.74","0.27","-0.630","0.00","0.20","0.3686","0.0372","0.3124"
"WEP","04-Mar-2025","39","148.76","147.73","0.33","-0.220","0.00","0.20","0.3686","0.0372","0.3124"
"WEP","04-Mar-2025","40","148.77","147.59","0.36","-0.100","0.00","0.20","0.3686","0.0372","0.3124"
"WEP","04-Mar-2025","41","148.62","147.57","0.17","-0.040","0.00","0.20","0.3686","0.0372","0.3124"
"WEP","04-Mar-2025","42","148.16","147.60","0.17","-0.530","0.00","0.20","0.3686","0.0372","0.3124"
"WEP","04-Mar-2025","43","130.95","130.25","0.14","-0.360","0.00","0.20","0.3686","0.0372","0.3124"
"WEP","04-Mar-2025","44","119.03","118.46","0.13","-0.480","0.00","0.20","0.3686","0.0372","0.3124"
"WEP","04-Mar-2025","45","116.99","115.87","0.13","0.080","0.00","0.20","0.3686","0.0372","0.3124"
"WEP","04-Mar-2025","46","119.28","118.48","0.13","-0.250","0.00","0.20","0.3686","0.0372","0.3124"
"WEP","04-Mar-2025","47","127.58","126.38","0.14","0.140","0.00","0.20","0.3686","0.0372","0.3124"
"WEP","04-Mar-2025","48","127.92","126.56","0.07","0.370","0.00","0.20","0.3686","0.0372","0.3124"
"WEP","05-Mar-2025","1","110.84","109.27","0.12","0.530","0.00","0.20","0.3686","0.0370","0.3109"
"WEP","05-Mar-2025","2","106.17","105.07","0.06","0.120","0.00","0.20","0.3686","0.0370","0.3109"
"WEP","05-Mar-2025","3","105.17","103.67","0.00","0.590","0.00","0.20","0.3686","0.0370","0.3109"
"WEP","05-Mar-2025","4","102.27","100.82","0.00","0.540","0.00","0.20","0.3686","0.0370","0.3109"
"WEP","05-Mar-2025","5","101.73","100.79","0.00","0.030","0.00","0.20","0.3686","0.0370","0.3109"
"WEP","05-Mar-2025","6","101.70","100.68","0.00","0.100","0.00","0.20","0.3686","0.0370","0.3109"
"WEP","05-Mar-2025","7","101.41","100.68","0.00","-0.180","0.00","0.20","0.3686","0.0370","0.3109"
"WEP","05-Mar-2025","8","101.56","100.67","0.00","-0.030","0.00","0.20","0.3686","0.0370","0.3109"
"WEP","05-Mar-2025","9","101.23","100.78","0.00","-0.460","0.00","0.20","0.3686","0.0370","0.3109"
"WEP","05-Mar-2025","10","102.19","101.23","0.00","0.050","0.00","0.20","0.3686","0.0370","0.3109"
"WEP","05-Mar-2025","11","113.12","111.72","0.06","0.420","0.00","0.20","0.3686","0.0370","0.3109"
"WEP","05-Mar-2025","12","130.15","128.65","0.13","0.450","0.00","0.20","0.3686","0.0370","0.3109"
"WEP","05-Mar-2025","13","131.56","129.95","0.16","0.540","0.00","0.20","0.3686","0.0370","0.3109"
"WEP","05-Mar-2025","14","133.24","131.89","0.17","0.260","0.00","0.20","0.3686","0.0370","0.3109"
"WEP","05-Mar-2025","15","129.57","128.70","0.20","-0.240","0.00","0.20","0.3686","0.0370","0.3109"
"WEP","05-Mar-2025","16","131.70","130.16","0.20","0.420","0.00","0.20","0.3686","0.0370","0.3109"
"WEP","05-Mar-2025","17","148.92","147.40","0.18","0.420","0.00","0.20","0.3686","0.0370","0.3109"
"WEP","05-Mar-2025","18","145.09","144.01","0.19","-0.030","0.00","0.20","0.3686","0.0370","0.3109"
"WEP","05-Mar-2025","19","129.18","128.11","0.18","-0.020","0.00","0.20","0.3686","0.0370","0.3109"
"WEP","05-Mar-2025","20","104.08","103.63","0.17","-0.640","0.00","0.20","0.3686","0.0370","0.3109"
"WEP","05-Mar-2025","21","104.58","105.67","0.13","-2.140","0.00","0.20","0.3686","0.0370","0.3109"
"WEP","05-Mar-2025","22","114.00","114.73","0.13","-1.780","0.00","0.20","0.3686","0.0370","0.3109"
"WEP","05-Mar-2025","23","124.91","125.81","0.13","-1.940","0.00","0.20","0.3686","0.0370","0.3109"
"WEP","05-Mar-2025","24","114.36","115.75","0.12","-2.430","0.00","0.20","0.3686","0.0370","0.3109"
"WEP","05-Mar-2025","25","123.80","124.80","0.16","-2.080","0.00","0.20","0.3686","0.0370","0.3109"
"WEP","05-Mar-2025","26","128.13","128.75","0.14","-1.670","0.00","0.20","0.3686","0.0370","0.3109"
"WEP","05-Mar-2025","27","117.09","117.77","0.14","-1.740","0.00","0.20","0.3686","0.0370","0.3109"
"WEP","05-Mar-2025","28","112.29","112.68","0.13","-1.440","0.00","0.20","0.3686","0.0370","0.3109"
"WEP","05-Mar-2025","29","112.22","113.36","0.13","-2.180","0.00","0.20","0.3686","0.0370","0.3109"
"WEP","05-Mar-2025","30","113.98","114.73","0.12","-1.790","0.00","0.20","0.3686","0.0370","0.3109"
"WEP","05-Mar-2025","31","122.68","124.03","0.12","-2.380","0.00","0.20","0.3686","0.0370","0.3109"
"WEP","05-Mar-2025","32","118.96","120.65","0.16","-2.760","0.00","0.20","0.3686","0.0370","0.3109"
"WEP","05-Mar-2025","33","128.70","130.24","0.12","-2.580","0.00","0.20","0.3686","0.0370","0.3109"
"WEP","05-Mar-2025","34","186.56","188.70","0.17","-3.220","0.00","0.20","0.3686","0.0370","0.3109"
"WEP","05-Mar-2025","35","147.55","147.75","0.56","-1.680","0.00","0.20","0.3686","0.0370","0.3109"
"WEP","05-Mar-2025","36","117.46","118.36","0.21","-2.030","0.00","0.20","0.3686","0.0370","0.3109"
"WEP","05-Mar-2025","37","125.02","125.82","0.24","-1.960","0.00","0.20","0.3686","0.0370","0.3109"
"WEP","05-Mar-2025","38","129.45","130.23","0.21","-1.910","0.00","0.20","0.3686","0.0370","0.3109"
"WEP","05-Mar-2025","39","129.87","130.24","0.24","-1.520","0.00","0.20","0.3686","0.0370","0.3109"
"WEP","05-Mar-2025","40","132.45","132.27","0.24","-0.980","0.00","0.20","0.3686","0.0370","0.3109"
"WEP","05-Mar-2025","41","144.40","144.26","0.21","-0.990","0.00","0.20","0.3686","0.0370","0.3109"
"WEP","05-Mar-2025","42","148.19","147.59","0.26","-0.570","0.00","0.20","0.3686","0.0370","0.3109"
"WEP","05-Mar-2025","43","130.71","130.22","0.15","-0.570","0.00","0.20","0.3686","0.0370","0.3109"
"WEP","05-Mar-2025","44","115.09","114.81","0.13","-0.770","0.00","0.20","0.3686","0.0370","0.3109"
"WEP","05-Mar-2025","45","110.74","110.59","0.13","-0.890","0.00","0.20","0.3686","0.0370","0.3109"
"WEP","05-Mar-2025","46","106.60","106.48","0.13","-0.930","0.00","0.20","0.3686","0.0370","0.3109"
"WEP","05-Mar-2025","47","102.20","102.01","0.14","-0.860","0.00","0.20","0.3686","0.0370","0.3109"
"WEP","05-Mar-2025","48","106.00","105.73","0.13","-0.770","0.00","0.20","0.3686","0.0370","0.3109"
"WEP","06-Mar-2025","1","101.93","100.99","0.12","-0.110","0.00","0.20","0.3686","0.0378","0.3178"
"WEP","06-Mar-2025","2","101.17","100.87","0.06","-0.680","0.00","0.20","0.3686","0.0378","0.3178"
"WEP","06-Mar-2025","3","101.47","100.63","0.02","-0.100","0.00","0.20","0.3686","0.0378","0.3178"
"WEP","06-Mar-2025","4","100.82","100.63","0.02","-0.750","0.00","0.20","0.3686","0.0378","0.3178"
"WEP","06-Mar-2025","5","99.93","100.49","0.05","-1.530","0.00","0.20","0.3686","0.0378","0.3178"
"WEP","06-Mar-2025","6","100.22","100.38","0.06","-1.150","0.00","0.20","0.3686","0.0378","0.3178"
"WEP","06-Mar-2025","7","99.81","99.93","0.06","-1.100","0.00","0.20","0.3686","0.0378","0.3178"
"WEP","06-Mar-2025","8","100.20","100.38","0.10","-1.210","0.00","0.20","0.3686","0.0378","0.3178"
"WEP","06-Mar-2025","9","100.06","100.38","0.05","-1.290","0.00","0.20","0.3686","0.0378","0.3178"
"WEP","06-Mar-2025","10","100.36","100.49","0.07","-1.130","0.00","0.20","0.3686","0.0378","0.3178"
"WEP","06-Mar-2025","11","101.38","100.63","0.11","-0.280","0.00","0.20","0.3686","0.0378","0.3178"
"WEP","06-Mar-2025","12","106.59","105.71","0.14","-0.180","0.00","0.20","0.3686","0.0378","0.3178"
"WEP","06-Mar-2025","13","106.34","105.58","0.16","-0.320","0.00","0.20","0.3686","0.0378","0.3178"
"WEP","06-Mar-2025","14","113.12","112.60","0.19","-0.590","0.00","0.20","0.3686","0.0378","0.3178"
"WEP","06-Mar-2025","15","116.34","116.46","0.61","-1.650","0.00","0.20","0.3686","0.0378","0.3178"
"WEP","06-Mar-2025","16","129.05","128.67","0.59","-1.130","0.00","0.20","0.3686","0.0378","0.3178"
"WEP","06-Mar-2025","17","129.94","130.14","0.20","-1.320","0.00","0.20","0.3686","0.0378","0.3178"
"WEP","06-Mar-2025","18","147.68","147.41","0.57","-1.220","0.00","0.20","0.3686","0.0378","0.3178"
"WEP","06-Mar-2025","19","130.15","130.04","0.24","-1.060","0.00","0.20","0.3686","0.0378","0.3178"
"WEP","06-Mar-2025","20","125.33","124.90","0.36","-0.860","0.00","0.20","0.3686","0.0378","0.3178"
"WEP","06-Mar-2025","21","129.98","130.09","0.15","-1.190","0.00","0.20","0.3686","0.0378","0.3178"
"WEP","06-Mar-2025","22","114.08","114.75","0.13","-1.730","0.00","0.20","0.3686","0.0378","0.3178"
"WEP","06-Mar-2025","23","106.54","107.83","0.13","-2.340","0.00","0.20","0.3686","0.0378","0.3178"
"WEP","06-Mar-2025","24","112.40","112.62","0.13","-1.280","0.00","0.20","0.3686","0.0378","0.3178"
"WEP","06-Mar-2025","25","105.12","105.68","0.16","-1.640","0.00","0.20","0.3686","0.0378","0.3178"
"WEP","06-Mar-2025","26","116.62","116.65","0.19","-1.140","0.00","0.20","0.3686","0.0378","0.3178"
"WEP","06-Mar-2025","27","117.97","117.71","0.17","-0.840","0.00","0.20","0.3686","0.0378","0.3178"
"WEP","06-Mar-2025","28","112.69","111.92","0.14","-0.290","0.00","0.20","0.3686","0.0378","0.3178"
"WEP","06-Mar-2025","29","101.58","100.92","0.13","-0.400","0.00","0.20","0.3686","0.0378","0.3178"
"WEP","06-Mar-2025","30","99.31","99.65","0.12","-1.380","0.00","0.20","0.3686","0.0378","0.3178"
"WEP","06-Mar-2025","31","99.75","100.60","0.12","-1.890","0.00","0.20","0.3686","0.0378","0.3178"
"WEP","06-Mar-2025","32","100.15","100.86","0.15","-1.780","0.00","0.20","0.3686","0.0378","0.3178"
"WEP","06-Mar-2025","33","100.29","101.05","0.13","-1.810","0.00","0.20","0.3686","0.0378","0.3178"
"WEP","06-Mar-2025","34","114.62","114.75","0.15","-1.200","0.00","0.20","0.3686","0.0378","0.3178"
"WEP","06-Mar-2025","35","101.26","101.06","0.88","-1.610","0.00","0.20","0.3686","0.0378","0.3178"
"WEP","06-Mar-2025","36","100.47","101.05","0.17","-1.680","0.00","0.20","0.3686","0.0378","0.3178"
"WEP","06-Mar-2025","37","100.63","101.08","0.17","-1.550","0.00","0.20","0.3686","0.0378","0.3178"
"WEP","06-Mar-2025","38","108.10","108.81","0.21","-1.850","0.00","0.20","0.3686","0.0378","0.3178"
"WEP","06-Mar-2025","39","110.12","110.67","0.24","-1.710","0.00","0.20","0.3686","0.0378","0.3178"
"WEP","06-Mar-2025","40","114.32","114.83","0.24","-1.680","0.00","0.20","0.3686","0.0378","0.3178"
"WEP","06-Mar-2025","41","120.70","120.67","0.15","-1.040","0.00","0.20","0.3686","0.0378","0.3178"
"WEP","06-Mar-2025","42","123.66","123.75","0.15","-1.170","0.00","0.20","0.3686","0.0378","0.3178"
"WEP","06-Mar-2025","43","112.84","112.64","0.16","-0.890","0.00","0.20","0.3686","0.0378","0.3178"
"WEP","06-Mar-2025","44","106.14","106.13","0.13","-1.050","0.00","0.20","0.3686","0.0378","0.3178"
"WEP","06-Mar-2025","45","104.97","104.73","0.14","-0.820","0.00","0.20","0.3686","0.0378","0.3178"
"WEP","06-Mar-2025","46","101.42","101.04","0.13","-0.670","0.00","0.20","0.3686","0.0378","0.3178"
"WEP","06-Mar-2025","47","101.46","100.89","0.14","-0.490","0.00","0.20","0.3686","0.0378","0.3178"
"WEP","06-Mar-2025","48","101.51","100.83","0.13","-0.370","0.00","0.20","0.3686","0.0378","0.3178"
"WEP","07-Mar-2025","1","102.62","101.88","0.12","-0.310","0.00","0.20","0.3686","0.0376","0.3159"
"WEP","07-Mar-2025","2","102.15","101.36","0.10","-0.230","0.00","0.20","0.3686","0.0376","0.3159"
"WEP","07-Mar-2025","3","101.87","101.24","0.05","-0.340","0.00","0.20","0.3686","0.0376","0.3159"
"WEP","07-Mar-2025","4","101.24","100.79","0.05","-0.520","0.00","0.20","0.3686","0.0376","0.3159"
"WEP","07-Mar-2025","5","100.92","100.77","0.06","-0.830","0.00","0.20","0.3686","0.0376","0.3159"
"WEP","07-Mar-2025","6","100.93","100.67","0.06","-0.720","0.00","0.20","0.3686","0.0376","0.3159"
"WEP","07-Mar-2025","7","100.82","100.61","0.06","-0.780","0.00","0.20","0.3686","0.0376","0.3159"
"WEP","07-Mar-2025","8","101.17","100.58","0.06","-0.400","0.00","0.20","0.3686","0.0376","0.3159"
"WEP","07-Mar-2025","9","101.07","100.48","0.05","-0.390","0.00","0.20","0.3686","0.0376","0.3159"
"WEP","07-Mar-2025","10","101.42","100.47","0.06","-0.030","0.00","0.20","0.3686","0.0376","0.3159"
"WEP","07-Mar-2025","11","101.46","100.70","0.10","-0.260","0.00","0.20","0.3686","0.0376","0.3159"
"WEP","07-Mar-2025","12","104.15","103.29","0.14","-0.210","0.00","0.20","0.3686","0.0376","0.3159"
"WEP","07-Mar-2025","13","102.12","101.61","0.16","-0.570","0.00","0.20","0.3686","0.0376","0.3159"
"WEP","07-Mar-2025","14","110.66","110.25","0.17","-0.680","0.00","0.20","0.3686","0.0376","0.3159"
"WEP","07-Mar-2025","15","113.19","112.99","0.19","-0.920","0.00","0.20","0.3686","0.0376","0.3159"
"WEP","07-Mar-2025","16","130.22","130.14","0.18","-1.030","0.00","0.20","0.3686","0.0376","0.3159"
"WEP","07-Mar-2025","17","130.72","130.06","0.17","-0.440","0.00","0.20","0.3686","0.0376","0.3159"
"WEP","07-Mar-2025","18","129.88","128.72","0.36","-0.120","0.00","0.20","0.3686","0.0376","0.3159"
"WEP","07-Mar-2025","19","108.41","107.56","0.15","-0.230","0.00","0.20","0.3686","0.0376","0.3159"
"WEP","07-Mar-2025","20","104.80","104.06","0.16","-0.340","0.00","0.20","0.3686","0.0376","0.3159"
"WEP","07-Mar-2025","21","104.67","104.06","0.13","-0.450","0.00","0.20","0.3686","0.0376","0.3159"
"WEP","07-Mar-2025","22","101.56","101.05","0.13","-0.550","0.00","0.20","0.3686","0.0376","0.3159"
"WEP","07-Mar-2025","23","94.33","94.68","0.13","-1.400","0.00","0.20","0.3686","0.0376","0.3159"
"WEP","07-Mar-2025","24","93.32","94.16","0.12","-1.880","0.00","0.20","0.3686","0.0376","0.3159"
"WEP","07-Mar-2025","25","94.36","95.18","0.14","-1.880","0.00","0.20","0.3686","0.0376","0.3159"
"WEP","07-Mar-2025","26","93.01","94.03","0.14","-2.090","0.00","0.20","0.3686","0.0376","0.3159"
"WEP","07-Mar-2025","27","99.79","100.94","0.13","-2.200","0.00","0.20","0.3686","0.0376","0.3159"
"WEP","07-Mar-2025","28","100.11","100.99","0.13","-1.930","0.00","0.20","0.3686","0.0376","0.3159"
"WEP","07-Mar-2025","29","100.69","100.95","0.12","-1.300","0.00","0.20","0.3686","0.0376","0.3159"
"WEP","07-Mar-2025","30","100.90","100.88","0.11","-1.010","0.00","0.20","0.3686","0.0376","0.3159"
"WEP","07-Mar-2025","31","97.59","98.36","0.12","-1.810","0.00","0.20","0.3686","0.0376","0.3159"
"WEP","07-Mar-2025","32","99.56","100.92","0.13","-2.410","0.00","0.20","0.3686","0.0376","0.3159"
"WEP","07-Mar-2025","33","127.38","128.80","0.13","-2.470","0.00","0.20","0.3686","0.0376","0.3159"
"WEP","07-Mar-2025","34","129.80","130.12","0.21","-1.460","0.00","0.20","0.3686","0.0376","0.3159"
"WEP","07-Mar-2025","35","121.25","121.82","0.51","-2.000","0.00","0.20","0.3686","0.0376","0.3159"
"WEP","07-Mar-2025","36","127.56","128.75","0.33","-2.440","0.00","0.20","0.3686","0.0376","0.3159"
"WEP","07-Mar-2025","37","117.92","118.78","0.16","-1.940","0.00","0.20","0.3686","0.0376","0.3159"
"WEP","07-Mar-2025","38","125.67","126.82","0.19","-2.260","0.00","0.20","0.3686","0.0376","0.3159"
"WEP","07-Mar-2025","39","127.92","128.74","0.24","-1.990","0.00","0.20","0.3686","0.0376","0.3159"
"WEP","07-Mar-2025","40","129.35","130.21","0.24","-2.030","0.00","0.20","0.3686","0.0376","0.3159"
"WEP","07-Mar-2025","41","130.07","130.20","0.20","-1.250","0.00","0.20","0.3686","0.0376","0.3159"
"WEP","07-Mar-2025","42","128.47","128.75","0.20","-1.400","0.00","0.20","0.3686","0.0376","0.3159"
"WEP","07-Mar-2025","43","126.63","126.89","0.15","-1.340","0.00","0.20","0.3686","0.0376","0.3159"
"WEP","07-Mar-2025","44","117.95","118.64","0.12","-1.740","0.00","0.20","0.3686","0.0376","0.3159"
"WEP","07-Mar-2025","45","110.94","111.15","0.13","-1.260","0.00","0.20","0.3686","0.0376","0.3159"
"WEP","07-Mar-2025","46","103.34","103.32","0.13","-1.030","0.00","0.20","0.3686","0.0376","0.3159"
"WEP","07-Mar-2025","47","101.08","101.69","0.14","-1.670","0.00","0.20","0.3686","0.0376","0.3159"
"WEP","07-Mar-2025","48","100.77","101.67","0.13","-1.950","0.00","0.20","0.3686","0.0376","0.3159"
"WEP","08-Mar-2025","1","103.29","103.55","0.12","-1.320","0.00","0.20","0.3686","0.0392","0.3296"
"WEP","08-Mar-2025","2","102.00","101.83","0.10","-0.860","0.00","0.20","0.3686","0.0392","0.3296"
"WEP","08-Mar-2025","3","102.19","101.83","0.05","-0.630","0.00","0.20","0.3686","0.0392","0.3296"
"WEP","08-Mar-2025","4","101.63","101.19","0.05","-0.550","0.00","0.20","0.3686","0.0392","0.3296"
"WEP","08-Mar-2025","5","100.70","100.65","0.05","-0.940","0.00","0.20","0.3686","0.0392","0.3296"
"WEP","08-Mar-2025","6","100.45","100.64","0.05","-1.180","0.00","0.20","0.3686","0.0392","0.3296"
"WEP","08-Mar-2025","7","100.17","100.60","0.05","-1.420","0.00","0.20","0.3686","0.0392","0.3296"
"WEP","08-Mar-2025","8","100.26","100.60","0.05","-1.330","0.00","0.20","0.3686","0.0392","0.3296"
"WEP","08-Mar-2025","9","100.60","100.60","0.05","-0.990","0.00","0.20","0.3686","0.0392","0.3296"
"WEP","08-Mar-2025","10","100.63","100.60","0.05","-0.960","0.00","0.20","0.3686","0.0392","0.3296"
"WEP","08-Mar-2025","11","100.84","100.69","0.06","-0.850","0.00","0.20","0.3686","0.0392","0.3296"
"WEP","08-Mar-2025","12","102.30","101.80","0.13","-0.560","0.00","0.20","0.3686","0.0392","0.3296"
"WEP","08-Mar-2025","13","105.39","104.62","0.16","-0.330","0.00","0.20","0.3686","0.0392","0.3296"
"WEP","08-Mar-2025","14","115.19","114.21","0.22","-0.180","0.00","0.20","0.3686","0.0392","0.3296"
"WEP","08-Mar-2025","15","120.55","119.79","0.72","-0.900","0.00","0.20","0.3686","0.0392","0.3296"
"WEP","08-Mar-2025","16","123.35","121.86","0.70","-0.140","0.00","0.20","0.3686","0.0392","0.3296"
"WEP","08-Mar-2025","17","132.35","131.58","0.61","-0.770","0.00","0.20","0.3686","0.0392","0.3296"
"WEP","08-Mar-2025","18","133.42","131.89","0.62","-0.030","0.00","0.20","0.3686","0.0392","0.3296"
"WEP","08-Mar-2025","19","122.96","121.83","0.36","-0.160","0.00","0.20","0.3686","0.0392","0.3296"
"WEP","08-Mar-2025","20","111.14","110.66","0.33","-0.790","0.00","0.20","0.3686","0.0392","0.3296"
"WEP","08-Mar-2025","21","101.84","101.80","0.14","-1.040","0.00","0.20","0.3686","0.0392","0.3296"
"WEP","08-Mar-2025","22","101.63","101.81","0.14","-1.260","0.00","0.20","0.3686","0.0392","0.3296"
"WEP","08-Mar-2025","23","101.83","101.46","0.13","-0.690","0.00","0.20","0.3686","0.0392","0.3296"
"WEP","08-Mar-2025","24","100.69","101.03","0.13","-1.400","0.00","0.20","0.3686","0.0392","0.3296"
"WEP","08-Mar-2025","25","99.95","100.61","0.15","-1.750","0.00","0.20","0.3686","0.0392","0.3296"
"WEP","08-Mar-2025","26","100.50","100.88","0.22","-1.540","0.00","0.20","0.3686","0.0392","0.3296"
"WEP","08-Mar-2025","27","99.36","100.62","0.14","-2.330","0.00","0.20","0.3686","0.0392","0.3296"
"WEP","08-Mar-2025","28","99.49","101.03","0.14","-2.620","0.00","0.20","0.3686","0.0392","0.3296"
"WEP","08-Mar-2025","29","119.07","119.32","0.20","-1.390","0.00","0.20","0.3686","0.0392","0.3296"
"WEP","08-Mar-2025","30","110.23","110.97","0.13","-1.810","0.00","0.20","0.3686","0.0392","0.3296"
"WEP","08-Mar-2025","31","127.62","128.74","0.22","-2.280","0.00","0.20","0.3686","0.0392","0.3296"
"WEP","08-Mar-2025","32","130.26","129.71","0.41","-0.800","0.00","0.20","0.3686","0.0392","0.3296"
"WEP","08-Mar-2025","33","208.41","207.28","0.39","-0.200","0.00","0.20","0.3686","0.0392","0.3296"
"WEP","08-Mar-2025","34","125.87","125.20","0.34","-0.610","0.00","0.20","0.3686","0.0392","0.3296"
"WEP","08-Mar-2025","35","121.36","121.86","0.68","-2.120","0.00","0.20","0.3686","0.0392","0.3296"
"WEP","08-Mar-2025","36","131.24","131.97","0.51","-2.180","0.00","0.20","0.3686","0.0392","0.3296"
"WEP","08-Mar-2025","37","131.45","132.04","0.63","-2.160","0.00","0.20","0.3686","0.0392","0.3296"
"WEP","08-Mar-2025","38","131.81","131.95","0.62","-1.700","0.00","0.20","0.3686","0.0392","0.3296"
"WEP","08-Mar-2025","39","125.83","126.08","0.52","-1.710","0.00","0.20","0.3686","0.0392","0.3296"
"WEP","08-Mar-2025","40","132.11","132.16","0.54","-1.530","0.00","0.20","0.3686","0.0392","0.3296"
"WEP","08-Mar-2025","41","132.95","132.17","0.38","-0.530","0.00","0.20","0.3686","0.0392","0.3296"
"WEP","08-Mar-2025","42","133.02","132.16","0.37","-0.450","0.00","0.20","0.3686","0.0392","0.3296"
"WEP","08-Mar-2025","43","126.65","126.08","0.39","-0.760","0.00","0.20","0.3686","0.0392","0.3296"
"WEP","08-Mar-2025","44","130.43","130.19","0.27","-0.970","0.00","0.20","0.3686","0.0392","0.3296"
"WEP","08-Mar-2025","45","132.64","131.97","0.22","-0.490","0.00","0.20","0.3686","0.0392","0.3296"
"WEP","08-Mar-2025","46","129.61","128.75","0.16","-0.240","0.00","0.20","0.3686","0.0392","0.3296"
"WEP","08-Mar-2025","47","121.62","120.68","0.20","-0.190","0.00","0.20","0.3686","0.0392","0.3296"
"WEP","08-Mar-2025","48","105.79","104.80","0.15","-0.100","0.00","0.20","0.3686","0.0392","0.3296"
"WEP","09-Mar-2025","1","105.79","104.70","0.12","0.020","0.00","0.20","0.3686","0.0406","0.3412"
"WEP","09-Mar-2025","2","102.23","100.98","0.08","0.220","0.00","0.20","0.3686","0.0406","0.3412"
"WEP","09-Mar-2025","3","101.89","100.69","0.05","0.200","0.00","0.20","0.3686","0.0406","0.3412"
"WEP","09-Mar-2025","4","101.90","100.63","0.05","0.270","0.00","0.20","0.3686","0.0406","0.3412"
"WEP","09-Mar-2025","5","101.73","100.49","0.05","0.240","0.00","0.20","0.3686","0.0406","0.3412"
"WEP","09-Mar-2025","6","101.47","100.37","0.06","0.090","0.00","0.20","0.3686","0.0406","0.3412"
"WEP","09-Mar-2025","7","101.20","100.18","0.06","0.010","0.00","0.20","0.3686","0.0406","0.3412"
"WEP","09-Mar-2025","8","101.03","100.18","0.06","-0.160","0.00","0.20","0.3686","0.0406","0.3412"
"WEP","09-Mar-2025","9","100.82","99.92","0.05","-0.100","0.00","0.20","0.3686","0.0406","0.3412"
"WEP","09-Mar-2025","10","101.23","100.38","0.06","-0.160","0.00","0.20","0.3686","0.0406","0.3412"
"WEP","09-Mar-2025","11","101.64","100.37","0.06","0.260","0.00","0.20","0.3686","0.0406","0.3412"
"WEP","09-Mar-2025","12","102.05","100.50","0.14","0.460","0.00","0.20","0.3686","0.0406","0.3412"
"WEP","09-Mar-2025","13","102.12","100.63","0.17","0.370","0.00","0.20","0.3686","0.0406","0.3412"
"WEP","09-Mar-2025","14","102.46","100.81","0.26","0.440","0.00","0.20","0.3686","0.0406","0.3412"
"WEP","09-Mar-2025","15","102.36","100.60","0.31","0.490","0.00","0.20","0.3686","0.0406","0.3412"
"WEP","09-Mar-2025","16","102.04","100.70","0.31","0.080","0.00","0.20","0.3686","0.0406","0.3412"
"WEP","09-Mar-2025","17","101.84","100.81","0.30","-0.220","0.00","0.20","0.3686","0.0406","0.3412"
"WEP","09-Mar-2025","18","106.36","105.29","0.40","-0.280","0.00","0.20","0.3686","0.0406","0.3412"
"WEP","09-Mar-2025","19","106.70","105.71","0.28","-0.240","0.00","0.20","0.3686","0.0406","0.3412"
"WEP","09-Mar-2025","20","112.25","111.04","0.35","-0.090","0.00","0.20","0.3686","0.0406","0.3412"
"WEP","09-Mar-2025","21","109.30","108.72","0.15","-0.530","0.00","0.20","0.3686","0.0406","0.3412"
"WEP","09-Mar-2025","22","112.17","111.51","0.18","-0.470","0.00","0.20","0.3686","0.0406","0.3412"
"WEP","09-Mar-2025","23","105.92","105.55","0.15","-0.730","0.00","0.20","0.3686","0.0406","0.3412"
"WEP","09-Mar-2025","24","100.73","101.01","0.14","-1.370","0.00","0.20","0.3686","0.0406","0.3412"
"WEP","09-Mar-2025","25","119.00","118.43","0.27","-0.650","0.00","0.20","0.3686","0.0406","0.3412"
"WEP","09-Mar-2025","26","117.97","116.65","0.28","0.090","0.00","0.20","0.3686","0.0406","0.3412"
"WEP","09-Mar-2025","27","112.08","110.61","0.18","0.340","0.00","0.20","0.3686","0.0406","0.3412"
"WEP","09-Mar-2025","28","106.00","105.00","0.15","-0.100","0.00","0.20","0.3686","0.0406","0.3412"
"WEP","09-Mar-2025","29","106.70","105.64","0.14","-0.030","0.00","0.20","0.3686","0.0406","0.3412"
"WEP","09-Mar-2025","30","106.86","105.51","0.13","0.270","0.00","0.20","0.3686","0.0406","0.3412"
"WEP","09-Mar-2025","31","102.37","101.00","0.14","0.280","0.00","0.20","0.3686","0.0406","0.3412"
"WEP","09-Mar-2025","32","103.02","101.00","0.16","0.910","0.00","0.20","0.3686","0.0406","0.3412"
"WEP","09-Mar-2025","33","102.78","100.88","0.14","0.810","0.00","0.20","0.3686","0.0406","0.3412"
"WEP","09-Mar-2025","34","102.30","100.75","0.16","0.440","0.00","0.20","0.3686","0.0406","0.3412"
"WEP","09-Mar-2025","35","101.55","100.56","0.42","-0.380","0.00","0.20","0.3686","0.0406","0.3412"
"WEP","09-Mar-2025","36","101.41","100.99","0.16","-0.700","0.00","0.20","0.3686","0.0406","0.3412"
"WEP","09-Mar-2025","37","101.92","101.01","0.26","-0.300","0.00","0.20","0.3686","0.0406","0.3412"
"WEP","09-Mar-2025","38","111.68","110.58","0.37","-0.220","0.00","0.20","0.3686","0.0406","0.3412"
"WEP","09-Mar-2025","39","117.17","116.62","0.42","-0.830","0.00","0.20","0.3686","0.0406","0.3412"
"WEP","09-Mar-2025","40","127.91","126.72","0.51","-0.270","0.00","0.20","0.3686","0.0406","0.3412"
"WEP","09-Mar-2025","41","130.18","128.75","0.36","0.120","0.00","0.20","0.3686","0.0406","0.3412"
"WEP","09-Mar-2025","42","130.30","128.74","0.37","0.240","0.00","0.20","0.3686","0.0406","0.3412"
"WEP","09-Mar-2025","43","130.53","128.72","0.35","0.510","0.00","0.20","0.3686","0.0406","0.3412"
"WEP","09-Mar-2025","44","107.23","105.72","0.13","0.430","0.00","0.20","0.3686","0.0406","0.3412"
"WEP","09-Mar-2025","45","102.25","101.06","0.14","0.090","0.00","0.20","0.3686","0.0406","0.3412"
"WEP","09-Mar-2025","46","102.64","100.99","0.14","0.560","0.00","0.20","0.3686","0.0406","0.3412"
"WEP","09-Mar-2025","47","102.59","100.98","0.14","0.520","0.00","0.20","0.3686","0.0406","0.3412"
"WEP","09-Mar-2025","48","102.99","100.81","0.14","1.090","0.00","0.20","0.3686","0.0406","0.3412"
"WEP","10-Mar-2025","1","102.62","100.97","0.13","0.600","0.00","0.20","0.3686","0.0377","0.3166"
"WEP","10-Mar-2025","2","101.94","100.80","0.11","0.110","0.00","0.20","0.3686","0.0377","0.3166"
"WEP","10-Mar-2025","3","101.83","100.61","0.06","0.240","0.00","0.20","0.3686","0.0377","0.3166"
"WEP","10-Mar-2025","4","101.31","100.48","0.06","-0.150","0.00","0.20","0.3686","0.0377","0.3166"
"WEP","10-Mar-2025","5","100.95","100.37","0.06","-0.410","0.00","0.20","0.3686","0.0377","0.3166"
"WEP","10-Mar-2025","6","99.18","98.58","0.06","-0.380","0.00","0.20","0.3686","0.0377","0.3166"
"WEP","10-Mar-2025","7","101.10","100.36","0.06","-0.240","0.00","0.20","0.3686","0.0377","0.3166"
"WEP","10-Mar-2025","8","100.86","99.89","0.06","-0.010","0.00","0.20","0.3686","0.0377","0.3166"
"WEP","10-Mar-2025","9","97.68","96.79","0.06","-0.090","0.00","0.20","0.3686","0.0377","0.3166"
"WEP","10-Mar-2025","10","97.51","96.81","0.06","-0.290","0.00","0.20","0.3686","0.0377","0.3166"
"WEP","10-Mar-2025","11","101.20","100.39","0.11","-0.220","0.00","0.20","0.3686","0.0377","0.3166"
"WEP","10-Mar-2025","12","104.97","104.51","0.14","-0.600","0.00","0.20","0.3686","0.0377","0.3166"
"WEP","10-Mar-2025","13","101.04","100.81","0.16","-0.850","0.00","0.20","0.3686","0.0377","0.3166"
"WEP","10-Mar-2025","14","101.04","101.32","0.17","-1.370","0.00","0.20","0.3686","0.0377","0.3166"
"WEP","10-Mar-2025","15","92.79","93.58","0.20","-1.920","0.00","0.20","0.3686","0.0377","0.3166"
"WEP","10-Mar-2025","16","98.31","98.03","0.20","-0.840","0.00","0.20","0.3686","0.0377","0.3166"
"WEP","10-Mar-2025","17","100.49","100.23","0.18","-0.840","0.00","0.20","0.3686","0.0377","0.3166"
"WEP","10-Mar-2025","18","98.59","98.05","0.24","-0.620","0.00","0.20","0.3686","0.0377","0.3166"
"WEP","10-Mar-2025","19","94.32","94.44","0.21","-1.250","0.00","0.20","0.3686","0.0377","0.3166"
"WEP","10-Mar-2025","20","94.22","93.94","0.20","-0.850","0.00","0.20","0.3686","0.0377","0.3166"
"WEP","10-Mar-2025","21","101.01","100.92","0.13","-0.970","0.00","0.20","0.3686","0.0377","0.3166"
"WEP","10-Mar-2025","22","100.33","101.05","0.13","-1.770","0.00","0.20","0.3686","0.0377","0.3166"
"WEP","10-Mar-2025","23","100.71","101.06","0.13","-1.410","0.00","0.20","0.3686","0.0377","0.3166"
"WEP","10-Mar-2025","24","93.06","94.04","0.12","-2.030","0.00","0.20","0.3686","0.0377","0.3166"
"WEP","10-Mar-2025","25","100.46","100.72","0.14","-1.320","0.00","0.20","0.3686","0.0377","0.3166"
"WEP","10-Mar-2025","26","100.71","100.64","0.14","-1.000","0.00","0.20","0.3686","0.0377","0.3166"
"WEP","10-Mar-2025","27","90.75","91.17","0.13","-1.480","0.00","0.20","0.3686","0.0377","0.3166"
"WEP","10-Mar-2025","28","93.40","94.03","0.13","-1.690","0.00","0.20","0.3686","0.0377","0.3166"
"WEP","10-Mar-2025","29","92.22","93.84","0.12","-2.660","0.00","0.20","0.3686","0.0377","0.3166"
"WEP","10-Mar-2025","30","98.03","100.12","0.11","-3.120","0.00","0.20","0.3686","0.0377","0.3166"
"WEP","10-Mar-2025","31","101.28","101.45","0.12","-1.210","0.00","0.20","0.3686","0.0377","0.3166"
"WEP","10-Mar-2025","32","129.11","128.90","0.40","-1.110","0.00","0.20","0.3686","0.0377","0.3166"
"WEP","10-Mar-2025","33","101.02","101.05","0.12","-1.070","0.00","0.20","0.3686","0.0377","0.3166"
"WEP","10-Mar-2025","34","101.09","101.07","0.14","-1.040","0.00","0.20","0.3686","0.0377","0.3166"
"WEP","10-Mar-2025","35","101.03","101.11","0.39","-1.400","0.00","0.20","0.3686","0.0377","0.3166"
"WEP","10-Mar-2025","36","100.04","100.92","0.25","-2.050","0.00","0.20","0.3686","0.0377","0.3166"
"WEP","10-Mar-2025","37","104.65","105.51","0.23","-2.010","0.00","0.20","0.3686","0.0377","0.3166"
"WEP","10-Mar-2025","38","125.40","126.73","0.38","-2.630","0.00","0.20","0.3686","0.0377","0.3166"
"WEP","10-Mar-2025","39","124.50","124.86","0.37","-1.660","0.00","0.20","0.3686","0.0377","0.3166"
"WEP","10-Mar-2025","40","146.78","147.61","0.46","-2.210","0.00","0.20","0.3686","0.0377","0.3166"
"WEP","10-Mar-2025","41","146.82","147.61","0.33","-2.040","0.00","0.20","0.3686","0.0377","0.3166"
"WEP","10-Mar-2025","42","131.31","131.73","0.29","-1.630","0.00","0.20","0.3686","0.0377","0.3166"
"WEP","10-Mar-2025","43","129.81","130.28","0.15","-1.550","0.00","0.20","0.3686","0.0377","0.3166"
"WEP","10-Mar-2025","44","119.30","119.70","0.13","-1.450","0.00","0.20","0.3686","0.0377","0.3166"
"WEP","10-Mar-2025","45","111.93","111.74","0.13","-0.870","0.00","0.20","0.3686","0.0377","0.3166"
"WEP","10-Mar-2025","46","103.08","103.02","0.13","-0.990","0.00","0.20","0.3686","0.0377","0.3166"
"WEP","10-Mar-2025","47","101.06","101.01","0.14","-1.010","0.00","0.20","0.3686","0.0377","0.3166"
"WEP","10-Mar-2025","48","100.70","100.88","0.13","-1.230","0.00","0.20","0.3686","0.0377","0.3166"
"WEP","11-Mar-2025","1","100.54","100.52","0.12","-1.020","0.00","0.20","0.3686","0.0374","0.3143"
"WEP","11-Mar-2025","2","100.83","100.40","0.11","-0.600","0.00","0.20","0.3686","0.0374","0.3143"
"WEP","11-Mar-2025","3","100.91","100.40","0.08","-0.490","0.00","0.20","0.3686","0.0374","0.3143"
"WEP","11-Mar-2025","4","100.32","99.54","0.09","-0.230","0.00","0.20","0.3686","0.0374","0.3143"
"WEP","11-Mar-2025","5","98.05","98.30","0.09","-1.270","0.00","0.20","0.3686","0.0374","0.3143"
"WEP","11-Mar-2025","6","94.38","94.08","0.09","-0.710","0.00","0.20","0.3686","0.0374","0.3143"
"WEP","11-Mar-2025","7","94.06","93.83","0.09","-0.780","0.00","0.20","0.3686","0.0374","0.3143"
"WEP","11-Mar-2025","8","96.31","96.46","0.09","-1.160","0.00","0.20","0.3686","0.0374","0.3143"
"WEP","11-Mar-2025","9","97.07","96.93","0.05","-0.830","0.00","0.20","0.3686","0.0374","0.3143"
"WEP","11-Mar-2025","10","100.14","99.74","0.09","-0.610","0.00","0.20","0.3686","0.0374","0.3143"
"WEP","11-Mar-2025","11","100.11","99.66","0.11","-0.580","0.00","0.20","0.3686","0.0374","0.3143"
"WEP","11-Mar-2025","12","101.18","100.63","0.13","-0.500","0.00","0.20","0.3686","0.0374","0.3143"
"WEP","11-Mar-2025","13","100.74","100.64","0.16","-0.980","0.00","0.20","0.3686","0.0374","0.3143"
"WEP","11-Mar-2025","14","101.04","100.99","0.17","-1.040","0.00","0.20","0.3686","0.0374","0.3143"
"WEP","11-Mar-2025","15","101.51","101.73","0.23","-1.370","0.00","0.20","0.3686","0.0374","0.3143"
"WEP","11-Mar-2025","16","119.19","118.50","0.30","-0.530","0.00","0.20","0.3686","0.0374","0.3143"
"WEP","11-Mar-2025","17","129.39","128.72","0.30","-0.550","0.00","0.20","0.3686","0.0374","0.3143"
"WEP","11-Mar-2025","18","127.44","126.69","0.42","-0.590","0.00","0.20","0.3686","0.0374","0.3143"
"WEP","11-Mar-2025","19","108.09","107.76","0.22","-0.810","0.00","0.20","0.3686","0.0374","0.3143"
"WEP","11-Mar-2025","20","103.78","103.68","0.20","-1.020","0.00","0.20","0.3686","0.0374","0.3143"
"WEP","11-Mar-2025","21","101.58","101.65","0.13","-1.120","0.00","0.20","0.3686","0.0374","0.3143"
"WEP","11-Mar-2025","22","101.55","101.63","0.13","-1.130","0.00","0.20","0.3686","0.0374","0.3143"
"WEP","11-Mar-2025","23","100.33","100.95","0.13","-1.670","0.00","0.20","0.3686","0.0374","0.3143"
"WEP","11-Mar-2025","24","100.20","100.96","0.13","-1.810","0.00","0.20","0.3686","0.0374","0.3143"
"WEP","11-Mar-2025","25","100.98","101.22","0.14","-1.300","0.00","0.20","0.3686","0.0374","0.3143"
"WEP","11-Mar-2025","26","101.08","100.91","0.14","-0.890","0.00","0.20","0.3686","0.0374","0.3143"
"WEP","11-Mar-2025","27","94.18","94.14","0.14","-1.020","0.00","0.20","0.3686","0.0374","0.3143"
"WEP","11-Mar-2025","28","98.75","99.51","0.13","-1.810","0.00","0.20","0.3686","0.0374","0.3143"
"WEP","11-Mar-2025","29","94.14","94.14","0.12","-1.040","0.00","0.20","0.3686","0.0374","0.3143"
"WEP","11-Mar-2025","30","95.51","96.28","0.11","-1.800","0.00","0.20","0.3686","0.0374","0.3143"
"WEP","11-Mar-2025","31","94.47","95.38","0.12","-1.950","0.00","0.20","0.3686","0.0374","0.3143"
"WEP","11-Mar-2025","32","98.05","99.50","0.14","-2.510","0.00","0.20","0.3686","0.0374","0.3143"
"WEP","11-Mar-2025","33","100.24","101.06","0.12","-1.860","0.00","0.20","0.3686","0.0374","0.3143"
"WEP","11-Mar-2025","34","100.44","101.65","0.13","-2.260","0.00","0.20","0.3686","0.0374","0.3143"
"WEP","11-Mar-2025","35","106.47","107.69","0.34","-2.480","0.00","0.20","0.3686","0.0374","0.3143"
"WEP","11-Mar-2025","36","101.47","102.56","0.16","-2.170","0.00","0.20","0.3686","0.0374","0.3143"
"WEP","11-Mar-2025","37","108.88","110.65","0.24","-2.930","0.00","0.20","0.3686","0.0374","0.3143"
"WEP","11-Mar-2025","38","128.55","130.45","0.38","-3.200","0.00","0.20","0.3686","0.0374","0.3143"
"WEP","11-Mar-2025","39","146.63","147.75","0.47","-2.510","0.00","0.20","0.3686","0.0374","0.3143"
"WEP","11-Mar-2025","40","147.16","147.62","0.46","-1.840","0.00","0.20","0.3686","0.0374","0.3143"
"WEP","11-Mar-2025","41","147.30","147.63","0.33","-1.580","0.00","0.20","0.3686","0.0374","0.3143"
"WEP","11-Mar-2025","42","130.06","130.35","0.27","-1.480","0.00","0.20","0.3686","0.0374","0.3143"
"WEP","11-Mar-2025","43","128.38","128.79","0.16","-1.490","0.00","0.20","0.3686","0.0374","0.3143"
"WEP","11-Mar-2025","44","118.11","118.55","0.12","-1.480","0.00","0.20","0.3686","0.0374","0.3143"
"WEP","11-Mar-2025","45","109.88","109.80","0.13","-0.970","0.00","0.20","0.3686","0.0374","0.3143"
"WEP","11-Mar-2025","46","103.02","102.58","0.13","-0.610","0.00","0.20","0.3686","0.0374","0.3143"
"WEP","11-Mar-2025","47","101.19","101.06","0.14","-0.930","0.00","0.20","0.3686","0.0374","0.3143"
"WEP","11-Mar-2025","48","101.37","100.91","0.13","-0.590","0.00","0.20","0.3686","0.0374","0.3143"
"WEP","12-Mar-2025","1","101.19","100.69","0.12","-0.540","0.00","0.20","0.3686","0.0375","0.3152"
"WEP","12-Mar-2025","2","100.29","100.52","0.11","-1.260","0.00","0.20","0.3686","0.0375","0.3152"
"WEP","12-Mar-2025","3","100.29","100.52","0.05","-1.200","0.00","0.20","0.3686","0.0375","0.3152"
"WEP","12-Mar-2025","4","100.40","100.42","0.05","-0.990","0.00","0.20","0.3686","0.0375","0.3152"
"WEP","12-Mar-2025","5","99.95","100.05","0.05","-1.070","0.00","0.20","0.3686","0.0375","0.3152"
"WEP","12-Mar-2025","6","99.11","99.50","0.06","-1.380","0.00","0.20","0.3686","0.0375","0.3152"
"WEP","12-Mar-2025","7","93.13","93.60","0.06","-1.450","0.00","0.20","0.3686","0.0375","0.3152"
"WEP","12-Mar-2025","8","94.10","93.95","0.06","-0.830","0.00","0.20","0.3686","0.0375","0.3152"
"WEP","12-Mar-2025","9","99.89","99.50","0.05","-0.580","0.00","0.20","0.3686","0.0375","0.3152"
"WEP","12-Mar-2025","10","100.26","100.01","0.05","-0.720","0.00","0.20","0.3686","0.0375","0.3152"
"WEP","12-Mar-2025","11","100.53","100.18","0.11","-0.680","0.00","0.20","0.3686","0.0375","0.3152"
"WEP","12-Mar-2025","12","101.31","100.82","0.13","-0.560","0.00","0.20","0.3686","0.0375","0.3152"
"WEP","12-Mar-2025","13","101.25","100.85","0.16","-0.680","0.00","0.20","0.3686","0.0375","0.3152"
"WEP","12-Mar-2025","14","101.79","101.71","0.17","-1.010","0.00","0.20","0.3686","0.0375","0.3152"
"WEP","12-Mar-2025","15","103.82","103.74","0.20","-1.040","0.00","0.20","0.3686","0.0375","0.3152"
"WEP","12-Mar-2025","16","115.79","115.59","0.20","-0.920","0.00","0.20","0.3686","0.0375","0.3152"
"WEP","12-Mar-2025","17","126.60","126.42","0.28","-1.030","0.00","0.20","0.3686","0.0375","0.3152"
"WEP","12-Mar-2025","18","112.50","111.78","0.28","-0.480","0.00","0.20","0.3686","0.0375","0.3152"
"WEP","12-Mar-2025","19","102.09","101.67","0.18","-0.680","0.00","0.20","0.3686","0.0375","0.3152"
"WEP","12-Mar-2025","20","100.94","100.96","0.18","-1.120","0.00","0.20","0.3686","0.0375","0.3152"
"WEP","12-Mar-2025","21","100.91","100.97","0.13","-1.110","0.00","0.20","0.3686","0.0375","0.3152"
"WEP","12-Mar-2025","22","100.81","100.61","0.13","-0.850","0.00","0.20","0.3686","0.0375","0.3152"
"WEP","12-Mar-2025","23","98.99","99.51","0.13","-1.570","0.00","0.20","0.3686","0.0375","0.3152"
"WEP","12-Mar-2025","24","94.07","95.32","0.12","-2.290","0.00","0.20","0.3686","0.0375","0.3152"
"WEP","12-Mar-2025","25","95.71","96.22","0.14","-1.570","0.00","0.20","0.3686","0.0375","0.3152"
"WEP","12-Mar-2025","26","101.48","100.90","0.14","-0.480","0.00","0.20","0.3686","0.0375","0.3152"
"WEP","12-Mar-2025","27","94.27","94.50","0.14","-1.290","0.00","0.20","0.3686","0.0375","0.3152"
"WEP","12-Mar-2025","28","82.40","84.01","0.13","-2.660","0.00","0.20","0.3686","0.0375","0.3152"
"WEP","12-Mar-2025","29","99.33","100.65","0.12","-2.360","0.00","0.20","0.3686","0.0375","0.3152"
"WEP","12-Mar-2025","30","99.44","99.55","0.12","-1.150","0.00","0.20","0.3686","0.0375","0.3152"
"WEP","12-Mar-2025","31","100.46","100.64","0.12","-1.220","0.00","0.20","0.3686","0.0375","0.3152"
"WEP","12-Mar-2025","32","93.26","94.08","0.14","-1.880","0.00","0.20","0.3686","0.0375","0.3152"
"WEP","12-Mar-2025","33","99.15","100.26","0.12","-2.150","0.00","0.20","0.3686","0.0375","0.3152"
"WEP","12-Mar-2025","34","100.69","100.98","0.14","-1.350","0.00","0.20","0.3686","0.0375","0.3152"
"WEP","12-Mar-2025","35","100.76","100.66","0.21","-1.030","0.00","0.20","0.3686","0.0375","0.3152"
"WEP","12-Mar-2025","36","98.61","99.26","0.15","-1.720","0.00","0.20","0.3686","0.0375","0.3152"
"WEP","12-Mar-2025","37","100.46","101.08","0.18","-1.720","0.00","0.20","0.3686","0.0375","0.3152"
"WEP","12-Mar-2025","38","106.71","107.69","0.35","-2.250","0.00","0.20","0.3686","0.0375","0.3152"
"WEP","12-Mar-2025","39","119.16","120.21","0.38","-2.350","0.00","0.20","0.3686","0.0375","0.3152"
"WEP","12-Mar-2025","40","127.98","128.76","0.37","-2.070","0.00","0.20","0.3686","0.0375","0.3152"
"WEP","12-Mar-2025","41","129.27","129.75","0.27","-1.670","0.00","0.20","0.3686","0.0375","0.3152"
"WEP","12-Mar-2025","42","127.93","128.78","0.25","-2.020","0.00","0.20","0.3686","0.0375","0.3152"
"WEP","12-Mar-2025","43","123.83","124.66","0.14","-1.890","0.00","0.20","0.3686","0.0375","0.3152"
"WEP","12-Mar-2025","44","127.41","128.71","0.13","-2.360","0.00","0.20","0.3686","0.0375","0.3152"
"WEP","12-Mar-2025","45","123.05","123.10","0.13","-1.100","0.00","0.20","0.3686","0.0375","0.3152"
"WEP","12-Mar-2025","46","103.53","103.72","0.13","-1.240","0.00","0.20","0.3686","0.0375","0.3152"
"WEP","12-Mar-2025","47","101.17","101.05","0.14","-0.950","0.00","0.20","0.3686","0.0375","0.3152"
"WEP","12-Mar-2025","48","119.78","119.66","0.13","-0.930","0.00","0.20","0.3686","0.0375","0.3152"
"WEP","13-Mar-2025","1","114.80","114.83","0.12","-1.070","0.00","0.20","0.3686","0.0373","0.3139"
"WEP","13-Mar-2025","2","109.96","109.72","0.11","-0.790","0.00","0.20","0.3686","0.0373","0.3139"
"WEP","13-Mar-2025","3","113.76","113.47","0.10","-0.730","0.00","0.20","0.3686","0.0373","0.3139"
"WEP","13-Mar-2025","4","101.82","101.55","0.10","-0.750","0.00","0.20","0.3686","0.0373","0.3139"
"WEP","13-Mar-2025","5","101.26","101.27","0.10","-1.030","0.00","0.20","0.3686","0.0373","0.3139"
"WEP","13-Mar-2025","6","100.37","101.00","0.10","-1.650","0.00","0.20","0.3686","0.0373","0.3139"
"WEP","13-Mar-2025","7","101.30","101.00","0.10","-0.720","0.00","0.20","0.3686","0.0373","0.3139"
"WEP","13-Mar-2025","8","101.43","101.09","0.10","-0.680","0.00","0.20","0.3686","0.0373","0.3139"
"WEP","13-Mar-2025","9","101.34","101.00","0.05","-0.630","0.00","0.20","0.3686","0.0373","0.3139"
"WEP","13-Mar-2025","10","110.27","109.78","0.10","-0.530","0.00","0.20","0.3686","0.0373","0.3139"
"WEP","13-Mar-2025","11","101.32","101.01","0.11","-0.720","0.00","0.20","0.3686","0.0373","0.3139"
"WEP","13-Mar-2025","12","117.10","116.85","0.13","-0.800","0.00","0.20","0.3686","0.0373","0.3139"
"WEP","13-Mar-2025","13","116.87","116.81","0.15","-1.010","0.00","0.20","0.3686","0.0373","0.3139"
"WEP","13-Mar-2025","14","116.62","116.83","0.17","-1.300","0.00","0.20","0.3686","0.0373","0.3139"
"WEP","13-Mar-2025","15","118.76","118.68","0.24","-1.080","0.00","0.20","0.3686","0.0373","0.3139"
"WEP","13-Mar-2025","16","124.78","124.90","0.30","-1.340","0.00","0.20","0.3686","0.0373","0.3139"
"WEP","13-Mar-2025","17","129.88","130.11","0.28","-1.430","0.00","0.20","0.3686","0.0373","0.3139"
"WEP","13-Mar-2025","18","139.47","139.54","0.42","-1.410","0.00","0.20","0.3686","0.0373","0.3139"
"WEP","13-Mar-2025","19","134.79","133.87","0.44","-0.440","0.00","0.20","0.3686","0.0373","0.3139"
"WEP","13-Mar-2025","20","128.05","126.47","0.45","0.210","0.00","0.20","0.3686","0.0373","0.3139"
"WEP","13-Mar-2025","21","105.30","105.54","0.13","-1.290","0.00","0.20","0.3686","0.0373","0.3139"
"WEP","13-Mar-2025","22","101.32","101.07","0.13","-0.800","0.00","0.20","0.3686","0.0373","0.3139"
"WEP","13-Mar-2025","23","101.78","100.92","0.13","-0.190","0.00","0.20","0.3686","0.0373","0.3139"
"WEP","13-Mar-2025","24","94.69","94.02","0.12","-0.370","0.00","0.20","0.3686","0.0373","0.3139"
"WEP","13-Mar-2025","25","90.24","90.38","0.14","-1.200","0.00","0.20","0.3686","0.0373","0.3139"
"WEP","13-Mar-2025","26","87.62","89.57","0.14","-3.010","0.00","0.20","0.3686","0.0373","0.3139"
"WEP","13-Mar-2025","27","98.54","100.72","0.14","-3.240","0.00","0.20","0.3686","0.0373","0.3139"
"WEP","13-Mar-2025","28","125.94","126.86","0.16","-2.000","0.00","0.20","0.3686","0.0373","0.3139"
"WEP","13-Mar-2025","29","147.98","147.60","0.18","-0.720","0.00","0.20","0.3686","0.0373","0.3139"
"WEP","13-Mar-2025","30","114.68","114.73","0.12","-1.090","0.00","0.20","0.3686","0.0373","0.3139"
"WEP","13-Mar-2025","31","100.23","101.05","0.12","-1.860","0.00","0.20","0.3686","0.0373","0.3139"
"WEP","13-Mar-2025","32","100.45","101.06","0.14","-1.670","0.00","0.20","0.3686","0.0373","0.3139"
"WEP","13-Mar-2025","33","101.08","101.07","0.12","-1.030","0.00","0.20","0.3686","0.0373","0.3139"
"WEP","13-Mar-2025","34","99.81","100.91","0.13","-2.150","0.00","0.20","0.3686","0.0373","0.3139"
"WEP","13-Mar-2025","35","99.75","100.93","0.34","-2.440","0.00","0.20","0.3686","0.0373","0.3139"
"WEP","13-Mar-2025","36","99.80","100.97","0.17","-2.260","0.00","0.20","0.3686","0.0373","0.3139"
"WEP","13-Mar-2025","37","106.02","106.59","0.16","-1.650","0.00","0.20","0.3686","0.0373","0.3139"
"WEP","13-Mar-2025","38","117.41","118.35","0.16","-2.020","0.00","0.20","0.3686","0.0373","0.3139"
"WEP","13-Mar-2025","39","118.01","118.68","0.17","-1.760","0.00","0.20","0.3686","0.0373","0.3139"
"WEP","13-Mar-2025","40","123.98","124.95","0.18","-2.070","0.00","0.20","0.3686","0.0373","0.3139"
"WEP","13-Mar-2025","41","127.88","128.06","0.15","-1.250","0.00","0.20","0.3686","0.0373","0.3139"
"WEP","13-Mar-2025","42","127.46","128.06","0.16","-1.680","0.00","0.20","0.3686","0.0373","0.3139"
"WEP","13-Mar-2025","43","123.17","124.07","0.21","-2.030","0.00","0.20","0.3686","0.0373","0.3139"
"WEP","13-Mar-2025","44","106.34","106.63","0.07","-1.280","0.00","0.20","0.3686","0.0373","0.3139"
"WEP","13-Mar-2025","45","104.86","105.50","0.13","-1.690","0.00","0.20","0.3686","0.0373","0.3139"
"WEP","13-Mar-2025","46","117.33","116.85","0.13","-0.570","0.00","0.20","0.3686","0.0373","0.3139"
"WEP","13-Mar-2025","47","101.79","101.59","0.14","-0.860","0.00","0.20","0.3686","0.0373","0.3139"
"WEP","13-Mar-2025","48","101.56","100.92","0.13","-0.410","0.00","0.20","0.3686","0.0373","0.3139"
"WEP","14-Mar-2025","1","103.78","103.40","0.12","-0.660","0.00","0.20","0.3686","0.0372","0.3129"
"WEP","14-Mar-2025","2","103.11","103.40","0.11","-1.320","0.00","0.20","0.3686","0.0372","0.3129"
"WEP","14-Mar-2025","3","108.08","107.78","0.06","-0.680","0.00","0.20","0.3686","0.0372","0.3129"
"WEP","14-Mar-2025","4","107.82","107.79","0.06","-0.950","0.00","0.20","0.3686","0.0372","0.3129"
"WEP","14-Mar-2025","5","101.56","101.74","0.10","-1.200","0.00","0.20","0.3686","0.0372","0.3129"
"WEP","14-Mar-2025","6","101.32","101.73","0.10","-1.420","0.00","0.20","0.3686","0.0372","0.3129"
"WEP","14-Mar-2025","7","101.79","101.73","0.10","-0.950","0.00","0.20","0.3686","0.0372","0.3129"
"WEP","14-Mar-2025","8","107.62","107.81","0.10","-1.210","0.00","0.20","0.3686","0.0372","0.3129"
"WEP","14-Mar-2025","9","107.82","107.78","0.06","-0.940","0.00","0.20","0.3686","0.0372","0.3129"
"WEP","14-Mar-2025","10","109.93","109.79","0.10","-0.880","0.00","0.20","0.3686","0.0372","0.3129"
"WEP","14-Mar-2025","11","116.38","116.52","0.11","-1.170","0.00","0.20","0.3686","0.0372","0.3129"
"WEP","14-Mar-2025","12","131.16","130.79","0.14","-0.680","0.00","0.20","0.3686","0.0372","0.3129"
"WEP","14-Mar-2025","13","123.88","123.77","0.17","-0.980","0.00","0.20","0.3686","0.0372","0.3129"
"WEP","14-Mar-2025","14","116.81","116.60","0.37","-1.080","0.00","0.20","0.3686","0.0372","0.3129"
"WEP","14-Mar-2025","15","122.26","121.86","0.70","-1.220","0.00","0.20","0.3686","0.0372","0.3129"
"WEP","14-Mar-2025","16","131.59","131.08","0.71","-1.120","0.00","0.20","0.3686","0.0372","0.3129"
"WEP","14-Mar-2025","17","171.21","170.28","0.81","-0.800","0.00","0.20","0.3686","0.0372","0.3129"
"WEP","14-Mar-2025","18","138.96","138.05","0.68","-0.690","0.00","0.20","0.3686","0.0372","0.3129"
"WEP","14-Mar-2025","19","117.45","117.39","0.35","-1.210","0.00","0.20","0.3686","0.0372","0.3129"
"WEP","14-Mar-2025","20","109.88","109.57","0.30","-0.900","0.00","0.20","0.3686","0.0372","0.3129"
"WEP","14-Mar-2025","21","109.61","109.54","0.14","-0.990","0.00","0.20","0.3686","0.0372","0.3129"
"WEP","14-Mar-2025","22","104.10","104.32","0.14","-1.280","0.00","0.20","0.3686","0.0372","0.3129"
"WEP","14-Mar-2025","23","100.48","100.85","0.13","-1.420","0.00","0.20","0.3686","0.0372","0.3129"
"WEP","14-Mar-2025","24","99.88","100.72","0.12","-1.880","0.00","0.20","0.3686","0.0372","0.3129"
"WEP","14-Mar-2025","25","100.05","100.61","0.14","-1.620","0.00","0.20","0.3686","0.0372","0.3129"
"WEP","14-Mar-2025","26","99.82","100.92","0.15","-2.170","0.00","0.20","0.3686","0.0372","0.3129"
"WEP","14-Mar-2025","27","109.36","109.59","0.15","-1.300","0.00","0.20","0.3686","0.0372","0.3129"
"WEP","14-Mar-2025","28","110.68","110.35","0.13","-0.720","0.00","0.20","0.3686","0.0372","0.3129"
"WEP","14-Mar-2025","29","100.36","100.91","0.12","-1.590","0.00","0.20","0.3686","0.0372","0.3129"
"WEP","14-Mar-2025","30","99.85","100.83","0.11","-2.010","0.00","0.20","0.3686","0.0372","0.3129"
"WEP","14-Mar-2025","31","99.96","100.85","0.12","-1.930","0.00","0.20","0.3686","0.0372","0.3129"
"WEP","14-Mar-2025","32","99.51","101.01","0.14","-2.560","0.00","0.20","0.3686","0.0372","0.3129"
"WEP","14-Mar-2025","33","108.25","109.55","0.15","-2.370","0.00","0.20","0.3686","0.0372","0.3129"
"WEP","14-Mar-2025","34","110.25","111.52","0.21","-2.390","0.00","0.20","0.3686","0.0372","0.3129"
"WEP","14-Mar-2025","35","119.78","120.99","0.66","-2.790","0.00","0.20","0.3686","0.0372","0.3129"
"WEP","14-Mar-2025","36","122.85","124.06","0.31","-2.440","0.00","0.20","0.3686","0.0372","0.3129"
"WEP","14-Mar-2025","37","130.82","131.18","0.36","-1.640","0.00","0.20","0.3686","0.0372","0.3129"
"WEP","14-Mar-2025","38","131.54","131.12","0.39","-0.890","0.00","0.20","0.3686","0.0372","0.3129"
"WEP","14-Mar-2025","39","120.27","119.68","0.36","-0.690","0.00","0.20","0.3686","0.0372","0.3129"
"WEP","14-Mar-2025","40","116.78","116.91","0.30","-1.350","0.00","0.20","0.3686","0.0372","0.3129"
"WEP","14-Mar-2025","41","116.68","116.82","0.22","-1.270","0.00","0.20","0.3686","0.0372","0.3129"
"WEP","14-Mar-2025","42","109.90","110.21","0.18","-1.410","0.00","0.20","0.3686","0.0372","0.3129"
"WEP","14-Mar-2025","43","100.94","101.08","0.14","-1.200","0.00","0.20","0.3686","0.0372","0.3129"
"WEP","14-Mar-2025","44","109.28","110.13","0.12","-1.880","0.00","0.20","0.3686","0.0372","0.3129"
"WEP","14-Mar-2025","45","104.06","104.34","0.13","-1.330","0.00","0.20","0.3686","0.0372","0.3129"
"WEP","14-Mar-2025","46","101.52","102.26","0.13","-1.790","0.00","0.20","0.3686","0.0372","0.3129"
"WEP","14-Mar-2025","47","101.15","101.25","0.13","-1.150","0.00","0.20","0.3686","0.0372","0.3129"
"WEP","14-Mar-2025","48","100.60","100.82","0.13","-1.270","0.00","0.20","0.3686","0.0372","0.3129"
"WEP","15-Mar-2025","1","99.87","100.64","0.12","-1.830","0.00","0.20","0.3686","0.0390","0.3277"
"WEP","15-Mar-2025","2","100.07","100.81","0.11","-1.790","0.00","0.20","0.3686","0.0390","0.3277"
"WEP","15-Mar-2025","3","100.17","100.81","0.09","-1.670","0.00","0.20","0.3686","0.0390","0.3277"
"WEP","15-Mar-2025","4","100.89","100.63","0.09","-0.770","0.00","0.20","0.3686","0.0390","0.3277"
"WEP","15-Mar-2025","5","100.12","100.50","0.09","-1.410","0.00","0.20","0.3686","0.0390","0.3277"
"WEP","15-Mar-2025","6","100.61","100.49","0.10","-0.910","0.00","0.20","0.3686","0.0390","0.3277"
"WEP","15-Mar-2025","7","100.39","100.48","0.10","-1.130","0.00","0.20","0.3686","0.0390","0.3277"
"WEP","15-Mar-2025","8","100.51","100.47","0.10","-0.990","0.00","0.20","0.3686","0.0390","0.3277"
"WEP","15-Mar-2025","9","100.54","100.48","0.05","-0.920","0.00","0.20","0.3686","0.0390","0.3277"
"WEP","15-Mar-2025","10","100.72","100.49","0.10","-0.800","0.00","0.20","0.3686","0.0390","0.3277"
"WEP","15-Mar-2025","11","101.53","100.79","0.11","-0.310","0.00","0.20","0.3686","0.0390","0.3277"
"WEP","15-Mar-2025","12","106.01","105.08","0.14","-0.150","0.00","0.20","0.3686","0.0390","0.3277"
"WEP","15-Mar-2025","13","108.36","107.71","0.16","-0.450","0.00","0.20","0.3686","0.0390","0.3277"
"WEP","15-Mar-2025","14","110.10","109.39","0.19","-0.420","0.00","0.20","0.3686","0.0390","0.3277"
"WEP","15-Mar-2025","15","108.46","107.72","0.24","-0.440","0.00","0.20","0.3686","0.0390","0.3277"
"WEP","15-Mar-2025","16","110.17","109.73","0.23","-0.730","0.00","0.20","0.3686","0.0390","0.3277"
"WEP","15-Mar-2025","17","112.39","111.33","0.20","-0.080","0.00","0.20","0.3686","0.0390","0.3277"
"WEP","15-Mar-2025","18","112.46","111.44","0.21","-0.120","0.00","0.20","0.3686","0.0390","0.3277"
"WEP","15-Mar-2025","19","110.26","109.43","0.19","-0.300","0.00","0.20","0.3686","0.0390","0.3277"
"WEP","15-Mar-2025","20","102.19","101.69","0.18","-0.610","0.00","0.20","0.3686","0.0390","0.3277"
"WEP","15-Mar-2025","21","102.18","101.69","0.14","-0.580","0.00","0.20","0.3686","0.0390","0.3277"
"WEP","15-Mar-2025","22","101.16","101.01","0.14","-0.920","0.00","0.20","0.3686","0.0390","0.3277"
"WEP","15-Mar-2025","23","101.09","100.55","0.14","-0.540","0.00","0.20","0.3686","0.0390","0.3277"
"WEP","15-Mar-2025","24","99.83","99.53","0.13","-0.770","0.00","0.20","0.3686","0.0390","0.3277"
"WEP","15-Mar-2025","25","91.64","91.57","0.15","-1.010","0.00","0.20","0.3686","0.0390","0.3277"
"WEP","15-Mar-2025","26","90.48","90.59","0.15","-1.190","0.00","0.20","0.3686","0.0390","0.3277"
"WEP","15-Mar-2025","27","88.14","88.65","0.14","-1.580","0.00","0.20","0.3686","0.0390","0.3277"
"WEP","15-Mar-2025","28","90.23","90.48","0.14","-1.330","0.00","0.20","0.3686","0.0390","0.3277"
"WEP","15-Mar-2025","29","89.61","90.49","0.13","-1.940","0.00","0.20","0.3686","0.0390","0.3277"
"WEP","15-Mar-2025","30","89.08","90.48","0.12","-2.460","0.00","0.20","0.3686","0.0390","0.3277"
"WEP","15-Mar-2025","31","98.89","99.67","0.13","-1.840","0.00","0.20","0.3686","0.0390","0.3277"
"WEP","15-Mar-2025","32","99.31","99.67","0.16","-1.450","0.00","0.20","0.3686","0.0390","0.3277"
"WEP","15-Mar-2025","33","93.53","93.96","0.13","-1.500","0.00","0.20","0.3686","0.0390","0.3277"
"WEP","15-Mar-2025","34","97.82","99.16","0.15","-2.420","0.00","0.20","0.3686","0.0390","0.3277"
"WEP","15-Mar-2025","35","101.20","101.69","0.32","-1.740","0.00","0.20","0.3686","0.0390","0.3277"
"WEP","15-Mar-2025","36","102.28","102.01","0.16","-0.820","0.00","0.20","0.3686","0.0390","0.3277"
"WEP","15-Mar-2025","37","111.24","110.50","0.31","-0.510","0.00","0.20","0.3686","0.0390","0.3277"
"WEP","15-Mar-2025","38","110.09","109.77","0.34","-0.960","0.00","0.20","0.3686","0.0390","0.3277"
"WEP","15-Mar-2025","39","111.50","111.52","0.36","-1.310","0.00","0.20","0.3686","0.0390","0.3277"
"WEP","15-Mar-2025","40","116.87","116.89","0.36","-1.310","0.00","0.20","0.3686","0.0390","0.3277"
"WEP","15-Mar-2025","41","109.88","109.62","0.24","-0.920","0.00","0.20","0.3686","0.0390","0.3277"
"WEP","15-Mar-2025","42","119.81","119.64","0.36","-1.130","0.00","0.20","0.3686","0.0390","0.3277"
"WEP","15-Mar-2025","43","116.97","116.80","0.33","-1.100","0.00","0.20","0.3686","0.0390","0.3277"
"WEP","15-Mar-2025","44","110.62","110.59","0.16","-1.060","0.00","0.20","0.3686","0.0390","0.3277"
"WEP","15-Mar-2025","45","109.59","109.62","0.14","-1.110","0.00","0.20","0.3686","0.0390","0.3277"
"WEP","15-Mar-2025","46","101.78","101.73","0.13","-1.010","0.00","0.20","0.3686","0.0390","0.3277"
"WEP","15-Mar-2025","47","101.18","100.97","0.14","-0.860","0.00","0.20","0.3686","0.0390","0.3277"
"WEP","15-Mar-2025","48","101.24","100.88","0.13","-0.700","0.00","0.20","0.3686","0.0390","0.3277"
"WEP","16-Mar-2025","1","101.50","100.54","0.12","-0.100","0.00","0.20","0.3686","0.0401","0.3372"
"WEP","16-Mar-2025","2","100.10","99.67","0.11","-0.620","0.00","0.20","0.3686","0.0401","0.3372"
"WEP","16-Mar-2025","3","96.32","95.92","0.09","-0.640","0.00","0.20","0.3686","0.0401","0.3372"
"WEP","16-Mar-2025","4","91.70","91.60","0.10","-0.950","0.00","0.20","0.3686","0.0401","0.3372"
"WEP","16-Mar-2025","5","91.50","91.53","0.10","-1.080","0.00","0.20","0.3686","0.0401","0.3372"
"WEP","16-Mar-2025","6","91.57","91.54","0.10","-1.020","0.00","0.20","0.3686","0.0401","0.3372"
"WEP","16-Mar-2025","7","90.74","90.83","0.10","-1.140","0.00","0.20","0.3686","0.0401","0.3372"
"WEP","16-Mar-2025","8","90.39","90.22","0.10","-0.870","0.00","0.20","0.3686","0.0401","0.3372"
"WEP","16-Mar-2025","9","90.55","90.33","0.10","-0.830","0.00","0.20","0.3686","0.0401","0.3372"
"WEP","16-Mar-2025","10","90.80","90.34","0.10","-0.590","0.00","0.20","0.3686","0.0401","0.3372"
"WEP","16-Mar-2025","11","91.03","90.55","0.11","-0.580","0.00","0.20","0.3686","0.0401","0.3372"
"WEP","16-Mar-2025","12","92.26","91.62","0.14","-0.450","0.00","0.20","0.3686","0.0401","0.3372"
"WEP","16-Mar-2025","13","92.19","91.60","0.17","-0.530","0.00","0.20","0.3686","0.0401","0.3372"
"WEP","16-Mar-2025","14","94.28","93.64","0.20","-0.510","0.00","0.20","0.3686","0.0401","0.3372"
"WEP","16-Mar-2025","15","92.76","92.78","0.27","-1.230","0.00","0.20","0.3686","0.0401","0.3372"
"WEP","16-Mar-2025","16","99.74","99.52","0.24","-0.970","0.00","0.20","0.3686","0.0401","0.3372"
"WEP","16-Mar-2025","17","100.47","99.66","0.21","-0.350","0.00","0.20","0.3686","0.0401","0.3372"
"WEP","16-Mar-2025","18","100.55","99.50","0.21","-0.110","0.00","0.20","0.3686","0.0401","0.3372"
"WEP","16-Mar-2025","19","94.28","93.96","0.17","-0.800","0.00","0.20","0.3686","0.0401","0.3372"
"WEP","16-Mar-2025","20","94.17","93.61","0.18","-0.560","0.00","0.20","0.3686","0.0401","0.3372"
"WEP","16-Mar-2025","21","94.72","93.96","0.15","-0.340","0.00","0.20","0.3686","0.0401","0.3372"
"WEP","16-Mar-2025","22","94.48","93.62","0.15","-0.240","0.00","0.20","0.3686","0.0401","0.3372"
"WEP","16-Mar-2025","23","90.27","90.06","0.14","-0.880","0.00","0.20","0.3686","0.0401","0.3372"
"WEP","16-Mar-2025","24","89.20","89.52","0.14","-1.410","0.00","0.20","0.3686","0.0401","0.3372"
"WEP","16-Mar-2025","25","91.11","90.48","0.15","-0.460","0.00","0.20","0.3686","0.0401","0.3372"
"WEP","16-Mar-2025","26","88.18","87.53","0.16","-0.460","0.00","0.20","0.3686","0.0401","0.3372"
"WEP","16-Mar-2025","27","87.22","87.27","0.15","-1.150","0.00","0.20","0.3686","0.0401","0.3372"
"WEP","16-Mar-2025","28","88.02","87.96","0.14","-1.030","0.00","0.20","0.3686","0.0401","0.3372"
"WEP","16-Mar-2025","29","85.53","86.59","0.14","-2.140","0.00","0.20","0.3686","0.0401","0.3372"
"WEP","16-Mar-2025","30","86.55","87.96","0.13","-2.490","0.00","0.20","0.3686","0.0401","0.3372"
"WEP","16-Mar-2025","31","94.28","94.75","0.13","-1.540","0.00","0.20","0.3686","0.0401","0.3372"
"WEP","16-Mar-2025","32","90.40","91.53","0.15","-2.220","0.00","0.20","0.3686","0.0401","0.3372"
"WEP","16-Mar-2025","33","98.87","99.18","0.14","-1.390","0.00","0.20","0.3686","0.0401","0.3372"
"WEP","16-Mar-2025","34","100.61","100.59","0.15","-1.080","0.00","0.20","0.3686","0.0401","0.3372"
"WEP","16-Mar-2025","35","100.58","100.53","0.32","-1.220","0.00","0.20","0.3686","0.0401","0.3372"
"WEP","16-Mar-2025","36","100.70","100.98","0.17","-1.400","0.00","0.20","0.3686","0.0401","0.3372"
"WEP","16-Mar-2025","37","101.53","101.67","0.22","-1.310","0.00","0.20","0.3686","0.0401","0.3372"
"WEP","16-Mar-2025","38","109.65","109.61","0.34","-1.240","0.00","0.20","0.3686","0.0401","0.3372"
"WEP","16-Mar-2025","39","111.92","111.51","0.35","-0.890","0.00","0.20","0.3686","0.0401","0.3372"
"WEP","16-Mar-2025","40","114.19","113.81","0.32","-0.880","0.00","0.20","0.3686","0.0401","0.3372"
"WEP","16-Mar-2025","41","114.07","114.24","0.28","-1.390","0.00","0.20","0.3686","0.0401","0.3372"
"WEP","16-Mar-2025","42","113.03","113.30","0.27","-1.480","0.00","0.20","0.3686","0.0401","0.3372"
"WEP","16-Mar-2025","43","113.33","113.30","0.27","-1.180","0.00","0.20","0.3686","0.0401","0.3372"
"WEP","16-Mar-2025","44","109.39","109.77","0.13","-1.460","0.00","0.20","0.3686","0.0401","0.3372"
"WEP","16-Mar-2025","45","109.50","109.62","0.14","-1.200","0.00","0.20","0.3686","0.0401","0.3372"
"WEP","16-Mar-2025","46","105.43","105.53","0.13","-1.180","0.00","0.20","0.3686","0.0401","0.3372"
"WEP","16-Mar-2025","47","108.05","107.76","0.14","-0.790","0.00","0.20","0.3686","0.0401","0.3372"
"WEP","16-Mar-2025","48","110.55","109.80","0.13","-0.330","0.00","0.20","0.3686","0.0401","0.3372"
"WEP","17-Mar-2025","1","131.39","129.73","0.13","0.610","0.00","0.20","0.3686","0.0374","0.3143"
"WEP","17-Mar-2025","2","121.59","119.75","0.11","0.810","0.00","0.20","0.3686","0.0374","0.3143"
"WEP","17-Mar-2025","3","112.62","111.49","0.10","0.110","0.00","0.20","0.3686","0.0374","0.3143"
"WEP","17-Mar-2025","4","111.60","110.56","0.10","0.020","0.00","0.20","0.3686","0.0374","0.3143"
"WEP","17-Mar-2025","5","110.18","109.75","0.10","-0.590","0.00","0.20","0.3686","0.0374","0.3143"
"WEP","17-Mar-2025","6","107.47","107.24","0.10","-0.790","0.00","0.20","0.3686","0.0374","0.3143"
"WEP","17-Mar-2025","7","110.43","109.26","0.10","0.140","0.00","0.20","0.3686","0.0374","0.3143"
"WEP","17-Mar-2025","8","104.07","103.30","0.10","-0.250","0.00","0.20","0.3686","0.0374","0.3143"
"WEP","17-Mar-2025","9","101.74","100.61","0.10","0.110","0.00","0.20","0.3686","0.0374","0.3143"
"WEP","17-Mar-2025","10","101.22","100.39","0.10","-0.190","0.00","0.20","0.3686","0.0374","0.3143"
"WEP","17-Mar-2025","11","101.61","100.65","0.11","-0.070","0.00","0.20","0.3686","0.0374","0.3143"
"WEP","17-Mar-2025","12","108.80","107.71","0.14","0.030","0.00","0.20","0.3686","0.0374","0.3143"
"WEP","17-Mar-2025","13","108.65","107.72","0.16","-0.150","0.00","0.20","0.3686","0.0374","0.3143"
"WEP","17-Mar-2025","14","110.35","109.75","0.17","-0.490","0.00","0.20","0.3686","0.0374","0.3143"
"WEP","17-Mar-2025","15","103.90","103.54","0.23","-0.790","0.00","0.20","0.3686","0.0374","0.3143"
"WEP","17-Mar-2025","16","112.64","111.74","0.59","-0.610","0.00","0.20","0.3686","0.0374","0.3143"
"WEP","17-Mar-2025","17","129.60","128.72","0.26","-0.300","0.00","0.20","0.3686","0.0374","0.3143"
"WEP","17-Mar-2025","18","120.88","119.61","0.33","0.020","0.00","0.20","0.3686","0.0374","0.3143"
"WEP","17-Mar-2025","19","108.36","107.66","0.21","-0.430","0.00","0.20","0.3686","0.0374","0.3143"
"WEP","17-Mar-2025","20","101.86","101.06","0.15","-0.270","0.00","0.20","0.3686","0.0374","0.3143"
"WEP","17-Mar-2025","21","101.06","100.64","0.13","-0.630","0.00","0.20","0.3686","0.0374","0.3143"
"WEP","17-Mar-2025","22","99.73","99.78","0.13","-1.100","0.00","0.20","0.3686","0.0374","0.3143"
"WEP","17-Mar-2025","23","93.94","93.77","0.13","-0.880","0.00","0.20","0.3686","0.0374","0.3143"
"WEP","17-Mar-2025","24","93.91","93.90","0.12","-1.030","0.00","0.20","0.3686","0.0374","0.3143"
"WEP","17-Mar-2025","25","93.76","93.77","0.14","-1.070","0.00","0.20","0.3686","0.0374","0.3143"
"WEP","17-Mar-2025","26","91.08","91.50","0.14","-1.480","0.00","0.20","0.3686","0.0374","0.3143"
"WEP","17-Mar-2025","27","93.10","93.79","0.13","-1.740","0.00","0.20","0.3686","0.0374","0.3143"
"WEP","17-Mar-2025","28","99.05","99.48","0.13","-1.480","0.00","0.20","0.3686","0.0374","0.3143"
"WEP","17-Mar-2025","29","99.20","99.51","0.12","-1.350","0.00","0.20","0.3686","0.0374","0.3143"
"WEP","17-Mar-2025","30","97.18","96.78","0.11","-0.630","0.00","0.20","0.3686","0.0374","0.3143"
"WEP","17-Mar-2025","31","89.83","90.83","0.12","-2.050","0.00","0.20","0.3686","0.0374","0.3143"
"WEP","17-Mar-2025","32","99.39","99.77","0.14","-1.440","0.00","0.20","0.3686","0.0374","0.3143"
"WEP","17-Mar-2025","33","100.36","100.65","0.12","-1.330","0.00","0.20","0.3686","0.0374","0.3143"
"WEP","17-Mar-2025","34","99.75","100.67","0.14","-1.980","0.00","0.20","0.3686","0.0374","0.3143"
"WEP","17-Mar-2025","35","100.31","100.99","0.34","-1.940","0.00","0.20","0.3686","0.0374","0.3143"
"WEP","17-Mar-2025","36","100.82","101.12","0.14","-1.360","0.00","0.20","0.3686","0.0374","0.3143"
"WEP","17-Mar-2025","37","119.58","118.59","0.30","-0.230","0.00","0.20","0.3686","0.0374","0.3143"
"WEP","17-Mar-2025","38","102.62","101.72","0.23","-0.250","0.00","0.20","0.3686","0.0374","0.3143"
"WEP","17-Mar-2025","39","110.17","110.22","0.23","-1.200","0.00","0.20","0.3686","0.0374","0.3143"
"WEP","17-Mar-2025","40","102.36","101.73","0.22","-0.510","0.00","0.20","0.3686","0.0374","0.3143"
"WEP","17-Mar-2025","41","105.63","105.26","0.14","-0.690","0.00","0.20","0.3686","0.0374","0.3143"
"WEP","17-Mar-2025","42","103.59","103.63","0.14","-1.100","0.00","0.20","0.3686","0.0374","0.3143"
"WEP","17-Mar-2025","43","102.09","101.81","0.14","-0.780","0.00","0.20","0.3686","0.0374","0.3143"
"WEP","17-Mar-2025","44","101.40","101.10","0.13","-0.750","0.00","0.20","0.3686","0.0374","0.3143"
"WEP","17-Mar-2025","45","101.52","100.97","0.13","-0.500","0.00","0.20","0.3686","0.0374","0.3143"
"WEP","17-Mar-2025","46","101.65","101.75","0.13","-1.150","0.00","0.20","0.3686","0.0374","0.3143"
"WEP","17-Mar-2025","47","105.15","105.10","0.14","-1.010","0.00","0.20","0.3686","0.0374","0.3143"
"WEP","17-Mar-2025","48","105.80","105.06","0.13","-0.310","0.00","0.20","0.3686","0.0374","0.3143"
"WEP","18-Mar-2025","1","110.77","110.28","0.12","-0.550","0.00","0.20","0.3686","0.0373","0.3136"
"WEP","18-Mar-2025","2","101.19","100.93","0.11","-0.770","0.00","0.20","0.3686","0.0373","0.3136"
"WEP","18-Mar-2025","3","100.68","100.59","0.09","-0.920","0.00","0.20","0.3686","0.0373","0.3136"
"WEP","18-Mar-2025","4","100.84","100.58","0.10","-0.760","0.00","0.20","0.3686","0.0373","0.3136"
"WEP","18-Mar-2025","5","100.66","100.76","0.10","-1.120","0.00","0.20","0.3686","0.0373","0.3136"
"WEP","18-Mar-2025","6","101.54","100.57","0.10","-0.040","0.00","0.20","0.3686","0.0373","0.3136"
"WEP","18-Mar-2025","7","100.66","100.55","0.10","-0.910","0.00","0.20","0.3686","0.0373","0.3136"
"WEP","18-Mar-2025","8","101.12","100.51","0.10","-0.410","0.00","0.20","0.3686","0.0373","0.3136"
"WEP","18-Mar-2025","9","101.18","100.57","0.10","-0.410","0.00","0.20","0.3686","0.0373","0.3136"
"WEP","18-Mar-2025","10","101.33","100.77","0.10","-0.460","0.00","0.20","0.3686","0.0373","0.3136"
"WEP","18-Mar-2025","11","101.48","100.71","0.11","-0.260","0.00","0.20","0.3686","0.0373","0.3136"
"WEP","18-Mar-2025","12","110.23","109.57","0.14","-0.400","0.00","0.20","0.3686","0.0373","0.3136"
"WEP","18-Mar-2025","13","101.78","100.82","0.16","-0.120","0.00","0.20","0.3686","0.0373","0.3136"
"WEP","18-Mar-2025","14","118.11","117.76","0.19","-0.760","0.00","0.20","0.3686","0.0373","0.3136"
"WEP","18-Mar-2025","15","122.06","122.06","0.22","-1.140","0.00","0.20","0.3686","0.0373","0.3136"
"WEP","18-Mar-2025","16","128.97","128.71","0.20","-0.860","0.00","0.20","0.3686","0.0373","0.3136"
"WEP","18-Mar-2025","17","140.01","138.97","0.20","-0.080","0.00","0.20","0.3686","0.0373","0.3136"
"WEP","18-Mar-2025","18","137.23","135.82","0.20","0.290","0.00","0.20","0.3686","0.0373","0.3136"
"WEP","18-Mar-2025","19","114.85","113.68","0.16","0.090","0.00","0.20","0.3686","0.0373","0.3136"
"WEP","18-Mar-2025","20","101.36","100.90","0.15","-0.610","0.00","0.20","0.3686","0.0373","0.3136"
"WEP","18-Mar-2025","21","101.64","100.97","0.13","-0.380","0.00","0.20","0.3686","0.0373","0.3136"
"WEP","18-Mar-2025","22","101.25","100.89","0.13","-0.690","0.00","0.20","0.3686","0.0373","0.3136"
"WEP","18-Mar-2025","23","100.17","99.51","0.13","-0.380","0.00","0.20","0.3686","0.0373","0.3136"
"WEP","18-Mar-2025","24","93.51","93.92","0.12","-1.450","0.00","0.20","0.3686","0.0373","0.3136"
"WEP","18-Mar-2025","25","101.44","100.95","0.14","-0.570","0.00","0.20","0.3686","0.0373","0.3136"
"WEP","18-Mar-2025","26","90.93","90.30","0.14","-0.430","0.00","0.20","0.3686","0.0373","0.3136"
"WEP","18-Mar-2025","27","95.55","94.74","0.13","-0.240","0.00","0.20","0.3686","0.0373","0.3136"
"WEP","18-Mar-2025","28","83.35","83.48","0.13","-1.180","0.00","0.20","0.3686","0.0373","0.3136"
"WEP","18-Mar-2025","29","92.63","93.76","0.12","-2.160","0.00","0.20","0.3686","0.0373","0.3136"
"WEP","18-Mar-2025","30","93.41","93.76","0.11","-1.380","0.00","0.20","0.3686","0.0373","0.3136"
"WEP","18-Mar-2025","31","89.65","90.27","0.12","-1.660","0.00","0.20","0.3686","0.0373","0.3136"
"WEP","18-Mar-2025","32","93.18","93.88","0.13","-1.750","0.00","0.20","0.3686","0.0373","0.3136"
"WEP","18-Mar-2025","33","92.48","93.89","0.12","-2.450","0.00","0.20","0.3686","0.0373","0.3136"
"WEP","18-Mar-2025","34","98.80","100.29","0.13","-2.540","0.00","0.20","0.3686","0.0373","0.3136"
"WEP","18-Mar-2025","35","100.12","100.91","0.33","-2.040","0.00","0.20","0.3686","0.0373","0.3136"
"WEP","18-Mar-2025","36","100.23","100.90","0.14","-1.730","0.00","0.20","0.3686","0.0373","0.3136"
"WEP","18-Mar-2025","37","100.26","100.83","0.16","-1.650","0.00","0.20","0.3686","0.0373","0.3136"
"WEP","18-Mar-2025","38","100.20","100.70","0.16","-1.580","0.00","0.20","0.3686","0.0373","0.3136"
"WEP","18-Mar-2025","39","100.20","100.96","0.18","-1.860","0.00","0.20","0.3686","0.0373","0.3136"
"WEP","18-Mar-2025","40","100.71","100.96","0.17","-1.340","0.00","0.20","0.3686","0.0373","0.3136"
"WEP","18-Mar-2025","41","112.42","112.84","0.14","-1.480","0.00","0.20","0.3686","0.0373","0.3136"
"WEP","18-Mar-2025","42","103.47","103.84","0.14","-1.430","0.00","0.20","0.3686","0.0373","0.3136"
"WEP","18-Mar-2025","43","113.45","113.81","0.14","-1.420","0.00","0.20","0.3686","0.0373","0.3136"
"WEP","18-Mar-2025","44","108.53","108.89","0.12","-1.400","0.00","0.20","0.3686","0.0373","0.3136"
"WEP","18-Mar-2025","45","100.99","101.06","0.13","-1.120","0.00","0.20","0.3686","0.0373","0.3136"
"WEP","18-Mar-2025","46","118.25","118.48","0.13","-1.280","0.00","0.20","0.3686","0.0373","0.3136"
"WEP","18-Mar-2025","47","113.69","113.82","0.14","-1.190","0.00","0.20","0.3686","0.0373","0.3136"
"WEP","18-Mar-2025","48","101.68","101.63","0.13","-1.000","0.00","0.20","0.3686","0.0373","0.3136"
"WEP","19-Mar-2025","1","109.95","110.28","0.12","-1.380","0.00","0.20","0.3686","0.0378","0.3175"
"WEP","19-Mar-2025","2","109.40","109.56","0.11","-1.200","0.00","0.20","0.3686","0.0378","0.3175"
"WEP","19-Mar-2025","3","106.70","106.84","0.05","-1.110","0.00","0.20","0.3686","0.0378","0.3175"
"WEP","19-Mar-2025","4","100.90","100.90","0.05","-0.980","0.00","0.20","0.3686","0.0378","0.3175"
"WEP","19-Mar-2025","5","100.08","100.62","0.05","-1.520","0.00","0.20","0.3686","0.0378","0.3175"
"WEP","19-Mar-2025","6","100.04","100.61","0.05","-1.540","0.00","0.20","0.3686","0.0378","0.3175"
"WEP","19-Mar-2025","7","100.06","100.48","0.05","-1.400","0.00","0.20","0.3686","0.0378","0.3175"
"WEP","19-Mar-2025","8","100.20","100.48","0.06","-1.260","0.00","0.20","0.3686","0.0378","0.3175"
"WEP","19-Mar-2025","9","101.26","100.89","0.05","-0.600","0.00","0.20","0.3686","0.0378","0.3175"
"WEP","19-Mar-2025","10","103.92","103.74","0.05","-0.800","0.00","0.20","0.3686","0.0378","0.3175"
"WEP","19-Mar-2025","11","104.10","103.71","0.11","-0.650","0.00","0.20","0.3686","0.0378","0.3175"
"WEP","19-Mar-2025","12","110.00","109.77","0.14","-0.830","0.00","0.20","0.3686","0.0378","0.3175"
"WEP","19-Mar-2025","13","110.26","109.77","0.16","-0.590","0.00","0.20","0.3686","0.0378","0.3175"
"WEP","19-Mar-2025","14","117.77","117.53","0.17","-0.850","0.00","0.20","0.3686","0.0378","0.3175"
"WEP","19-Mar-2025","15","121.93","122.10","0.20","-1.290","0.00","0.20","0.3686","0.0378","0.3175"
"WEP","19-Mar-2025","16","127.64","127.96","0.20","-1.440","0.00","0.20","0.3686","0.0378","0.3175"
"WEP","19-Mar-2025","17","130.33","130.17","0.17","-0.930","0.00","0.20","0.3686","0.0378","0.3175"
"WEP","19-Mar-2025","18","146.76","147.44","0.18","-1.790","0.00","0.20","0.3686","0.0378","0.3175"
"WEP","19-Mar-2025","19","147.42","148.69","0.26","-2.450","0.00","0.20","0.3686","0.0378","0.3175"
"WEP","19-Mar-2025","20","129.89","130.13","0.18","-1.350","0.00","0.20","0.3686","0.0378","0.3175"
"WEP","19-Mar-2025","21","146.13","147.52","0.13","-2.450","0.00","0.20","0.3686","0.0378","0.3175"
"WEP","19-Mar-2025","22","146.11","147.37","0.13","-2.310","0.00","0.20","0.3686","0.0378","0.3175"
"WEP","19-Mar-2025","23","129.06","130.13","0.16","-2.150","0.00","0.20","0.3686","0.0378","0.3175"
"WEP","19-Mar-2025","24","125.04","125.74","0.12","-1.740","0.00","0.20","0.3686","0.0378","0.3175"
"WEP","19-Mar-2025","25","119.16","119.71","0.14","-1.610","0.00","0.20","0.3686","0.0378","0.3175"
"WEP","19-Mar-2025","26","128.81","128.81","0.15","-1.070","0.00","0.20","0.3686","0.0378","0.3175"
"WEP","19-Mar-2025","27","109.31","109.68","0.14","-1.440","0.00","0.20","0.3686","0.0378","0.3175"
"WEP","19-Mar-2025","28","109.56","109.70","0.14","-1.200","0.00","0.20","0.3686","0.0378","0.3175"
"WEP","19-Mar-2025","29","104.22","104.42","0.13","-1.250","0.00","0.20","0.3686","0.0378","0.3175"
"WEP","19-Mar-2025","30","125.03","125.73","0.12","-1.740","0.00","0.20","0.3686","0.0378","0.3175"
"WEP","19-Mar-2025","31","126.01","126.07","0.13","-1.120","0.00","0.20","0.3686","0.0378","0.3175"
"WEP","19-Mar-2025","32","104.64","103.66","0.14","-0.090","0.00","0.20","0.3686","0.0378","0.3175"
"WEP","19-Mar-2025","33","100.53","100.80","0.13","-1.320","0.00","0.20","0.3686","0.0378","0.3175"
"WEP","19-Mar-2025","34","108.00","108.74","0.14","-1.800","0.00","0.20","0.3686","0.0378","0.3175"
"WEP","19-Mar-2025","35","111.65","111.59","0.39","-1.250","0.00","0.20","0.3686","0.0378","0.3175"
"WEP","19-Mar-2025","36","100.89","100.77","0.14","-0.950","0.00","0.20","0.3686","0.0378","0.3175"
"WEP","19-Mar-2025","37","101.08","100.80","0.15","-0.790","0.00","0.20","0.3686","0.0378","0.3175"
"WEP","19-Mar-2025","38","104.53","104.73","0.16","-1.290","0.00","0.20","0.3686","0.0378","0.3175"
"WEP","19-Mar-2025","39","104.91","104.71","0.16","-0.880","0.00","0.20","0.3686","0.0378","0.3175"
"WEP","19-Mar-2025","40","101.65","101.00","0.16","-0.440","0.00","0.20","0.3686","0.0378","0.3175"
"WEP","19-Mar-2025","41","101.60","100.99","0.14","-0.450","0.00","0.20","0.3686","0.0378","0.3175"
"WEP","19-Mar-2025","42","104.02","103.71","0.14","-0.750","0.00","0.20","0.3686","0.0378","0.3175"
"WEP","19-Mar-2025","43","101.40","100.82","0.15","-0.490","0.00","0.20","0.3686","0.0378","0.3175"
"WEP","19-Mar-2025","44","101.25","100.54","0.07","-0.280","0.00","0.20","0.3686","0.0378","0.3175"
"WEP","19-Mar-2025","45","101.35","100.39","0.14","-0.100","0.00","0.20","0.3686","0.0378","0.3175"
"WEP","19-Mar-2025","46","100.16","99.30","0.08","-0.140","0.00","0.20","0.3686","0.0378","0.3175"
"WEP","19-Mar-2025","47","92.51","91.59","0.14","-0.140","0.00","0.20","0.3686","0.0378","0.3175"
"WEP","19-Mar-2025","48","89.89","88.17","0.14","0.650","0.00","0.20","0.3686","0.0378","0.3175"
"WEP","20-Mar-2025","1","91.44","90.11","0.13","0.260","0.00","0.20","0.3686","0.0392","0.3293"
"WEP","20-Mar-2025","2","99.76","99.67","0.11","-0.960","0.00","0.20","0.3686","0.0392","0.3293"
"WEP","20-Mar-2025","3","100.14","99.60","0.06","-0.460","0.00","0.20","0.3686","0.0392","0.3293"
"WEP","20-Mar-2025","4","99.85","99.20","0.06","-0.340","0.00","0.20","0.3686","0.0392","0.3293"
"WEP","20-Mar-2025","5","99.54","99.18","0.06","-0.640","0.00","0.20","0.3686","0.0392","0.3293"
"WEP","20-Mar-2025","6","93.72","93.60","0.06","-0.880","0.00","0.20","0.3686","0.0392","0.3293"
"WEP","20-Mar-2025","7","99.56","99.17","0.06","-0.610","0.00","0.20","0.3686","0.0392","0.3293"
"WEP","20-Mar-2025","8","93.59","93.55","0.06","-0.950","0.00","0.20","0.3686","0.0392","0.3293"
"WEP","20-Mar-2025","9","94.24","93.55","0.06","-0.310","0.00","0.20","0.3686","0.0392","0.3293"
"WEP","20-Mar-2025","10","99.85","99.41","0.06","-0.560","0.00","0.20","0.3686","0.0392","0.3293"
"WEP","20-Mar-2025","11","100.83","100.12","0.10","-0.320","0.00","0.20","0.3686","0.0392","0.3293"
"WEP","20-Mar-2025","12","101.21","100.38","0.14","-0.250","0.00","0.20","0.3686","0.0392","0.3293"
"WEP","20-Mar-2025","13","101.03","100.48","0.18","-0.570","0.00","0.20","0.3686","0.0392","0.3293"
"WEP","20-Mar-2025","14","101.12","100.67","0.19","-0.670","0.00","0.20","0.3686","0.0392","0.3293"
"WEP","20-Mar-2025","15","101.94","101.70","0.23","-0.930","0.00","0.20","0.3686","0.0392","0.3293"
"WEP","20-Mar-2025","16","109.58","109.52","0.22","-1.100","0.00","0.20","0.3686","0.0392","0.3293"
"WEP","20-Mar-2025","17","111.42","111.80","0.19","-1.510","0.00","0.20","0.3686","0.0392","0.3293"
"WEP","20-Mar-2025","18","125.14","125.40","0.21","-1.410","0.00","0.20","0.3686","0.0392","0.3293"
"WEP","20-Mar-2025","19","100.01","100.90","0.18","-2.000","0.00","0.20","0.3686","0.0392","0.3293"
"WEP","20-Mar-2025","20","111.54","111.77","0.23","-1.390","0.00","0.20","0.3686","0.0392","0.3293"
"WEP","20-Mar-2025","21","111.67","111.77","0.14","-1.180","0.00","0.20","0.3686","0.0392","0.3293"
"WEP","20-Mar-2025","22","114.40","114.22","0.14","-0.900","0.00","0.20","0.3686","0.0392","0.3293"
"WEP","20-Mar-2025","23","112.84","111.99","0.14","-0.220","0.00","0.20","0.3686","0.0392","0.3293"
"WEP","20-Mar-2025","24","111.78","111.57","0.13","-0.860","0.00","0.20","0.3686","0.0392","0.3293"
"WEP","20-Mar-2025","25","110.39","109.60","0.15","-0.300","0.00","0.20","0.3686","0.0392","0.3293"
"WEP","20-Mar-2025","26","104.16","104.65","0.15","-1.580","0.00","0.20","0.3686","0.0392","0.3293"
"WEP","20-Mar-2025","27","105.18","105.25","0.16","-1.170","0.00","0.20","0.3686","0.0392","0.3293"
"WEP","20-Mar-2025","28","110.10","109.59","0.14","-0.560","0.00","0.20","0.3686","0.0392","0.3293"
"WEP","20-Mar-2025","29","101.11","100.90","0.13","-0.850","0.00","0.20","0.3686","0.0392","0.3293"
"WEP","20-Mar-2025","30","102.18","102.55","0.12","-1.430","0.00","0.20","0.3686","0.0392","0.3293"
"WEP","20-Mar-2025","31","105.36","104.56","0.13","-0.270","0.00","0.20","0.3686","0.0392","0.3293"
"WEP","20-Mar-2025","32","106.76","104.73","0.15","0.940","0.00","0.20","0.3686","0.0392","0.3293"
"WEP","20-Mar-2025","33","104.52","103.46","0.13","0.000","0.00","0.20","0.3686","0.0392","0.3293"
"WEP","20-Mar-2025","34","102.35","101.60","0.15","-0.340","0.00","0.20","0.3686","0.0392","0.3293"
"WEP","20-Mar-2025","35","101.37","100.78","0.25","-0.600","0.00","0.20","0.3686","0.0392","0.3293"
"WEP","20-Mar-2025","36","100.92","100.65","0.16","-0.830","0.00","0.20","0.3686","0.0392","0.3293"
"WEP","20-Mar-2025","37","101.01","100.75","0.17","-0.850","0.00","0.20","0.3686","0.0392","0.3293"
"WEP","20-Mar-2025","38","100.96","100.76","0.18","-0.920","0.00","0.20","0.3686","0.0392","0.3293"
"WEP","20-Mar-2025","39","100.86","100.67","0.18","-0.930","0.00","0.20","0.3686","0.0392","0.3293"
"WEP","20-Mar-2025","40","100.94","100.66","0.18","-0.840","0.00","0.20","0.3686","0.0392","0.3293"
"WEP","20-Mar-2025","41","101.33","100.76","0.15","-0.520","0.00","0.20","0.3686","0.0392","0.3293"
"WEP","20-Mar-2025","42","101.45","100.66","0.15","-0.300","0.00","0.20","0.3686","0.0392","0.3293"
"WEP","20-Mar-2025","43","104.37","103.90","0.15","-0.620","0.00","0.20","0.3686","0.0392","0.3293"
"WEP","20-Mar-2025","44","102.85","102.35","0.14","-0.580","0.00","0.20","0.3686","0.0392","0.3293"
"WEP","20-Mar-2025","45","102.35","100.72","0.14","0.550","0.00","0.20","0.3686","0.0392","0.3293"
"WEP","20-Mar-2025","46","102.18","100.56","0.14","0.540","0.00","0.20","0.3686","0.0392","0.3293"
"WEP","20-Mar-2025","47","100.43","98.94","0.15","0.410","0.00","0.20","0.3686","0.0392","0.3293"
"WEP","20-Mar-2025","48","95.77","93.64","0.14","1.050","0.00","0.20","0.3686","0.0392","0.3293"
"WEP","21-Mar-2025","1","91.02","90.14","0.14","-0.190","0.00","0.20","0.3686","0.0393","0.3307"
"WEP","21-Mar-2025","2","87.28","87.07","0.12","-0.840","0.00","0.20","0.3686","0.0393","0.3307"
"WEP","21-Mar-2025","3","87.25","86.59","0.10","-0.380","0.00","0.20","0.3686","0.0393","0.3307"
"WEP","21-Mar-2025","4","90.13","89.22","0.10","-0.130","0.00","0.20","0.3686","0.0393","0.3307"
"WEP","21-Mar-2025","5","88.26","87.57","0.11","-0.360","0.00","0.20","0.3686","0.0393","0.3307"
"WEP","21-Mar-2025","6","85.75","84.90","0.11","-0.200","0.00","0.20","0.3686","0.0393","0.3307"
"WEP","21-Mar-2025","7","84.38","83.69","0.11","-0.350","0.00","0.20","0.3686","0.0393","0.3307"
"WEP","21-Mar-2025","8","85.21","84.17","0.11","-0.010","0.00","0.20","0.3686","0.0393","0.3307"
"WEP","21-Mar-2025","9","86.48","85.63","0.10","-0.190","0.00","0.20","0.3686","0.0393","0.3307"
"WEP","21-Mar-2025","10","90.14","89.35","0.10","-0.250","0.00","0.20","0.3686","0.0393","0.3307"
"WEP","21-Mar-2025","11","94.25","93.51","0.11","-0.310","0.00","0.20","0.3686","0.0393","0.3307"
"WEP","21-Mar-2025","12","100.97","100.14","0.15","-0.260","0.00","0.20","0.3686","0.0393","0.3307"
"WEP","21-Mar-2025","13","100.72","100.10","0.17","-0.490","0.00","0.20","0.3686","0.0393","0.3307"
"WEP","21-Mar-2025","14","101.63","100.50","0.20","-0.010","0.00","0.20","0.3686","0.0393","0.3307"
"WEP","21-Mar-2025","15","101.09","100.65","0.21","-0.700","0.00","0.20","0.3686","0.0393","0.3307"
"WEP","21-Mar-2025","16","101.93","101.60","0.21","-0.820","0.00","0.20","0.3686","0.0393","0.3307"
"WEP","21-Mar-2025","17","107.24","106.76","0.19","-0.650","0.00","0.20","0.3686","0.0393","0.3307"
"WEP","21-Mar-2025","18","107.39","106.70","0.19","-0.440","0.00","0.20","0.3686","0.0393","0.3307"
"WEP","21-Mar-2025","19","100.97","100.56","0.17","-0.700","0.00","0.20","0.3686","0.0393","0.3307"
"WEP","21-Mar-2025","20","101.10","100.64","0.15","-0.630","0.00","0.20","0.3686","0.0393","0.3307"
"WEP","21-Mar-2025","21","99.63","99.47","0.14","-0.920","0.00","0.20","0.3686","0.0393","0.3307"
"WEP","21-Mar-2025","22","100.85","100.48","0.14","-0.710","0.00","0.20","0.3686","0.0393","0.3307"
"WEP","21-Mar-2025","23","98.65","99.73","0.13","-2.150","0.00","0.20","0.3686","0.0393","0.3307"
"WEP","21-Mar-2025","24","83.96","84.19","0.13","-1.300","0.00","0.20","0.3686","0.0393","0.3307"
"WEP","21-Mar-2025","25","94.86","93.82","0.14","-0.040","0.00","0.20","0.3686","0.0393","0.3307"
"WEP","21-Mar-2025","26","82.83","83.46","0.15","-1.720","0.00","0.20","0.3686","0.0393","0.3307"
"WEP","21-Mar-2025","27","81.71","83.52","0.14","-2.890","0.00","0.20","0.3686","0.0393","0.3307"
"WEP","21-Mar-2025","28","100.12","100.54","0.14","-1.500","0.00","0.20","0.3686","0.0393","0.3307"
"WEP","21-Mar-2025","29","94.07","93.76","0.13","-0.760","0.00","0.20","0.3686","0.0393","0.3307"
"WEP","21-Mar-2025","30","94.83","93.90","0.12","-0.130","0.00","0.20","0.3686","0.0393","0.3307"
"WEP","21-Mar-2025","31","88.11","89.03","0.13","-1.990","0.00","0.20","0.3686","0.0393","0.3307"
"WEP","21-Mar-2025","32","89.86","90.69","0.14","-1.910","0.00","0.20","0.3686","0.0393","0.3307"
"WEP","21-Mar-2025","33","99.99","100.22","0.13","-1.300","0.00","0.20","0.3686","0.0393","0.3307"
"WEP","21-Mar-2025","34","93.63","93.57","0.14","-1.020","0.00","0.20","0.3686","0.0393","0.3307"
"WEP","21-Mar-2025","35","93.35","93.78","0.22","-1.590","0.00","0.20","0.3686","0.0393","0.3307"
"WEP","21-Mar-2025","36","93.27","93.89","0.14","-1.700","0.00","0.20","0.3686","0.0393","0.3307"
"WEP","21-Mar-2025","37","100.03","100.67","0.15","-1.730","0.00","0.20","0.3686","0.0393","0.3307"
"WEP","21-Mar-2025","38","100.63","100.77","0.16","-1.240","0.00","0.20","0.3686","0.0393","0.3307"
"WEP","21-Mar-2025","39","100.76","100.78","0.18","-1.140","0.00","0.20","0.3686","0.0393","0.3307"
"WEP","21-Mar-2025","40","101.06","100.76","0.17","-0.810","0.00","0.20","0.3686","0.0393","0.3307"
"WEP","21-Mar-2025","41","101.23","100.76","0.14","-0.610","0.00","0.20","0.3686","0.0393","0.3307"
"WEP","21-Mar-2025","42","101.47","100.78","0.15","-0.400","0.00","0.20","0.3686","0.0393","0.3307"
"WEP","21-Mar-2025","43","101.06","100.66","0.16","-0.700","0.00","0.20","0.3686","0.0393","0.3307"
"WEP","21-Mar-2025","44","100.95","100.70","0.16","-0.850","0.00","0.20","0.3686","0.0393","0.3307"
"WEP","21-Mar-2025","45","100.33","99.46","0.14","-0.210","0.00","0.20","0.3686","0.0393","0.3307"
"WEP","21-Mar-2025","46","99.23","98.75","0.14","-0.600","0.00","0.20","0.3686","0.0393","0.3307"
"WEP","21-Mar-2025","47","94.26","93.88","0.15","-0.710","0.00","0.20","0.3686","0.0393","0.3307"
"WEP","21-Mar-2025","48","94.89","93.83","0.14","-0.010","0.00","0.20","0.3686","0.0393","0.3307"
"WEP","22-Mar-2025","1","94.67","93.60","0.13","-0.010","0.00","0.20","0.3686","0.0406","0.3410"
"WEP","22-Mar-2025","2","91.54","90.68","0.11","-0.200","0.00","0.20","0.3686","0.0406","0.3410"
"WEP","22-Mar-2025","3","89.76","89.29","0.10","-0.580","0.00","0.20","0.3686","0.0406","0.3410"
"WEP","22-Mar-2025","4","85.32","84.95","0.10","-0.680","0.00","0.20","0.3686","0.0406","0.3410"
"WEP","22-Mar-2025","5","83.60","83.56","0.06","-0.970","0.00","0.20","0.3686","0.0406","0.3410"
"WEP","22-Mar-2025","6","83.75","83.15","0.06","-0.410","0.00","0.20","0.3686","0.0406","0.3410"
"WEP","22-Mar-2025","7","89.69","89.60","0.06","-0.920","0.00","0.20","0.3686","0.0406","0.3410"
"WEP","22-Mar-2025","8","90.13","89.59","0.06","-0.470","0.00","0.20","0.3686","0.0406","0.3410"
"WEP","22-Mar-2025","9","90.37","89.86","0.06","-0.500","0.00","0.20","0.3686","0.0406","0.3410"
"WEP","22-Mar-2025","10","90.56","90.08","0.06","-0.530","0.00","0.20","0.3686","0.0406","0.3410"
"WEP","22-Mar-2025","11","91.03","90.45","0.11","-0.480","0.00","0.20","0.3686","0.0406","0.3410"
"WEP","22-Mar-2025","12","93.81","93.34","0.14","-0.620","0.00","0.20","0.3686","0.0406","0.3410"
"WEP","22-Mar-2025","13","100.03","99.66","0.17","-0.750","0.00","0.20","0.3686","0.0406","0.3410"
"WEP","22-Mar-2025","14","100.87","100.52","0.20","-0.800","0.00","0.20","0.3686","0.0406","0.3410"
"WEP","22-Mar-2025","15","101.14","100.62","0.33","-0.760","0.00","0.20","0.3686","0.0406","0.3410"
"WEP","22-Mar-2025","16","105.29","104.73","0.34","-0.730","0.00","0.20","0.3686","0.0406","0.3410"
"WEP","22-Mar-2025","17","101.98","100.73","0.39","-0.090","0.00","0.20","0.3686","0.0406","0.3410"
"WEP","22-Mar-2025","18","101.25","100.73","0.39","-0.820","0.00","0.20","0.3686","0.0406","0.3410"
"WEP","22-Mar-2025","19","92.98","93.41","0.18","-1.560","0.00","0.20","0.3686","0.0406","0.3410"
"WEP","22-Mar-2025","20","101.08","100.60","0.30","-0.770","0.00","0.20","0.3686","0.0406","0.3410"
"WEP","22-Mar-2025","21","98.20","97.66","0.15","-0.560","0.00","0.20","0.3686","0.0406","0.3410"
"WEP","22-Mar-2025","22","94.55","93.74","0.14","-0.280","0.00","0.20","0.3686","0.0406","0.3410"
"WEP","22-Mar-2025","23","90.78","90.29","0.14","-0.600","0.00","0.20","0.3686","0.0406","0.3410"
"WEP","22-Mar-2025","24","84.24","84.92","0.13","-1.760","0.00","0.20","0.3686","0.0406","0.3410"
"WEP","22-Mar-2025","25","87.40","87.76","0.15","-1.460","0.00","0.20","0.3686","0.0406","0.3410"
"WEP","22-Mar-2025","26","92.11","91.25","0.15","-0.240","0.00","0.20","0.3686","0.0406","0.3410"
"WEP","22-Mar-2025","27","89.75","88.13","0.15","0.520","0.00","0.20","0.3686","0.0406","0.3410"
"WEP","22-Mar-2025","28","80.59","79.28","0.14","0.220","0.00","0.20","0.3686","0.0406","0.3410"
"WEP","22-Mar-2025","29","79.48","79.28","0.13","-0.880","0.00","0.20","0.3686","0.0406","0.3410"
"WEP","22-Mar-2025","30","66.87","67.04","0.12","-1.240","0.00","0.20","0.3686","0.0406","0.3410"
"WEP","22-Mar-2025","31","77.91","79.07","0.13","-2.240","0.00","0.20","0.3686","0.0406","0.3410"
"WEP","22-Mar-2025","32","89.18","90.27","0.15","-2.190","0.00","0.20","0.3686","0.0406","0.3410"
"WEP","22-Mar-2025","33","92.45","93.53","0.14","-2.170","0.00","0.20","0.3686","0.0406","0.3410"
"WEP","22-Mar-2025","34","93.31","93.67","0.15","-1.460","0.00","0.20","0.3686","0.0406","0.3410"
"WEP","22-Mar-2025","35","96.96","96.83","0.43","-1.250","0.00","0.20","0.3686","0.0406","0.3410"
"WEP","22-Mar-2025","36","97.93","97.66","0.30","-0.980","0.00","0.20","0.3686","0.0406","0.3410"
"WEP","22-Mar-2025","37","100.22","100.64","0.39","-1.760","0.00","0.20","0.3686","0.0406","0.3410"
"WEP","22-Mar-2025","38","100.49","100.74","0.32","-1.520","0.00","0.20","0.3686","0.0406","0.3410"
"WEP","22-Mar-2025","39","100.76","100.92","0.31","-1.420","0.00","0.20","0.3686","0.0406","0.3410"
"WEP","22-Mar-2025","40","106.37","106.60","0.23","-1.410","0.00","0.20","0.3686","0.0406","0.3410"
"WEP","22-Mar-2025","41","111.38","111.17","0.26","-1.000","0.00","0.20","0.3686","0.0406","0.3410"
"WEP","22-Mar-2025","42","109.29","108.81","0.22","-0.690","0.00","0.20","0.3686","0.0406","0.3410"
"WEP","22-Mar-2025","43","128.94","128.78","0.36","-1.150","0.00","0.20","0.3686","0.0406","0.3410"
"WEP","22-Mar-2025","44","116.26","115.92","0.17","-0.780","0.00","0.20","0.3686","0.0406","0.3410"
"WEP","22-Mar-2025","45","107.13","106.65","0.16","-0.630","0.00","0.20","0.3686","0.0406","0.3410"
"WEP","22-Mar-2025","46","102.27","101.56","0.14","-0.380","0.00","0.20","0.3686","0.0406","0.3410"
"WEP","22-Mar-2025","47","101.48","100.86","0.17","-0.500","0.00","0.20","0.3686","0.0406","0.3410"
"WEP","22-Mar-2025","48","101.24","100.72","0.14","-0.570","0.00","0.20","0.3686","0.0406","0.3410"
"WEP","23-Mar-2025","1","101.61","100.58","0.13","-0.060","0.00","0.20","0.3686","0.0416","0.3498"
"WEP","23-Mar-2025","2","101.89","100.44","0.11","0.380","0.00","0.20","0.3686","0.0416","0.3498"
"WEP","23-Mar-2025","3","103.22","101.79","0.10","0.370","0.00","0.20","0.3686","0.0416","0.3498"
"WEP","23-Mar-2025","4","101.48","100.69","0.10","-0.270","0.00","0.20","0.3686","0.0416","0.3498"
"WEP","23-Mar-2025","5","101.28","100.55","0.10","-0.330","0.00","0.20","0.3686","0.0416","0.3498"
"WEP","23-Mar-2025","6","101.89","100.44","0.10","0.390","0.00","0.20","0.3686","0.0416","0.3498"
"WEP","23-Mar-2025","7","101.24","100.35","0.11","-0.180","0.00","0.20","0.3686","0.0416","0.3498"
"WEP","23-Mar-2025","8","101.00","100.32","0.11","-0.390","0.00","0.20","0.3686","0.0416","0.3498"
"WEP","23-Mar-2025","9","101.91","100.39","0.10","0.460","0.00","0.20","0.3686","0.0416","0.3498"
"WEP","23-Mar-2025","10","101.05","100.38","0.10","-0.390","0.00","0.20","0.3686","0.0416","0.3498"
"WEP","23-Mar-2025","11","100.93","100.37","0.12","-0.520","0.00","0.20","0.3686","0.0416","0.3498"
"WEP","23-Mar-2025","12","101.23","100.44","0.15","-0.320","0.00","0.20","0.3686","0.0416","0.3498"
"WEP","23-Mar-2025","13","101.30","100.44","0.17","-0.270","0.00","0.20","0.3686","0.0416","0.3498"
"WEP","23-Mar-2025","14","100.97","100.54","0.27","-0.800","0.00","0.20","0.3686","0.0416","0.3498"
"WEP","23-Mar-2025","15","101.20","100.55","0.45","-0.760","0.00","0.20","0.3686","0.0416","0.3498"
"WEP","23-Mar-2025","16","101.03","100.67","0.45","-1.050","0.00","0.20","0.3686","0.0416","0.3498"
"WEP","23-Mar-2025","17","101.89","100.98","0.42","-0.470","0.00","0.20","0.3686","0.0416","0.3498"
"WEP","23-Mar-2025","18","105.06","104.62","0.46","-0.980","0.00","0.20","0.3686","0.0416","0.3498"
"WEP","23-Mar-2025","19","100.21","99.90","0.30","-0.950","0.00","0.20","0.3686","0.0416","0.3498"
"WEP","23-Mar-2025","20","100.49","99.78","0.34","-0.590","0.00","0.20","0.3686","0.0416","0.3498"
"WEP","23-Mar-2025","21","100.69","99.79","0.17","-0.230","0.00","0.20","0.3686","0.0416","0.3498"
"WEP","23-Mar-2025","22","94.11","93.40","0.15","-0.400","0.00","0.20","0.3686","0.0416","0.3498"
"WEP","23-Mar-2025","23","92.53","91.64","0.15","-0.220","0.00","0.20","0.3686","0.0416","0.3498"
"WEP","23-Mar-2025","24","88.11","87.84","0.14","-0.830","0.00","0.20","0.3686","0.0416","0.3498"
"WEP","23-Mar-2025","25","91.88","91.56","0.17","-0.810","0.00","0.20","0.3686","0.0416","0.3498"
"WEP","23-Mar-2025","26","90.65","90.62","0.16","-1.090","0.00","0.20","0.3686","0.0416","0.3498"
"WEP","23-Mar-2025","27","89.40","89.21","0.15","-0.920","0.00","0.20","0.3686","0.0416","0.3498"
"WEP","23-Mar-2025","28","90.15","89.28","0.15","-0.240","0.00","0.20","0.3686","0.0416","0.3498"
"WEP","23-Mar-2025","29","82.35","82.09","0.14","-0.840","0.00","0.20","0.3686","0.0416","0.3498"
"WEP","23-Mar-2025","30","80.66","81.27","0.13","-1.700","0.00","0.20","0.3686","0.0416","0.3498"
"WEP","23-Mar-2025","31","80.11","81.27","0.14","-2.260","0.00","0.20","0.3686","0.0416","0.3498"
"WEP","23-Mar-2025","32","87.80","89.28","0.16","-2.600","0.00","0.20","0.3686","0.0416","0.3498"
"WEP","23-Mar-2025","33","89.98","91.14","0.14","-2.260","0.00","0.20","0.3686","0.0416","0.3498"
"WEP","23-Mar-2025","34","93.07","93.78","0.16","-1.830","0.00","0.20","0.3686","0.0416","0.3498"
"WEP","23-Mar-2025","35","99.30","99.78","0.71","-2.150","0.00","0.20","0.3686","0.0416","0.3498"
"WEP","23-Mar-2025","36","94.71","95.78","0.21","-2.240","0.00","0.20","0.3686","0.0416","0.3498"
"WEP","23-Mar-2025","37","99.78","100.67","0.32","-2.170","0.00","0.20","0.3686","0.0416","0.3498"
"WEP","23-Mar-2025","38","107.56","107.86","0.41","-1.670","0.00","0.20","0.3686","0.0416","0.3498"
"WEP","23-Mar-2025","39","111.63","111.81","0.33","-1.470","0.00","0.20","0.3686","0.0416","0.3498"
"WEP","23-Mar-2025","40","101.27","100.79","0.26","-0.740","0.00","0.20","0.3686","0.0416","0.3498"
"WEP","23-Mar-2025","41","107.70","107.82","0.22","-1.300","0.00","0.20","0.3686","0.0416","0.3498"
"WEP","23-Mar-2025","42","117.42","117.94","0.28","-1.760","0.00","0.20","0.3686","0.0416","0.3498"
"WEP","23-Mar-2025","43","128.24","128.81","0.34","-1.870","0.00","0.20","0.3686","0.0416","0.3498"
"WEP","23-Mar-2025","44","119.50","119.75","0.20","-1.410","0.00","0.20","0.3686","0.0416","0.3498"
"WEP","23-Mar-2025","45","110.31","109.88","0.17","-0.700","0.00","0.20","0.3686","0.0416","0.3498"
"WEP","23-Mar-2025","46","108.40","107.85","0.14","-0.550","0.00","0.20","0.3686","0.0416","0.3498"
"WEP","23-Mar-2025","47","102.41","101.74","0.16","-0.450","0.00","0.20","0.3686","0.0416","0.3498"
"WEP","23-Mar-2025","48","101.84","100.59","0.14","0.150","0.00","0.20","0.3686","0.0416","0.3498"
"WEP","24-Mar-2025","1","100.96","100.45","0.13","-0.550","0.00","0.20","0.3686","0.0381","0.3204"
"WEP","24-Mar-2025","2","100.33","100.32","0.11","-1.030","0.00","0.20","0.3686","0.0381","0.3204"
"WEP","24-Mar-2025","3","99.85","99.64","0.10","-0.820","0.00","0.20","0.3686","0.0381","0.3204"
"WEP","24-Mar-2025","4","99.35","99.18","0.10","-0.850","0.00","0.20","0.3686","0.0381","0.3204"
"WEP","24-Mar-2025","5","91.40","91.56","0.10","-1.190","0.00","0.20","0.3686","0.0381","0.3204"
"WEP","24-Mar-2025","6","90.87","90.40","0.10","-0.550","0.00","0.20","0.3686","0.0381","0.3204"
"WEP","24-Mar-2025","7","90.92","90.45","0.11","-0.570","0.00","0.20","0.3686","0.0381","0.3204"
"WEP","24-Mar-2025","8","90.95","90.40","0.11","-0.490","0.00","0.20","0.3686","0.0381","0.3204"
"WEP","24-Mar-2025","9","91.33","90.43","0.10","-0.130","0.00","0.20","0.3686","0.0381","0.3204"
"WEP","24-Mar-2025","10","94.31","93.56","0.10","-0.280","0.00","0.20","0.3686","0.0381","0.3204"
"WEP","24-Mar-2025","11","93.96","93.58","0.11","-0.660","0.00","0.20","0.3686","0.0381","0.3204"
"WEP","24-Mar-2025","12","99.90","99.82","0.14","-0.990","0.00","0.20","0.3686","0.0381","0.3204"
"WEP","24-Mar-2025","13","99.10","100.30","0.16","-2.290","0.00","0.20","0.3686","0.0381","0.3204"
"WEP","24-Mar-2025","14","99.17","100.67","0.19","-2.620","0.00","0.20","0.3686","0.0381","0.3204"
"WEP","24-Mar-2025","15","105.02","105.67","0.23","-1.810","0.00","0.20","0.3686","0.0381","0.3204"
"WEP","24-Mar-2025","16","111.31","111.81","0.20","-1.630","0.00","0.20","0.3686","0.0381","0.3204"
"WEP","24-Mar-2025","17","116.95","118.00","0.19","-2.170","0.00","0.20","0.3686","0.0381","0.3204"
"WEP","24-Mar-2025","18","119.43","119.65","0.21","-1.360","0.00","0.20","0.3686","0.0381","0.3204"
"WEP","24-Mar-2025","19","98.86","98.51","0.24","-0.820","0.00","0.20","0.3686","0.0381","0.3204"
"WEP","24-Mar-2025","20","94.07","93.70","0.16","-0.720","0.00","0.20","0.3686","0.0381","0.3204"
"WEP","24-Mar-2025","21","93.69","93.82","0.13","-1.190","0.00","0.20","0.3686","0.0381","0.3204"
"WEP","24-Mar-2025","22","92.87","93.80","0.13","-1.980","0.00","0.20","0.3686","0.0381","0.3204"
"WEP","24-Mar-2025","23","93.36","93.78","0.13","-1.470","0.00","0.20","0.3686","0.0381","0.3204"
"WEP","24-Mar-2025","24","92.88","93.66","0.12","-1.830","0.00","0.20","0.3686","0.0381","0.3204"
"WEP","24-Mar-2025","25","92.08","93.43","0.14","-2.420","0.00","0.20","0.3686","0.0381","0.3204"
"WEP","24-Mar-2025","26","89.06","90.19","0.14","-2.200","0.00","0.20","0.3686","0.0381","0.3204"
"WEP","24-Mar-2025","27","90.04","90.26","0.14","-1.290","0.00","0.20","0.3686","0.0381","0.3204"
"WEP","24-Mar-2025","28","89.89","90.68","0.13","-1.850","0.00","0.20","0.3686","0.0381","0.3204"
"WEP","24-Mar-2025","29","90.05","91.55","0.13","-2.550","0.00","0.20","0.3686","0.0381","0.3204"
"WEP","24-Mar-2025","30","92.96","93.90","0.12","-1.990","0.00","0.20","0.3686","0.0381","0.3204"
"WEP","24-Mar-2025","31","99.12","99.63","0.12","-1.550","0.00","0.20","0.3686","0.0381","0.3204"
"WEP","24-Mar-2025","32","99.90","100.26","0.14","-1.430","0.00","0.20","0.3686","0.0381","0.3204"
"WEP","24-Mar-2025","33","99.72","100.58","0.13","-1.910","0.00","0.20","0.3686","0.0381","0.3204"
"WEP","24-Mar-2025","34","98.82","99.77","0.14","-2.020","0.00","0.20","0.3686","0.0381","0.3204"
"WEP","24-Mar-2025","35","95.19","95.83","0.35","-1.920","0.00","0.20","0.3686","0.0381","0.3204"
"WEP","24-Mar-2025","36","92.53","93.91","0.15","-2.460","0.00","0.20","0.3686","0.0381","0.3204"
"WEP","24-Mar-2025","37","102.82","104.58","0.15","-2.840","0.00","0.20","0.3686","0.0381","0.3204"
"WEP","24-Mar-2025","38","107.86","109.78","0.19","-3.040","0.00","0.20","0.3686","0.0381","0.3204"
"WEP","24-Mar-2025","39","117.76","119.72","0.19","-3.080","0.00","0.20","0.3686","0.0381","0.3204"
"WEP","24-Mar-2025","40","123.62","125.49","0.19","-2.990","0.00","0.20","0.3686","0.0381","0.3204"
"WEP","24-Mar-2025","41","123.20","124.62","0.15","-2.500","0.00","0.20","0.3686","0.0381","0.3204"
"WEP","24-Mar-2025","42","123.04","124.31","0.15","-2.350","0.00","0.20","0.3686","0.0381","0.3204"
"WEP","24-Mar-2025","43","123.55","124.57","0.14","-2.090","0.00","0.20","0.3686","0.0381","0.3204"
"WEP","24-Mar-2025","44","111.69","111.85","0.13","-1.220","0.00","0.20","0.3686","0.0381","0.3204"
"WEP","24-Mar-2025","45","109.22","109.62","0.13","-1.450","0.00","0.20","0.3686","0.0381","0.3204"
"WEP","24-Mar-2025","46","100.36","100.75","0.13","-1.450","0.00","0.20","0.3686","0.0381","0.3204"
"WEP","24-Mar-2025","47","100.29","100.54","0.14","-1.320","0.00","0.20","0.3686","0.0381","0.3204"
"WEP","24-Mar-2025","48","100.70","100.31","0.13","-0.670","0.00","0.20","0.3686","0.0381","0.3204"
"WEP","25-Mar-2025","1","99.86","100.41","0.13","-1.610","0.00","0.20","0.3686","0.0380","0.3194"
"WEP","25-Mar-2025","2","98.80","99.52","0.11","-1.750","0.00","0.20","0.3686","0.0380","0.3194"
"WEP","25-Mar-2025","3","99.01","99.51","0.10","-1.530","0.00","0.20","0.3686","0.0380","0.3194"
"WEP","25-Mar-2025","4","93.23","93.64","0.10","-1.440","0.00","0.20","0.3686","0.0380","0.3194"
"WEP","25-Mar-2025","5","89.27","90.09","0.10","-1.850","0.00","0.20","0.3686","0.0380","0.3194"
"WEP","25-Mar-2025","6","89.54","90.08","0.10","-1.570","0.00","0.20","0.3686","0.0380","0.3194"
"WEP","25-Mar-2025","7","88.87","89.36","0.10","-1.510","0.00","0.20","0.3686","0.0380","0.3194"
"WEP","25-Mar-2025","8","89.15","89.36","0.10","-1.230","0.00","0.20","0.3686","0.0380","0.3194"
"WEP","25-Mar-2025","9","89.41","89.36","0.10","-0.980","0.00","0.20","0.3686","0.0380","0.3194"
"WEP","25-Mar-2025","10","90.03","90.11","0.10","-1.100","0.00","0.20","0.3686","0.0380","0.3194"
"WEP","25-Mar-2025","11","93.31","93.82","0.11","-1.540","0.00","0.20","0.3686","0.0380","0.3194"
"WEP","25-Mar-2025","12","99.29","100.49","0.14","-2.260","0.00","0.20","0.3686","0.0380","0.3194"
"WEP","25-Mar-2025","13","99.61","100.55","0.16","-2.030","0.00","0.20","0.3686","0.0380","0.3194"
"WEP","25-Mar-2025","14","106.61","107.76","0.19","-2.260","0.00","0.20","0.3686","0.0380","0.3194"
"WEP","25-Mar-2025","15","105.32","105.77","0.21","-1.580","0.00","0.20","0.3686","0.0380","0.3194"
"WEP","25-Mar-2025","16","115.34","115.88","0.21","-1.670","0.00","0.20","0.3686","0.0380","0.3194"
"WEP","25-Mar-2025","17","117.45","118.02","0.19","-1.690","0.00","0.20","0.3686","0.0380","0.3194"
"WEP","25-Mar-2025","18","110.15","110.43","0.21","-1.420","0.00","0.20","0.3686","0.0380","0.3194"
"WEP","25-Mar-2025","19","104.19","104.72","0.18","-1.640","0.00","0.20","0.3686","0.0380","0.3194"
"WEP","25-Mar-2025","20","104.42","104.58","0.18","-1.260","0.00","0.20","0.3686","0.0380","0.3194"
"WEP","25-Mar-2025","21","104.23","104.57","0.14","-1.400","0.00","0.20","0.3686","0.0380","0.3194"
"WEP","25-Mar-2025","22","100.88","100.92","0.13","-1.090","0.00","0.20","0.3686","0.0380","0.3194"
"WEP","25-Mar-2025","23","100.58","100.61","0.13","-1.090","0.00","0.20","0.3686","0.0380","0.3194"
"WEP","25-Mar-2025","24","97.06","97.54","0.13","-1.530","0.00","0.20","0.3686","0.0380","0.3194"
"WEP","25-Mar-2025","25","97.43","97.55","0.14","-1.190","0.00","0.20","0.3686","0.0380","0.3194"
"WEP","25-Mar-2025","26","97.66","98.55","0.14","-1.960","0.00","0.20","0.3686","0.0380","0.3194"
"WEP","25-Mar-2025","27","97.36","98.54","0.14","-2.240","0.00","0.20","0.3686","0.0380","0.3194"
"WEP","25-Mar-2025","28","97.36","98.60","0.13","-2.300","0.00","0.20","0.3686","0.0380","0.3194"
"WEP","25-Mar-2025","29","97.67","99.58","0.13","-2.960","0.00","0.20","0.3686","0.0380","0.3194"
"WEP","25-Mar-2025","30","98.96","100.63","0.12","-2.720","0.00","0.20","0.3686","0.0380","0.3194"
"WEP","25-Mar-2025","31","99.19","100.71","0.12","-2.560","0.00","0.20","0.3686","0.0380","0.3194"
"WEP","25-Mar-2025","32","98.49","100.54","0.14","-3.120","0.00","0.20","0.3686","0.0380","0.3194"
"WEP","25-Mar-2025","33","98.40","100.71","0.12","-3.360","0.00","0.20","0.3686","0.0380","0.3194"
"WEP","25-Mar-2025","34","102.69","104.72","0.14","-3.100","0.00","0.20","0.3686","0.0380","0.3194"
"WEP","25-Mar-2025","35","97.02","105.72","0.27","-9.890","0.00","0.20","0.3686","0.0380","0.3194"
"WEP","25-Mar-2025","36","98.84","105.87","0.17","-8.120","0.00","0.20","0.3686","0.0380","0.3194"
"WEP","25-Mar-2025","37","105.39","112.69","0.21","-8.430","0.00","0.20","0.3686","0.0380","0.3194"
"WEP","25-Mar-2025","38","119.80","127.90","0.25","-9.270","0.00","0.20","0.3686","0.0380","0.3194"
"WEP","25-Mar-2025","39","128.50","130.24","0.25","-2.910","0.00","0.20","0.3686","0.0380","0.3194"
"WEP","25-Mar-2025","40","126.77","128.72","0.18","-3.050","0.00","0.20","0.3686","0.0380","0.3194"
"WEP","25-Mar-2025","41","126.92","128.72","0.15","-2.870","0.00","0.20","0.3686","0.0380","0.3194"
"WEP","25-Mar-2025","42","126.72","128.73","0.15","-3.090","0.00","0.20","0.3686","0.0380","0.3194"
"WEP","25-Mar-2025","43","121.18","122.68","0.14","-2.560","0.00","0.20","0.3686","0.0380","0.3194"
"WEP","25-Mar-2025","44","106.90","108.57","0.13","-2.730","0.00","0.20","0.3686","0.0380","0.3194"
"WEP","25-Mar-2025","45","104.27","105.75","0.13","-2.530","0.00","0.20","0.3686","0.0380","0.3194"
"WEP","25-Mar-2025","46","103.34","104.72","0.13","-2.440","0.00","0.20","0.3686","0.0380","0.3194"
"WEP","25-Mar-2025","47","100.32","101.54","0.14","-2.280","0.00","0.20","0.3686","0.0380","0.3194"
"WEP","25-Mar-2025","48","99.67","100.68","0.13","-2.070","0.00","0.20","0.3686","0.0380","0.3194"
"WEP","26-Mar-2025","1","98.65","100.67","0.13","-3.070","0.00","0.20","0.3686","0.0379","0.3182"
"WEP","26-Mar-2025","2","98.30","100.51","0.11","-3.250","0.00","0.20","0.3686","0.0379","0.3182"
"WEP","26-Mar-2025","3","99.02","100.40","0.05","-2.350","0.00","0.20","0.3686","0.0379","0.3182"
"WEP","26-Mar-2025","4","98.49","99.64","0.05","-2.120","0.00","0.20","0.3686","0.0379","0.3182"
"WEP","26-Mar-2025","5","96.49","97.96","0.06","-2.460","0.00","0.20","0.3686","0.0379","0.3182"
"WEP","26-Mar-2025","6","96.17","97.54","0.06","-2.350","0.00","0.20","0.3686","0.0379","0.3182"
"WEP","26-Mar-2025","7","95.89","96.90","0.06","-1.990","0.00","0.20","0.3686","0.0379","0.3182"
"WEP","26-Mar-2025","8","89.21","90.07","0.06","-1.840","0.00","0.20","0.3686","0.0379","0.3182"
"WEP","26-Mar-2025","9","88.54","89.36","0.06","-1.810","0.00","0.20","0.3686","0.0379","0.3182"
"WEP","26-Mar-2025","10","88.59","89.37","0.06","-1.770","0.00","0.20","0.3686","0.0379","0.3182"
"WEP","26-Mar-2025","11","96.00","96.92","0.06","-1.900","0.00","0.20","0.3686","0.0379","0.3182"
"WEP","26-Mar-2025","12","96.92","97.57","0.14","-1.710","0.00","0.20","0.3686","0.0379","0.3182"
"WEP","26-Mar-2025","13","89.55","90.19","0.16","-1.730","0.00","0.20","0.3686","0.0379","0.3182"
"WEP","26-Mar-2025","14","99.58","100.46","0.17","-1.970","0.00","0.20","0.3686","0.0379","0.3182"
"WEP","26-Mar-2025","15","99.53","100.74","0.19","-2.320","0.00","0.20","0.3686","0.0379","0.3182"
"WEP","26-Mar-2025","16","100.21","101.50","0.18","-2.390","0.00","0.20","0.3686","0.0379","0.3182"
"WEP","26-Mar-2025","17","100.70","101.78","0.17","-2.180","0.00","0.20","0.3686","0.0379","0.3182"
"WEP","26-Mar-2025","18","100.72","101.49","0.17","-1.870","0.00","0.20","0.3686","0.0379","0.3182"
"WEP","26-Mar-2025","19","101.27","101.81","0.15","-1.620","0.00","0.20","0.3686","0.0379","0.3182"
"WEP","26-Mar-2025","20","101.35","101.41","0.15","-1.140","0.00","0.20","0.3686","0.0379","0.3182"
"WEP","26-Mar-2025","21","99.64","100.61","0.13","-2.030","0.00","0.20","0.3686","0.0379","0.3182"
"WEP","26-Mar-2025","22","92.63","93.94","0.13","-2.370","0.00","0.20","0.3686","0.0379","0.3182"
"WEP","26-Mar-2025","23","92.56","93.73","0.13","-2.230","0.00","0.20","0.3686","0.0379","0.3182"
"WEP","26-Mar-2025","24","92.58","93.64","0.12","-2.110","0.00","0.20","0.3686","0.0379","0.3182"
"WEP","26-Mar-2025","25","89.34","90.27","0.14","-1.990","0.00","0.20","0.3686","0.0379","0.3182"
"WEP","26-Mar-2025","26","88.68","90.17","0.14","-2.550","0.00","0.20","0.3686","0.0379","0.3182"
"WEP","26-Mar-2025","27","92.12","93.88","0.14","-2.820","0.00","0.20","0.3686","0.0379","0.3182"
"WEP","26-Mar-2025","28","92.25","93.74","0.13","-2.540","0.00","0.20","0.3686","0.0379","0.3182"
"WEP","26-Mar-2025","29","91.83","93.97","0.12","-3.180","0.00","0.20","0.3686","0.0379","0.3182"
"WEP","26-Mar-2025","30","91.87","94.07","0.11","-3.240","0.00","0.20","0.3686","0.0379","0.3182"
"WEP","26-Mar-2025","31","98.25","100.75","0.12","-3.540","0.00","0.20","0.3686","0.0379","0.3182"
"WEP","26-Mar-2025","32","98.32","100.73","0.14","-3.480","0.00","0.20","0.3686","0.0379","0.3182"
"WEP","26-Mar-2025","33","97.90","100.65","0.12","-3.800","0.00","0.20","0.3686","0.0379","0.3182"
"WEP","26-Mar-2025","34","97.61","100.65","0.13","-4.100","0.00","0.20","0.3686","0.0379","0.3182"
"WEP","26-Mar-2025","35","97.65","100.80","0.19","-4.260","0.00","0.20","0.3686","0.0379","0.3182"
"WEP","26-Mar-2025","36","102.30","105.24","0.13","-3.990","0.00","0.20","0.3686","0.0379","0.3182"
"WEP","26-Mar-2025","37","115.98","118.81","0.15","-3.900","0.00","0.20","0.3686","0.0379","0.3182"
"WEP","26-Mar-2025","38","125.42","128.79","0.18","-4.470","0.00","0.20","0.3686","0.0379","0.3182"
"WEP","26-Mar-2025","39","124.85","128.80","0.18","-5.050","0.00","0.20","0.3686","0.0379","0.3182"
"WEP","26-Mar-2025","40","121.32","125.30","0.15","-5.050","0.00","0.20","0.3686","0.0379","0.3182"
"WEP","26-Mar-2025","41","115.02","118.83","0.14","-4.880","0.00","0.20","0.3686","0.0379","0.3182"
"WEP","26-Mar-2025","42","111.79","115.82","0.14","-5.100","0.00","0.20","0.3686","0.0379","0.3182"
"WEP","26-Mar-2025","43","101.87","105.89","0.14","-5.090","0.00","0.20","0.3686","0.0379","0.3182"
"WEP","26-Mar-2025","44","98.94","103.19","0.12","-5.300","0.00","0.20","0.3686","0.0379","0.3182"
"WEP","26-Mar-2025","45","115.46","118.45","0.13","-4.050","0.00","0.20","0.3686","0.0379","0.3182"
"WEP","26-Mar-2025","46","102.27","105.05","0.12","-3.830","0.00","0.20","0.3686","0.0379","0.3182"
"WEP","26-Mar-2025","47","99.00","101.57","0.13","-3.630","0.00","0.20","0.3686","0.0379","0.3182"
"WEP","26-Mar-2025","48","101.48","103.72","0.07","-3.230","0.00","0.20","0.3686","0.0379","0.3182"
"WEP","27-Mar-2025","1","115.98","114.83","0.13","0.100","0.00","0.20","0.3686","0.0375","0.3152"
"WEP","27-Mar-2025","2","109.61","109.47","0.11","-0.890","0.00","0.20","0.3686","0.0375","0.3152"
"WEP","27-Mar-2025","3","106.66","106.47","0.05","-0.780","0.00","0.20","0.3686","0.0375","0.3152"
"WEP","27-Mar-2025","4","100.94","101.16","0.10","-1.240","0.00","0.20","0.3686","0.0375","0.3152"
"WEP","27-Mar-2025","5","100.46","101.08","0.10","-1.640","0.00","0.20","0.3686","0.0375","0.3152"
"WEP","27-Mar-2025","6","100.64","100.92","0.10","-1.300","0.00","0.20","0.3686","0.0375","0.3152"
"WEP","27-Mar-2025","7","100.10","100.51","0.10","-1.430","0.00","0.20","0.3686","0.0375","0.3152"
"WEP","27-Mar-2025","8","100.03","100.51","0.10","-1.500","0.00","0.20","0.3686","0.0375","0.3152"
"WEP","27-Mar-2025","9","100.00","100.51","0.10","-1.530","0.00","0.20","0.3686","0.0375","0.3152"
"WEP","27-Mar-2025","10","101.27","101.05","0.10","-0.800","0.00","0.20","0.3686","0.0375","0.3152"
"WEP","27-Mar-2025","11","106.74","106.46","0.11","-0.750","0.00","0.20","0.3686","0.0375","0.3152"
"WEP","27-Mar-2025","12","113.83","113.07","0.14","-0.300","0.00","0.20","0.3686","0.0375","0.3152"
"WEP","27-Mar-2025","13","119.65","119.48","0.16","-0.910","0.00","0.20","0.3686","0.0375","0.3152"
"WEP","27-Mar-2025","14","128.46","128.70","0.17","-1.340","0.00","0.20","0.3686","0.0375","0.3152"
"WEP","27-Mar-2025","15","129.15","128.67","0.51","-0.950","0.00","0.20","0.3686","0.0375","0.3152"
"WEP","27-Mar-2025","16","131.48","131.59","0.49","-1.520","0.00","0.20","0.3686","0.0375","0.3152"
"WEP","27-Mar-2025","17","164.69","165.06","0.33","-1.630","0.00","0.20","0.3686","0.0375","0.3152"
"WEP","27-Mar-2025","18","129.70","130.21","0.38","-1.810","0.00","0.20","0.3686","0.0375","0.3152"
"WEP","27-Mar-2025","19","128.88","128.68","0.32","-1.040","0.00","0.20","0.3686","0.0375","0.3152"
"WEP","27-Mar-2025","20","116.37","116.20","0.32","-1.080","0.00","0.20","0.3686","0.0375","0.3152"
"WEP","27-Mar-2025","21","106.28","106.55","0.14","-1.330","0.00","0.20","0.3686","0.0375","0.3152"
"WEP","27-Mar-2025","22","103.14","104.43","0.13","-2.340","0.00","0.20","0.3686","0.0375","0.3152"
"WEP","27-Mar-2025","23","99.56","100.92","0.13","-2.410","0.00","0.20","0.3686","0.0375","0.3152"
"WEP","27-Mar-2025","24","99.31","100.92","0.12","-2.650","0.00","0.20","0.3686","0.0375","0.3152"
"WEP","27-Mar-2025","25","105.56","106.57","0.14","-2.070","0.00","0.20","0.3686","0.0375","0.3152"
"WEP","27-Mar-2025","26","99.36","101.07","0.14","-2.770","0.00","0.20","0.3686","0.0375","0.3152"
"WEP","27-Mar-2025","27","99.56","101.47","0.14","-2.970","0.00","0.20","0.3686","0.0375","0.3152"
"WEP","27-Mar-2025","28","104.13","107.61","0.17","-4.570","0.00","0.20","0.3686","0.0375","0.3152"
"WEP","27-Mar-2025","29","111.30","114.71","0.14","-4.470","0.00","0.20","0.3686","0.0375","0.3152"
"WEP","27-Mar-2025","30","127.80","128.70","0.20","-2.030","0.00","0.20","0.3686","0.0375","0.3152"
"WEP","27-Mar-2025","31","112.55","114.72","0.18","-3.270","0.00","0.20","0.3686","0.0375","0.3152"
"WEP","27-Mar-2025","32","97.94","101.49","0.14","-4.610","0.00","0.20","0.3686","0.0375","0.3152"
"WEP","27-Mar-2025","33","94.65","101.08","0.12","-7.470","0.00","0.20","0.3686","0.0375","0.3152"
"WEP","27-Mar-2025","34","103.36","108.69","0.18","-6.440","0.00","0.20","0.3686","0.0375","0.3152"
"WEP","27-Mar-2025","35","106.82","108.69","0.47","-3.260","0.00","0.20","0.3686","0.0375","0.3152"
"WEP","27-Mar-2025","36","104.39","106.66","0.14","-3.330","0.00","0.20","0.3686","0.0375","0.3152"
"WEP","27-Mar-2025","37","112.60","114.75","0.23","-3.310","0.00","0.20","0.3686","0.0375","0.3152"
"WEP","27-Mar-2025","38","126.47","128.79","0.33","-3.570","0.00","0.20","0.3686","0.0375","0.3152"
"WEP","27-Mar-2025","39","127.98","130.32","0.32","-3.580","0.00","0.20","0.3686","0.0375","0.3152"
"WEP","27-Mar-2025","40","128.24","130.31","0.28","-3.270","0.00","0.20","0.3686","0.0375","0.3152"
"WEP","27-Mar-2025","41","128.58","130.30","0.19","-2.830","0.00","0.20","0.3686","0.0375","0.3152"
"WEP","27-Mar-2025","42","126.75","128.78","0.16","-3.110","0.00","0.20","0.3686","0.0375","0.3152"
"WEP","27-Mar-2025","43","126.48","128.73","0.14","-3.310","0.00","0.20","0.3686","0.0375","0.3152"
"WEP","27-Mar-2025","44","117.23","119.43","0.07","-3.190","0.00","0.20","0.3686","0.0375","0.3152"
"WEP","27-Mar-2025","45","113.25","114.81","0.07","-2.550","0.00","0.20","0.3686","0.0375","0.3152"
"WEP","27-Mar-2025","46","105.95","107.58","0.06","-2.610","0.00","0.20","0.3686","0.0375","0.3152"
"WEP","27-Mar-2025","47","105.92","106.46","0.08","-1.540","0.00","0.20","0.3686","0.0375","0.3152"
"WEP","27-Mar-2025","48","105.30","106.46","0.07","-2.150","0.00","0.20","0.3686","0.0375","0.3152"
"WEP","28-Mar-2025","1","111.28","111.43","0.12","-1.190","0.00","0.20","0.3686","0.0377","0.3167"
"WEP","28-Mar-2025","2","110.98","111.31","0.06","-1.310","0.00","0.20","0.3686","0.0377","0.3167"
"WEP","28-Mar-2025","3","109.09","109.31","0.05","-1.190","0.00","0.20","0.3686","0.0377","0.3167"
"WEP","28-Mar-2025","4","107.29","107.72","0.05","-1.400","0.00","0.20","0.3686","0.0377","0.3167"
"WEP","28-Mar-2025","5","105.68","106.03","0.05","-1.320","0.00","0.20","0.3686","0.0377","0.3167"
"WEP","28-Mar-2025","6","104.93","105.15","0.06","-1.210","0.00","0.20","0.3686","0.0377","0.3167"
"WEP","28-Mar-2025","7","102.69","103.29","0.06","-1.580","0.00","0.20","0.3686","0.0377","0.3167"
"WEP","28-Mar-2025","8","102.62","103.28","0.06","-1.640","0.00","0.20","0.3686","0.0377","0.3167"
"WEP","28-Mar-2025","9","103.23","103.28","0.05","-1.020","0.00","0.20","0.3686","0.0377","0.3167"
"WEP","28-Mar-2025","10","107.82","107.72","0.06","-0.880","0.00","0.20","0.3686","0.0377","0.3167"
"WEP","28-Mar-2025","11","109.55","109.57","0.06","-1.000","0.00","0.20","0.3686","0.0377","0.3167"
"WEP","28-Mar-2025","12","111.58","111.43","0.14","-0.910","0.00","0.20","0.3686","0.0377","0.3167"
"WEP","28-Mar-2025","13","111.57","111.44","0.16","-0.950","0.00","0.20","0.3686","0.0377","0.3167"
"WEP","28-Mar-2025","14","116.82","116.55","0.17","-0.830","0.00","0.20","0.3686","0.0377","0.3167"
"WEP","28-Mar-2025","15","109.80","109.58","0.31","-1.010","0.00","0.20","0.3686","0.0377","0.3167"
"WEP","28-Mar-2025","16","111.85","111.46","0.83","-1.360","0.00","0.20","0.3686","0.0377","0.3167"
"WEP","28-Mar-2025","17","110.16","109.83","0.63","-1.230","0.00","0.20","0.3686","0.0377","0.3167"
"WEP","28-Mar-2025","18","109.95","109.65","0.85","-1.480","0.00","0.20","0.3686","0.0377","0.3167"
"WEP","28-Mar-2025","19","108.26","108.72","0.30","-1.680","0.00","0.20","0.3686","0.0377","0.3167"
"WEP","28-Mar-2025","20","109.35","109.66","0.34","-1.570","0.00","0.20","0.3686","0.0377","0.3167"
"WEP","28-Mar-2025","21","107.02","107.73","0.14","-1.770","0.00","0.20","0.3686","0.0377","0.3167"
"WEP","28-Mar-2025","22","104.52","105.62","0.13","-2.150","0.00","0.20","0.3686","0.0377","0.3167"
"WEP","28-Mar-2025","23","105.84","105.88","0.13","-1.100","0.00","0.20","0.3686","0.0377","0.3167"
"WEP","28-Mar-2025","24","98.98","99.68","0.12","-1.740","0.00","0.20","0.3686","0.0377","0.3167"
"WEP","28-Mar-2025","25","100.35","101.44","0.15","-2.170","0.00","0.20","0.3686","0.0377","0.3167"
"WEP","28-Mar-2025","26","100.62","101.65","0.28","-2.230","0.00","0.20","0.3686","0.0377","0.3167"
"WEP","28-Mar-2025","27","100.31","101.65","0.17","-2.440","0.00","0.20","0.3686","0.0377","0.3167"
"WEP","28-Mar-2025","28","102.54","102.85","0.14","-1.370","0.00","0.20","0.3686","0.0377","0.3167"
"WEP","28-Mar-2025","29","99.96","101.44","0.13","-2.530","0.00","0.20","0.3686","0.0377","0.3167"
"WEP","28-Mar-2025","30","99.41","101.64","0.11","-3.270","0.00","0.20","0.3686","0.0377","0.3167"
"WEP","28-Mar-2025","31","103.80","105.30","0.12","-2.540","0.00","0.20","0.3686","0.0377","0.3167"
"WEP","28-Mar-2025","32","104.85","106.11","0.18","-2.360","0.00","0.20","0.3686","0.0377","0.3167"
"WEP","28-Mar-2025","33","110.11","110.98","0.15","-1.940","0.00","0.20","0.3686","0.0377","0.3167"
"WEP","28-Mar-2025","34","106.59","107.72","0.19","-2.240","0.00","0.20","0.3686","0.0377","0.3167"
"WEP","28-Mar-2025","35","108.23","109.77","0.90","-3.360","0.00","0.20","0.3686","0.0377","0.3167"
"WEP","28-Mar-2025","36","109.63","111.99","0.19","-3.470","0.00","0.20","0.3686","0.0377","0.3167"
"WEP","28-Mar-2025","37","128.24","129.89","0.30","-2.880","0.00","0.20","0.3686","0.0377","0.3167"
"WEP","28-Mar-2025","38","135.64","137.07","0.50","-2.850","0.00","0.20","0.3686","0.0377","0.3167"
"WEP","28-Mar-2025","39","129.40","131.25","0.42","-3.200","0.00","0.20","0.3686","0.0377","0.3167"
"WEP","28-Mar-2025","40","120.28","127.49","0.31","-8.450","0.00","0.20","0.3686","0.0377","0.3167"
"WEP","28-Mar-2025","41","119.46","127.00","0.18","-8.640","0.00","0.20","0.3686","0.0377","0.3167"
"WEP","28-Mar-2025","42","110.54","118.33","0.15","-8.870","0.00","0.20","0.3686","0.0377","0.3167"
"WEP","28-Mar-2025","43","112.14","113.84","0.14","-2.760","0.00","0.20","0.3686","0.0377","0.3167"
"WEP","28-Mar-2025","44","107.65","109.85","0.07","-3.190","0.00","0.20","0.3686","0.0377","0.3167"
"WEP","28-Mar-2025","45","107.49","109.60","0.07","-3.100","0.00","0.20","0.3686","0.0377","0.3167"
"WEP","28-Mar-2025","46","104.60","105.85","0.06","-2.240","0.00","0.20","0.3686","0.0377","0.3167"
"WEP","28-Mar-2025","47","104.98","105.75","0.08","-1.780","0.00","0.20","0.3686","0.0377","0.3167"
"WEP","28-Mar-2025","48","109.08","109.77","0.07","-1.680","0.00","0.20","0.3686","0.0377","0.3167"
"WEP","29-Mar-2025","1","118.15","117.79","0.12","-0.700","0.00","0.20","0.3686","0.0398","0.3344"
"WEP","29-Mar-2025","2","117.00","116.52","0.11","-0.570","0.00","0.20","0.3686","0.0398","0.3344"
"WEP","29-Mar-2025","3","110.25","109.28","0.05","-0.030","0.00","0.20","0.3686","0.0398","0.3344"
"WEP","29-Mar-2025","4","105.26","104.72","0.05","-0.450","0.00","0.20","0.3686","0.0398","0.3344"
"WEP","29-Mar-2025","5","103.72","103.27","0.06","-0.560","0.00","0.20","0.3686","0.0398","0.3344"
"WEP","29-Mar-2025","6","101.70","101.21","0.06","-0.510","0.00","0.20","0.3686","0.0398","0.3344"
"WEP","29-Mar-2025","7","101.79","101.09","0.06","-0.310","0.00","0.20","0.3686","0.0398","0.3344"
"WEP","29-Mar-2025","8","102.10","101.39","0.06","-0.300","0.00","0.20","0.3686","0.0398","0.3344"
"WEP","29-Mar-2025","9","102.12","101.19","0.06","-0.070","0.00","0.20","0.3686","0.0398","0.3344"
"WEP","29-Mar-2025","10","102.30","101.42","0.06","-0.120","0.00","0.20","0.3686","0.0398","0.3344"
"WEP","29-Mar-2025","11","102.29","101.43","0.06","-0.140","0.00","0.20","0.3686","0.0398","0.3344"
"WEP","29-Mar-2025","12","105.09","104.06","0.14","-0.050","0.00","0.20","0.3686","0.0398","0.3344"
"WEP","29-Mar-2025","13","105.55","104.69","0.17","-0.250","0.00","0.20","0.3686","0.0398","0.3344"
"WEP","29-Mar-2025","14","110.49","109.43","0.20","-0.080","0.00","0.20","0.3686","0.0398","0.3344"
"WEP","29-Mar-2025","15","110.20","109.44","0.22","-0.400","0.00","0.20","0.3686","0.0398","0.3344"
"WEP","29-Mar-2025","16","112.53","111.39","0.22","-0.030","0.00","0.20","0.3686","0.0398","0.3344"
"WEP","29-Mar-2025","17","117.98","116.86","0.19","-0.010","0.00","0.20","0.3686","0.0398","0.3344"
"WEP","29-Mar-2025","18","115.36","113.75","0.20","0.460","0.00","0.20","0.3686","0.0398","0.3344"
"WEP","29-Mar-2025","19","107.16","105.90","0.16","0.160","0.00","0.20","0.3686","0.0398","0.3344"
"WEP","29-Mar-2025","20","102.42","101.48","0.16","-0.160","0.00","0.20","0.3686","0.0398","0.3344"
"WEP","29-Mar-2025","21","102.14","101.62","0.14","-0.560","0.00","0.20","0.3686","0.0398","0.3344"
"WEP","29-Mar-2025","22","102.16","101.51","0.14","-0.440","0.00","0.20","0.3686","0.0398","0.3344"
"WEP","29-Mar-2025","23","101.54","101.28","0.14","-0.820","0.00","0.20","0.3686","0.0398","0.3344"
"WEP","29-Mar-2025","24","101.19","101.29","0.13","-1.170","0.00","0.20","0.3686","0.0398","0.3344"
"WEP","29-Mar-2025","25","101.13","101.11","0.15","-1.070","0.00","0.20","0.3686","0.0398","0.3344"
"WEP","29-Mar-2025","26","100.96","101.21","0.15","-1.340","0.00","0.20","0.3686","0.0398","0.3344"
"WEP","29-Mar-2025","27","98.42","99.42","0.14","-2.080","0.00","0.20","0.3686","0.0398","0.3344"
"WEP","29-Mar-2025","28","98.99","101.11","0.14","-3.200","0.00","0.20","0.3686","0.0398","0.3344"
"WEP","29-Mar-2025","29","103.25","104.49","0.13","-2.310","0.00","0.20","0.3686","0.0398","0.3344"
"WEP","29-Mar-2025","30","106.44","105.83","0.07","-0.400","0.00","0.20","0.3686","0.0398","0.3344"
"WEP","29-Mar-2025","31","107.27","104.79","0.07","1.460","0.00","0.20","0.3686","0.0398","0.3344"
"WEP","29-Mar-2025","32","101.91","101.28","0.15","-0.470","0.00","0.20","0.3686","0.0398","0.3344"
"WEP","29-Mar-2025","33","100.23","101.26","0.13","-2.100","0.00","0.20","0.3686","0.0398","0.3344"
"WEP","29-Mar-2025","34","99.71","101.28","0.15","-2.660","0.00","0.20","0.3686","0.0398","0.3344"
"WEP","29-Mar-2025","35","100.05","101.62","0.21","-2.720","0.00","0.20","0.3686","0.0398","0.3344"
"WEP","29-Mar-2025","36","106.10","106.52","0.15","-1.510","0.00","0.20","0.3686","0.0398","0.3344"
"WEP","29-Mar-2025","37","114.39","113.79","0.16","-0.500","0.00","0.20","0.3686","0.0398","0.3344"
"WEP","29-Mar-2025","38","114.78","113.79","0.22","-0.170","0.00","0.20","0.3686","0.0398","0.3344"
"WEP","29-Mar-2025","39","112.74","112.17","0.21","-0.580","0.00","0.20","0.3686","0.0398","0.3344"
"WEP","29-Mar-2025","40","112.06","111.78","0.16","-0.830","0.00","0.20","0.3686","0.0398","0.3344"
"WEP","29-Mar-2025","41","111.98","111.78","0.15","-0.890","0.00","0.20","0.3686","0.0398","0.3344"
"WEP","29-Mar-2025","42","111.66","111.54","0.15","-0.970","0.00","0.20","0.3686","0.0398","0.3344"
"WEP","29-Mar-2025","43","111.65","111.53","0.15","-0.980","0.00","0.20","0.3686","0.0398","0.3344"
"WEP","29-Mar-2025","44","109.57","109.64","0.08","-1.090","0.00","0.20","0.3686","0.0398","0.3344"
"WEP","29-Mar-2025","45","107.92","107.57","0.08","-0.670","0.00","0.20","0.3686","0.0398","0.3344"
"WEP","29-Mar-2025","46","106.22","105.76","0.08","-0.560","0.00","0.20","0.3686","0.0398","0.3344"
"WEP","29-Mar-2025","47","105.42","105.03","0.14","-0.690","0.00","0.20","0.3686","0.0398","0.3344"
"WEP","29-Mar-2025","48","105.50","104.71","0.08","-0.230","0.00","0.20","0.3686","0.0398","0.3344"
"WEP","30-Mar-2025","1","109.14","107.56","0.13","0.500","0.00","0.20","0.3686","0.0411","0.3458"
"WEP","30-Mar-2025","2","108.22","107.57","0.10","-0.400","0.00","0.20","0.3686","0.0411","0.3458"
"WEP","30-Mar-2025","3","105.59","105.17","0.06","-0.590","0.00","0.20","0.3686","0.0411","0.3458"
"WEP","30-Mar-2025","4","105.42","104.71","0.06","-0.300","0.00","0.20","0.3686","0.0411","0.3458"
"WEP","30-Mar-2025","5","104.47","104.71","0.10","-1.300","0.00","0.20","0.3686","0.0411","0.3458"
"WEP","30-Mar-2025","6","102.05","101.68","0.10","-0.680","0.00","0.20","0.3686","0.0411","0.3458"
"WEP","30-Mar-2025","7","101.22","100.49","0.10","-0.330","0.00","0.20","0.3686","0.0411","0.3458"
"WEP","30-Mar-2025","8","101.34","100.39","0.10","-0.110","0.00","0.20","0.3686","0.0411","0.3458"
"WEP","30-Mar-2025","9","101.30","100.18","0.06","0.100","0.00","0.20","0.3686","0.0411","0.3458"
"WEP","30-Mar-2025","10","100.94","100.39","0.06","-0.470","0.00","0.20","0.3686","0.0411","0.3458"
"WEP","30-Mar-2025","11","101.16","100.68","0.11","-0.580","0.00","0.20","0.3686","0.0411","0.3458"
"WEP","30-Mar-2025","12","104.95","104.29","0.15","-0.450","0.00","0.20","0.3686","0.0411","0.3458"
"WEP","30-Mar-2025","13","105.01","104.30","0.17","-0.410","0.00","0.20","0.3686","0.0411","0.3458"
"WEP","30-Mar-2025","14","105.49","104.58","0.19","-0.240","0.00","0.20","0.3686","0.0411","0.3458"
"WEP","30-Mar-2025","15","105.22","105.21","0.21","-1.150","0.00","0.20","0.3686","0.0411","0.3458"
"WEP","30-Mar-2025","16","107.00","105.21","0.21","0.620","0.00","0.20","0.3686","0.0411","0.3458"
"WEP","30-Mar-2025","17","105.66","104.71","0.18","-0.190","0.00","0.20","0.3686","0.0411","0.3458"
"WEP","30-Mar-2025","18","101.87","100.91","0.41","-0.400","0.00","0.20","0.3686","0.0411","0.3458"
"WEP","30-Mar-2025","19","111.60","110.51","0.36","-0.230","0.00","0.20","0.3686","0.0411","0.3458"
"WEP","30-Mar-2025","20","105.60","104.71","0.17","-0.230","0.00","0.20","0.3686","0.0411","0.3458"
"WEP","30-Mar-2025","21","101.10","100.52","0.23","-0.600","0.00","0.20","0.3686","0.0411","0.3458"
"WEP","30-Mar-2025","22","102.29","101.68","0.24","-0.580","0.00","0.20","0.3686","0.0411","0.3458"
"WEP","30-Mar-2025","23","101.05","100.54","0.15","-0.600","0.00","0.20","0.3686","0.0411","0.3458"
"WEP","30-Mar-2025","24","90.24","90.06","0.14","-0.920","0.00","0.20","0.3686","0.0411","0.3458"
"WEP","30-Mar-2025","25","89.73","90.06","0.23","-1.510","0.00","0.20","0.3686","0.0411","0.3458"
"WEP","30-Mar-2025","26","92.80","93.56","0.26","-1.980","0.00","0.20","0.3686","0.0411","0.3458"
"WEP","30-Mar-2025","27","90.63","91.60","0.16","-2.080","0.00","0.20","0.3686","0.0411","0.3458"
"WEP","30-Mar-2025","28","98.78","100.00","0.14","-2.320","0.00","0.20","0.3686","0.0411","0.3458"
"WEP","30-Mar-2025","29","99.67","100.52","0.14","-1.940","0.00","0.20","0.3686","0.0411","0.3458"
"WEP","30-Mar-2025","30","103.86","103.56","0.13","-0.790","0.00","0.20","0.3686","0.0411","0.3458"
"WEP","30-Mar-2025","31","99.97","100.80","0.15","-1.930","0.00","0.20","0.3686","0.0411","0.3458"
"WEP","30-Mar-2025","32","101.15","101.70","0.19","-1.690","0.00","0.20","0.3686","0.0411","0.3458"
"WEP","30-Mar-2025","33","109.58","109.75","0.14","-1.270","0.00","0.20","0.3686","0.0411","0.3458"
"WEP","30-Mar-2025","34","123.70","123.71","0.19","-1.160","0.00","0.20","0.3686","0.0411","0.3458"
"WEP","30-Mar-2025","35","124.74","123.71","0.72","-0.640","0.00","0.20","0.3686","0.0411","0.3458"
"WEP","30-Mar-2025","36","114.87","114.38","0.17","-0.640","0.00","0.20","0.3686","0.0411","0.3458"
"WEP","30-Mar-2025","37","124.20","123.74","0.20","-0.690","0.00","0.20","0.3686","0.0411","0.3458"
"WEP","30-Mar-2025","38","143.50","142.97","0.63","-1.060","0.00","0.20","0.3686","0.0411","0.3458"
"WEP","30-Mar-2025","39","161.18","159.89","0.63","-0.290","0.00","0.20","0.3686","0.0411","0.3458"
"WEP","30-Mar-2025","40","171.25","170.20","0.55","-0.460","0.00","0.20","0.3686","0.0411","0.3458"
"WEP","30-Mar-2025","41","172.49","171.13","0.65","-0.240","0.00","0.20","0.3686","0.0411","0.3458"
"WEP","30-Mar-2025","42","170.48","168.66","0.65","0.210","0.00","0.20","0.3686","0.0411","0.3458"
"WEP","30-Mar-2025","43","112.57","111.46","0.15","0.010","0.00","0.20","0.3686","0.0411","0.3458"
"WEP","30-Mar-2025","44","105.93","105.30","0.08","-0.410","0.00","0.20","0.3686","0.0411","0.3458"
"WEP","30-Mar-2025","45","105.63","104.79","0.09","-0.210","0.00","0.20","0.3686","0.0411","0.3458"
"WEP","30-Mar-2025","46","104.51","103.35","0.14","0.070","0.00","0.20","0.3686","0.0411","0.3458"
"WEP","30-Mar-2025","47","101.27","100.72","0.15","-0.560","0.00","0.20","0.3686","0.0411","0.3458"
"WEP","30-Mar-2025","48","101.38","100.63","0.13","-0.330","0.00","0.20","0.3686","0.0411","0.3458"
"WEP","31-Mar-2025","1","102.10","100.63","0.13","0.380","0.00","0.20","0.3686","0.0413","0.3470"
"WEP","31-Mar-2025","2","102.23","100.63","0.12","0.520","0.00","0.20","0.3686","0.0413","0.3470"
"WEP","31-Mar-2025","3","101.65","100.50","0.03","0.170","0.00","0.20","0.3686","0.0413","0.3470"
"WEP","31-Mar-2025","4","100.39","99.51","0.03","-0.110","0.00","0.20","0.3686","0.0413","0.3470"
"WEP","31-Mar-2025","5","94.29","93.84","0.03","-0.540","0.00","0.20","0.3686","0.0413","0.3470"
"WEP","31-Mar-2025","6","94.38","93.61","0.04","-0.230","0.00","0.20","0.3686","0.0413","0.3470"
"WEP","31-Mar-2025","7","92.62","91.59","0.04","0.040","0.00","0.20","0.3686","0.0413","0.3470"
"WEP","31-Mar-2025","8","90.87","90.02","0.04","-0.150","0.00","0.20","0.3686","0.0413","0.3470"
"WEP","31-Mar-2025","9","90.94","90.02","0.03","-0.060","0.00","0.20","0.3686","0.0413","0.3470"
"WEP","31-Mar-2025","10","92.48","91.59","0.03","-0.090","0.00","0.20","0.3686","0.0413","0.3470"
"WEP","31-Mar-2025","11","92.70","91.59","0.06","0.100","0.00","0.20","0.3686","0.0413","0.3470"
"WEP","31-Mar-2025","12","94.63","93.63","0.14","-0.100","0.00","0.20","0.3686","0.0413","0.3470"
"WEP","31-Mar-2025","13","95.18","94.42","0.17","-0.360","0.00","0.20","0.3686","0.0413","0.3470"
"WEP","31-Mar-2025","14","100.38","99.52","0.19","-0.290","0.00","0.20","0.3686","0.0413","0.3470"
"WEP","31-Mar-2025","15","94.93","94.42","0.21","-0.660","0.00","0.20","0.3686","0.0413","0.3470"
"WEP","31-Mar-2025","16","92.26","91.61","0.23","-0.540","0.00","0.20","0.3686","0.0413","0.3470"
"WEP","31-Mar-2025","17","94.63","94.51","0.20","-1.040","0.00","0.20","0.3686","0.0413","0.3470"
"WEP","31-Mar-2025","18","100.49","100.43","0.20","-1.100","0.00","0.20","0.3686","0.0413","0.3470"
"WEP","31-Mar-2025","19","101.83","100.73","0.17","-0.030","0.00","0.20","0.3686","0.0413","0.3470"
"WEP","31-Mar-2025","20","97.16","95.73","0.17","0.300","0.00","0.20","0.3686","0.0413","0.3470"
"WEP","31-Mar-2025","21","93.38","91.62","0.15","0.660","0.00","0.20","0.3686","0.0413","0.3470"
"WEP","31-Mar-2025","22","90.76","89.69","0.15","-0.040","0.00","0.20","0.3686","0.0413","0.3470"
"WEP","31-Mar-2025","23","89.96","89.69","0.15","-0.840","0.00","0.20","0.3686","0.0413","0.3470"
"WEP","31-Mar-2025","24","89.48","90.06","0.14","-1.670","0.00","0.20","0.3686","0.0413","0.3470"
"WEP","31-Mar-2025","25","90.25","90.06","0.16","-0.920","0.00","0.20","0.3686","0.0413","0.3470"
"WEP","31-Mar-2025","26","90.40","90.07","0.16","-0.780","0.00","0.20","0.3686","0.0413","0.3470"
"WEP","31-Mar-2025","27","89.80","90.26","0.15","-1.560","0.00","0.20","0.3686","0.0413","0.3470"
"WEP","31-Mar-2025","28","88.92","90.27","0.15","-2.460","0.00","0.20","0.3686","0.0413","0.3470"
"WEP","31-Mar-2025","29","98.27","99.56","0.14","-2.390","0.00","0.20","0.3686","0.0413","0.3470"
"WEP","31-Mar-2025","30","100.50","100.85","0.13","-1.430","0.00","0.20","0.3686","0.0413","0.3470"
"WEP","31-Mar-2025","31","100.95","100.85","0.14","-1.000","0.00","0.20","0.3686","0.0413","0.3470"
"WEP","31-Mar-2025","32","100.85","100.74","0.16","-1.010","0.00","0.20","0.3686","0.0413","0.3470"
"WEP","31-Mar-2025","33","104.18","104.32","0.14","-1.240","0.00","0.20","0.3686","0.0413","0.3470"
"WEP","31-Mar-2025","34","104.97","104.35","0.16","-0.490","0.00","0.20","0.3686","0.0413","0.3470"
"WEP","31-Mar-2025","35","101.22","100.64","0.33","-0.700","0.00","0.20","0.3686","0.0413","0.3470"
"WEP","31-Mar-2025","36","100.87","100.73","0.16","-0.970","0.00","0.20","0.3686","0.0413","0.3470"
"WEP","31-Mar-2025","37","104.56","104.76","0.17","-1.320","0.00","0.20","0.3686","0.0413","0.3470"
"WEP","31-Mar-2025","38","109.82","109.45","0.19","-0.780","0.00","0.20","0.3686","0.0413","0.3470"
"WEP","31-Mar-2025","39","110.17","109.77","0.17","-0.730","0.00","0.20","0.3686","0.0413","0.3470"
"WEP","31-Mar-2025","40","112.06","111.47","0.17","-0.530","0.00","0.20","0.3686","0.0413","0.3470"
"WEP","31-Mar-2025","41","114.50","113.81","0.15","-0.420","0.00","0.20","0.3686","0.0413","0.3470"
"WEP","31-Mar-2025","42","114.59","113.81","0.15","-0.330","0.00","0.20","0.3686","0.0413","0.3470"
"WEP","31-Mar-2025","43","112.45","111.79","0.15","-0.450","0.00","0.20","0.3686","0.0413","0.3470"
"WEP","31-Mar-2025","44","110.17","109.45","0.14","-0.380","0.00","0.20","0.3686","0.0413","0.3470"
"WEP","31-Mar-2025","45","107.36","105.77","0.14","0.490","0.00","0.20","0.3686","0.0413","0.3470"
"WEP","31-Mar-2025","46","105.76","104.77","0.14","-0.110","0.00","0.20","0.3686","0.0413","0.3470"
"WEP","31-Mar-2025","47","102.83","101.69","0.15","0.040","0.00","0.20","0.3686","0.0413","0.3470"
"WEP","31-Mar-2025","48","103.17","101.69","0.14","0.390","0.00","0.20","0.3686","0.0413","0.3470"
